Day,Hour,Irradiance
1,0,0.0
1,1,0.0
1,2,0.0
1,3,0.0
1,4,0.0
1,5,0.0
1,6,80.41994106611321
1,7,156.1661674720559
1,8,222.83658386544508
1,9,276.5565479826004
1,10,314.20405077315723
1,11,333.59115621803323
1,12,333.5911562180333
1,13,314.2040507731573
1,14,276.5565479826005
1,15,222.8365838654452
1,16,156.16616747205592
1,17,80.41994106611332
1,18,4.115318723804687e-14
1,19,0.0
1,20,0.0
1,21,0.0
1,22,0.0
1,23,0.0
2,0,0.0
2,1,0.0
2,2,0.0
2,3,0.0
2,4,0.0
2,5,0.0
2,6,78.71112149182972
2,7,152.84783870583982
2,8,218.10159511355465
2,9,270.68007958031166
2,10,307.5276217039176
2,11,326.50277627151473
2,12,326.5027762715148
2,13,307.5276217039177
2,14,270.6800795803117
2,15,218.10159511355477
2,16,152.84783870583988
2,17,78.71112149182983
2,18,4.027873531773627e-14
2,19,0.0
2,20,0.0
2,21,0.0
2,22,0.0
2,23,0.0
3,0,0.0
3,1,0.0
3,2,0.0
3,3,0.0
3,4,0.0
3,5,0.0
3,6,77.00911673190102
3,7,149.5427435160939
3,8,213.38548961288734
3,9,264.8270466780757
3,10,300.87781839748203
3,11,319.44266495799803
3,12,319.4426649579981
3,13,300.87781839748214
3,14,264.82704667807576
3,15,213.38548961288743
3,16,149.54274351609394
3,17,77.00911673190113
3,18,3.9407770733121486e-14
3,19,0.0
3,20,0.0
3,21,0.0
3,22,0.0
3,23,0.0
4,0,0.0
4,1,0.0
4,2,0.0
4,3,0.0
4,4,0.0
4,5,0.0
4,6,75.31443112706981
4,7,146.25186127385274
4,8,208.689664847285
4,9,258.9991836558605
4,10,294.256611334085
4,11,312.4129143408353
4,12,312.41291434083536
4,13,294.25661133408505
4,14,258.9991836558606
4,15,208.68966484728512
4,16,146.25186127385277
4,17,75.31443112706991
4,18,3.854055156980592e-14
4,19,0.0
4,20,0.0
4,21,0.0
4,22,0.0
4,23,0.0
5,0,0.0
5,1,0.0
5,2,0.0
5,3,0.0
5,4,0.0
5,5,0.0
5,6,73.627566849255
5,7,142.97616713854757
5,8,204.01551229096967
5,9,253.1982174352548
5,10,287.66596252027625
5,11,305.4156074868484
5,12,305.4156074868484
5,13,287.6659625202763
5,14,253.19821743525486
5,15,204.01551229096978
5,16,142.9761671385476
5,17,73.6275668492551
5,18,3.7677334803543743e-14
5,19,0.0
5,20,0.0
5,21,0.0
5,22,0.0
5,23,0.0
6,0,0.0
6,1,0.0
6,2,0.0
6,3,0.0
6,4,0.0
6,5,0.0
6,6,71.94902375274776
6,7,139.71663176904616
6,8,199.36441699622054
6,9,247.42586696774526
6,10,281.1078249075377
6,11,298.45281784907286
6,12,298.4528178490729
6,13,281.10782490753775
6,14,247.42586696774532
6,15,199.36441699622065
6,16,139.7166317690462
6,17,71.94902375274786
6,18,3.681837622409259e-14
6,19,0.0
6,20,0.0
6,21,0.0
6,22,0.0
6,23,0.0
7,0,0.0
7,1,0.0
7,2,0.0
7,3,0.0
7,4,0.0
7,5,0.0
7,6,70.27929922609339
7,7,136.47422103602486
7,8,194.73775718295207
7,9,241.6838427253526
7,10,274.5841418135798
7,11,291.52660865234736
7,12,291.52660865234736
7,13,274.58414181357983
7,14,241.68384272535263
7,15,194.73775718295215
7,16,136.47422103602491
7,17,70.27929922609349
7,18,3.596393035941736e-14
7,19,0.0
7,20,0.0
7,21,0.0
7,22,0.0
7,23,0.0
8,0,0.0
8,1,0.0
8,2,0.0
8,3,0.0
8,4,0.0
8,5,0.0
8,6,68.61888804470478
8,7,133.24989573576087
8,8,190.1369038303184
8,9,235.97384619378286
8,10,268.0968463464959
8,11,284.6390322819367
8,12,284.6390322819367
8,13,268.09684634649597
8,14,235.9738461937829
8,15,190.13690383031852
8,16,133.2498957357609
8,17,68.61888804470486
8,18,3.5114250400268206e-14
8,19,0.0
8,20,0.0
8,21,0.0
8,22,0.0
8,23,0.0
9,0,0.0
9,1,0.0
9,2,0.0
9,3,0.0
9,4,0.0
9,5,0.0
9,6,66.96828222424965
9,7,130.04461130542742
9,8,185.56322027046278
9,9,230.29756936824054
9,10,261.64786083194065
9,11,277.79212967536586
9,12,277.7921296753659
9,13,261.6478608319407
9,14,230.29756936824057
9,15,185.56322027046286
9,16,130.04461130542745
9,17,66.96828222424973
9,18,3.426958812515467e-14
9,19,0.0
9,20,0.0
9,21,0.0
9,22,0.0
9,23,0.0
10,0,0.0
10,1,0.0
10,2,0.0
10,3,0.0
10,4,0.0
10,5,0.0
10,6,65.32797087485548
10,7,126.85931753997671
10,8,181.01806178453177
10,9,224.6566942520527
10,10,255.23909624350196
10,11,270.987929717645
10,12,270.98792971764505
10,13,255.23909624350205
10,14,224.65669425205272
10,15,181.01806178453188
10,16,126.85931753997674
10,17,65.32797087485557
10,18,3.343019382573811e-14
10,19,0.0
10,20,0.0
10,21,0.0
10,22,0.0
10,23,0.0
11,0,0.0
11,1,0.0
11,2,0.0
11,3,0.0
11,4,0.0
11,5,0.0
11,6,63.698440056176004
11,7,123.6949583106959
11,8,176.5027752010776
11,9,219.05289235825657
11,10,248.87245163644027
11,11,264.22844864006856
11,12,264.22844864006856
11,13,248.87245163644033
11,14,219.0528923582566
11,15,176.5027752010777
11,16,123.69495831069592
11,17,63.69844005617609
11,18,3.259631623266509e-14
11,19,0.0
11,20,0.0
11,21,0.0
11,22,0.0
11,23,0.0
12,0,0.0
12,1,0.0
12,2,0.0
12,3,0.0
12,4,0.0
12,5,0.0
12,6,62.080172633360924
12,7,120.552471285517
12,8,172.01869849696274
12,9,213.48782421429323
12,10,242.54981358495593
12,11,257.5156894227613
12,12,257.51568942276134
12,13,242.549813584956
12,14,213.48782421429325
12,15,172.01869849696283
12,16,120.55247128551703
12,17,62.08017263336101
12,18,3.176820244186299e-14
12,19,0.0
12,20,0.0
12,21,0.0
12,22,0.0
12,23,0.0
13,0,0.0
13,1,0.0
13,2,0.0
13,3,0.0
13,4,0.0
13,5,0.0
13,6,60.47364813397267
13,7,117.43278765116598
13,8,167.56716040088878
13,9,207.96313886995756
13,10,236.2730556231572
13,11,250.85164120115238
13,12,250.8516412011524
13,13,236.27305562315726
13,14,207.9631388699576
13,15,167.56716040088887
13,16,117.43278765116601
13,17,60.47364813397275
13,18,3.094609784132017e-14
13,19,0.0
13,20,0.0
13,21,0.0
13,22,0.0
13,23,0.0
14,0,0.0
14,1,0.0
14,2,0.0
14,3,0.0
14,4,0.0
14,5,0.0
14,6,58.87934260589207
14,7,114.33683183723203
14,8,163.14947999966583
14,9,202.48047340874976
14,10,230.04403768989187
14,11,244.23827867655194
14,12,244.23827867655197
14,13,230.04403768989192
14,14,202.4804734087498
14,15,163.1494799996659
14,16,114.33683183723205
14,17,58.87934260589215
14,18,3.0130246038372245e-14
14,19,0.0
14,20,0.0
14,21,0.0
14,22,0.0
14,23,0.0
15,0,0.0
15,1,0.0
15,2,0.0
15,3,0.0
15,4,0.0
15,5,0.0
15,6,57.29772847625502
15,7,111.26552124223898
15,8,158.76696634733798
15,9,197.04145246277147
15,10,223.86460557760668
15,11,237.677561531004
15,12,237.67756153100402
15,13,223.8646055776067
15,14,197.0414524627715
15,15,158.76696634733807
15,16,111.265521242239
15,17,57.297728476255095
15,18,2.9320888787515954e-14
15,19,0.0
15,20,0.0
15,21,0.0
15,22,0.0
15,23,0.0
16,0,0.0
16,1,0.0
16,2,0.0
16,3,0.0
16,4,0.0
16,5,0.0
16,6,55.729274411462164
16,7,108.21976596180048
16,8,154.42091807728295
16,9,191.6476877313128
16,10,217.73659038539964
16,11,231.17143384659076
16,12,231.1714338465908
16,13,217.73659038539967
16,14,191.64768773131283
16,15,154.42091807728303
16,16,108.2197659618005
16,17,55.72927441146224
16,18,2.8518265918772095e-14
16,19,0.0
16,20,0.0
16,21,0.0
16,22,0.0
16,23,0.0
17,0,0.0
17,1,0.0
17,2,0.0
17,3,0.0
17,4,0.0
17,5,0.0
17,6,54.17444517830293
17,7,105.20046851893892
17,8,150.1126230173985
17,9,186.30077750327058
17,10,211.6618079764256
17,11,224.72182352935886
17,12,224.72182352935886
17,13,211.66180797642565
17,14,186.3007775032706
17,15,150.1126230173986
17,16,105.20046851893895
17,17,54.17444517830301
17,18,2.7722615266618698e-14
17,19,0.0
17,20,0.0
17,21,0.0
17,22,0.0
17,23,0.0
18,0,0.0
18,1,0.0
18,2,0.0
18,3,0.0
18,4,0.0
18,5,0.0
18,6,52.633701506235
18,7,102.20852359664826
18,8,145.8433578084914
18,9,181.002306183541
18,10,205.64205843981665
18,11,218.33064173803896
18,12,218.330641738039
18,13,205.6420584398167
18,14,181.00230618354104
18,15,145.84335780849145
18,16,102.20852359664829
18,17,52.63370150623507
18,18,2.6934172599515508e-14
18,19,0.0
18,20,0.0
18,21,0.0
18,22,0.0
18,23,0.0
19,0,0.0
19,1,0.0
19,2,0.0
19,3,0.0
19,4,0.0
19,5,0.0
19,6,51.107499950860465
19,7,99.24481777278064
19,8,141.6143875259815
19,9,175.7538438235268
19,10,199.6791255572777
19,11,211.9997823177293
19,12,211.99978231772934
19,13,199.67912555727776
19,14,175.75384382352684
19,15,141.61438752598156
19,16,99.24481777278066
19,17,51.10749995086054
19,18,2.6153171550040828e-14
19,19,0.0
19,20,0.0
19,21,0.0
19,22,0.0
19,23,0.0
20,0,0.0
20,1,0.0
20,2,0.0
20,3,0.0
20,4,0.0
20,5,0.0
20,6,49.59629275863825
20,7,96.31022925733352
20,8,137.426965305032
20,9,170.5569456558961
20,10,193.7747762745122
20,11,205.73112123870692
20,12,205.73112123870695
20,13,193.77477627451225
20,14,170.5569456558961
20,15,137.42696530503207
20,16,96.31022925733353
20,17,49.59629275863832
20,18,2.537984354566096e-14
20,19,0.0
20,20,0.0
20,21,0.0
20,22,0.0
20,23,0.0
21,0,0.0
21,1,0.0
21,2,0.0
21,3,0.0
21,4,0.0
21,5,0.0
21,6,48.100527732873964
21,7,93.40562763221772
21,8,133.2823319692191
21,9,165.41315163373432
21,10,187.93076017763906
21,11,199.5265160405385
21,12,199.52651604053852
21,13,187.93076017763912
21,14,165.41315163373432
21,15,133.28233196921917
21,16,93.40562763221773
21,17,48.100527732874035
21,18,2.4614417740153407e-14
21,19,0.0
21,20,0.0
21,21,0.0
21,22,0.0
21,23,0.0
22,0,0.0
22,1,0.0
22,2,0.0
22,3,0.0
22,4,0.0
22,5,0.0
22,6,46.620648101025985
22,7,90.53187359358115
22,8,129.1817156628486
22,9,160.32398597422232
22,10,182.14880897475194
22,11,193.38780528165054
22,12,193.38780528165057
22,13,182.14880897475197
22,14,160.32398597422235
22,15,129.1817156628487
22,16,90.53187359358118
22,17,46.62064810102605
22,18,2.3857120945703574e-14
22,19,0.0
22,20,0.0
22,21,0.0
22,22,0.0
22,23,0.0
23,0,0.0
23,1,0.0
23,2,0.0
23,3,0.0
23,4,0.0
23,5,0.0
23,6,45.15709238336762
23,7,87.68981869676615
23,8,125.12633148703063
23,9,155.29095670697822
23,10,176.4306359827769
23,11,187.31680799452502
23,12,187.31680799452505
23,13,176.43063598277692
23,14,155.29095670697825
23,15,125.1263314870307
23,16,87.68981869676618
23,17,45.15709238336768
23,18,2.3108177565695455e-14
23,19,0.0
23,20,0.0
23,21,0.0
23,22,0.0
23,23,0.0
24,0,0.0
24,1,0.0
24,2,0.0
24,3,0.0
24,4,0.0
24,5,0.0
24,6,43.71029426304419
24,7,84.8803051039753
24,8,121.11738113961897
24,9,150.31555522719572
24,10,170.77793561977995
24,11,181.3153231466812
24,12,181.31532314668124
24,13,170.77793561977998
24,14,150.31555522719572
24,15,121.11738113961903
24,16,84.88030510397533
24,17,43.71029426304425
24,18,2.236780952821609e-14
24,19,0.0
24,20,0.0
24,21,0.0
24,22,0.0
24,23,0.0
25,0,0.0
25,1,0.0
25,2,0.0
25,3,0.0
25,4,0.0
25,5,0.0
25,6,42.28068245756315
25,7,82.1041653347203
25,8,117.15605255912163
25,9,145.399255853711
25,10,165.1923829028737
25,11,175.38512910760195
25,12,175.38512910760198
25,13,165.19238290287373
25,14,145.39925585371103
25,15,117.15605255912169
25,16,82.10416533472034
25,17,42.28068245756321
25,18,2.163623622029341e-14
25,19,0.0
25,20,0.0
25,21,0.0
25,22,0.0
25,23,0.0
26,0,0.0
26,1,0.0
26,2,0.0
26,3,0.0
26,4,0.0
26,5,0.0
26,6,40.86868059175603
26,7,79.36222201912884
26,8,113.24351957268955
26,9,140.54351539213098
26,10,159.67563295187432
26,11,169.52798312176517
26,12,169.5279831217652
26,13,159.67563295187438
26,14,140.54351539213098
26,15,113.2435195726896
26,16,79.36222201912885
26,17,40.86868059175609
26,18,2.0913674422887206e-14
26,19,0.0
26,20,0.0
26,21,0.0
26,22,0.0
26,23,0.0
27,0,0.0
27,1,0.0
27,2,0.0
27,3,0.0
27,4,0.0
27,5,0.0
27,6,39.474707072249196
27,7,76.65528765418131
27,8,109.38094154828602
27,9,135.74977270314992
27,10,154.2293204988536
27,11,163.7456207879341
27,12,163.74562078793412
27,13,154.22932049885364
27,14,135.74977270314994
27,15,109.38094154828607
27,16,76.65528765418132
27,17,39.474707072249245
27,18,2.020033824665222e-14
27,19,0.0
27,20,0.0
27,21,0.0
27,22,0.0
27,23,0.0
28,0,0.0
28,1,0.0
28,2,0.0
28,3,0.0
28,4,0.0
28,5,0.0
28,6,38.09917496348084
28,7,73.98416436295044
28,8,105.56946305114086
28,9,131.0194482761839
28,10,148.85505940373233
28,11,158.03975554486172
28,12,158.03975554486175
28,13,148.85505940373235
28,14,131.0194482761839
28,15,105.56946305114091
28,16,73.98416436295045
28,17,38.09917496348089
28,18,1.9496439068492507e-14
28,19,0.0
28,20,0.0
28,21,0.0
28,22,0.0
28,23,0.0
29,0,0.0
29,1,0.0
29,2,0.0
29,3,0.0
29,4,0.0
29,5,0.0
29,6,36.74249186530125
29,7,71.34964365691503
29,8,101.81021350459129
29,9,126.3539438084495
29,10,143.5544421760591
29,11,152.41207816356234
29,12,152.41207816356234
29,13,143.55444217605913
29,14,126.35394380844953
29,15,101.81021350459133
29,16,71.34964365691505
29,17,36.7424918653013
29,18,1.8802185468925965e-14
29,19,0.0
29,20,0.0
29,21,0.0
29,22,0.0
29,23,0.0
30,0,0.0
30,1,0.0
30,2,0.0
30,3,0.0
30,4,0.0
30,5,0.0
30,6,35.40505979219201
30,7,68.75250620141789
30,8,98.10430685540919
30,9,121.75464178961033
30,10,138.32903950311515
30,11,146.86425624629925
30,12,146.86425624629925
30,13,138.32903950311518
30,14,121.75464178961035
30,15,98.10430685540923
30,16,68.75250620141792
30,17,35.40505979219206
30,18,1.8117783170277357e-14
30,19,0.0
30,20,0.0
30,21,0.0
30,22,0.0
30,23,0.0
31,0,0.0
31,1,0.0
31,2,0.0
31,3,0.0
31,4,0.0
31,5,0.0
31,6,34.087275054140534
31,7,66.19352158433786
31,8,94.45284124371467
31,9,117.22290509211555
31,10,133.18039978448584
31,11,141.39793373243822
31,12,141.39793373243825
31,13,133.18039978448587
31,14,117.22290509211558
31,15,94.45284124371473
31,16,66.19352158433787
31,17,34.087275054140584
31,18,1.7443434975718378e-14
31,19,0.0
31,20,0.0
31,21,0.0
31,22,0.0
31,23,0.0
32,0,0.0
32,1,0.0
32,2,0.0
32,3,0.0
32,4,0.0
32,5,0.0
32,6,32.78952813920484
32,7,63.673448088044424
32,8,90.85689867757362
32,9,112.7600765673516
32,10,128.11004867323663
32,11,136.01473041131314
32,12,136.01473041131314
32,13,128.11004867323666
32,14,112.76007656735162
32,15,90.85689867757367
32,16,63.673448088044445
32,17,32.78952813920488
32,18,1.6779340709172705e-14
32,19,0.0
32,20,0.0
32,21,0.0
32,22,0.0
32,23,0.0
33,0,0.0
33,1,0.0
33,2,0.0
33,3,0.0
33,4,0.0
33,5,0.0
33,6,31.51220359780348
33,7,61.193032464702156
33,8,87.31754471237515
33,9,108.36747864772606
33,10,123.11948862382886
33,11,130.716241442247
33,12,130.71624144224702
33,13,123.11948862382889
33,14,108.36747864772607
33,15,87.3175447123752
33,16,61.19303246470217
33,17,31.512203597803524
33,18,1.612569715610385e-14
33,19,0.0
33,20,0.0
33,21,0.0
33,22,0.0
33,23,0.0
34,0,0.0
34,1,0.0
34,2,0.0
34,3,0.0
34,4,0.0
34,5,0.0
34,6,30.255679928765
34,7,58.75300971499202
34,8,83.83582813508468
34,9,104.04641295480255
34,10,118.21019844691028
34,11,125.50403688187217
34,12,125.50403688187218
34,13,118.21019844691031
34,14,104.04641295480256
34,15,83.83582813508472
34,16,58.75300971499203
34,17,30.255679928765044
34,18,1.548269800520336e-14
34,19,0.0
34,20,0.0
34,21,0.0
34,22,0.0
34,23,0.0
35,0,0.0
35,1,0.0
35,2,0.0
35,3,0.0
35,4,0.0
35,5,0.0
35,6,29.020329467170555
35,7,56.35410287031477
35,8,80.41278065346567
35,9,99.79815991360215
35,10,113.38363287111156
35,11,120.37966121888849
35,12,120.3796612188885
35,13,113.38363287111159
35,14,99.79815991360216
35,15,80.41278065346572
35,16,56.35410287031478
35,17,29.020329467170594
35,18,1.4850533790996718e-14
35,19,0.0
35,20,0.0
35,21,0.0
35,22,0.0
35,23,0.0
36,0,0.0
36,1,0.0
36,2,0.0
36,3,0.0
36,4,0.0
36,5,0.0
36,6,27.806518274022935
36,7,53.9970227785411
36,8,77.04941659036231
36,9,95.62397837318571
36,10,108.64122211197851
36,11,115.3446329163979
36,12,115.34463291639791
36,13,108.64122211197854
36,14,95.62397837318572
36,15,77.04941659036236
36,16,53.997022778541115
36,17,27.806518274022974
36,18,1.42293918373838e-14
36,19,0.0
36,20,0.0
36,21,0.0
36,22,0.0
36,23,0.0
37,0,0.0
37,1,0.0
37,2,0.0
37,3,0.0
37,4,0.0
37,5,0.0
37,6,26.61460602777487
37,7,51.68246789337217
37,8,73.74673258313385
37,9,91.52510523362992
37,10,103.9843714481687
37,11,110.40044396195128
37,12,110.4004439619513
37,13,103.98437144816872
37,14,91.52510523362993
37,15,73.74673258313389
37,16,51.682467893372184
37,17,26.614606027774908
37,18,1.3619456202130814e-14
37,19,0.0
37,20,0.0
37,21,0.0
37,22,0.0
37,23,0.0
38,0,0.0
38,1,0.0
38,2,0.0
38,3,0.0
38,4,0.0
38,5,0.0
38,6,25.4449459177485
38,7,49.411124067372654
38,8,70.50570728832939
38,9,87.50275507950693
38,10,99.4144608050369
38,11,105.54855942544017
38,12,105.54855942544019
38,13,99.41446080503692
38,14,87.50275507950694
38,15,70.50570728832942
38,16,49.41112406737266
38,17,25.444945917748534
38,18,1.3020907622329969e-14
38,19,0.0
38,20,0.0
38,21,0.0
38,22,0.0
38,23,0.0
39,0,0.0
39,1,0.0
39,2,0.0
39,3,0.0
39,4,0.0
39,5,0.0
39,6,24.297884539477753
39,7,47.18366434873779
39,8,67.32730109169083
39,9,83.55811981997685
39,10,94.93284434573341
39,11,100.790417024965
39,12,100.79041702496501
39,13,94.93284434573344
39,14,83.55811981997687
39,15,67.32730109169086
39,16,47.18366434873781
39,17,24.29788453947779
39,18,1.2433923460843197e-14
39,19,0.0
39,20,0.0
39,21,0.0
39,22,0.0
39,23,0.0
40,0,0.0
40,1,0.0
40,2,0.0
40,3,0.0
40,4,0.0
40,5,0.0
40,6,23.173761792004626
40,7,45.000748781854746
40,8,64.21245582356985
40,9,79.69236833559927
40,10,90.54085006993634
40,11,96.1274267008081
40,12,96.12742670080812
40,13,90.54085006993637
40,14,79.69236833559928
40,15,64.21245582356988
40,16,45.00074878185475
40,17,23.173761792004658
40,18,1.1858677653745702e-14
40,19,0.0
40,20,0.0
40,21,0.0
40,22,0.0
40,23,0.0
41,0,0.0
41,1,0.0
41,2,0.0
41,3,0.0
41,4,0.0
41,5,0.0
41,6,22.072910777159763
41,7,42.863024211717175
41,8,61.162094479843326
41,9,75.90664613196881
41,10,86.23977942033665
41,11,91.5609701976382
41,12,91.56097019763821
41,13,86.23977942033666
41,14,75.90664613196883
41,15,61.162094479843354
41,16,42.86302421171718
41,17,22.072910777159795
41,18,1.1295340658784955e-14
41,19,0.0
41,20,0.0
41,21,0.0
41,22,0.0
41,23,0.0
42,0,0.0
42,1,0.0
42,2,0.0
42,3,0.0
42,4,0.0
42,5,0.0
42,6,20.99565770085716
42,7,40.771124092251064
42,8,58.177120948409524
42,9,72.20207500027693
42,10,82.03090689699245
42,11,87.0924006550693
42,12,87.09240065506931
42,13,82.03090689699246
42,14,72.20207500027693
42,15,58.17712094840955
42,16,40.77112409225107
42,17,20.995657700857187
42,18,1.0744079404870363e-14
42,19,0.0
42,20,0.0
42,21,0.0
42,22,0.0
42,23,0.0
43,0,0.0
43,1,0.0
43,2,0.0
43,3,0.0
43,4,0.0
43,5,0.0
43,6,19.942321776432347
43,7,38.7256682986087
43,8,55.25841974134682
43,9,68.57975268490115
43,10,77.91547967966733
43,11,82.7230422066965
43,12,82.72304220669652
43,13,77.91547967966734
43,14,68.57975268490115
43,15,55.25841974134685
43,16,38.72566829860872
43,17,19.942321776432372
43,18,1.0205057242608656e-14
43,19,0.0
43,20,0.0
43,21,0.0
43,22,0.0
43,23,0.0
44,0,0.0
44,1,0.0
44,2,0.0
44,3,0.0
44,4,0.0
44,5,0.0
44,6,18.913215130052592
44,7,36.72726294348633
44,8,52.406855732813625
44,9,65.04075255811964
44,10,73.89471725826401
44,11,78.45418958772657
44,12,78.45418958772659
44,13,73.89471725826402
44,14,65.04075255811965
44,15,52.40685573281365
44,16,36.72726294348634
44,17,18.913215130052617
44,18,9.678433895899562e-15
44,19,0.0
44,20,0.0
44,21,0.0
44,22,0.0
44,23,0.0
45,0,0.0
45,1,0.0
45,2,0.0
45,3,0.0
45,4,0.0
45,5,0.0
45,6,17.908642708227145
45,7,34.77650019751975
45,8,49.62327390276742
45,9,61.58612330204783
45,10,69.96981107146306
45,11,74.28710775131985
45,12,74.28710775131985
45,13,69.96981107146307
45,14,61.58612330204784
45,15,49.62327390276745
45,16,34.77650019751976
45,17,17.90864270822717
45,18,9.164365414606172e-15
45,19,0.0
45,20,0.0
45,21,0.0
45,22,0.0
45,23,0.0
46,0,0.0
46,1,0.0
46,2,0.0
46,3,0.0
46,4,0.0
46,5,0.0
46,6,16.928902187445058
46,7,32.87395811381154
46,8,46.90849908657911
46,9,58.21688859789133
46,10,66.14192415367408
46,11,70.22303149375749
46,12,70.2230314937575
46,13,66.1419241536741
46,14,58.216888597891334
46,15,46.908499086579134
46,16,32.87395811381155
46,17,16.928902187445082
46,18,8.663004128314005e-15
46,19,0.0
46,20,0.0
46,21,0.0
46,22,0.0
46,23,0.0
47,0,0.0
47,1,0.0
47,2,0.0
47,3,0.0
47,4,0.0
47,5,0.0
47,6,15.974283885967163
47,7,31.0202004566413
47,8,44.26333573061635
47,9,54.934046822607
47,10,62.412190790403386
47,11,66.26316508854455
47,12,66.26316508854455
47,13,62.4121907904034
47,14,54.93404682260701
47,15,44.26333573061637
47,16,31.02020045664131
47,17,15.974283885967186
47,18,8.17449860119245e-15
47,19,0.0
47,20,0.0
47,21,0.0
47,22,0.0
47,23,0.0
48,0,0.0
48,1,0.0
48,2,0.0
48,3,0.0
48,4,0.0
48,5,0.0
48,6,15.045070677798531
48,7,29.215776534410214
48,8,41.68856765386879
48,9,51.73857075306237
48,10,58.781716182140705
48,11,62.40868192955778
48,12,62.40868192955779
48,13,58.78171618214072
48,14,51.738570753062376
48,15,41.68856765386881
48,16,29.21577653441022
48,17,15.045070677798552
48,18,7.698993587971999e-15
48,19,0.0
48,20,0.0
48,21,0.0
48,22,0.0
48,23,0.0
49,0,0.0
49,1,0.0
49,2,0.0
49,3,0.0
49,4,0.0
49,5,0.0
49,6,14.141537908866818
49,7,27.461221036869112
49,8,39.18495781568564
49,9,48.6314072777809
49,10,55.25157611686458
49,11,58.660724183343795
49,12,58.6607241833438
49,13,55.25157611686459
49,14,48.63140727778091
49,15,39.184957815685664
49,16,27.46122103686912
49,17,14.141537908866837
49,18,7.236629991050318e-15
49,19,0.0
49,20,0.0
49,21,0.0
49,22,0.0
49,23,0.0
50,0,0.0
50,1,0.0
50,2,0.0
50,3,0.0
50,4,0.0
50,5,0.0
50,6,13.263953315431289
50,7,25.75705387667832
50,8,36.75324808969429
50,9,45.61347711635839
50,10,51.82281665126298
50,11,55.02040245067033
50,12,55.02040245067033
50,13,51.822816651263
50,14,45.61347711635839
50,15,36.7532480896943
50,16,25.757053876678327
50,17,13.263953315431307
50,18,6.7875448187397945e-15
50,19,0.0
50,20,0.0
50,21,0.0
50,22,0.0
50,23,0.0
51,0,0.0
51,1,0.0
51,2,0.0
51,3,0.0
51,4,0.0
51,5,0.0
51,6,12.412576944746803
51,7,24.103780035346343
51,8,34.39415904396713
51,9,42.685674546633926
51,10,48.49645380076428
51,11,51.48879543743136
51,12,51.488795437431364
51,13,48.49645380076429
51,14,42.68567454663393
51,15,34.39415904396714
51,16,24.103780035346347
51,17,12.41257694474682
51,18,6.351871144669037e-15
51,19,0.0
51,20,0.0
51,21,0.0
51,22,0.0
51,23,0.0
52,0,0.0
52,1,0.0
52,2,0.0
52,3,0.0
52,4,0.0
52,5,0.0
52,6,11.587661078006205
52,7,22.501889413592938
52,8,32.108389727501724
52,9,39.84886713969608
52,10,45.27347323846986
52,11,48.066949635003226
52,12,48.06694963500323
52,13,45.27347323846987
52,14,39.84886713969609
52,15,32.10838972750174
52,16,22.50188941359294
52,17,11.58766107800622
52,18,5.929738068350279e-15
52,19,0.0
52,20,0.0
52,21,0.0
52,22,0.0
52,23,0.0
53,0,0.0
53,1,0.0
53,2,0.0
53,3,0.0
53,4,0.0
53,5,0.0
53,6,10.789450155583948
53,7,20.951856686180953
53,8,29.89661746307748
53,9,37.10389550280284
53,10,42.154830003077926
53,11,44.755879010146664
53,12,44.75587901014667
53,13,42.15483000307794
53,14,37.10389550280285
53,15,29.896617463077494
53,16,20.951856686180957
53,17,10.789450155583964
53,18,5.521270676924412e-15
53,19,0.0
53,20,0.0
53,21,0.0
53,22,0.0
53,23,0.0
54,0,0.0
54,1,0.0
54,2,0.0
54,3,0.0
54,4,0.0
54,5,0.0
54,6,10.018180704603148
54,7,19.454141161259972
54,8,27.759497646550297
54,9,34.451573030291556
54,10,39.14144821588498
54,11,41.55656470454657
54,12,41.556564704546574
54,13,39.141448215884985
54,14,34.45157303029156
54,15,27.75949764655031
54,16,19.454141161259976
54,17,10.018180704603163
54,18,5.126590008094963e-15
54,19,0.0
54,20,0.0
54,21,0.0
54,22,0.0
54,23,0.0
55,0,0.0
55,1,0.0
55,2,0.0
55,3,0.0
55,4,0.0
55,5,0.0
55,6,9.274081268847494
55,7,18.00918664426338
55,8,25.697663552644645
55,9,31.892685662552648
55,10,36.23422080694866
55,11,38.469954744078564
55,12,38.469954744078564
55,13,36.23422080694867
55,14,31.89268566255265
55,15,25.69766355264466
55,16,18.009186644263387
55,17,9.274081268847507
55,18,4.7458130142620135e-15
55,19,0.0
55,20,0.0
55,21,0.0
55,22,0.0
55,23,0.0
56,0,0.0
56,1,0.0
56,2,0.0
56,3,0.0
56,4,0.0
56,5,0.0
56,6,8.557372341038775
56,7,16.61742130639923
56,8,23.711726147300563
56,9,29.427991653138474
56,10,33.43400925049334
56,11,35.496963757888416
56,12,35.496963757888416
56,13,33.43400925049335
56,14,29.427991653138477
56,15,23.711726147300574
56,16,16.617421306399237
56,17,8.557372341038786
56,18,4.379052527866676e-15
56,19,0.0
56,20,0.0
56,21,0.0
56,22,0.0
56,23,0.0
57,0,0.0
57,1,0.0
57,2,0.0
57,3,0.0
57,4,0.0
57,5,0.0
57,6,7.868266297500152
57,7,15.279257557773898
57,8,21.802273906631306
57,9,27.058221344076497
57,10,30.741643309636732
57,11,32.638472707367754
57,12,32.638472707367754
57,13,30.74164330963674
57,14,27.0582213440765
57,15,21.802273906631317
57,16,15.279257557773901
57,17,7.8682662975001625
57,18,4.026417227956412e-15
57,19,0.0
57,20,0.0
57,21,0.0
57,22,0.0
57,23,0.0
58,0,0.0
58,1,0.0
58,2,0.0
58,3,0.0
58,4,0.0
58,5,0.0
58,6,7.206967335224449
58,7,13.995091925186031
58,8,19.96987264254513
58,9,24.78407694945311
58,10,28.15792079051311
58,11,29.895328625106124
58,12,29.895328625106128
58,13,28.157920790513117
58,14,24.784076949453112
58,15,19.96987264254514
58,16,13.995091925186035
58,17,7.2069673352244585
58,18,3.688011607981075e-15
58,19,0.0
58,20,0.0
58,21,0.0
58,22,0.0
58,23,0.0
59,0,0.0
59,1,0.0
59,2,0.0
59,3,0.0
59,4,0.0
59,5,0.0
59,6,6.573671411366189
59,7,12.765304934627133
59,8,18.215065335083047
59,9,22.606232347332504
59,10,25.683607305866197
59,11,27.268344363897004
59,12,27.268344363897008
59,13,25.6836073058662
59,14,22.606232347332504
59,15,18.215065335083057
59,16,12.765304934627135
59,17,6.573671411366198
59,18,3.3639359448292557e-15
59,19,0.0
59,20,0.0
59,21,0.0
59,22,0.0
59,23,0.0
60,0,0.0
60,1,0.0
60,2,0.0
60,3,0.0
60,4,0.0
60,5,0.0
60,6,5.968566185175257
60,7,11.590260998523483
60,8,16.5383719715221
60,9,20.525332880072018
60,10,23.319436048181547
60,11,24.75829835587195
60,12,24.758298355871954
60,13,23.31943604818155
60,14,20.52533288007202
60,15,16.538371971522107
60,16,11.590260998523485
60,17,5.968566185175265
60,18,3.0542862691140726e-15
60,19,0.0
60,20,0.0
60,21,0.0
60,22,0.0
60,23,0.0
61,0,0.0
61,1,0.0
61,2,0.0
61,3,0.0
61,4,0.0
61,5,0.0
61,6,5.391830962389415
61,7,10.470308307752873
61,8,14.940289392291916
61,9,18.541995163093294
61,10,21.06610757242581
61,11,22.365934381834375
61,12,22.36593438183438
61,13,21.066107572425814
61,14,18.541995163093294
61,15,14.940289392291923
61,16,10.470308307752875
61,17,5.391830962389422
61,18,2.7591543367172266e-15
61,19,0.0
61,20,0.0
61,21,0.0
61,22,0.0
61,23,0.0
62,0,0.0
62,1,0.0
62,2,0.0
62,3,0.0
62,4,0.0
62,5,0.0
62,6,4.843636642102137
62,7,9.405778728468135
62,8,13.421291143750167
62,9,16.656806902165798
62,10,18.92428958845716
62,11,20.091961350861222
62,12,20.091961350861226
62,13,18.924289588457164
62,14,16.6568069021658
62,15,13.421291143750175
62,16,9.405778728468137
62,17,4.843636642102144
62,18,2.4786276015997553e-15
62,19,0.0
62,20,0.0
62,21,0.0
62,22,0.0
62,23,0.0
63,0,0.0
63,1,0.0
63,2,0.0
63,3,0.0
63,4,0.0
63,5,0.0
63,6,4.324145666121529
63,7,8.396987703758047
63,8,11.981827337860567
63,9,14.870326719256948
63,10,16.89461676316847
63,11,17.93705309023793
63,12,17.937053090237935
63,13,16.894616763168475
63,14,14.87032671925695
63,15,11.981827337860574
63,16,8.396987703758048
63,17,4.324145666121535
63,18,2.212789189887538e-15
63,19,0.0
63,20,0.0
63,21,0.0
63,22,0.0
63,23,0.0
64,0,0.0
64,1,0.0
64,2,0.0
64,3,0.0
64,4,0.0
64,5,0.0
64,6,3.833511970835306
64,7,7.444234160174716
64,8,10.62232451881497
64,9,13.18308398700033
64,10,14.977690532421795
64,11,15.90184814578885
64,12,15.901848145788852
64,13,14.977690532421798
64,14,13.183083987000332
64,15,10.622324518814976
64,16,7.444234160174718
64,17,3.8335119708353114
64,18,1.9617178752392266e-15
64,19,0.0
64,20,0.0
64,21,0.0
64,22,0.0
64,23,0.0
65,0,0.0
65,1,0.0
65,2,0.0
65,3,0.0
65,4,0.0
65,5,0.0
65,6,3.3718809415961246
65,7,6.547800419155217
65,8,9.343185536639139
65,9,11.595578671831202
65,10,13.174078922829965
65,11,13.986949592662343
65,12,13.986949592662345
65,13,13.174078922829969
65,14,11.595578671831204
65,15,9.343185536639142
65,16,6.547800419155219
65,17,3.3718809415961295
65,18,1.7254880555039148e-15
65,19,0.0
65,20,0.0
65,21,0.0
65,22,0.0
65,23,0.0
66,0,0.0
66,1,0.0
66,2,0.0
66,3,0.0
66,4,0.0
66,5,0.0
66,6,2.939389369640763
66,7,5.707952113363638
66,8,8.144789427819568
66,9,10.108281185835617
66,10,11.484316383438031
66,11,12.1929248566266
66,12,12.1929248566266
66,13,11.484316383438035
66,14,10.108281185835619
66,15,8.144789427819573
66,16,5.70795211336364
66,17,2.939389369640767
66,18,1.5041697306754477e-15
66,19,0.0
66,20,0.0
66,21,0.0
66,22,0.0
66,23,0.0
67,0,0.0
67,1,0.0
67,2,0.0
67,3,0.0
67,4,0.0
67,5,0.0
67,6,2.536165411555922
67,7,4.924938107978395
67,8,7.027491302986808
67,9,8.72163224735718
67,10,9.908903627354473
67,11,10.520305545929123
67,12,10.520305545929125
67,13,9.908903627354475
67,14,8.72163224735718
67,15,7.027491302986811
67,16,4.924938107978396
67,17,2.5361654115559253
67,18,1.2978284821499115e-15
67,19,0.0
67,20,0.0
67,21,0.0
67,22,0.0
67,23,0.0
68,0,0.0
68,1,0.0
68,2,0.0
68,3,0.0
68,4,0.0
68,5,0.0
68,6,2.162328551302669
68,7,4.19899042694811
68,8,5.991622241688516
68,9,7.436042750402699
68,10,8.44830748337911
68,11,8.969587293769761
68,12,8.969587293769763
68,13,8.448307483379113
68,14,7.4360427504027
68,15,5.9916222416885185
68,16,4.198990426948111
68,17,2.162328551302672
68,18,1.1065254532924543e-15
68,19,0.0
68,20,0.0
68,21,0.0
68,22,0.0
68,23,0.0
69,0,0.0
69,1,0.0
69,2,0.0
69,3,0.0
69,4,0.0
69,5,0.0
69,6,1.817989564810757
69,7,3.530324184237907
69,8,5.037489194283438
69,9,6.251893642885416
69,10,7.102960757671652
69,11,7.5412296114338675
69,12,7.541229611433868
69,13,7.102960757671654
69,14,6.251893642885417
69,15,5.037489194283441
69,16,3.530324184237908
69,17,1.8179895648107596
69,18,9.30317331319183e-16
69,19,0.0
69,20,0.0
69,21,0.0
69,22,0.0
69,23,0.0
70,0,0.0
70,1,0.0
70,2,0.0
70,3,0.0
70,4,0.0
70,5,0.0
70,6,1.503250487153327
70,7,2.9191375200864984
70,8,4.165374890985399
70,9,5.169535813741916
70,10,5.873262105501881
70,11,6.235655752129199
70,12,6.2356557521292
70,13,5.873262105501883
70,14,5.169535813741917
70,15,4.165374890985401
70,16,2.919137520086499
70,17,1.503250487153329
70,18,7.692563304995217e-16
70,19,0.0
70,20,0.0
70,21,0.0
70,22,0.0
70,23,0.0
71,0,0.0
71,1,0.0
71,2,0.0
71,3,0.0
71,4,0.0
71,5,0.0
71,6,1.2182045823117156
71,7,2.3656115422929633
71,8,3.3755377580842354
71,9,4.189289988956175
71,10,4.7595759131195114
71,11,5.053252585566865
71,12,5.053252585566866
71,13,4.759575913119513
71,14,4.189289988956176
71,15,3.375537758084237
71,16,2.3656115422929638
71,17,1.2182045823117174
71,18,6.233901766839942e-16
71,19,0.0
71,20,0.0
71,21,0.0
71,22,0.0
71,23,0.0
72,0,0.0
72,1,0.0
72,2,0.0
72,3,0.0
72,4,0.0
72,5,0.0
72,6,0.9629363155393212
72,7,1.8699102725505894
72,8,2.6682118413685054
72,9,3.311446636521511
72,10,3.762232189778659
72,11,3.994370483323463
72,12,3.9943704833234634
72,13,3.76223218977866
72,14,3.3114466365215116
72,15,2.6682118413685068
72,16,1.8699102725505898
72,17,0.9629363155393226
72,18,4.927620931620253e-16
72,19,0.0
72,20,0.0
72,21,0.0
72,22,0.0
72,23,0.0
73,0,0.0
73,1,0.0
73,2,0.0
73,3,0.0
73,4,0.0
73,5,0.0
73,6,0.7375213283327291
73,7,1.4321805978437119
73,8,2.0436067367726776
73,9,2.5362658803686626
73,10,2.881526469948992
73,11,3.0593232150184386
73,12,3.059323215018439
73,13,2.8815264699489926
73,14,2.536265880368663
73,15,2.0436067367726785
73,16,1.432180597843712
73,17,0.7375213283327302
73,18,3.774107878539479e-16
73,19,0.0
73,20,0.0
73,21,0.0
73,22,0.0
73,23,0.0
74,0,0.0
74,1,0.0
74,2,0.0
74,3,0.0
74,4,0.0
74,5,0.0
74,6,0.5420264160175022
74,7,1.0525522269219256
74,8,1.5019075282693235
74,9,1.863977423285448
74,10,2.1177197257424805
74,11,2.248387855337361
74,12,2.2483878553373615
74,13,2.117719725742481
74,14,1.8639774232854482
74,15,1.5019075282693242
74,16,1.052552226921926
74,17,0.542026416017503
74,18,2.773704418410094e-16
74,19,0.0
74,20,0.0
74,21,0.0
74,22,0.0
74,23,0.0
75,0,0.0
75,1,0.0
75,2,0.0
75,3,0.0
75,4,0.0
75,5,0.0
75,6,0.37650950795528537
75,7,0.7311376518645866
75,8,1.0432747330247503
75,9,1.2947804788508743
75,10,1.4710382895817329
75,11,1.5618047019287233
75,12,1.5618047019287233
75,13,1.471038289581733
75,14,1.2947804788508745
75,15,1.0432747330247507
75,16,0.7311376518645868
75,17,0.3765095079552859
75,18,1.9267069923678107e-16
75,19,0.0
75,20,0.0
75,21,0.0
75,22,0.0
75,23,0.0
76,0,0.0
76,1,0.0
76,2,0.0
76,3,0.0
76,4,0.0
76,5,0.0
76,6,0.24101965037808504
76,7,0.468032114746979
76,8,0.6678442538342956
76,9,0.8288437124038543
76,10,0.9416737871328127
76,11,0.9997772041985586
76,12,0.9997772041985588
76,13,0.9416737871328129
76,14,0.8288437124038545
76,15,0.6678442538342959
76,16,0.4680321147469791
76,17,0.24101965037808537
76,18,1.233366584029668e-16
76,19,0.0
76,20,0.0
76,21,0.0
76,22,0.0
76,23,0.0
77,0,0.0
77,1,0.0
77,2,0.0
77,3,0.0
77,4,0.0
77,5,0.0
77,6,0.13559699185481183
77,7,0.2633135794180331
77,8,0.3757273388513964
77,9,0.4663051910640249
77,10,0.529783080522417
77,11,0.5624719030239911
77,12,0.5624719030239912
77,13,0.5297830805224171
77,14,0.46630519106402496
77,15,0.3757273388513966
77,16,0.26331357941803313
77,17,0.135596991854812
77,18,6.938886451221677e-17
77,19,0.0
77,20,0.0
77,21,0.0
77,22,0.0
77,23,0.0
78,0,0.0
78,1,0.0
78,2,0.0
78,3,0.0
78,4,0.0
78,5,0.0
78,6,0.060272771394393396
78,7,0.11704270839795454
78,8,0.16701054862236145
78,9,0.20727234281948084
78,10,0.23548822185624332
78,11,0.2500183814035797
78,12,0.2500183814035797
78,13,0.23548822185624338
78,14,0.20727234281948087
78,15,0.16701054862236153
78,16,0.11704270839795457
78,17,0.06027277139439348
78,18,3.084330346014948e-17
78,19,0.0
78,20,0.0
78,21,0.0
78,22,0.0
78,23,0.0
79,0,0.0
79,1,0.0
79,2,0.0
79,3,0.0
79,4,0.0
79,5,0.0
79,6,0.015069309188982107
79,7,0.02926284490261078
79,8,0.04175573043661308
79,9,0.051821924693544075
79,10,0.05887641705231828
79,11,0.06250922605908016
79,12,0.06250922605908016
79,13,0.058876417052318296
79,14,0.05182192469354408
79,15,0.041755730436613105
79,16,0.029262844902610788
79,17,0.015069309188982128
79,18,7.711397128386051e-18
79,19,0.0
79,20,0.0
79,21,0.0
79,22,0.0
79,23,0.0
80,0,0.0
80,1,0.0
80,2,0.0
80,3,0.0
80,4,0.0
80,5,0.0
80,6,0.0
80,7,0.0
80,8,0.0
80,9,0.0
80,10,0.0
80,11,0.0
80,12,0.0
80,13,0.0
80,14,0.0
80,15,0.0
80,16,0.0
80,17,0.0
80,18,0.0
80,19,0.0
80,20,0.0
80,21,0.0
80,22,0.0
80,23,0.0
81,0,0.0
81,1,0.0
81,2,0.0
81,3,0.0
81,4,0.0
81,5,0.0
81,6,0.015069309188982107
81,7,0.02926284490261078
81,8,0.04175573043661308
81,9,0.051821924693544075
81,10,0.05887641705231828
81,11,0.06250922605908016
81,12,0.06250922605908016
81,13,0.058876417052318296
81,14,0.05182192469354408
81,15,0.041755730436613105
81,16,0.029262844902610788
81,17,0.015069309188982128
81,18,7.711397128386051e-18
81,19,0.0
81,20,0.0
81,21,0.0
81,22,0.0
81,23,0.0
82,0,0.0
82,1,0.0
82,2,0.0
82,3,0.0
82,4,0.0
82,5,0.0
82,6,0.060272771394393396
82,7,0.11704270839795454
82,8,0.16701054862236145
82,9,0.20727234281948084
82,10,0.23548822185624332
82,11,0.2500183814035797
82,12,0.2500183814035797
82,13,0.23548822185624338
82,14,0.20727234281948087
82,15,0.16701054862236153
82,16,0.11704270839795457
82,17,0.06027277139439348
82,18,3.084330346014948e-17
82,19,0.0
82,20,0.0
82,21,0.0
82,22,0.0
82,23,0.0
83,0,0.0
83,1,0.0
83,2,0.0
83,3,0.0
83,4,0.0
83,5,0.0
83,6,0.13559699185481183
83,7,0.2633135794180331
83,8,0.3757273388513964
83,9,0.4663051910640249
83,10,0.529783080522417
83,11,0.5624719030239911
83,12,0.5624719030239912
83,13,0.5297830805224171
83,14,0.46630519106402496
83,15,0.3757273388513966
83,16,0.26331357941803313
83,17,0.135596991854812
83,18,6.938886451221677e-17
83,19,0.0
83,20,0.0
83,21,0.0
83,22,0.0
83,23,0.0
84,0,0.0
84,1,0.0
84,2,0.0
84,3,0.0
84,4,0.0
84,5,0.0
84,6,0.24101965037808504
84,7,0.468032114746979
84,8,0.6678442538342956
84,9,0.8288437124038543
84,10,0.9416737871328127
84,11,0.9997772041985586
84,12,0.9997772041985588
84,13,0.9416737871328129
84,14,0.8288437124038545
84,15,0.6678442538342959
84,16,0.4680321147469791
84,17,0.24101965037808537
84,18,1.233366584029668e-16
84,19,0.0
84,20,0.0
84,21,0.0
84,22,0.0
84,23,0.0
85,0,0.0
85,1,0.0
85,2,0.0
85,3,0.0
85,4,0.0
85,5,0.0
85,6,0.37650950795528537
85,7,0.7311376518645866
85,8,1.0432747330247503
85,9,1.2947804788508743
85,10,1.4710382895817329
85,11,1.5618047019287233
85,12,1.5618047019287233
85,13,1.471038289581733
85,14,1.2947804788508745
85,15,1.0432747330247507
85,16,0.7311376518645868
85,17,0.3765095079552859
85,18,1.9267069923678107e-16
85,19,0.0
85,20,0.0
85,21,0.0
85,22,0.0
85,23,0.0
86,0,0.0
86,1,0.0
86,2,0.0
86,3,0.0
86,4,0.0
86,5,0.0
86,6,0.5420264160175022
86,7,1.0525522269219256
86,8,1.5019075282693235
86,9,1.863977423285448
86,10,2.1177197257424805
86,11,2.248387855337361
86,12,2.2483878553373615
86,13,2.117719725742481
86,14,1.8639774232854482
86,15,1.5019075282693242
86,16,1.052552226921926
86,17,0.542026416017503
86,18,2.773704418410094e-16
86,19,0.0
86,20,0.0
86,21,0.0
86,22,0.0
86,23,0.0
87,0,0.0
87,1,0.0
87,2,0.0
87,3,0.0
87,4,0.0
87,5,0.0
87,6,0.7375213283327291
87,7,1.4321805978437119
87,8,2.0436067367726776
87,9,2.5362658803686626
87,10,2.881526469948992
87,11,3.0593232150184386
87,12,3.059323215018439
87,13,2.8815264699489926
87,14,2.536265880368663
87,15,2.0436067367726785
87,16,1.432180597843712
87,17,0.7375213283327302
87,18,3.774107878539479e-16
87,19,0.0
87,20,0.0
87,21,0.0
87,22,0.0
87,23,0.0
88,0,0.0
88,1,0.0
88,2,0.0
88,3,0.0
88,4,0.0
88,5,0.0
88,6,0.9629363155393212
88,7,1.8699102725505894
88,8,2.6682118413685054
88,9,3.311446636521511
88,10,3.762232189778659
88,11,3.994370483323463
88,12,3.9943704833234634
88,13,3.76223218977866
88,14,3.3114466365215116
88,15,2.6682118413685068
88,16,1.8699102725505898
88,17,0.9629363155393226
88,18,4.927620931620253e-16
88,19,0.0
88,20,0.0
88,21,0.0
88,22,0.0
88,23,0.0
89,0,0.0
89,1,0.0
89,2,0.0
89,3,0.0
89,4,0.0
89,5,0.0
89,6,1.2182045823117156
89,7,2.3656115422929633
89,8,3.3755377580842354
89,9,4.189289988956175
89,10,4.7595759131195114
89,11,5.053252585566865
89,12,5.053252585566866
89,13,4.759575913119513
89,14,4.189289988956176
89,15,3.375537758084237
89,16,2.3656115422929638
89,17,1.2182045823117174
89,18,6.233901766839942e-16
89,19,0.0
89,20,0.0
89,21,0.0
89,22,0.0
89,23,0.0
90,0,0.0
90,1,0.0
90,2,0.0
90,3,0.0
90,4,0.0
90,5,0.0
90,6,1.503250487153327
90,7,2.9191375200864984
90,8,4.165374890985399
90,9,5.169535813741916
90,10,5.873262105501881
90,11,6.235655752129199
90,12,6.2356557521292
90,13,5.873262105501883
90,14,5.169535813741917
90,15,4.165374890985401
90,16,2.919137520086499
90,17,1.503250487153329
90,18,7.692563304995217e-16
90,19,0.0
90,20,0.0
90,21,0.0
90,22,0.0
90,23,0.0
91,0,0.0
91,1,0.0
91,2,0.0
91,3,0.0
91,4,0.0
91,5,0.0
91,6,1.817989564810757
91,7,3.530324184237907
91,8,5.037489194283438
91,9,6.251893642885416
91,10,7.102960757671652
91,11,7.5412296114338675
91,12,7.541229611433868
91,13,7.102960757671654
91,14,6.251893642885417
91,15,5.037489194283441
91,16,3.530324184237908
91,17,1.8179895648107596
91,18,9.30317331319183e-16
91,19,0.0
91,20,0.0
91,21,0.0
91,22,0.0
91,23,0.0
92,0,0.0
92,1,0.0
92,2,0.0
92,3,0.0
92,4,0.0
92,5,0.0
92,6,2.162328551302669
92,7,4.19899042694811
92,8,5.991622241688516
92,9,7.436042750402699
92,10,8.44830748337911
92,11,8.969587293769761
92,12,8.969587293769763
92,13,8.448307483379113
92,14,7.4360427504027
92,15,5.9916222416885185
92,16,4.198990426948111
92,17,2.162328551302672
92,18,1.1065254532924543e-15
92,19,0.0
92,20,0.0
92,21,0.0
92,22,0.0
92,23,0.0
93,0,0.0
93,1,0.0
93,2,0.0
93,3,0.0
93,4,0.0
93,5,0.0
93,6,2.536165411555922
93,7,4.924938107978395
93,8,7.027491302986808
93,9,8.72163224735718
93,10,9.908903627354473
93,11,10.520305545929123
93,12,10.520305545929125
93,13,9.908903627354475
93,14,8.72163224735718
93,15,7.027491302986811
93,16,4.924938107978396
93,17,2.5361654115559253
93,18,1.2978284821499115e-15
93,19,0.0
93,20,0.0
93,21,0.0
93,22,0.0
93,23,0.0
94,0,0.0
94,1,0.0
94,2,0.0
94,3,0.0
94,4,0.0
94,5,0.0
94,6,2.939389369640763
94,7,5.707952113363638
94,8,8.144789427819568
94,9,10.108281185835617
94,10,11.484316383438031
94,11,12.1929248566266
94,12,12.1929248566266
94,13,11.484316383438035
94,14,10.108281185835619
94,15,8.144789427819573
94,16,5.70795211336364
94,17,2.939389369640767
94,18,1.5041697306754477e-15
94,19,0.0
94,20,0.0
94,21,0.0
94,22,0.0
94,23,0.0
95,0,0.0
95,1,0.0
95,2,0.0
95,3,0.0
95,4,0.0
95,5,0.0
95,6,3.3718809415961246
95,7,6.547800419155217
95,8,9.343185536639139
95,9,11.595578671831202
95,10,13.174078922829965
95,11,13.986949592662343
95,12,13.986949592662345
95,13,13.174078922829969
95,14,11.595578671831204
95,15,9.343185536639142
95,16,6.547800419155219
95,17,3.3718809415961295
95,18,1.7254880555039148e-15
95,19,0.0
95,20,0.0
95,21,0.0
95,22,0.0
95,23,0.0
96,0,0.0
96,1,0.0
96,2,0.0
96,3,0.0
96,4,0.0
96,5,0.0
96,6,3.833511970835306
96,7,7.444234160174716
96,8,10.62232451881497
96,9,13.18308398700033
96,10,14.977690532421795
96,11,15.90184814578885
96,12,15.901848145788852
96,13,14.977690532421798
96,14,13.183083987000332
96,15,10.622324518814976
96,16,7.444234160174718
96,17,3.8335119708353114
96,18,1.9617178752392266e-15
96,19,0.0
96,20,0.0
96,21,0.0
96,22,0.0
96,23,0.0
97,0,0.0
97,1,0.0
97,2,0.0
97,3,0.0
97,4,0.0
97,5,0.0
97,6,4.324145666121529
97,7,8.396987703758047
97,8,11.981827337860567
97,9,14.870326719256948
97,10,16.89461676316847
97,11,17.93705309023793
97,12,17.937053090237935
97,13,16.894616763168475
97,14,14.87032671925695
97,15,11.981827337860574
97,16,8.396987703758048
97,17,4.324145666121535
97,18,2.212789189887538e-15
97,19,0.0
97,20,0.0
97,21,0.0
97,22,0.0
97,23,0.0
98,0,0.0
98,1,0.0
98,2,0.0
98,3,0.0
98,4,0.0
98,5,0.0
98,6,4.843636642102137
98,7,9.405778728468135
98,8,13.421291143750167
98,9,16.656806902165798
98,10,18.92428958845716
98,11,20.091961350861222
98,12,20.091961350861226
98,13,18.924289588457164
98,14,16.6568069021658
98,15,13.421291143750175
98,16,9.405778728468137
98,17,4.843636642102144
98,18,2.4786276015997553e-15
98,19,0.0
98,20,0.0
98,21,0.0
98,22,0.0
98,23,0.0
99,0,0.0
99,1,0.0
99,2,0.0
99,3,0.0
99,4,0.0
99,5,0.0
99,6,5.391830962389415
99,7,10.470308307752873
99,8,14.940289392291916
99,9,18.541995163093294
99,10,21.06610757242581
99,11,22.365934381834375
99,12,22.36593438183438
99,13,21.066107572425814
99,14,18.541995163093294
99,15,14.940289392291923
99,16,10.470308307752875
99,17,5.391830962389422
99,18,2.7591543367172266e-15
99,19,0.0
99,20,0.0
99,21,0.0
99,22,0.0
99,23,0.0
100,0,0.0
100,1,0.0
100,2,0.0
100,3,0.0
100,4,0.0
100,5,0.0
100,6,5.968566185175257
100,7,11.590260998523483
100,8,16.5383719715221
100,9,20.525332880072018
100,10,23.319436048181547
100,11,24.75829835587195
100,12,24.758298355871954
100,13,23.31943604818155
100,14,20.52533288007202
100,15,16.538371971522107
100,16,11.590260998523485
100,17,5.968566185175265
100,18,3.0542862691140726e-15
100,19,0.0
100,20,0.0
100,21,0.0
100,22,0.0
100,23,0.0
101,0,0.0
101,1,0.0
101,2,0.0
101,3,0.0
101,4,0.0
101,5,0.0
101,6,6.573671411366189
101,7,12.765304934627133
101,8,18.215065335083047
101,9,22.606232347332504
101,10,25.683607305866197
101,11,27.268344363897004
101,12,27.268344363897008
101,13,25.6836073058662
101,14,22.606232347332504
101,15,18.215065335083057
101,16,12.765304934627135
101,17,6.573671411366198
101,18,3.3639359448292557e-15
101,19,0.0
101,20,0.0
101,21,0.0
101,22,0.0
101,23,0.0
102,0,0.0
102,1,0.0
102,2,0.0
102,3,0.0
102,4,0.0
102,5,0.0
102,6,7.206967335224449
102,7,13.995091925186031
102,8,19.96987264254513
102,9,24.78407694945311
102,10,28.15792079051311
102,11,29.895328625106124
102,12,29.895328625106128
102,13,28.157920790513117
102,14,24.784076949453112
102,15,19.96987264254514
102,16,13.995091925186035
102,17,7.2069673352244585
102,18,3.688011607981075e-15
102,19,0.0
102,20,0.0
102,21,0.0
102,22,0.0
102,23,0.0
103,0,0.0
103,1,0.0
103,2,0.0
103,3,0.0
103,4,0.0
103,5,0.0
103,6,7.868266297500152
103,7,15.279257557773898
103,8,21.802273906631306
103,9,27.058221344076497
103,10,30.741643309636732
103,11,32.638472707367754
103,12,32.638472707367754
103,13,30.74164330963674
103,14,27.0582213440765
103,15,21.802273906631317
103,16,15.279257557773901
103,17,7.8682662975001625
103,18,4.026417227956412e-15
103,19,0.0
103,20,0.0
103,21,0.0
103,22,0.0
103,23,0.0
104,0,0.0
104,1,0.0
104,2,0.0
104,3,0.0
104,4,0.0
104,5,0.0
104,6,8.557372341038775
104,7,16.61742130639923
104,8,23.711726147300563
104,9,29.427991653138474
104,10,33.43400925049334
104,11,35.496963757888416
104,12,35.496963757888416
104,13,33.43400925049335
104,14,29.427991653138477
104,15,23.711726147300574
104,16,16.617421306399237
104,17,8.557372341038786
104,18,4.379052527866676e-15
104,19,0.0
104,20,0.0
104,21,0.0
104,22,0.0
104,23,0.0
105,0,0.0
105,1,0.0
105,2,0.0
105,3,0.0
105,4,0.0
105,5,0.0
105,6,9.274081268847494
105,7,18.00918664426338
105,8,25.697663552644645
105,9,31.892685662552648
105,10,36.23422080694866
105,11,38.469954744078564
105,12,38.469954744078564
105,13,36.23422080694867
105,14,31.89268566255265
105,15,25.69766355264466
105,16,18.009186644263387
105,17,9.274081268847507
105,18,4.7458130142620135e-15
105,19,0.0
105,20,0.0
105,21,0.0
105,22,0.0
105,23,0.0
106,0,0.0
106,1,0.0
106,2,0.0
106,3,0.0
106,4,0.0
106,5,0.0
106,6,10.018180704603148
106,7,19.454141161259972
106,8,27.759497646550297
106,9,34.451573030291556
106,10,39.14144821588498
106,11,41.55656470454657
106,12,41.556564704546574
106,13,39.141448215884985
106,14,34.45157303029156
106,15,27.75949764655031
106,16,19.454141161259976
106,17,10.018180704603163
106,18,5.126590008094963e-15
106,19,0.0
106,20,0.0
106,21,0.0
106,22,0.0
106,23,0.0
107,0,0.0
107,1,0.0
107,2,0.0
107,3,0.0
107,4,0.0
107,5,0.0
107,6,10.789450155583948
107,7,20.951856686180953
107,8,29.89661746307748
107,9,37.10389550280284
107,10,42.154830003077926
107,11,44.755879010146664
107,12,44.75587901014667
107,13,42.15483000307794
107,14,37.10389550280285
107,15,29.896617463077494
107,16,20.951856686180957
107,17,10.789450155583964
107,18,5.521270676924412e-15
107,19,0.0
107,20,0.0
107,21,0.0
107,22,0.0
107,23,0.0
108,0,0.0
108,1,0.0
108,2,0.0
108,3,0.0
108,4,0.0
108,5,0.0
108,6,11.587661078006205
108,7,22.501889413592938
108,8,32.108389727501724
108,9,39.84886713969608
108,10,45.27347323846986
108,11,48.066949635003226
108,12,48.06694963500323
108,13,45.27347323846987
108,14,39.84886713969609
108,15,32.10838972750174
108,16,22.50188941359294
108,17,11.58766107800622
108,18,5.929738068350279e-15
108,19,0.0
108,20,0.0
108,21,0.0
108,22,0.0
108,23,0.0
109,0,0.0
109,1,0.0
109,2,0.0
109,3,0.0
109,4,0.0
109,5,0.0
109,6,12.412576944746803
109,7,24.103780035346343
109,8,34.39415904396713
109,9,42.685674546633926
109,10,48.49645380076428
109,11,51.48879543743136
109,12,51.488795437431364
109,13,48.49645380076429
109,14,42.68567454663393
109,15,34.39415904396714
109,16,24.103780035346347
109,17,12.41257694474682
109,18,6.351871144669037e-15
109,19,0.0
109,20,0.0
109,21,0.0
109,22,0.0
109,23,0.0
110,0,0.0
110,1,0.0
110,2,0.0
110,3,0.0
110,4,0.0
110,5,0.0
110,6,13.263953315431289
110,7,25.75705387667832
110,8,36.75324808969429
110,9,45.61347711635839
110,10,51.82281665126298
110,11,55.02040245067033
110,12,55.02040245067033
110,13,51.822816651263
110,14,45.61347711635839
110,15,36.7532480896943
110,16,25.757053876678327
110,17,13.263953315431307
110,18,6.7875448187397945e-15
110,19,0.0
110,20,0.0
110,21,0.0
110,22,0.0
110,23,0.0
111,0,0.0
111,1,0.0
111,2,0.0
111,3,0.0
111,4,0.0
111,5,0.0
111,6,14.141537908866818
111,7,27.461221036869112
111,8,39.18495781568564
111,9,48.6314072777809
111,10,55.25157611686458
111,11,58.660724183343795
111,12,58.6607241833438
111,13,55.25157611686459
111,14,48.63140727778091
111,15,39.184957815685664
111,16,27.46122103686912
111,17,14.141537908866837
111,18,7.236629991050318e-15
111,19,0.0
111,20,0.0
111,21,0.0
111,22,0.0
111,23,0.0
112,0,0.0
112,1,0.0
112,2,0.0
112,3,0.0
112,4,0.0
112,5,0.0
112,6,15.045070677798531
112,7,29.215776534410214
112,8,41.68856765386879
112,9,51.73857075306237
112,10,58.781716182140705
112,11,62.40868192955778
112,12,62.40868192955779
112,13,58.78171618214072
112,14,51.738570753062376
112,15,41.68856765386881
112,16,29.21577653441022
112,17,15.045070677798552
112,18,7.698993587971999e-15
112,19,0.0
112,20,0.0
112,21,0.0
112,22,0.0
112,23,0.0
113,0,0.0
113,1,0.0
113,2,0.0
113,3,0.0
113,4,0.0
113,5,0.0
113,6,15.974283885967163
113,7,31.0202004566413
113,8,44.26333573061635
113,9,54.934046822607
113,10,62.412190790403386
113,11,66.26316508854455
113,12,66.26316508854455
113,13,62.4121907904034
113,14,54.93404682260701
113,15,44.26333573061637
113,16,31.02020045664131
113,17,15.974283885967186
113,18,8.17449860119245e-15
113,19,0.0
113,20,0.0
113,21,0.0
113,22,0.0
113,23,0.0
114,0,0.0
114,1,0.0
114,2,0.0
114,3,0.0
114,4,0.0
114,5,0.0
114,6,16.928902187445058
114,7,32.87395811381154
114,8,46.90849908657911
114,9,58.21688859789133
114,10,66.14192415367408
114,11,70.22303149375749
114,12,70.2230314937575
114,13,66.1419241536741
114,14,58.216888597891334
114,15,46.908499086579134
114,16,32.87395811381155
114,17,16.928902187445082
114,18,8.663004128314005e-15
114,19,0.0
114,20,0.0
114,21,0.0
114,22,0.0
114,23,0.0
115,0,0.0
115,1,0.0
115,2,0.0
115,3,0.0
115,4,0.0
115,5,0.0
115,6,17.908642708227145
115,7,34.77650019751975
115,8,49.62327390276742
115,9,61.58612330204783
115,10,69.96981107146306
115,11,74.28710775131985
115,12,74.28710775131985
115,13,69.96981107146307
115,14,61.58612330204784
115,15,49.62327390276745
115,16,34.77650019751976
115,17,17.90864270822717
115,18,9.164365414606172e-15
115,19,0.0
115,20,0.0
115,21,0.0
115,22,0.0
115,23,0.0
116,0,0.0
116,1,0.0
116,2,0.0
116,3,0.0
116,4,0.0
116,5,0.0
116,6,18.913215130052592
116,7,36.72726294348633
116,8,52.406855732813625
116,9,65.04075255811964
116,10,73.89471725826401
116,11,78.45418958772657
116,12,78.45418958772659
116,13,73.89471725826402
116,14,65.04075255811965
116,15,52.40685573281365
116,16,36.72726294348634
116,17,18.913215130052617
116,18,9.678433895899562e-15
116,19,0.0
116,20,0.0
116,21,0.0
116,22,0.0
116,23,0.0
117,0,0.0
117,1,0.0
117,2,0.0
117,3,0.0
117,4,0.0
117,5,0.0
117,6,19.942321776432347
117,7,38.7256682986087
117,8,55.25841974134682
117,9,68.57975268490115
117,10,77.91547967966733
117,11,82.7230422066965
117,12,82.72304220669652
117,13,77.91547967966734
117,14,68.57975268490115
117,15,55.25841974134685
117,16,38.72566829860872
117,17,19.942321776432372
117,18,1.0205057242608656e-14
117,19,0.0
117,20,0.0
117,21,0.0
117,22,0.0
117,23,0.0
118,0,0.0
118,1,0.0
118,2,0.0
118,3,0.0
118,4,0.0
118,5,0.0
118,6,20.99565770085716
118,7,40.771124092251064
118,8,58.177120948409524
118,9,72.20207500027693
118,10,82.03090689699245
118,11,87.0924006550693
118,12,87.09240065506931
118,13,82.03090689699246
118,14,72.20207500027693
118,15,58.17712094840955
118,16,40.77112409225107
118,17,20.995657700857187
118,18,1.0744079404870363e-14
118,19,0.0
118,20,0.0
118,21,0.0
118,22,0.0
118,23,0.0
119,0,0.0
119,1,0.0
119,2,0.0
119,3,0.0
119,4,0.0
119,5,0.0
119,6,22.072910777159763
119,7,42.863024211717175
119,8,61.162094479843326
119,9,75.90664613196881
119,10,86.23977942033665
119,11,91.5609701976382
119,12,91.56097019763821
119,13,86.23977942033666
119,14,75.90664613196883
119,15,61.162094479843354
119,16,42.86302421171718
119,17,22.072910777159795
119,18,1.1295340658784955e-14
119,19,0.0
119,20,0.0
119,21,0.0
119,22,0.0
119,23,0.0
120,0,0.0
120,1,0.0
120,2,0.0
120,3,0.0
120,4,0.0
120,5,0.0
120,6,23.173761792004626
120,7,45.000748781854746
120,8,64.21245582356985
120,9,79.69236833559927
120,10,90.54085006993634
120,11,96.1274267008081
120,12,96.12742670080812
120,13,90.54085006993637
120,14,79.69236833559928
120,15,64.21245582356988
120,16,45.00074878185475
120,17,23.173761792004658
120,18,1.1858677653745702e-14
120,19,0.0
120,20,0.0
120,21,0.0
120,22,0.0
120,23,0.0
121,0,0.0
121,1,0.0
121,2,0.0
121,3,0.0
121,4,0.0
121,5,0.0
121,6,24.297884539477753
121,7,47.18366434873779
121,8,67.32730109169083
121,9,83.55811981997685
121,10,94.93284434573341
121,11,100.790417024965
121,12,100.79041702496501
121,13,94.93284434573344
121,14,83.55811981997687
121,15,67.32730109169086
121,16,47.18366434873781
121,17,24.29788453947779
121,18,1.2433923460843197e-14
121,19,0.0
121,20,0.0
121,21,0.0
121,22,0.0
121,23,0.0
122,0,0.0
122,1,0.0
122,2,0.0
122,3,0.0
122,4,0.0
122,5,0.0
122,6,25.4449459177485
122,7,49.411124067372654
122,8,70.50570728832939
122,9,87.50275507950693
122,10,99.4144608050369
122,11,105.54855942544017
122,12,105.54855942544019
122,13,99.41446080503692
122,14,87.50275507950694
122,15,70.50570728832942
122,16,49.41112406737266
122,17,25.444945917748534
122,18,1.3020907622329969e-14
122,19,0.0
122,20,0.0
122,21,0.0
122,22,0.0
122,23,0.0
123,0,0.0
123,1,0.0
123,2,0.0
123,3,0.0
123,4,0.0
123,5,0.0
123,6,26.61460602777487
123,7,51.68246789337217
123,8,73.74673258313385
123,9,91.52510523362992
123,10,103.9843714481687
123,11,110.40044396195128
123,12,110.4004439619513
123,13,103.98437144816872
123,14,91.52510523362993
123,15,73.74673258313389
123,16,51.682467893372184
123,17,26.614606027774908
123,18,1.3619456202130814e-14
123,19,0.0
123,20,0.0
123,21,0.0
123,22,0.0
123,23,0.0
124,0,0.0
124,1,0.0
124,2,0.0
124,3,0.0
124,4,0.0
124,5,0.0
124,6,27.806518274022935
124,7,53.9970227785411
124,8,77.04941659036231
124,9,95.62397837318571
124,10,108.64122211197851
124,11,115.3446329163979
124,12,115.34463291639791
124,13,108.64122211197854
124,14,95.62397837318572
124,15,77.04941659036236
124,16,53.997022778541115
124,17,27.806518274022974
124,18,1.42293918373838e-14
124,19,0.0
124,20,0.0
124,21,0.0
124,22,0.0
124,23,0.0
125,0,0.0
125,1,0.0
125,2,0.0
125,3,0.0
125,4,0.0
125,5,0.0
125,6,29.020329467170555
125,7,56.35410287031477
125,8,80.41278065346567
125,9,99.79815991360215
125,10,113.38363287111156
125,11,120.37966121888849
125,12,120.3796612188885
125,13,113.38363287111159
125,14,99.79815991360216
125,15,80.41278065346572
125,16,56.35410287031478
125,17,29.020329467170594
125,18,1.4850533790996718e-14
125,19,0.0
125,20,0.0
125,21,0.0
125,22,0.0
125,23,0.0
126,0,0.0
126,1,0.0
126,2,0.0
126,3,0.0
126,4,0.0
126,5,0.0
126,6,30.255679928765
126,7,58.75300971499202
126,8,83.83582813508468
126,9,104.04641295480255
126,10,118.21019844691028
126,11,125.50403688187217
126,12,125.50403688187218
126,13,118.21019844691031
126,14,104.04641295480256
126,15,83.83582813508472
126,16,58.75300971499203
126,17,30.255679928765044
126,18,1.548269800520336e-14
126,19,0.0
126,20,0.0
126,21,0.0
126,22,0.0
126,23,0.0
127,0,0.0
127,1,0.0
127,2,0.0
127,3,0.0
127,4,0.0
127,5,0.0
127,6,31.51220359780348
127,7,61.193032464702156
127,8,87.31754471237515
127,9,108.36747864772606
127,10,123.11948862382886
127,11,130.716241442247
127,12,130.71624144224702
127,13,123.11948862382889
127,14,108.36747864772607
127,15,87.3175447123752
127,16,61.19303246470217
127,17,31.512203597803524
127,18,1.612569715610385e-14
127,19,0.0
127,20,0.0
127,21,0.0
127,22,0.0
127,23,0.0
128,0,0.0
128,1,0.0
128,2,0.0
128,3,0.0
128,4,0.0
128,5,0.0
128,6,32.78952813920484
128,7,63.673448088044424
128,8,90.85689867757362
128,9,112.7600765673516
128,10,128.11004867323663
128,11,136.01473041131314
128,12,136.01473041131314
128,13,128.11004867323666
128,14,112.76007656735162
128,15,90.85689867757367
128,16,63.673448088044445
128,17,32.78952813920488
128,18,1.6779340709172705e-14
128,19,0.0
128,20,0.0
128,21,0.0
128,22,0.0
128,23,0.0
129,0,0.0
129,1,0.0
129,2,0.0
129,3,0.0
129,4,0.0
129,5,0.0
129,6,34.087275054140534
129,7,66.19352158433786
129,8,94.45284124371467
129,9,117.22290509211555
129,10,133.18039978448584
129,11,141.39793373243822
129,12,141.39793373243825
129,13,133.18039978448587
129,14,117.22290509211558
129,15,94.45284124371473
129,16,66.19352158433787
129,17,34.087275054140584
129,18,1.7443434975718378e-14
129,19,0.0
129,20,0.0
129,21,0.0
129,22,0.0
129,23,0.0
130,0,0.0
130,1,0.0
130,2,0.0
130,3,0.0
130,4,0.0
130,5,0.0
130,6,35.40505979219201
130,7,68.75250620141789
130,8,98.10430685540919
130,9,121.75464178961033
130,10,138.32903950311515
130,11,146.86425624629925
130,12,146.86425624629925
130,13,138.32903950311518
130,14,121.75464178961035
130,15,98.10430685540923
130,16,68.75250620141792
130,17,35.40505979219206
130,18,1.8117783170277357e-14
130,19,0.0
130,20,0.0
130,21,0.0
130,22,0.0
130,23,0.0
131,0,0.0
131,1,0.0
131,2,0.0
131,3,0.0
131,4,0.0
131,5,0.0
131,6,36.74249186530125
131,7,71.34964365691503
131,8,101.81021350459129
131,9,126.3539438084495
131,10,143.5544421760591
131,11,152.41207816356234
131,12,152.41207816356234
131,13,143.55444217605913
131,14,126.35394380844953
131,15,101.81021350459133
131,16,71.34964365691505
131,17,36.7424918653013
131,18,1.8802185468925965e-14
131,19,0.0
131,20,0.0
131,21,0.0
131,22,0.0
131,23,0.0
132,0,0.0
132,1,0.0
132,2,0.0
132,3,0.0
132,4,0.0
132,5,0.0
132,6,38.09917496348084
132,7,73.98416436295044
132,8,105.56946305114086
132,9,131.0194482761839
132,10,148.85505940373233
132,11,158.03975554486172
132,12,158.03975554486175
132,13,148.85505940373235
132,14,131.0194482761839
132,15,105.56946305114091
132,16,73.98416436295045
132,17,38.09917496348089
132,18,1.9496439068492507e-14
132,19,0.0
132,20,0.0
132,21,0.0
132,22,0.0
132,23,0.0
133,0,0.0
133,1,0.0
133,2,0.0
133,3,0.0
133,4,0.0
133,5,0.0
133,6,39.474707072249196
133,7,76.65528765418131
133,8,109.38094154828602
133,9,135.74977270314992
133,10,154.2293204988536
133,11,163.7456207879341
133,12,163.74562078793412
133,13,154.22932049885364
133,14,135.74977270314994
133,15,109.38094154828607
133,16,76.65528765418132
133,17,39.474707072249245
133,18,2.020033824665222e-14
133,19,0.0
133,20,0.0
133,21,0.0
133,22,0.0
133,23,0.0
134,0,0.0
134,1,0.0
134,2,0.0
134,3,0.0
134,4,0.0
134,5,0.0
134,6,40.86868059175603
134,7,79.36222201912884
134,8,113.24351957268955
134,9,140.54351539213098
134,10,159.67563295187432
134,11,169.52798312176517
134,12,169.5279831217652
134,13,159.67563295187438
134,14,140.54351539213098
134,15,113.2435195726896
134,16,79.36222201912885
134,17,40.86868059175609
134,18,2.0913674422887206e-14
134,19,0.0
134,20,0.0
134,21,0.0
134,22,0.0
134,23,0.0
135,0,0.0
135,1,0.0
135,2,0.0
135,3,0.0
135,4,0.0
135,5,0.0
135,6,42.28068245756315
135,7,82.1041653347203
135,8,117.15605255912163
135,9,145.399255853711
135,10,165.1923829028737
135,11,175.38512910760195
135,12,175.38512910760198
135,13,165.19238290287373
135,14,145.39925585371103
135,15,117.15605255912169
135,16,82.10416533472034
135,17,42.28068245756321
135,18,2.163623622029341e-14
135,19,0.0
135,20,0.0
135,21,0.0
135,22,0.0
135,23,0.0
136,0,0.0
136,1,0.0
136,2,0.0
136,3,0.0
136,4,0.0
136,5,0.0
136,6,43.71029426304419
136,7,84.8803051039753
136,8,121.11738113961897
136,9,150.31555522719572
136,10,170.77793561977995
136,11,181.3153231466812
136,12,181.31532314668124
136,13,170.77793561977998
136,14,150.31555522719572
136,15,121.11738113961903
136,16,84.88030510397533
136,17,43.71029426304425
136,18,2.236780952821609e-14
136,19,0.0
136,20,0.0
136,21,0.0
136,22,0.0
136,23,0.0
137,0,0.0
137,1,0.0
137,2,0.0
137,3,0.0
137,4,0.0
137,5,0.0
137,6,45.15709238336762
137,7,87.68981869676615
137,8,125.12633148703063
137,9,155.29095670697822
137,10,176.4306359827769
137,11,187.31680799452502
137,12,187.31680799452505
137,13,176.43063598277692
137,14,155.29095670697825
137,15,125.1263314870307
137,16,87.68981869676618
137,17,45.15709238336768
137,18,2.3108177565695455e-14
137,19,0.0
137,20,0.0
137,21,0.0
137,22,0.0
137,23,0.0
138,0,0.0
138,1,0.0
138,2,0.0
138,3,0.0
138,4,0.0
138,5,0.0
138,6,46.620648101025985
138,7,90.53187359358115
138,8,129.1817156628486
138,9,160.32398597422232
138,10,182.14880897475194
138,11,193.38780528165054
138,12,193.38780528165057
138,13,182.14880897475197
138,14,160.32398597422235
138,15,129.1817156628487
138,16,90.53187359358118
138,17,46.62064810102605
138,18,2.3857120945703574e-14
138,19,0.0
138,20,0.0
138,21,0.0
138,22,0.0
138,23,0.0
139,0,0.0
139,1,0.0
139,2,0.0
139,3,0.0
139,4,0.0
139,5,0.0
139,6,48.100527732873964
139,7,93.40562763221772
139,8,133.2823319692191
139,9,165.41315163373432
139,10,187.93076017763906
139,11,199.5265160405385
139,12,199.52651604053852
139,13,187.93076017763912
139,14,165.41315163373432
139,15,133.28233196921917
139,16,93.40562763221773
139,17,48.100527732874035
139,18,2.4614417740153407e-14
139,19,0.0
139,20,0.0
139,21,0.0
139,22,0.0
139,23,0.0
140,0,0.0
140,1,0.0
140,2,0.0
140,3,0.0
140,4,0.0
140,5,0.0
140,6,49.59629275863825
140,7,96.31022925733352
140,8,137.426965305032
140,9,170.5569456558961
140,10,193.7747762745122
140,11,205.73112123870692
140,12,205.73112123870695
140,13,193.77477627451225
140,14,170.5569456558961
140,15,137.42696530503207
140,16,96.31022925733353
140,17,49.59629275863832
140,18,2.537984354566096e-14
140,19,0.0
140,20,0.0
140,21,0.0
140,22,0.0
140,23,0.0
141,0,0.0
141,1,0.0
141,2,0.0
141,3,0.0
141,4,0.0
141,5,0.0
141,6,51.107499950860465
141,7,99.24481777278064
141,8,141.6143875259815
141,9,175.7538438235268
141,10,199.6791255572777
141,11,211.9997823177293
141,12,211.99978231772934
141,13,199.67912555727776
141,14,175.75384382352684
141,15,141.61438752598156
141,16,99.24481777278066
141,17,51.10749995086054
141,18,2.6153171550040828e-14
141,19,0.0
141,20,0.0
141,21,0.0
141,22,0.0
141,23,0.0
142,0,0.0
142,1,0.0
142,2,0.0
142,3,0.0
142,4,0.0
142,5,0.0
142,6,52.633701506235
142,7,102.20852359664826
142,8,145.8433578084914
142,9,181.002306183541
142,10,205.64205843981665
142,11,218.33064173803896
142,12,218.330641738039
142,13,205.6420584398167
142,14,181.00230618354104
142,15,145.84335780849145
142,16,102.20852359664829
142,17,52.63370150623507
142,18,2.6934172599515508e-14
142,19,0.0
142,20,0.0
142,21,0.0
142,22,0.0
142,23,0.0
143,0,0.0
143,1,0.0
143,2,0.0
143,3,0.0
143,4,0.0
143,5,0.0
143,6,54.17444517830293
143,7,105.20046851893892
143,8,150.1126230173985
143,9,186.30077750327058
143,10,211.6618079764256
143,11,224.72182352935886
143,12,224.72182352935886
143,13,211.66180797642565
143,14,186.3007775032706
143,15,150.1126230173986
143,16,105.20046851893895
143,17,54.17444517830301
143,18,2.7722615266618698e-14
143,19,0.0
143,20,0.0
143,21,0.0
143,22,0.0
143,23,0.0
144,0,0.0
144,1,0.0
144,2,0.0
144,3,0.0
144,4,0.0
144,5,0.0
144,6,55.729274411462164
144,7,108.21976596180048
144,8,154.42091807728295
144,9,191.6476877313128
144,10,217.73659038539964
144,11,231.17143384659076
144,12,231.1714338465908
144,13,217.73659038539967
144,14,191.64768773131283
144,15,154.42091807728303
144,16,108.2197659618005
144,17,55.72927441146224
144,18,2.8518265918772095e-14
144,19,0.0
144,20,0.0
144,21,0.0
144,22,0.0
144,23,0.0
145,0,0.0
145,1,0.0
145,2,0.0
145,3,0.0
145,4,0.0
145,5,0.0
145,6,57.29772847625502
145,7,111.26552124223898
145,8,158.76696634733798
145,9,197.04145246277147
145,10,223.86460557760668
145,11,237.677561531004
145,12,237.67756153100402
145,13,223.8646055776067
145,14,197.0414524627715
145,15,158.76696634733807
145,16,111.265521242239
145,17,57.297728476255095
145,18,2.9320888787515954e-14
145,19,0.0
145,20,0.0
145,21,0.0
145,22,0.0
145,23,0.0
146,0,0.0
146,1,0.0
146,2,0.0
146,3,0.0
146,4,0.0
146,5,0.0
146,6,58.87934260589207
146,7,114.33683183723203
146,8,163.14947999966583
146,9,202.48047340874976
146,10,230.04403768989187
146,11,244.23827867655194
146,12,244.23827867655197
146,13,230.04403768989192
146,14,202.4804734087498
146,15,163.1494799996659
146,16,114.33683183723205
146,17,58.87934260589215
146,18,3.0130246038372245e-14
146,19,0.0
146,20,0.0
146,21,0.0
146,22,0.0
146,23,0.0
147,0,0.0
147,1,0.0
147,2,0.0
147,3,0.0
147,4,0.0
147,5,0.0
147,6,60.47364813397267
147,7,117.43278765116598
147,8,167.56716040088878
147,9,207.96313886995756
147,10,236.2730556231572
147,11,250.85164120115238
147,12,250.8516412011524
147,13,236.27305562315726
147,14,207.9631388699576
147,15,167.56716040088887
147,16,117.43278765116601
147,17,60.47364813397275
147,18,3.094609784132017e-14
147,19,0.0
147,20,0.0
147,21,0.0
147,22,0.0
147,23,0.0
148,0,0.0
148,1,0.0
148,2,0.0
148,3,0.0
148,4,0.0
148,5,0.0
148,6,62.080172633360924
148,7,120.552471285517
148,8,172.01869849696274
148,9,213.48782421429323
148,10,242.54981358495593
148,11,257.5156894227613
148,12,257.51568942276134
148,13,242.549813584956
148,14,213.48782421429325
148,15,172.01869849696283
148,16,120.55247128551703
148,17,62.08017263336101
148,18,3.176820244186299e-14
148,19,0.0
148,20,0.0
148,21,0.0
148,22,0.0
148,23,0.0
149,0,0.0
149,1,0.0
149,2,0.0
149,3,0.0
149,4,0.0
149,5,0.0
149,6,63.698440056176004
149,7,123.6949583106959
149,8,176.5027752010776
149,9,219.05289235825657
149,10,248.87245163644027
149,11,264.22844864006856
149,12,264.22844864006856
149,13,248.87245163644033
149,14,219.0528923582566
149,15,176.5027752010777
149,16,123.69495831069592
149,17,63.69844005617609
149,18,3.259631623266509e-14
149,19,0.0
149,20,0.0
149,21,0.0
149,22,0.0
149,23,0.0
150,0,0.0
150,1,0.0
150,2,0.0
150,3,0.0
150,4,0.0
150,5,0.0
150,6,65.32797087485548
150,7,126.85931753997671
150,8,181.01806178453177
150,9,224.6566942520527
150,10,255.23909624350196
150,11,270.987929717645
150,12,270.98792971764505
150,13,255.23909624350205
150,14,224.65669425205272
150,15,181.01806178453188
150,16,126.85931753997674
150,17,65.32797087485557
150,18,3.343019382573811e-14
150,19,0.0
150,20,0.0
150,21,0.0
150,22,0.0
150,23,0.0
151,0,0.0
151,1,0.0
151,2,0.0
151,3,0.0
151,4,0.0
151,5,0.0
151,6,66.96828222424965
151,7,130.04461130542742
151,8,185.56322027046278
151,9,230.29756936824054
151,10,261.64786083194065
151,11,277.79212967536586
151,12,277.7921296753659
151,13,261.6478608319407
151,14,230.29756936824057
151,15,185.56322027046286
151,16,130.04461130542745
151,17,66.96828222424973
151,18,3.426958812515467e-14
151,19,0.0
151,20,0.0
151,21,0.0
151,22,0.0
151,23,0.0
152,0,0.0
152,1,0.0
152,2,0.0
152,3,0.0
152,4,0.0
152,5,0.0
152,6,68.61888804470478
152,7,133.24989573576087
152,8,190.1369038303184
152,9,235.97384619378286
152,10,268.0968463464959
152,11,284.6390322819367
152,12,284.6390322819367
152,13,268.09684634649597
152,14,235.9738461937829
152,15,190.13690383031852
152,16,133.2498957357609
152,17,68.61888804470486
152,18,3.5114250400268206e-14
152,19,0.0
152,20,0.0
152,21,0.0
152,22,0.0
152,23,0.0
153,0,0.0
153,1,0.0
153,2,0.0
153,3,0.0
153,4,0.0
153,5,0.0
153,6,70.27929922609339
153,7,136.47422103602486
153,8,194.73775718295207
153,9,241.6838427253526
153,10,274.5841418135798
153,11,291.52660865234736
153,12,291.52660865234736
153,13,274.58414181357983
153,14,241.68384272535263
153,15,194.73775718295215
153,16,136.47422103602491
153,17,70.27929922609349
153,18,3.596393035941736e-14
153,19,0.0
153,20,0.0
153,21,0.0
153,22,0.0
153,23,0.0
154,0,0.0
154,1,0.0
154,2,0.0
154,3,0.0
154,4,0.0
154,5,0.0
154,6,71.94902375274776
154,7,139.71663176904616
154,8,199.36441699622054
154,9,247.42586696774526
154,10,281.1078249075377
154,11,298.45281784907286
154,12,298.4528178490729
154,13,281.10782490753775
154,14,247.42586696774532
154,15,199.36441699622065
154,16,139.7166317690462
154,17,71.94902375274786
154,18,3.681837622409259e-14
154,19,0.0
154,20,0.0
154,21,0.0
154,22,0.0
154,23,0.0
155,0,0.0
155,1,0.0
155,2,0.0
155,3,0.0
155,4,0.0
155,5,0.0
155,6,73.627566849255
155,7,142.97616713854757
155,8,204.01551229096967
155,9,253.1982174352548
155,10,287.66596252027625
155,11,305.4156074868484
155,12,305.4156074868484
155,13,287.6659625202763
155,14,253.19821743525486
155,15,204.01551229096978
155,16,142.9761671385476
155,17,73.6275668492551
155,18,3.7677334803543743e-14
155,19,0.0
155,20,0.0
155,21,0.0
155,22,0.0
155,23,0.0
156,0,0.0
156,1,0.0
156,2,0.0
156,3,0.0
156,4,0.0
156,5,0.0
156,6,75.31443112706981
156,7,146.25186127385274
156,8,208.689664847285
156,9,258.9991836558605
156,10,294.256611334085
156,11,312.4129143408353
156,12,312.41291434083536
156,13,294.25661133408505
156,14,258.9991836558606
156,15,208.68966484728512
156,16,146.25186127385277
156,17,75.31443112706991
156,18,3.854055156980592e-14
156,19,0.0
156,20,0.0
156,21,0.0
156,22,0.0
156,23,0.0
157,0,0.0
157,1,0.0
157,2,0.0
157,3,0.0
157,4,0.0
157,5,0.0
157,6,77.00911673190102
157,7,149.5427435160939
157,8,213.38548961288734
157,9,264.8270466780757
157,10,300.87781839748203
157,11,319.44266495799803
157,12,319.4426649579981
157,13,300.87781839748214
157,14,264.82704667807576
157,15,213.38548961288743
157,16,149.54274351609394
157,17,77.00911673190113
157,18,3.9407770733121486e-14
157,19,0.0
157,20,0.0
157,21,0.0
157,22,0.0
157,23,0.0
158,0,0.0
158,1,0.0
158,2,0.0
158,3,0.0
158,4,0.0
158,5,0.0
158,6,78.71112149182972
158,7,152.84783870583982
158,8,218.10159511355465
158,9,270.68007958031166
158,10,307.5276217039176
158,11,326.50277627151473
158,12,326.5027762715148
158,13,307.5276217039177
158,14,270.6800795803117
158,15,218.10159511355477
158,16,152.84783870583988
158,17,78.71112149182983
158,18,4.027873531773627e-14
158,19,0.0
158,20,0.0
158,21,0.0
158,22,0.0
158,23,0.0
159,0,0.0
159,1,0.0
159,2,0.0
159,3,0.0
159,4,0.0
159,5,0.0
159,6,80.41994106611321
159,7,156.1661674720559
159,8,222.83658386544508
159,9,276.5565479826004
159,10,314.20405077315723
159,11,333.59115621803323
159,12,333.5911562180333
159,13,314.2040507731573
159,14,276.5565479826005
159,15,222.8365838654452
159,16,156.16616747205592
159,17,80.41994106611332
159,18,4.115318723804687e-14
159,19,0.0
159,20,0.0
159,21,0.0
159,22,0.0
159,23,0.0
160,0,0.0
160,1,0.0
160,2,0.0
160,3,0.0
160,4,0.0
160,5,0.0
160,6,82.13506909463229
160,7,159.49674652231323
160,8,227.58905278920201
160,9,282.45471056052986
160,10,320.90512723517855
160,11,340.70570435759566
160,12,340.7057043575957
160,13,320.9051272351786
160,14,282.45471056052986
160,15,227.58905278920213
160,16,159.49674652231326
160,17,82.1350690946324
160,18,4.203086737507708e-14
160,19,0.0
160,20,0.0
160,21,0.0
160,22,0.0
160,23,0.0
161,0,0.0
161,1,0.0
161,2,0.0
161,3,0.0
161,4,0.0
161,5,0.0
161,6,83.85599734793664
161,7,162.83858893415956
161,8,232.35759362571673
161,9,288.3728195612354
161,10,327.6288654164049
161,11,347.8443124960438
161,12,347.84431249604387
161,13,327.628865416405
161,14,288.3728195612355
161,15,232.35759362571685
161,16,162.8385889341596
161,17,83.85599734793675
161,18,4.2911515653260426e-14
161,19,0.0
161,20,0.0
161,21,0.0
161,22,0.0
161,23,0.0
162,0,0.0
162,1,0.0
162,2,0.0
162,3,0.0
162,4,0.0
162,5,0.0
162,6,85.58221587784413
162,7,166.19070444756537
162,8,237.14079335342586
162,9,294.30912132129697
162,10,334.3732729281031
162,11,355.00486530972256
162,12,355.00486530972256
162,13,334.3732729281032
162,14,294.309121321297
162,15,237.14079335342598
162,16,166.19070444756542
162,17,85.58221587784425
162,18,4.379487111750614e-14
162,19,0.0
162,20,0.0
162,21,0.0
162,22,0.0
162,23,0.0
163,0,0.0
163,1,0.0
163,2,0.0
163,3,0.0
163,4,0.0
163,5,0.0
163,6,87.31321316854948
163,7,169.55209975835942
163,8,241.93723460702006
163,9,300.26185678638706
163,10,341.136351256771
163,11,362.1852409722956
163,12,362.1852409722957
163,13,341.1363512567711
163,14,300.2618567863871
163,15,241.93723460702017
163,16,169.55209975835945
163,17,87.3132131685496
163,18,4.468067201052577e-14
163,19,0.0
163,20,0.0
163,21,0.0
163,22,0.0
163,23,0.0
164,0,0.0
164,1,0.0
164,2,0.0
164,3,0.0
164,4,0.0
164,5,0.0
164,6,89.04847628819746
164,7,172.92177881256626
164,8,246.74549609744025
164,9,306.2292620325168
164,10,347.9160963563407
164,11,369.38331178348903
164,12,369.3833117834891
164,13,347.91609635634074
164,14,306.2292620325168
164,15,246.74549609744037
164,16,172.9217788125663
164,17,89.04847628819759
164,18,4.556865585039756e-14
164,19,0.0
164,20,0.0
164,21,0.0
164,22,0.0
164,23,0.0
165,0,0.0
165,1,0.0
165,2,0.0
165,3,0.0
165,4,0.0
165,5,0.0
165,6,90.78749104087572
165,7,176.29874310155853
165,8,251.56415303303606
165,9,312.2095687887246
165,10,354.7104992420204
165,11,376.59694479957443
165,12,376.5969447995745
165,13,354.71049924202043
165,14,312.20956878872465
165,15,251.5641530330362
165,16,176.29874310155859
165,17,90.78749104087585
165,18,4.645855950834553e-14
165,19,0.0
165,20,0.0
165,21,0.0
165,22,0.0
165,23,0.0
166,0,0.0
166,1,0.0
166,2,0.0
166,3,0.0
166,4,0.0
166,5,0.0
166,6,92.52974211898196
166,7,179.68199195793648
166,8,256.3917775417623
166,9,318.201004961053
166,10,361.5175465855996
166,11,383.824002465406
166,12,383.82400246540607
166,13,361.51754658559963
166,14,318.201004961053
166,15,256.3917775417624
166,16,179.68199195793653
166,17,92.52974211898209
166,18,4.73501192867101e-14
166,19,0.0
166,20,0.0
166,21,0.0
166,22,0.0
166,23,0.0
167,0,0.0
167,1,0.0
167,2,0.0
167,3,0.0
167,4,0.0
167,5,0.0
167,6,94.27471325592094
167,7,183.07052285204756
167,8,261.22693909428835
167,9,324.2017951576584
167,10,368.33522131204245
167,11,391.06234324782486
167,12,391.0623432478249
167,13,368.33522131204256
167,14,324.20179515765847
167,15,261.22693909428847
167,16,183.07052285204762
167,17,94.27471325592107
167,18,4.824307099708752e-14
167,19,0.0
167,20,0.0
167,21,0.0
167,22,0.0
167,23,0.0
168,0,0.0
168,1,0.0
168,2,0.0
168,3,0.0
168,4,0.0
168,5,0.0
168,6,96.02188737908523
168,7,186.46333168905736
168,8,266.068204927895
168,9,330.210161214898
168,10,375.1615031971902
168,11,398.30982227024106
168,12,398.3098222702411
168,13,375.1615031971903
168,14,330.210161214898
168,15,266.0682049278951
168,16,186.4633316890574
168,17,96.02188737908536
168,18,4.913715003861454e-14
168,19,0.0
168,20,0.0
168,21,0.0
168,22,0.0
168,23,0.0
169,0,0.0
169,1,0.0
169,2,0.0
169,3,0.0
169,4,0.0
169,5,0.0
169,6,97.77074676307498
169,7,189.8594131064846
169,8,270.91414047103257
169,9,336.22432272423765
169,10,381.99436946639685
169,11,405.5642919482067
169,12,405.56429194820674
169,13,381.99436946639696
169,14,336.2243227242377
169,15,270.9141404710327
169,16,189.85941310648465
169,17,97.77074676307512
169,18,5.003209147637534e-14
169,19,0.0
169,20,0.0
169,21,0.0
169,22,0.0
169,23,0.0
170,0,0.0
170,1,0.0
170,2,0.0
170,3,0.0
170,4,0.0
170,5,0.0
170,6,99.52077318311132
170,7,193.25776077211196
170,8,275.7633097684158
170,9,342.2424975598262
170,10,388.83179539392165
170,11,412.8236026257921
170,12,412.82360262579215
170,13,388.83179539392177
170,14,342.24249755982623
170,15,275.763309768416
170,16,193.257760772112
170,17,99.52077318311144
170,18,5.092763011990751e-14
170,19,0.0
170,20,0.0
170,21,0.0
170,22,0.0
170,23,0.0
171,0,0.0
171,1,0.0
171,2,0.0
171,3,0.0
171,4,0.0
171,5,0.0
171,6,101.27144806859721
171,7,196.6573676821836
171,8,280.6142759065282
171,9,348.26290240657664
171,10,395.67175490289833
171,11,420.08560321257437
171,12,420.0856032125744
171,13,395.6717549028984
171,14,348.2629024065767
171,15,280.6142759065283
171,16,196.65736768218363
171,17,101.27144806859735
171,18,5.1823500601783616e-14
171,19,0.0
171,20,0.0
171,21,0.0
171,22,0.0
171,23,0.0
172,0,0.0
172,1,0.0
172,2,0.0
172,3,0.0
172,4,0.0
172,5,0.0
172,6,103.02225265678149
172,7,200.05722645980262
172,8,285.4656014394106
172,9,354.2837532886021
172,10,402.512221165706
172,11,427.34814182105316
172,12,427.34814182105316
172,13,402.5122211657061
172,14,354.28375328860216
172,15,285.4656014394107
172,16,200.05722645980268
172,17,103.02225265678163
172,18,5.271943745624545e-14
172,19,0.0
172,20,0.0
172,21,0.0
172,22,0.0
172,23,0.0
173,0,0.0
173,1,0.0
173,2,0.0
173,3,0.0
173,4,0.0
173,5,0.0
173,6,104.77266814647925
173,7,203.45632965343833
173,8,290.31584881460753
173,9,360.3032660978457
173,10,409.3511672045619
173,11,434.60906640430034
173,12,434.6090664043004
173,13,409.35116720456193
173,14,360.3032660978458
173,15,290.31584881460765
173,16,203.4563296534384
173,17,104.77266814647939
173,18,5.3615175197867135e-14
173,19,0.0
173,20,0.0
173,21,0.0
173,22,0.0
173,23,0.0
174,0,0.0
174,1,0.0
174,2,0.0
174,3,0.0
174,4,0.0
174,5,0.0
174,6,106.52217585180378
174,7,206.8536700354557
174,8,295.1635807991447
174,9,366.31965712275024
174,10,416.1865664921578
174,11,441.8662253936581
174,12,441.86622539365817
174,13,416.1865664921579
174,14,366.3196571227503
174,15,295.1635807991449
174,16,206.85367003545576
174,17,106.52217585180394
174,18,5.451044840022421e-14
174,19,0.0
174,20,0.0
174,21,0.0
174,22,0.0
174,23,0.0
175,0,0.0
175,1,0.0
175,2,0.0
175,3,0.0
175,4,0.0
175,5,0.0
175,6,108.27025735586454
175,7,210.24824090057896
175,8,300.00736090541255
175,9,372.3311435768107
175,10,423.016393552165
175,11,449.11746833629576
175,12,449.1174683362958
175,13,423.01639355216514
175,14,372.3311435768107
175,15,300.00736090541267
175,16,210.24824090057902
175,17,108.2702573558647
175,18,5.540499177454524e-14
175,19,0.0
175,20,0.0
175,21,0.0
175,22,0.0
175,23,0.0
176,0,0.0
176,1,0.0
176,2,0.0
176,3,0.0
176,4,0.0
176,5,0.0
176,6,110.0163946643852
176,7,213.63903636419994
176,8,304.84575381682816
176,9,378.33594412685216
176,10,429.8386245594259
176,11,456.36064653243477
176,12,456.3606465324348
176,13,429.838624559426
176,14,378.3359441268522
176,15,304.84575381682833
176,16,213.6390363642
176,17,110.01639466438536
176,18,5.629854024832259e-14
176,19,0.0
176,20,0.0
176,21,0.0
176,22,0.0
176,23,0.0
177,0,0.0
177,1,0.0
177,2,0.0
177,3,0.0
177,4,0.0
177,5,0.0
177,6,111.76007035919652
177,7,217.02505166044338
177,8,309.6773258131509
177,9,384.33227942087757
177,10,436.65123793965716
177,11,463.5936136720549
177,12,463.59361367205497
177,13,436.6512379396573
177,14,384.3322794208776
177,15,309.67732581315107
177,16,217.02505166044344
177,17,111.76007035919667
177,18,5.719082904385912e-14
177,19,0.0
177,20,0.0
177,21,0.0
177,22,0.0
177,23,0.0
178,0,0.0
178,1,0.0
178,2,0.0
178,3,0.0
178,4,0.0
178,5,0.0
178,6,113.5007677515585
178,7,220.40528343990084
178,8,314.5006451953244
178,9,390.31837261532775
178,10,443.45221496848603
178,11,470.81422647089255
178,12,470.8142264708926
178,13,443.45221496848615
178,14,390.3183726153278
178,15,314.5006451953246
178,16,220.4052834399009
178,17,113.50076775155866
178,18,5.808159375672756e-14
178,19,0.0
178,20,0.0
178,21,0.0
178,22,0.0
178,23,0.0
179,0,0.0
179,1,0.0
179,2,0.0
179,3,0.0
179,4,0.0
179,5,0.0
179,6,115.23797103526645
179,7,223.77873006694466
179,8,319.31428270971986
179,9,396.2924499015986
179,10,450.23954036964165
179,11,478.0203453055418
179,12,478.02034530554187
179,13,450.23954036964176
179,14,396.2924499015987
179,15,319.31428270972003
179,16,223.77873006694472
179,17,115.23797103526661
179,18,5.897057043411918e-14
179,19,0.0
179,20,0.0
179,21,0.0
179,22,0.0
179,23,0.0
180,0,0.0
180,1,0.0
180,2,0.0
180,3,0.0
180,4,0.0
180,5,0.0
180,6,116.97116543949558
180,7,227.14439191653443
180,8,324.1168119716552
180,9,402.2527410316594
180,10,457.01120291212555
180,11,485.2098348474715
180,12,485.20983484747154
180,13,457.01120291212567
180,14,402.25274103165947
180,15,324.11681197165535
180,16,227.1443919165345
180,17,116.97116543949575
180,18,5.985749565305883e-14
180,19,0.0
180,20,0.0
180,21,0.0
180,22,0.0
180,23,0.0
181,0,0.0
181,1,0.0
181,2,0.0
181,3,0.0
181,4,0.0
181,5,0.0
181,6,118.6998373813384
181,7,230.501271670427
181,8,328.9068098880627
181,9,408.1974798426143
181,10,463.76519600618144
181,11,492.3805646957679
181,12,492.38056469576793
181,13,463.76519600618155
181,14,408.19747984261437
181,15,328.90680988806287
181,16,230.50127167042706
181,17,118.69983738133855
181,18,6.074210659846266e-14
181,19,0.0
181,20,0.0
181,21,0.0
181,22,0.0
181,23,0.0
182,0,0.0
182,1,0.0
182,2,0.0
182,3,0.0
182,4,0.0
182,5,0.0
182,6,120.42347461799078
182,7,233.848374612704
182,8,333.6828570791833
182,9,414.1249047800558
182,10,470.4995182978927
182,11,499.53041000842023
182,12,499.5304100084203
182,13,470.4995182978928
182,14,414.12490478005583
182,15,333.68285707918346
182,16,233.84837461270405
182,17,120.42347461799095
182,18,6.162414114101613e-14
182,19,0.0
182,20,0.0
182,21,0.0
182,22,0.0
182,23,0.0
183,0,0.0
183,1,0.0
183,2,0.0
183,3,0.0
183,4,0.0
183,5,0.0
183,6,122.1415663985404
183,7,237.18470892452723
183,8,338.4435382991588
183,9,420.0332594200507
183,10,477.2121742622258
183,11,506.6572521319561
183,12,506.65725213195617
183,13,477.2121742622259
183,14,420.03325942005074
183,15,338.44353829915894
183,16,237.18470892452729
183,17,122.14156639854058
183,18,6.25033379148484e-14
183,19,0.0
183,20,0.0
183,21,0.0
183,22,0.0
183,23,0.0
184,0,0.0
184,1,0.0
184,2,0.0
184,3,0.0
184,4,0.0
184,5,0.0
184,6,123.85360361531316
184,7,240.50928597803596
184,8,343.1874428553995
184,9,425.92079298960607
184,10,483.9011747943472
184,11,513.7589792292442
184,12,513.7589792292442
184,13,483.9011747943473
184,14,425.9207929896061
184,15,343.1874428553997
184,16,240.50928597803602
184,17,123.85360361531333
184,18,6.337943639498073e-14
184,19,0.0
184,20,0.0
184,21,0.0
184,22,0.0
184,23,0.0
185,0,0.0
185,1,0.0
185,2,0.0
185,3,0.0
185,4,0.0
185,5,0.0
185,6,125.55907895473301
185,7,243.8211206292992
185,8,347.91316502660385
185,9,431.78576088546237
185,10,490.56453779903904
185,11,520.833486905278
185,12,520.8334869052782
185,13,490.56453779903916
185,14,431.7857608854624
185,15,347.913165026604
185,16,243.82112062929926
185,17,125.55907895473318
185,18,6.425217697452576e-14
185,19,0.0
185,20,0.0
185,21,0.0
185,22,0.0
185,23,0.0
186,0,0.0
186,1,0.0
186,2,0.0
186,3,0.0
186,4,0.0
186,5,0.0
186,6,127.25748704764966
186,7,247.11923151023444
186,8,352.61930447930297
186,9,437.6264251910554
186,10,497.2002887780359
186,11,527.8786788307527
186,12,527.8786788307528
186,13,497.200288778036
186,14,437.62642519105543
186,15,352.61930447930314
186,16,247.1192315102345
186,17,127.25748704764985
186,18,6.512130104161445e-14
186,19,0.0
186,20,0.0
186,21,0.0
186,22,0.0
186,23,0.0
187,0,0.0
187,1,0.0
187,2,0.0
187,3,0.0
187,4,0.0
187,5,0.0
187,6,128.94832461909058
187,7,250.40264131940862
187,8,357.3044666828103
187,9,443.4410551914997
187,10,503.80646141511136
187,11,534.8924673632532
187,12,534.8924673632532
187,13,503.8064614151115
187,14,443.44105519149974
187,15,357.30446668281047
187,16,250.40264131940867
187,17,128.94832461909076
187,18,6.598655105602851e-14
187,19,0.0
187,20,0.0
187,21,0.0
187,22,0.0
187,23,0.0
188,0,0.0
188,1,0.0
188,2,0.0
188,3,0.0
188,4,0.0
188,5,0.0
188,6,130.63109063739205
188,7,253.67037711163348
188,8,361.9672633224508
188,9,449.227927886436
188,10,510.3810981587403
188,11,541.8727741658672
188,12,541.8727741658672
188,13,510.38109815874043
188,14,449.2279278864361
188,15,361.96726332245095
188,16,253.67037711163354
188,17,130.63109063739225
188,18,6.684767062551504e-14
188,19,0.0
188,20,0.0
188,21,0.0
188,22,0.0
188,23,0.0
189,0,0.0
189,1,0.0
189,2,0.0
189,3,0.0
189,4,0.0
189,5,0.0
189,6,132.30528646266575
189,7,256.92147058627023
189,8,366.60631271094854
189,9,454.9853285005938
189,10,516.922250802163
189,11,548.8175308230416
189,12,548.8175308230416
189,13,516.9222508021631
189,14,454.9853285005939
189,15,366.60631271094877
189,16,256.9214705862703
189,17,132.30528646266595
189,18,6.770440458176108e-14
189,19,0.0
189,20,0.0
189,21,0.0
189,22,0.0
189,23,0.0
190,0,0.0
190,1,0.0
190,2,0.0
190,3,0.0
190,4,0.0
190,5,0.0
190,6,133.97041599455665
190,7,260.15495837415807
190,8,371.22024019785124
190,9,460.7115509919166
190,10,523.4279810606821
190,11,555.724679453499
190,12,555.7246794534991
190,13,523.4279810606822
190,14,460.7115509919167
190,15,371.2202401978514
190,16,260.1549583741581
190,17,133.97041599455684
190,18,6.855649905600563e-14
190,19,0.0
190,20,0.0
190,21,0.0
190,22,0.0
190,23,0.0
191,0,0.0
191,1,0.0
191,2,0.0
191,3,0.0
191,4,0.0
191,5,0.0
191,6,135.6259858192479
191,7,263.36988232308096
191,8,375.8076785768675
191,9,466.4048985570978
191,10,529.8963611460163
191,11,562.5921733200315
191,12,562.5921733200316
191,13,529.8963611460164
191,14,466.40489855709785
191,15,375.80767857686766
191,16,263.369882323081
191,17,135.6259858192481
191,18,6.940370155426621e-14
191,19,0.0
191,20,0.0
191,21,0.0
191,22,0.0
191,23,0.0
192,0,0.0
192,1,0.0
192,2,0.0
192,3,0.0
192,4,0.0
192,5,0.0
192,6,137.2715053556704
192,7,266.5652897816892
192,8,380.36726849100074
192,9,472.0636841343816
192,10,536.3254743375476
192,11,569.4179774359941
192,12,569.4179774359942
192,13,536.3254743375477
192,14,472.0636841343817
192,15,380.3672684910009
192,16,266.56528978168933
192,17,137.2715053556706
192,18,7.024576103215849e-14
192,19,0.0
192,20,0.0
192,21,0.0
192,22,0.0
192,23,0.0
193,0,0.0
193,1,0.0
193,2,0.0
193,3,0.0
193,4,0.0
193,5,0.0
193,6,138.9064870008722
193,7,269.74023388179023
193,8,384.89765883535523
193,9,477.6862309034746
193,10,542.7134155502854
193,11,576.2000691683139
193,12,576.200069168314
193,13,542.7134155502855
193,14,477.68623090347467
193,15,384.8976588353554
193,16,269.7402338817903
193,17,138.9064870008724
193,18,7.1082427969286e-14
193,19,0.0
193,20,0.0
193,21,0.0
193,22,0.0
193,23,0.0
194,0,0.0
194,1,0.0
194,2,0.0
194,3,0.0
194,4,0.0
194,5,0.0
194,6,140.53044627450615
194,7,272.89377381892626
194,8,389.3975071574983
194,9,483.27087278242493
194,10,549.0582918993856
194,11,582.9364388368415
194,12,582.9364388368416
194,13,549.0582918993857
194,14,483.270872782425
194,15,389.3975071574985
194,16,272.8937738189263
194,17,140.53044627450635
194,18,7.191345444317856e-14
194,19,0.0
194,20,0.0
194,21,0.0
194,22,0.0
194,23,0.0
195,0,0.0
195,1,0.0
195,2,0.0
195,3,0.0
195,4,0.0
195,5,0.0
195,6,142.14290196239148
195,7,276.024975131155
195,8,393.86548005525736
195,9,488.8159549213172
195,10,555.3582232610522
195,11,589.6250903098612
195,12,589.6250903098612
195,13,555.3582232610523
195,14,488.81595492131726
195,15,393.86548005525754
195,16,276.02497513115503
195,17,142.14290196239168
195,18,7.273859420275692e-14
195,19,0.0
195,20,0.0
195,21,0.0
195,22,0.0
195,23,0.0
196,0,0.0
196,1,0.0
196,2,0.0
196,3,0.0
196,4,0.0
196,5,0.0
196,6,143.7433762591082
196,7,279.1329099759506
196,8,398.3002535718359
196,9,494.319834192641
196,10,561.611342829659
196,11,596.2640415955884
196,12,596.2640415955885
196,13,561.6113428296592
196,14,494.3198341926411
196,15,398.30025357183615
196,16,279.1329099759507
196,17,143.7433762591084
196,18,7.355760274130233e-14
196,19,0.0
196,20,0.0
196,21,0.0
196,22,0.0
196,23,0.0
197,0,0.0
197,1,0.0
197,2,0.0
197,3,0.0
197,4,0.0
197,5,0.0
197,6,145.33139490958126
197,7,282.2166574051442
197,8,402.70051358813106
197,9,499.78087967818504
197,10,567.8157976709248
197,11,602.8513254294774
197,12,602.8513254294774
197,13,567.8157976709249
197,14,499.78087967818516
197,15,402.7005135881313
197,16,282.21665740514425
197,17,145.33139490958146
197,18,7.437023736890922e-14
197,19,0.0
197,20,0.0
197,21,0.0
197,22,0.0
197,23,0.0
198,0,0.0
198,1,0.0
198,2,0.0
198,3,0.0
198,4,0.0
198,5,0.0
198,6,146.90648734961215
198,7,285.2753036378194
198,8,407.06495621213423
198,9,505.1974731523126
198,10,573.9697492709765
198,11,609.3849898571623
198,12,609.3849898571623
198,13,573.9697492709766
198,14,505.1974731523127
198,15,407.06495621213446
198,16,285.2753036378195
198,17,146.90648734961235
198,18,7.517625728439926e-14
198,19,0.0
198,20,0.0
198,21,0.0
198,22,0.0
198,23,0.0
199,0,0.0
199,1,0.0
199,2,0.0
199,3,0.0
199,4,0.0
199,5,0.0
199,6,148.46818684531763
199,7,288.30794233108674
199,8,411.3922881653038
199,9,510.5680095614778
199,10,580.0713740811424
199,11,615.8630988128656
199,12,615.8630988128656
199,13,580.0713740811425
199,14,510.5680095614779
199,15,411.392288165304
199,16,288.3079423310868
199,17,148.46818684531786
199,18,7.59754236466762e-14
199,19,0.0
199,20,0.0
199,21,0.0
199,22,0.0
199,23,0.0
200,0,0.0
200,1,0.0
200,2,0.0
200,3,0.0
200,4,0.0
200,5,0.0
200,6,150.01603063143293
200,7,291.3136748486515
200,8,415.68122716579035
200,9,515.8908974998368
200,10,586.1188640583068
200,11,622.2837326930944
200,12,622.2837326930944
200,13,586.1188640583069
200,14,515.8908974998369
200,15,415.6812271657906
200,16,291.31367484865154
200,17,150.01603063143313
200,18,7.676749964549946e-14
200,19,0.0
200,20,0.0
200,21,0.0
200,22,0.0
200,23,0.0
201,0,0.0
201,1,0.0
201,2,0.0
201,3,0.0
201,4,0.0
201,5,0.0
201,6,151.549560048439
201,7,294.29161052709986
201,8,419.9305023084054
201,9,521.1645596808164
201,10,592.1104272006745
201,11,628.6449889254617
201,12,628.6449889254618
201,13,592.1104272006747
201,14,521.1645596808165
201,15,419.9305023084056
201,16,294.2916105270999
201,17,151.5495600484392
201,18,7.755225057165622e-14
201,19,0.0
201,20,0.0
201,21,0.0
201,22,0.0
201,23,0.0
202,0,0.0
202,1,0.0
202,2,0.0
202,3,0.0
202,4,0.0
202,5,0.0
202,6,153.0683206784733
202,7,297.24086693982116
202,8,424.1388544412172
202,9,526.3874334044973
202,10,598.0442880787776
202,11,634.9449825324584
202,12,634.9449825324585
202,13,598.0442880787779
202,14,526.3874334044974
202,15,424.1388544412174
202,16,297.2408669398212
202,17,153.0683206784735
202,18,7.832944388651071e-14
202,19,0.0
202,20,0.0
202,21,0.0
202,22,0.0
202,23,0.0
203,0,0.0
203,1,0.0
203,2,0.0
203,3,0.0
203,4,0.0
203,5,0.0
203,6,154.5718624799836
203,7,300.16057015849003
203,8,428.30503653866504
203,9,531.5579710206762
203,10,603.9186883615749
203,11,641.1818466900139
203,12,641.181846690014
203,13,603.918688361575
203,14,531.5579710206763
203,15,428.30503653866526
203,16,300.16057015849015
203,17,154.57186247998382
203,18,7.909884929091054e-14
203,19,0.0
203,20,0.0
203,21,0.0
203,22,0.0
203,23,0.0
204,0,0.0
204,1,0.0
204,2,0.0
204,3,0.0
204,4,0.0
204,5,0.0
204,6,156.05973992108503
204,7,303.0498550120305
204,8,432.4278140710799
204,9,536.6746403874681
204,10,609.7318873374824
204,11,647.3537332806757
204,12,647.3537332806758
204,13,609.7318873374825
204,14,536.6746403874682
204,15,432.42781407108015
204,16,303.0498550120306
204,17,156.05973992108522
204,18,7.986023879342926e-14
204,19,0.0
204,20,0.0
204,21,0.0
204,22,0.0
204,23,0.0
205,0,0.0
205,1,0.0
205,2,0.0
205,3,0.0
205,4,0.0
205,5,0.0
205,6,157.53151211158078
205,7,305.9078653429847
205,8,436.5059653705023
205,9,541.7359253253131
205,10,615.4821624301845
205,11,653.4588134412469
205,12,653.4588134412469
205,13,615.4821624301846
205,14,541.7359253253131
205,15,436.5059653705025
205,16,305.90786534298473
205,17,157.531512111581
205,18,8.061338677792517e-14
205,19,0.0
205,20,0.0
205,21,0.0
205,22,0.0
205,23,0.0
206,0,0.0
206,1,0.0
206,2,0.0
206,3,0.0
206,4,0.0
206,5,0.0
206,6,158.98674293360736
206,7,308.7337542612105
206,8,440.5382819926883
206,9,546.7403260662525
206,10,621.1678097090704
206,11,659.4952781047173
206,12,659.4952781047174
206,13,621.1678097090705
206,14,546.7403260662526
206,15,440.53828199268855
206,16,308.73375426121055
206,17,158.9867429336076
206,18,8.135807007039618e-14
206,19,0.0
206,20,0.0
206,21,0.0
206,22,0.0
206,23,0.0
207,0,0.0
207,1,0.0
207,2,0.0
207,3,0.0
207,4,0.0
207,5,0.0
207,6,160.42500117086578
207,7,311.5266843948338
207,8,444.52356907519834
207,9,551.6863596983429
207,10,626.7871443941448
207,11,665.4613385363298
207,12,665.4613385363298
207,13,626.787144394145
207,14,551.6863596983429
207,15,444.52356907519857
207,16,311.52668439483386
207,17,160.42500117086598
207,18,8.209406800511113e-14
207,19,0.0
207,20,0.0
207,21,0.0
207,22,0.0
207,23,0.0
208,0,0.0
208,1,0.0
208,2,0.0
208,3,0.0
208,4,0.0
208,5,0.0
208,6,161.8458606364001
208,7,314.2858281383796
208,8,448.4606456914602
208,9,556.5725606050748
208,10,632.3385013552653
208,11,671.3552268636199
208,12,671.3552268636199
208,13,632.3385013552654
208,14,556.5725606050748
208,15,448.4606456914604
208,16,314.28582813837966
208,17,161.84586063640032
208,18,8.282116248999783e-14
208,19,0.0
208,20,0.0
208,21,0.0
208,22,0.0
208,23,0.0
209,0,0.0
209,1,0.0
209,2,0.0
209,3,0.0
209,4,0.0
209,5,0.0
209,6,163.24890029888607
209,7,317.0103678980096
209,8,452.34834520070353
209,9,561.397480899667
209,10,637.8202356055564
209,11,677.1751966002762
209,12,677.1751966002763
209,13,637.8202356055565
209,14,561.3974808996671
209,15,452.34834520070376
209,16,317.01036789800963
209,17,163.2489002988863
209,18,8.353913807126847e-14
209,19,0.0
209,20,0.0
209,21,0.0
209,22,0.0
209,23,0.0
210,0,0.0
210,1,0.0
210,2,0.0
210,3,0.0
210,4,0.0
210,5,0.0
210,6,164.63370440739166
210,7,319.6994963337925
210,8,456.1855155936602
210,9,566.1596908541059
210,10,643.230722788854
210,11,682.9195231636603
210,12,682.9195231636604
210,13,643.2307227888542
210,14,566.1596908541059
210,15,456.18551559366045
210,16,319.6994963337926
210,17,164.6337044073919
210,18,8.424778199726308e-14
210,19,0.0
210,20,0.0
210,21,0.0
210,22,0.0
210,23,0.0
211,0,0.0
211,1,0.0
211,2,0.0
211,3,0.0
211,4,0.0
211,5,0.0
211,6,165.99986261457295
211,7,322.3524165989367
211,8,459.97101983393003
211,9,570.8577793228047
211,10,648.5683596610381
211,11,688.5865043858388
211,12,688.5865043858388
211,13,648.5683596610382
211,14,570.8577793228048
211,15,459.97101983393026
211,16,322.3524165989368
211,17,165.99986261457317
211,18,8.494688428149264e-14
211,19,0.0
211,20,0.0
211,21,0.0
211,22,0.0
211,23,0.0
212,0,0.0
212,1,0.0
212,2,0.0
212,3,0.0
212,4,0.0
212,5,0.0
212,6,167.34697009826905
212,7,324.968342575913
212,8,463.7037361949087
212,9,575.4903541607576
212,10,653.8315645651078
212,11,694.174461017972
212,12,694.1744610179721
212,13,653.8315645651079
212,14,575.4903541607576
212,15,463.7037361949089
212,16,324.96834257591314
212,17,167.3469700982693
212,18,8.563623776486246e-14
212,19,0.0
212,20,0.0
212,21,0.0
212,22,0.0
212,23,0.0
213,0,0.0
213,1,0.0
213,2,0.0
213,3,0.0
213,4,0.0
213,5,0.0
213,6,168.67462768145958
213,7,327.546499109398
213,8,467.38255859217963
213,9,580.0560426360605
213,10,659.0187778998603
213,11,699.6817372279118
213,12,699.6817372279119
213,13,659.0187778998604
213,14,580.0560426360605
213,15,467.38255859217986
213,16,327.54649910939804
213,17,168.6746276814598
213,18,8.631563817705792e-14
213,19,0.0
213,20,0.0
213,21,0.0
213,22,0.0
213,23,0.0
214,0,0.0
214,1,0.0
214,2,0.0
214,3,0.0
214,4,0.0
214,5,0.0
214,6,169.98244195054946
214,7,330.0861222359697
214,8,471.00639691127134
214,9,584.5534918366828
214,10,664.1284625820358
214,11,705.1067010908606
214,12,705.1067010908607
214,13,664.128462582036
214,14,584.553491836683
214,15,471.00639691127157
214,16,330.0861222359698
214,17,169.9824419505497
214,18,8.698488419707427e-14
214,19,0.0
214,20,0.0
214,21,0.0
214,22,0.0
214,23,0.0
215,0,0.0
215,1,0.0
215,2,0.0
215,3,0.0
215,4,0.0
215,5,0.0
215,6,171.27002537194582
215,7,332.58645941048616
215,8,474.5741773306808
215,9,588.9813690713635
215,10,669.1591045017868
215,11,710.4477450729454
215,12,710.4477450729455
215,13,669.159104501787
215,14,588.9813690713636
215,15,474.57417733068104
215,16,332.58645941048627
215,17,171.27002537194605
215,18,8.764377751287225e-14
215,19,0.0
215,20,0.0
215,21,0.0
215,22,0.0
215,23,0.0
216,0,0.0
216,1,0.0
216,2,0.0
216,3,0.0
216,4,0.0
216,5,0.0
216,6,172.53699640689257
216,7,335.0467697290809
216,8,478.0848426400709
216,9,593.3383622645164
216,10,674.1092129713425
216,11,715.7032865075653
216,12,715.7032865075654
216,13,674.1092129713426
216,14,593.3383622645165
216,15,478.08484264007114
216,16,335.04676972908095
216,17,172.5369964068928
216,18,8.82921228801423e-14
216,19,0.0
216,20,0.0
216,21,0.0
216,22,0.0
216,23,0.0
217,0,0.0
217,1,0.0
217,2,0.0
217,3,0.0
217,4,0.0
217,5,0.0
217,6,173.7829796245285
217,7,337.4663241487085
217,8,481.53735255354394
217,9,597.6231803450266
217,10,678.9773211667307
217,11,720.8717680643689
217,12,720.871768064369
217,13,678.9773211667309
217,14,597.6231803450268
217,15,481.53735255354417
217,16,337.46632414870857
217,17,173.78297962452876
217,18,8.892972818015965e-14
217,19,0.0
217,20,0.0
217,21,0.0
217,22,0.0
217,23,0.0
218,0,0.0
218,1,0.0
218,2,0.0
218,3,0.0
218,4,0.0
218,5,0.0
218,6,175.0076058131358
218,7,339.8444057031763
218,8,484.9306840179013
218,9,601.8345536288232
218,10,683.7619865624312
218,11,725.9516582107262
218,12,725.9516582107264
218,13,683.7619865624313
218,14,601.8345536288233
218,15,484.9306840179015
218,16,339.8444057031764
218,17,175.00760581313605
218,18,8.955640447671325e-14
218,19,0.0
218,20,0.0
218,21,0.0
218,22,0.0
218,23,0.0
219,0,0.0
219,1,0.0
219,2,0.0
219,3,0.0
219,4,0.0
219,5,0.0
219,6,176.21051208954518
219,7,342.18030971559654
219,8,488.2638315157962
219,9,605.9712341951132
219,10,688.4617913588257
219,11,730.9414516655542
219,12,730.9414516655543
219,13,688.4617913588258
219,14,605.9712341951133
219,15,488.2638315157964
219,16,342.18030971559665
219,17,176.21051208954543
219,18,9.017196607209171e-14
219,19,0.0
219,20,0.0
219,21,0.0
219,22,0.0
219,23,0.0
220,0,0.0
220,1,0.0
220,2,0.0
220,3,0.0
220,4,0.0
220,5,0.0
220,6,177.39134200666606
220,7,344.47334400719734
220,8,491.53580736368957
220,9,610.031996256168
220,10,693.0753429023227
220,11,735.8396698453631
220,12,735.8396698453631
220,13,693.075342902323
220,14,610.0319962561681
220,15,491.53580736368986
220,16,344.47334400719745
220,17,177.39134200666632
220,18,9.077623056210934e-14
220,19,0.0
220,20,0.0
220,21,0.0
220,22,0.0
220,23,0.0
221,0,0.0
221,1,0.0
221,2,0.0
221,3,0.0
221,4,0.0
221,5,0.0
221,6,178.54974565910965
221,7,346.72282910243047
221,8,494.7456420045229
221,9,614.0156365205505
221,10,697.6012740980317
221,11,740.6448613023944
221,12,740.6448613023945
221,13,697.6012740980319
221,14,614.0156365205505
221,15,494.7456420045232
221,16,346.7228291024306
221,17,178.5497456591099
221,18,9.13690188901567e-14
221,19,0.0
221,20,0.0
221,21,0.0
221,22,0.0
221,23,0.0
222,0,0.0
222,1,0.0
222,2,0.0
222,3,0.0
222,4,0.0
222,5,0.0
222,6,179.68537978687326
222,7,348.92809843031415
222,8,497.89238429501796
222,9,617.9209745496761
222,10,702.0382438148613
222,11,745.3556021547146
222,12,745.3556021547147
222,13,702.0382438148615
222,14,617.9209745496762
222,15,497.8923842950182
222,16,348.92809843031426
222,17,179.6853797868735
222,18,9.195015540025873e-14
222,19,0.0
222,20,0.0
222,21,0.0
222,22,0.0
222,23,0.0
223,0,0.0
223,1,0.0
223,2,0.0
223,3,0.0
223,4,0.0
223,5,0.0
223,6,180.79790787705596
223,7,351.08849852195317
223,8,500.9751017875221
223,9,621.7468531076032
223,10,706.3849372829274
223,11,749.9704965081434
223,12,749.9704965081435
223,13,706.3849372829275
223,14,621.7468531076032
223,15,500.9751017875223
223,16,351.0884985219533
223,17,180.7979078770562
223,18,9.251946788912558e-14
223,19,0.0
223,20,0.0
223,21,0.0
223,22,0.0
223,23,0.0
224,0,0.0
224,1,0.0
224,2,0.0
224,3,0.0
224,4,0.0
224,5,0.0
224,6,181.88700026357415
224,7,353.2033892041749
224,8,503.99288100631145
224,9,625.4921385039453
224,10,710.6400664831452
224,11,754.4881768698858
224,12,754.4881768698859
224,13,710.6400664831455
224,14,625.4921385039454
224,15,503.9928810063117
224,16,353.203389204175
224,17,181.8870002635744
224,18,9.307678765717999e-14
224,19,0.0
224,20,0.0
224,21,0.0
224,22,0.0
224,23,0.0
225,0,0.0
225,1,0.0
225,2,0.0
225,3,0.0
225,4,0.0
225,5,0.0
225,6,182.95233422484924
225,7,355.27214378922713
225,8,506.94482771827455
225,9,629.1557209298097
225,10,714.8023705289
225,11,758.9073045537513
225,12,758.9073045537514
225,13,714.8023705289002
225,14,629.1557209298097
225,15,506.9448277182748
225,16,355.27214378922724
225,17,182.9523342248495
225,18,9.362194955854672e-14
225,19,0.0
225,20,0.0
225,21,0.0
225,22,0.0
225,23,0.0
226,0,0.0
226,1,0.0
226,2,0.0
226,3,0.0
226,4,0.0
226,5,0.0
226,6,183.99359407943678
226,7,357.2941492604792
226,8,509.83006719789273
226,9,632.7365147866575
226,10,718.8706160396735
226,11,763.226570076835
226,12,763.2265700768351
226,13,718.8706160396736
226,14,632.7365147866575
226,15,509.830067197893
226,16,357.2941492604793
226,17,183.99359407943703
226,18,9.415479204998892e-14
226,19,0.0
226,20,0.0
226,21,0.0
226,22,0.0
226,23,0.0
227,0,0.0
227,1,0.0
227,2,0.0
227,3,0.0
227,4,0.0
227,5,0.0
227,6,185.01047127956954
227,7,359.26880645407124
227,8,512.6477444864394
227,9,636.2334590079885
227,10,722.8435975065203
227,11,767.4446935475444
227,12,767.4446935475445
227,13,722.8435975065204
227,14,636.2334590079886
227,15,512.6477444864396
227,16,359.26880645407135
227,17,185.0104712795698
227,18,9.467515723877664e-14
227,19,0.0
227,20,0.0
227,21,0.0
227,22,0.0
227,23,0.0
228,0,0.0
228,1,0.0
228,2,0.0
228,3,0.0
228,4,0.0
228,5,0.0
228,6,186.00266450258712
228,7,361.19553023646023
228,8,515.3970246453233
228,9,639.6455173737598
228,10,726.7201376492878
228,11,771.5604250448607
228,12,771.5604250448608
228,13,726.7201376492881
228,14,639.64551737376
228,15,515.3970246453235
228,16,361.1955302364603
228,17,186.00266450258738
228,18,9.518289092947401e-14
228,19,0.0
228,20,0.0
228,21,0.0
228,22,0.0
228,23,0.0
229,0,0.0
229,1,0.0
229,2,0.0
229,3,0.0
229,4,0.0
229,5,0.0
229,6,186.9698797402243
229,7,363.0737496778074
229,8,518.0770930034994
229,9,642.9716788174396
229,10,730.4990877654697
229,11,775.5725449887169
229,12,775.5725449887169
229,13,730.4990877654699
229,14,642.9716788174397
229,15,518.0770930034996
229,16,363.07374967780754
229,17,186.96987974022454
229,18,9.567784266963074e-14
229,19,0.0
229,20,0.0
229,21,0.0
229,22,0.0
229,23,0.0
230,0,0.0
230,1,0.0
230,2,0.0
230,3,0.0
230,4,0.0
230,5,0.0
230,6,187.91183038573186
230,7,364.90290822115696
230,8,520.6871553988722
230,9,646.2109577256074
230,10,734.1793280705895
230,11,779.4798645013843
230,12,779.4798645013844
230,13,734.1793280705896
230,14,646.2109577256075
230,15,520.6871553988724
230,16,364.902908221157
230,17,187.91183038573212
230,18,9.615986579436425e-14
230,19,0.0
230,20,0.0
230,21,0.0
230,22,0.0
230,23,0.0
231,0,0.0
231,1,0.0
231,2,0.0
231,3,0.0
231,4,0.0
231,5,0.0
231,6,188.8282373188047
231,7,366.68246384735613
231,8,523.2264384136245
231,9,649.3623942300136
231,10,737.7597680300191
231,11,783.2812257597651
231,12,783.2812257597652
231,13,737.7597680300194
231,14,649.3623942300137
231,15,523.2264384136247
231,16,366.6824638473562
231,17,188.82823731880495
231,18,9.66288174698198e-14
231,19,0.0
231,20,0.0
231,21,0.0
231,22,0.0
231,23,0.0
232,0,0.0
232,1,0.0
232,2,0.0
232,3,0.0
232,4,0.0
232,5,0.0
232,6,189.7188289882908
232,7,368.41188923566676
232,8,525.6941896033966
232,9,652.4250544920083
232,10,741.2393466821262
232,11,786.9755023384781
232,12,786.9755023384781
232,13,741.2393466821264
232,14,652.4250544920084
232,15,525.6941896033968
232,16,368.4118892356669
232,17,189.71882898829105
232,18,9.708455873549514e-14
232,19,0.0
232,20,0.0
232,21,0.0
232,22,0.0
232,23,0.0
233,0,0.0
233,1,0.0
233,2,0.0
233,3,0.0
233,4,0.0
233,5,0.0
233,6,190.58334149265798
233,7,370.09067192002243
233,8,528.0896777202527
233,9,655.3980309792582
233,10,744.6170329526609
233,11,790.561599543644
233,12,790.5615995436441
233,13,744.6170329526611
233,14,655.3980309792584
233,15,528.0896777202529
233,16,370.0906719200225
233,17,190.58334149265823
233,18,9.752695454541754e-14
233,19,0.0
233,20,0.0
233,21,0.0
233,22,0.0
233,23,0.0
234,0,0.0
234,1,0.0
234,2,0.0
234,3,0.0
234,4,0.0
234,5,0.0
234,6,191.4215186581935
234,7,371.7183144408826
234,8,530.4121929293649
234,9,658.2804427346682
234,10,747.8918259602847
234,11,794.0384547372666
234,12,794.0384547372668
234,13,747.8918259602848
234,14,658.2804427346683
234,15,530.4121929293651
234,16,371.71831444088264
234,17,191.42151865819375
234,18,9.795587380816086e-14
234,19,0.0
234,20,0.0
234,21,0.0
234,22,0.0
234,23,0.0
235,0,0.0
235,1,0.0
235,2,0.0
235,3,0.0
235,4,0.0
235,5,0.0
235,6,192.23311211491375
235,7,373.2943344926407
235,8,532.6610470193525
235,9,661.0714356374273
235,10,751.0627553131532
235,11,797.4050376521152
235,12,797.4050376521153
235,13,751.0627553131534
235,14,661.0714356374273
235,15,532.6610470193527
235,16,373.29433449264076
235,17,192.233112114914
235,18,9.837118942569066e-14
235,19,0.0
235,20,0.0
235,21,0.0
235,22,0.0
235,23,0.0
236,0,0.0
236,1,0.0
236,2,0.0
236,3,0.0
236,4,0.0
236,5,0.0
236,6,193.01788137016203
236,7,374.8182650665424
236,8,534.8355736062148
236,9,663.7701826561041
236,10,754.1288813964654
236,11,800.6603506970156
236,12,800.6603506970157
236,13,754.1288813964657
236,14,663.7701826561042
236,15,534.835573606215
236,16,374.8182650665425
236,17,193.0178813701623
236,18,9.877277833102628e-14
236,19,0.0
236,20,0.0
236,21,0.0
236,22,0.0
236,23,0.0
237,0,0.0
237,1,0.0
237,2,0.0
237,3,0.0
237,4,0.0
237,5,0.0
237,6,193.77559387987125
237,7,376.2896545890694
237,8,536.9351283307935
237,9,666.3758840937132
237,10,757.0892956508903
237,11,803.803429252457
237,12,803.8034292524571
237,13,757.0892956508904
237,14,666.3758840937132
237,15,536.9351283307939
237,16,376.2896545890695
237,17,193.7755938798715
237,18,9.916052152470803e-14
237,19,0.0
237,20,0.0
237,21,0.0
237,22,0.0
237,23,0.0
238,0,0.0
238,1,0.0
238,2,0.0
238,3,0.0
238,4,0.0
238,5,0.0
238,6,194.506025117472
238,7,377.70806705575114
238,8,538.9590890497122
238,9,668.8877678246831
238,10,759.9431208417933
238,11,806.8333419564304
238,12,806.8333419564306
238,13,759.9431208417935
238,14,668.8877678246832
238,15,538.9590890497125
238,16,377.7080670557512
238,17,194.5060251174723
238,18,9.953430411005948e-14
238,19,0.0
238,20,0.0
238,21,0.0
238,22,0.0
238,23,0.0
239,0,0.0
239,1,0.0
239,2,0.0
239,3,0.0
239,4,0.0
239,5,0.0
239,6,195.2089586404245
239,7,379.07308216036154
239,8,540.9068560197286
239,9,671.3050895236529
239,10,762.6895113191794
239,11,809.7491909804103
239,12,809.7491909804103
239,13,762.6895113191796
239,14,671.305089523653
239,15,540.9068560197288
239,16,379.0730821603616
239,17,195.20895864042478
239,18,9.989401532723362e-14
239,19,0.0
239,20,0.0
239,21,0.0
239,22,0.0
239,23,0.0
240,0,0.0
240,1,0.0
240,2,0.0
240,3,0.0
240,4,0.0
240,5,0.0
240,6,195.88418615435546
240,7,380.3842954194659
240,8,542.7778520754536
240,9,673.6271328860337
240,10,765.3276532682786
240,11,812.550112295402
240,12,812.5501122954021
240,13,765.3276532682787
240,14,673.6271328860338
240,15,542.7778520754538
240,16,380.384295419466
240,17,195.88418615435575
240,18,1.0023954858603366e-13
240,19,0.0
240,20,0.0
240,21,0.0
240,22,0.0
240,23,0.0
241,0,0.0
241,1,0.0
241,2,0.0
241,3,0.0
241,4,0.0
241,5,0.0
241,6,196.53150757477997
241,7,381.64131829227745
241,8,544.5715228003766
241,9,675.8532098402634
241,10,767.8567649506957
241,11,815.2352759279714
241,12,815.2352759279715
241,13,767.856764950696
241,14,675.8532098402635
241,15,544.5715228003768
241,16,381.64131829227756
241,17,196.53150757478022
241,18,1.0057080149749784e-13
241,19,0.0
241,20,0.0
241,21,0.0
241,22,0.0
241,23,0.0
242,0,0.0
242,1,0.0
242,2,0.0
242,3,0.0
242,4,0.0
242,5,0.0
242,6,197.15073108639064
242,7,382.8437782957899
242,8,546.2873366911508
242,9,677.9826607516975
242,10,770.2760969360562
242,11,817.803886206183
242,12,817.8038862061832
242,13,770.2760969360564
242,14,677.9826607516976
242,15,546.2873366911512
242,16,382.84377829578995
242,17,197.1507310863909
242,18,1.0088767590423938e-13
242,19,0.0
242,20,0.0
242,21,0.0
242,22,0.0
242,23,0.0
243,0,0.0
243,1,0.0
243,2,0.0
243,3,0.0
243,4,0.0
243,5,0.0
243,6,197.74167319989712
243,7,383.99131911515303
243,8,547.9247853150905
243,9,680.0148546180739
243,10,772.5849323240795
243,11,820.2551819953767
243,12,820.2551819953768
243,13,772.5849323240798
243,14,680.014854618074
243,15,547.9247853150907
243,16,383.99131911515315
243,17,197.7416731998974
243,18,1.0119007790953291e-13
243,19,0.0
243,20,0.0
243,21,0.0
243,22,0.0
243,23,0.0
244,0,0.0
244,1,0.0
244,2,0.0
244,3,0.0
244,4,0.0
244,5,0.0
244,6,198.30415880639762
244,7,385.0836007092562
244,8,549.483383460829
244,9,681.9491892564913
244,10,774.7825869570114
244,11,822.5884369237065
244,12,822.5884369237066
244,13,774.7825869570116
244,14,681.9491892564914
244,15,549.4833834608294
244,16,385.0836007092563
244,17,198.30415880639788
244,18,1.0147791790513787e-13
244,19,0.0
244,20,0.0
244,21,0.0
244,22,0.0
244,23,0.0
245,0,0.0
245,1,0.0
245,2,0.0
245,3,0.0
245,4,0.0
245,5,0.0
245,6,198.8380212292675
245,7,386.1202994114897
245,8,550.9626692820989
245,9,683.7850914818504
245,10,776.8684096223549
245,11,824.8029595973816
245,12,824.8029595973817
245,13,776.8684096223551
245,14,683.7850914818505
245,15,550.9626692820991
245,16,386.12029941148984
245,17,198.83802122926778
245,18,1.0175111059785149e-13
245,19,0.0
245,20,0.0
245,21,0.0
245,22,0.0
245,23,0.0
246,0,0.0
246,1,0.0
246,2,0.0
246,3,0.0
246,4,0.0
246,5,0.0
246,6,199.3431022735491
246,7,387.10110802565424
246,8,552.3622044345852
246,9,685.5220172766994
246,10,778.8417822458384
246,11,826.8980938055403
246,12,826.8980938055404
246,13,778.8417822458385
246,14,685.5220172766996
246,15,552.3622044345856
246,16,387.1011080256543
246,17,199.3431022735494
246,18,1.0200957503478289e-13
246,19,0.0
246,20,0.0
246,21,0.0
246,22,0.0
246,23,0.0
247,0,0.0
247,1,0.0
247,2,0.0
247,3,0.0
247,4,0.0
247,5,0.0
247,6,199.81925227282863
247,7,388.0257359169899
247,8,553.6815742058184
247,9,687.1594519524399
247,10,780.702120074565
247,11,828.8732187147003
247,12,828.8732187147004
247,13,780.7021200745652
247,14,687.15945195244
247,15,553.6815742058186
247,16,388.02573591699
247,17,199.8192522728289
247,18,1.0225323462734136e-13
247,19,0.0
247,20,0.0
247,21,0.0
247,22,0.0
247,23,0.0
248,0,0.0
248,1,0.0
248,2,0.0
248,3,0.0
248,4,0.0
248,5,0.0
248,6,200.26633013358492
248,7,388.89390909829723
248,8,554.9203876380602
248,9,688.696910301838
248,10,782.4488718502862
248,11,830.7277490527239
248,12,830.727749052724
248,13,782.4488718502863
248,14,688.6969103018381
248,15,554.9203876380606
248,16,388.89390909829734
248,17,200.2663301335852
248,18,1.0248201717393094e-13
248,19,0.0
248,20,0.0
248,21,0.0
248,22,0.0
248,23,0.0
249,0,0.0
249,1,0.0
249,2,0.0
249,3,0.0
249,4,0.0
249,5,0.0
249,6,200.68420337699922
249,7,389.70537031112605
249,8,556.0782776441555
249,9,690.1339367428043
249,10,784.0815199727531
249,11,832.4611352822483
249,12,832.4611352822484
249,13,784.0815199727533
249,14,690.1339367428044
249,15,556.0782776441557
249,16,389.70537031112616
249,17,200.6842033769995
249,18,1.0269585488134559e-13
249,19,0.0
249,20,0.0
249,21,0.0
249,22,0.0
249,23,0.0
250,0,0.0
250,1,0.0
250,2,0.0
250,3,0.0
250,4,0.0
250,5,0.0
250,6,201.0727481782111
250,7,390.45987910200625
250,8,557.154901116306
250,9,691.4701054533907
250,10,785.5995806530918
250,11,834.0728637635241
250,12,834.0728637635241
250,13,785.5995806530921
250,14,691.4701054533908
250,15,557.1549011163062
250,16,390.45987910200637
250,17,201.07274817821138
250,18,1.0289468438485763e-13
250,19,0.0
250,20,0.0
250,21,0.0
250,22,0.0
250,23,0.0
251,0,0.0
251,1,0.0
251,2,0.0
251,3,0.0
251,4,0.0
251,5,0.0
251,6,201.4318494030104
251,7,391.15721189369935
251,8,558.1499390277412
251,9,692.7050204979712
251,10,787.00260405716
251,11,835.5624569066181
251,12,835.5624569066182
251,13,787.0026040571602
251,14,692.7050204979713
251,15,558.1499390277415
251,16,391.15721189369947
251,17,201.4318494030107
251,18,1.0307844676699401e-13
251,19,0.0
251,20,0.0
251,21,0.0
251,22,0.0
251,23,0.0
252,0,0.0
252,1,0.0
252,2,0.0
252,3,0.0
252,4,0.0
252,5,0.0
252,6,201.76140064195425
252,7,391.7971620514497
252,8,559.0630965272537
252,9,693.8383159445666
252,10,788.2901744388437
252,11,836.9294733129344
252,12,836.9294733129344
252,13,788.2901744388438
252,14,693.8383159445667
252,15,559.063096527254
252,16,391.7971620514498
252,17,201.76140064195454
252,18,1.0324708757499507e-13
252,19,0.0
252,20,0.0
252,21,0.0
252,22,0.0
252,23,0.0
253,0,0.0
253,1,0.0
253,2,0.0
253,3,0.0
253,4,0.0
253,5,0.0
253,6,202.0613042418981
253,7,392.37953994421395
253,8,559.8941030265684
253,9,694.8696559732773
253,10,789.46191026325
253,11,838.1735079060085
253,12,838.1735079060086
253,13,789.4619102632503
253,14,694.8696559732774
253,15,559.8941030265686
253,16,392.379539944214
253,17,202.0613042418984
253,18,1.0340055683694975e-13
253,19,0.0
253,20,0.0
253,21,0.0
253,22,0.0
253,23,0.0
254,0,0.0
254,1,0.0
254,2,0.0
254,3,0.0
254,4,0.0
254,5,0.0
254,6,202.33147133493304
254,7,392.904173000854
254,8,560.6427122805252
254,9,695.7987349757949
254,10,790.5174643197669
254,11,839.2941920515426
254,12,839.2941920515427
254,13,790.5174643197671
254,14,695.798734975795
254,15,560.6427122805255
254,16,392.9041730008541
254,17,202.3314713349333
254,18,1.0353880907660364e-13
254,19,0.0
254,20,0.0
254,21,0.0
254,22,0.0
254,23,0.0
255,0,0.0
255,1,0.0
255,2,0.0
255,3,0.0
255,4,0.0
255,5,0.0
255,6,202.57182186471863
255,7,393.37090576127264
255,8,561.308702460046
255,9,696.6252776459598
255,10,791.4565238249463
255,11,840.291193666638
255,12,840.2911936666382
255,13,791.4565238249465
255,14,696.62527764596
255,15,561.3087024600462
255,16,393.37090576127275
255,17,202.5718218647189
255,18,1.0366180332683442e-13
255,19,0.0
255,20,0.0
255,21,0.0
255,22,0.0
255,23,0.0
256,0,0.0
256,1,0.0
256,2,0.0
256,3,0.0
256,4,0.0
256,5,0.0
256,6,202.78228461020558
256,7,393.77959992247986
256,8,561.8918762178669
256,9,697.3490390613401
256,10,792.27881051519
256,11,841.1642173181986
256,12,841.1642173181987
256,13,792.2788105151902
256,14,697.3490390613402
256,15,561.8918762178671
256,16,393.7795999224799
256,17,202.78228461020586
256,18,1.0376950314179124e-13
256,19,0.0
256,20,0.0
256,21,0.0
256,22,0.0
256,23,0.0
257,0,0.0
257,1,0.0
257,2,0.0
257,3,0.0
257,4,0.0
257,5,0.0
257,6,202.96279720674042
257,7,394.1301343795755
257,8,562.3920607470178
257,9,697.969804755809
257,10,792.9840807292057
257,11,841.9130043104753
257,12,841.9130043104755
257,13,792.9840807292059
257,14,697.9698047558092
257,15,562.3920607470181
257,16,394.1301343795756
257,17,202.9627972067407
257,18,1.0386187660769465e-13
257,19,0.0
257,20,0.0
257,21,0.0
257,22,0.0
257,23,0.0
258,0,0.0
258,1,0.0
258,2,0.0
258,3,0.0
258,4,0.0
258,5,0.0
258,6,203.11330616454495
258,7,394.42240526163476
258,8,562.809107832028
258,9,698.4873907830937
258,10,793.5721254802079
258,11,842.5373327617224
258,12,842.5373327617225
258,13,793.572125480208
258,14,698.4873907830938
258,15,562.8091078320283
258,16,394.4224052616349
258,17,203.11330616454524
258,18,1.0393889635229307e-13
258,19,0.0
258,20,0.0
258,21,0.0
258,22,0.0
258,23,0.0
259,0,0.0
259,1,0.0
259,2,0.0
259,3,0.0
259,4,0.0
259,5,0.0
259,6,203.2337668845668
259,7,394.65632596248764
259,8,563.1428938928456
259,9,698.9016437712842
259,10,794.0427705178458
259,11,843.0370176699456
259,12,843.0370176699457
259,13,794.0427705178461
259,14,698.9016437712843
259,15,563.1428938928458
259,16,394.65632596248776
259,17,203.23376688456707
259,18,1.0400053955297402e-13
259,19,0.0
259,20,0.0
259,21,0.0
259,22,0.0
259,23,0.0
260,0,0.0
260,1,0.0
260,2,0.0
260,3,0.0
260,4,0.0
260,5,0.0
260,6,203.32414367169463
260,7,394.83182716638174
260,8,563.3933200214565
260,9,699.212440968279
260,10,794.3958763798371
260,11,843.411910967722
260,12,843.411910967722
260,13,794.3958763798373
260,14,699.2124409682791
260,15,563.3933200214567
260,16,394.8318271663818
260,17,203.3241436716949
260,18,1.0404678794352665e-13
260,19,0.0
260,20,0.0
260,21,0.0
260,22,0.0
260,23,0.0
261,0,0.0
261,1,0.0
261,2,0.0
261,3,0.0
261,4,0.0
261,5,0.0
261,6,203.38440974533611
261,7,394.9488568685229
261,8,563.5603120111945
261,9,699.4196902781616
261,10,794.6313384332944
261,11,843.6619015660768
261,12,843.661901566077
261,13,794.6313384332947
261,14,699.4196902781617
261,15,563.5603120111948
261,16,394.948856868523
261,17,203.3844097453364
261,18,1.040776278195548e-13
261,19,0.0
261,20,0.0
261,21,0.0
261,22,0.0
261,23,0.0
262,0,0.0
262,1,0.0
262,2,0.0
262,3,0.0
262,4,0.0
262,5,0.0
262,6,203.41454724735303
262,7,395.00738039048485
262,8,563.6438203787294
262,9,699.523330288489
262,10,794.7490869057301
262,11,843.786915387401
262,12,843.7869153874011
262,13,794.7490869057302
262,14,699.5233302884891
262,15,563.6438203787297
262,16,395.00738039048497
262,17,203.4145472473533
262,18,1.0409305004253765e-13
262,19,0.0
262,20,0.0
262,21,0.0
262,22,0.0
262,23,0.0
263,0,0.0
263,1,0.0
263,2,0.0
263,3,0.0
263,4,0.0
263,5,0.0
263,6,203.41454724735308
263,7,395.00738039048497
263,8,563.6438203787296
263,9,699.5233302884891
263,10,794.7490869057303
263,11,843.7869153874012
263,12,843.7869153874013
263,13,794.7490869057305
263,14,699.5233302884892
263,15,563.6438203787299
263,16,395.0073803904851
263,17,203.41454724735337
263,18,1.0409305004253767e-13
263,19,0.0
263,20,0.0
263,21,0.0
263,22,0.0
263,23,0.0
264,0,0.0
264,1,0.0
264,2,0.0
264,3,0.0
264,4,0.0
264,5,0.0
264,6,203.38440974533617
264,7,394.948856868523
264,8,563.5603120111947
264,9,699.4196902781617
264,10,794.6313384332947
264,11,843.6619015660771
264,12,843.6619015660772
264,13,794.6313384332949
264,14,699.4196902781619
264,15,563.5603120111949
264,16,394.9488568685231
264,17,203.38440974533646
264,18,1.0407762781955483e-13
264,19,0.0
264,20,0.0
264,21,0.0
264,22,0.0
264,23,0.0
265,0,0.0
265,1,0.0
265,2,0.0
265,3,0.0
265,4,0.0
265,5,0.0
265,6,203.32414367169463
265,7,394.83182716638174
265,8,563.3933200214565
265,9,699.212440968279
265,10,794.3958763798371
265,11,843.411910967722
265,12,843.411910967722
265,13,794.3958763798373
265,14,699.2124409682791
265,15,563.3933200214567
265,16,394.8318271663818
265,17,203.3241436716949
265,18,1.0404678794352665e-13
265,19,0.0
265,20,0.0
265,21,0.0
265,22,0.0
265,23,0.0
266,0,0.0
266,1,0.0
266,2,0.0
266,3,0.0
266,4,0.0
266,5,0.0
266,6,203.2337668845668
266,7,394.65632596248764
266,8,563.1428938928456
266,9,698.9016437712842
266,10,794.0427705178458
266,11,843.0370176699456
266,12,843.0370176699457
266,13,794.0427705178461
266,14,698.9016437712843
266,15,563.1428938928458
266,16,394.65632596248776
266,17,203.23376688456707
266,18,1.0400053955297402e-13
266,19,0.0
266,20,0.0
266,21,0.0
266,22,0.0
266,23,0.0
267,0,0.0
267,1,0.0
267,2,0.0
267,3,0.0
267,4,0.0
267,5,0.0
267,6,203.113306164545
267,7,394.4224052616349
267,8,562.8091078320282
267,9,698.4873907830939
267,10,793.5721254802081
267,11,842.5373327617226
267,12,842.5373327617227
267,13,793.5721254802082
267,14,698.487390783094
267,15,562.8091078320284
267,16,394.42240526163494
267,17,203.1133061645453
267,18,1.0393889635229311e-13
267,19,0.0
267,20,0.0
267,21,0.0
267,22,0.0
267,23,0.0
268,0,0.0
268,1,0.0
268,2,0.0
268,3,0.0
268,4,0.0
268,5,0.0
268,6,202.96279720674042
268,7,394.1301343795755
268,8,562.3920607470178
268,9,697.969804755809
268,10,792.9840807292057
268,11,841.9130043104753
268,12,841.9130043104755
268,13,792.9840807292059
268,14,697.9698047558092
268,15,562.3920607470181
268,16,394.1301343795756
268,17,202.9627972067407
268,18,1.0386187660769465e-13
268,19,0.0
268,20,0.0
268,21,0.0
268,22,0.0
268,23,0.0
269,0,0.0
269,1,0.0
269,2,0.0
269,3,0.0
269,4,0.0
269,5,0.0
269,6,202.78228461020558
269,7,393.77959992247986
269,8,561.8918762178669
269,9,697.3490390613401
269,10,792.27881051519
269,11,841.1642173181986
269,12,841.1642173181987
269,13,792.2788105151902
269,14,697.3490390613402
269,15,561.8918762178671
269,16,393.7795999224799
269,17,202.78228461020586
269,18,1.0376950314179124e-13
269,19,0.0
269,20,0.0
269,21,0.0
269,22,0.0
269,23,0.0
270,0,0.0
270,1,0.0
270,2,0.0
270,3,0.0
270,4,0.0
270,5,0.0
270,6,202.57182186471863
270,7,393.37090576127264
270,8,561.308702460046
270,9,696.6252776459598
270,10,791.4565238249463
270,11,840.291193666638
270,12,840.2911936666382
270,13,791.4565238249465
270,14,696.62527764596
270,15,561.3087024600462
270,16,393.37090576127275
270,17,202.5718218647189
270,18,1.0366180332683442e-13
270,19,0.0
270,20,0.0
270,21,0.0
270,22,0.0
270,23,0.0
271,0,0.0
271,1,0.0
271,2,0.0
271,3,0.0
271,4,0.0
271,5,0.0
271,6,202.33147133493307
271,7,392.9041730008541
271,8,560.6427122805253
271,9,695.798734975795
271,10,790.5174643197671
271,11,839.2941920515428
271,12,839.294192051543
271,13,790.5174643197672
271,14,695.7987349757951
271,15,560.6427122805256
271,16,392.9041730008542
271,17,202.33147133493335
271,18,1.0353880907660367e-13
271,19,0.0
271,20,0.0
271,21,0.0
271,22,0.0
271,23,0.0
272,0,0.0
272,1,0.0
272,2,0.0
272,3,0.0
272,4,0.0
272,5,0.0
272,6,202.0613042418981
272,7,392.37953994421395
272,8,559.8941030265684
272,9,694.8696559732773
272,10,789.46191026325
272,11,838.1735079060085
272,12,838.1735079060086
272,13,789.4619102632503
272,14,694.8696559732774
272,15,559.8941030265686
272,16,392.379539944214
272,17,202.0613042418984
272,18,1.0340055683694975e-13
272,19,0.0
272,20,0.0
272,21,0.0
272,22,0.0
272,23,0.0
273,0,0.0
273,1,0.0
273,2,0.0
273,3,0.0
273,4,0.0
273,5,0.0
273,6,201.76140064195425
273,7,391.7971620514497
273,8,559.0630965272537
273,9,693.8383159445666
273,10,788.2901744388437
273,11,836.9294733129344
273,12,836.9294733129344
273,13,788.2901744388438
273,14,693.8383159445667
273,15,559.063096527254
273,16,391.7971620514498
273,17,201.76140064195454
273,18,1.0324708757499507e-13
273,19,0.0
273,20,0.0
273,21,0.0
273,22,0.0
273,23,0.0
274,0,0.0
274,1,0.0
274,2,0.0
274,3,0.0
274,4,0.0
274,5,0.0
274,6,201.4318494030105
274,7,391.1572118936995
274,8,558.1499390277414
274,9,692.7050204979714
274,10,787.0026040571604
274,11,835.5624569066184
274,12,835.5624569066185
274,13,787.0026040571605
274,14,692.7050204979715
274,15,558.1499390277417
274,16,391.15721189369964
274,17,201.43184940301074
274,18,1.0307844676699406e-13
274,19,0.0
274,20,0.0
274,21,0.0
274,22,0.0
274,23,0.0
275,0,0.0
275,1,0.0
275,2,0.0
275,3,0.0
275,4,0.0
275,5,0.0
275,6,201.07274817821113
275,7,390.4598791020063
275,8,557.154901116306
275,9,691.4701054533908
275,10,785.599580653092
275,11,834.0728637635242
275,12,834.0728637635242
275,13,785.5995806530922
275,14,691.4701054533909
275,15,557.1549011163063
275,16,390.4598791020064
275,17,201.0727481782114
275,18,1.0289468438485764e-13
275,19,0.0
275,20,0.0
275,21,0.0
275,22,0.0
275,23,0.0
276,0,0.0
276,1,0.0
276,2,0.0
276,3,0.0
276,4,0.0
276,5,0.0
276,6,200.68420337699928
276,7,389.70537031112616
276,8,556.0782776441556
276,9,690.1339367428045
276,10,784.0815199727533
276,11,832.4611352822485
276,12,832.4611352822486
276,13,784.0815199727535
276,14,690.1339367428046
276,15,556.078277644156
276,16,389.7053703111263
276,17,200.68420337699956
276,18,1.0269585488134562e-13
276,19,0.0
276,20,0.0
276,21,0.0
276,22,0.0
276,23,0.0
277,0,0.0
277,1,0.0
277,2,0.0
277,3,0.0
277,4,0.0
277,5,0.0
277,6,200.26633013358497
277,7,388.89390909829734
277,8,554.9203876380604
277,9,688.6969103018382
277,10,782.4488718502864
277,11,830.7277490527241
277,12,830.7277490527242
277,13,782.4488718502865
277,14,688.6969103018383
277,15,554.9203876380607
277,16,388.89390909829746
277,17,200.26633013358526
277,18,1.0248201717393096e-13
277,19,0.0
277,20,0.0
277,21,0.0
277,22,0.0
277,23,0.0
278,0,0.0
278,1,0.0
278,2,0.0
278,3,0.0
278,4,0.0
278,5,0.0
278,6,199.81925227282863
278,7,388.0257359169899
278,8,553.6815742058184
278,9,687.1594519524399
278,10,780.702120074565
278,11,828.8732187147003
278,12,828.8732187147004
278,13,780.7021200745652
278,14,687.15945195244
278,15,553.6815742058186
278,16,388.02573591699
278,17,199.8192522728289
278,18,1.0225323462734136e-13
278,19,0.0
278,20,0.0
278,21,0.0
278,22,0.0
278,23,0.0
279,0,0.0
279,1,0.0
279,2,0.0
279,3,0.0
279,4,0.0
279,5,0.0
279,6,199.34310227354916
279,7,387.1011080256543
279,8,552.3622044345855
279,9,685.5220172766996
279,10,778.8417822458387
279,11,826.8980938055405
279,12,826.8980938055406
279,13,778.8417822458388
279,14,685.5220172766997
279,15,552.3622044345857
279,16,387.1011080256544
279,17,199.34310227354945
279,18,1.0200957503478293e-13
279,19,0.0
279,20,0.0
279,21,0.0
279,22,0.0
279,23,0.0
280,0,0.0
280,1,0.0
280,2,0.0
280,3,0.0
280,4,0.0
280,5,0.0
280,6,198.8380212292675
280,7,386.1202994114897
280,8,550.9626692820989
280,9,683.7850914818504
280,10,776.8684096223549
280,11,824.8029595973816
280,12,824.8029595973817
280,13,776.8684096223551
280,14,683.7850914818505
280,15,550.9626692820991
280,16,386.12029941148984
280,17,198.83802122926778
280,18,1.0175111059785149e-13
280,19,0.0
280,20,0.0
280,21,0.0
280,22,0.0
280,23,0.0
281,0,0.0
281,1,0.0
281,2,0.0
281,3,0.0
281,4,0.0
281,5,0.0
281,6,198.3041588063977
281,7,385.08360070925636
281,8,549.4833834608293
281,9,681.9491892564916
281,10,774.7825869570117
281,11,822.5884369237068
281,12,822.5884369237069
281,13,774.7825869570119
281,14,681.9491892564916
281,15,549.4833834608296
281,16,385.0836007092565
281,17,198.30415880639796
281,18,1.0147791790513792e-13
281,19,0.0
281,20,0.0
281,21,0.0
281,22,0.0
281,23,0.0
282,0,0.0
282,1,0.0
282,2,0.0
282,3,0.0
282,4,0.0
282,5,0.0
282,6,197.74167319989712
282,7,383.99131911515303
282,8,547.9247853150905
282,9,680.0148546180739
282,10,772.5849323240795
282,11,820.2551819953767
282,12,820.2551819953768
282,13,772.5849323240798
282,14,680.014854618074
282,15,547.9247853150907
282,16,383.99131911515315
282,17,197.7416731998974
282,18,1.0119007790953291e-13
282,19,0.0
282,20,0.0
282,21,0.0
282,22,0.0
282,23,0.0
283,0,0.0
283,1,0.0
283,2,0.0
283,3,0.0
283,4,0.0
283,5,0.0
283,6,197.1507310863907
283,7,382.84377829578995
283,8,546.287336691151
283,9,677.9826607516977
283,10,770.2760969360564
283,11,817.8038862061833
283,12,817.8038862061834
283,13,770.2760969360567
283,14,677.9826607516978
283,15,546.2873366911513
283,16,382.84377829579006
283,17,197.15073108639095
283,18,1.0088767590423942e-13
283,19,0.0
283,20,0.0
283,21,0.0
283,22,0.0
283,23,0.0
284,0,0.0
284,1,0.0
284,2,0.0
284,3,0.0
284,4,0.0
284,5,0.0
284,6,196.53150757478002
284,7,381.64131829227756
284,8,544.5715228003767
284,9,675.8532098402636
284,10,767.856764950696
284,11,815.2352759279717
284,12,815.2352759279718
284,13,767.8567649506962
284,14,675.8532098402637
284,15,544.571522800377
284,16,381.6413182922776
284,17,196.53150757478028
284,18,1.0057080149749786e-13
284,19,0.0
284,20,0.0
284,21,0.0
284,22,0.0
284,23,0.0
285,0,0.0
285,1,0.0
285,2,0.0
285,3,0.0
285,4,0.0
285,5,0.0
285,6,195.88418615435552
285,7,380.384295419466
285,8,542.7778520754537
285,9,673.6271328860339
285,10,765.3276532682787
285,11,812.5501122954022
285,12,812.5501122954023
285,13,765.3276532682789
285,14,673.6271328860339
285,15,542.777852075454
285,16,380.3842954194661
285,17,195.8841861543558
285,18,1.0023954858603369e-13
285,19,0.0
285,20,0.0
285,21,0.0
285,22,0.0
285,23,0.0
286,0,0.0
286,1,0.0
286,2,0.0
286,3,0.0
286,4,0.0
286,5,0.0
286,6,195.20895864042458
286,7,379.07308216036165
286,8,540.9068560197288
286,9,671.3050895236532
286,10,762.6895113191797
286,11,809.7491909804106
286,12,809.7491909804106
286,13,762.6895113191799
286,14,671.3050895236532
286,15,540.906856019729
286,16,379.07308216036176
286,17,195.20895864042487
286,18,9.989401532723366e-14
286,19,0.0
286,20,0.0
286,21,0.0
286,22,0.0
286,23,0.0
287,0,0.0
287,1,0.0
287,2,0.0
287,3,0.0
287,4,0.0
287,5,0.0
287,6,194.506025117472
287,7,377.70806705575114
287,8,538.9590890497122
287,9,668.8877678246831
287,10,759.9431208417933
287,11,806.8333419564304
287,12,806.8333419564306
287,13,759.9431208417935
287,14,668.8877678246832
287,15,538.9590890497125
287,16,377.7080670557512
287,17,194.5060251174723
287,18,9.953430411005948e-14
287,19,0.0
287,20,0.0
287,21,0.0
287,22,0.0
287,23,0.0
288,0,0.0
288,1,0.0
288,2,0.0
288,3,0.0
288,4,0.0
288,5,0.0
288,6,193.77559387987128
288,7,376.28965458906947
288,8,536.9351283307936
288,9,666.3758840937132
288,10,757.0892956508904
288,11,803.8034292524571
288,12,803.8034292524572
288,13,757.0892956508906
288,14,666.3758840937134
288,15,536.9351283307939
288,16,376.2896545890696
288,17,193.77559387987154
288,18,9.916052152470805e-14
288,19,0.0
288,20,0.0
288,21,0.0
288,22,0.0
288,23,0.0
289,0,0.0
289,1,0.0
289,2,0.0
289,3,0.0
289,4,0.0
289,5,0.0
289,6,193.01788137016203
289,7,374.8182650665424
289,8,534.8355736062148
289,9,663.7701826561041
289,10,754.1288813964654
289,11,800.6603506970156
289,12,800.6603506970157
289,13,754.1288813964657
289,14,663.7701826561042
289,15,534.835573606215
289,16,374.8182650665425
289,17,193.0178813701623
289,18,9.877277833102628e-14
289,19,0.0
289,20,0.0
289,21,0.0
289,22,0.0
289,23,0.0
290,0,0.0
290,1,0.0
290,2,0.0
290,3,0.0
290,4,0.0
290,5,0.0
290,6,192.2331121149138
290,7,373.29433449264076
290,8,532.6610470193526
290,9,661.0714356374274
290,10,751.0627553131534
290,11,797.4050376521154
290,12,797.4050376521155
290,13,751.0627553131536
290,14,661.0714356374275
290,15,532.6610470193528
290,16,373.29433449264087
290,17,192.23311211491406
290,18,9.837118942569068e-14
290,19,0.0
290,20,0.0
290,21,0.0
290,22,0.0
290,23,0.0
291,0,0.0
291,1,0.0
291,2,0.0
291,3,0.0
291,4,0.0
291,5,0.0
291,6,191.42151865819352
291,7,371.71831444088264
291,8,530.412192929365
291,9,658.2804427346683
291,10,747.8918259602848
291,11,794.0384547372668
291,12,794.0384547372669
291,13,747.8918259602849
291,14,658.2804427346684
291,15,530.4121929293652
291,16,371.7183144408827
291,17,191.42151865819378
291,18,9.795587380816088e-14
291,19,0.0
291,20,0.0
291,21,0.0
291,22,0.0
291,23,0.0
292,0,0.0
292,1,0.0
292,2,0.0
292,3,0.0
292,4,0.0
292,5,0.0
292,6,190.58334149265806
292,7,370.0906719200226
292,8,528.0896777202529
292,9,655.3980309792585
292,10,744.6170329526612
292,11,790.5615995436443
292,12,790.5615995436444
292,13,744.6170329526614
292,14,655.3980309792586
292,15,528.0896777202531
292,16,370.09067192002266
292,17,190.58334149265832
292,18,9.752695454541759e-14
292,19,0.0
292,20,0.0
292,21,0.0
292,22,0.0
292,23,0.0
293,0,0.0
293,1,0.0
293,2,0.0
293,3,0.0
293,4,0.0
293,5,0.0
293,6,189.71882898829085
293,7,368.4118892356669
293,8,525.6941896033967
293,9,652.4250544920085
293,10,741.2393466821264
293,11,786.9755023384782
293,12,786.9755023384783
293,13,741.2393466821267
293,14,652.4250544920085
293,15,525.6941896033969
293,16,368.411889235667
293,17,189.7188289882911
293,18,9.708455873549516e-14
293,19,0.0
293,20,0.0
293,21,0.0
293,22,0.0
293,23,0.0
294,0,0.0
294,1,0.0
294,2,0.0
294,3,0.0
294,4,0.0
294,5,0.0
294,6,188.82823731880475
294,7,366.6824638473562
294,8,523.2264384136246
294,9,649.3623942300138
294,10,737.7597680300194
294,11,783.2812257597653
294,12,783.2812257597654
294,13,737.7597680300196
294,14,649.3623942300139
294,15,523.2264384136248
294,16,366.6824638473563
294,17,188.828237318805
294,18,9.662881746981982e-14
294,19,0.0
294,20,0.0
294,21,0.0
294,22,0.0
294,23,0.0
295,0,0.0
295,1,0.0
295,2,0.0
295,3,0.0
295,4,0.0
295,5,0.0
295,6,187.9118303857319
295,7,364.9029082211571
295,8,520.6871553988723
295,9,646.2109577256076
295,10,734.1793280705897
295,11,779.4798645013846
295,12,779.4798645013847
295,13,734.1793280705898
295,14,646.2109577256076
295,15,520.6871553988725
295,16,364.90290822115713
295,17,187.91183038573217
295,18,9.615986579436427e-14
295,19,0.0
295,20,0.0
295,21,0.0
295,22,0.0
295,23,0.0
296,0,0.0
296,1,0.0
296,2,0.0
296,3,0.0
296,4,0.0
296,5,0.0
296,6,186.96987974022431
296,7,363.0737496778075
296,8,518.0770930034994
296,9,642.9716788174397
296,10,730.4990877654698
296,11,775.572544988717
296,12,775.572544988717
296,13,730.49908776547
296,14,642.9716788174399
296,15,518.0770930034997
296,16,363.0737496778076
296,17,186.96987974022457
296,18,9.567784266963076e-14
296,19,0.0
296,20,0.0
296,21,0.0
296,22,0.0
296,23,0.0
297,0,0.0
297,1,0.0
297,2,0.0
297,3,0.0
297,4,0.0
297,5,0.0
297,6,186.00266450258712
297,7,361.1955302364603
297,8,515.3970246453233
297,9,639.64551737376
297,10,726.720137649288
297,11,771.5604250448608
297,12,771.560425044861
297,13,726.7201376492882
297,14,639.6455173737601
297,15,515.3970246453237
297,16,361.19553023646034
297,17,186.0026645025874
297,18,9.518289092947403e-14
297,19,0.0
297,20,0.0
297,21,0.0
297,22,0.0
297,23,0.0
298,0,0.0
298,1,0.0
298,2,0.0
298,3,0.0
298,4,0.0
298,5,0.0
298,6,185.01047127956957
298,7,359.2688064540713
298,8,512.6477444864395
298,9,636.2334590079886
298,10,722.8435975065204
298,11,767.4446935475445
298,12,767.4446935475446
298,13,722.8435975065205
298,14,636.2334590079887
298,15,512.6477444864397
298,16,359.26880645407135
298,17,185.01047127956983
298,18,9.467515723877665e-14
298,19,0.0
298,20,0.0
298,21,0.0
298,22,0.0
298,23,0.0
299,0,0.0
299,1,0.0
299,2,0.0
299,3,0.0
299,4,0.0
299,5,0.0
299,6,183.9935940794368
299,7,357.29414926047923
299,8,509.83006719789284
299,9,632.7365147866575
299,10,718.8706160396736
299,11,763.2265700768351
299,12,763.2265700768352
299,13,718.8706160396737
299,14,632.7365147866576
299,15,509.8300671978931
299,16,357.29414926047934
299,17,183.99359407943706
299,18,9.415479204998893e-14
299,19,0.0
299,20,0.0
299,21,0.0
299,22,0.0
299,23,0.0
300,0,0.0
300,1,0.0
300,2,0.0
300,3,0.0
300,4,0.0
300,5,0.0
300,6,182.9523342248493
300,7,355.27214378922724
300,8,506.94482771827467
300,9,629.1557209298098
300,10,714.8023705289003
300,11,758.9073045537515
300,12,758.9073045537516
300,13,714.8023705289004
300,14,629.15572092981
300,15,506.94482771827495
300,16,355.27214378922736
300,17,182.95233422484955
300,18,9.362194955854675e-14
300,19,0.0
300,20,0.0
300,21,0.0
300,22,0.0
300,23,0.0
301,0,0.0
301,1,0.0
301,2,0.0
301,3,0.0
301,4,0.0
301,5,0.0
301,6,181.88700026357418
301,7,353.203389204175
301,8,503.9928810063115
301,9,625.4921385039454
301,10,710.6400664831453
301,11,754.4881768698859
301,12,754.488176869886
301,13,710.6400664831456
301,14,625.4921385039454
301,15,503.99288100631173
301,16,353.20338920417504
301,17,181.88700026357444
301,18,9.307678765718e-14
301,19,0.0
301,20,0.0
301,21,0.0
301,22,0.0
301,23,0.0
302,0,0.0
302,1,0.0
302,2,0.0
302,3,0.0
302,4,0.0
302,5,0.0
302,6,180.797907877056
302,7,351.0884985219532
302,8,500.97510178752214
302,9,621.7468531076032
302,10,706.3849372829275
302,11,749.9704965081435
302,12,749.9704965081436
302,13,706.3849372829276
302,14,621.7468531076033
302,15,500.9751017875224
302,16,351.08849852195334
302,17,180.79790787705622
302,18,9.251946788912559e-14
302,19,0.0
302,20,0.0
302,21,0.0
302,22,0.0
302,23,0.0
303,0,0.0
303,1,0.0
303,2,0.0
303,3,0.0
303,4,0.0
303,5,0.0
303,6,179.68537978687337
303,7,348.9280984303144
303,8,497.89238429501825
303,9,617.9209745496765
303,10,702.0382438148617
303,11,745.355602154715
303,12,745.3556021547151
303,13,702.038243814862
303,14,617.9209745496765
303,15,497.8923842950185
303,16,348.92809843031444
303,17,179.68537978687363
303,18,9.195015540025878e-14
303,19,0.0
303,20,0.0
303,21,0.0
303,22,0.0
303,23,0.0
304,0,0.0
304,1,0.0
304,2,0.0
304,3,0.0
304,4,0.0
304,5,0.0
304,6,178.54974565910967
304,7,346.7228291024305
304,8,494.745642004523
304,9,614.0156365205506
304,10,697.6012740980318
304,11,740.6448613023945
304,12,740.6448613023946
304,13,697.601274098032
304,14,614.0156365205506
304,15,494.74564200452323
304,16,346.72282910243064
304,17,178.54974565910993
304,18,9.136901889015671e-14
304,19,0.0
304,20,0.0
304,21,0.0
304,22,0.0
304,23,0.0
305,0,0.0
305,1,0.0
305,2,0.0
305,3,0.0
305,4,0.0
305,5,0.0
305,6,177.39134200666612
305,7,344.47334400719745
305,8,491.53580736368974
305,9,610.0319962561682
305,10,693.075342902323
305,11,735.8396698453633
305,12,735.8396698453633
305,13,693.0753429023232
305,14,610.0319962561682
305,15,491.53580736368997
305,16,344.47334400719757
305,17,177.39134200666638
305,18,9.077623056210937e-14
305,19,0.0
305,20,0.0
305,21,0.0
305,22,0.0
305,23,0.0
306,0,0.0
306,1,0.0
306,2,0.0
306,3,0.0
306,4,0.0
306,5,0.0
306,6,176.21051208954523
306,7,342.18030971559665
306,8,488.2638315157963
306,9,605.9712341951134
306,10,688.4617913588258
306,11,730.9414516655544
306,12,730.9414516655545
306,13,688.4617913588261
306,14,605.9712341951135
306,15,488.2638315157966
306,16,342.18030971559676
306,17,176.2105120895455
306,18,9.017196607209173e-14
306,19,0.0
306,20,0.0
306,21,0.0
306,22,0.0
306,23,0.0
307,0,0.0
307,1,0.0
307,2,0.0
307,3,0.0
307,4,0.0
307,5,0.0
307,6,175.00760581313588
307,7,339.84440570317645
307,8,484.9306840179015
307,9,601.8345536288234
307,10,683.7619865624315
307,11,725.9516582107266
307,12,725.9516582107267
307,13,683.7619865624316
307,14,601.8345536288235
307,15,484.93068401790174
307,16,339.8444057031765
307,17,175.00760581313614
307,18,8.95564044767133e-14
307,19,0.0
307,20,0.0
307,21,0.0
307,22,0.0
307,23,0.0
308,0,0.0
308,1,0.0
308,2,0.0
308,3,0.0
308,4,0.0
308,5,0.0
308,6,173.78297962452856
308,7,337.4663241487086
308,8,481.53735255354405
308,9,597.6231803450269
308,10,678.9773211667309
308,11,720.8717680643691
308,12,720.8717680643692
308,13,678.977321166731
308,14,597.623180345027
308,15,481.53735255354434
308,16,337.4663241487087
308,17,173.78297962452882
308,18,8.892972818015968e-14
308,19,0.0
308,20,0.0
308,21,0.0
308,22,0.0
308,23,0.0
309,0,0.0
309,1,0.0
309,2,0.0
309,3,0.0
309,4,0.0
309,5,0.0
309,6,172.53699640689257
309,7,335.0467697290809
309,8,478.0848426400709
309,9,593.3383622645164
309,10,674.1092129713425
309,11,715.7032865075653
309,12,715.7032865075654
309,13,674.1092129713426
309,14,593.3383622645165
309,15,478.08484264007114
309,16,335.04676972908095
309,17,172.5369964068928
309,18,8.82921228801423e-14
309,19,0.0
309,20,0.0
309,21,0.0
309,22,0.0
309,23,0.0
310,0,0.0
310,1,0.0
310,2,0.0
310,3,0.0
310,4,0.0
310,5,0.0
310,6,171.27002537194585
310,7,332.5864594104862
310,8,474.57417733068087
310,9,588.9813690713636
310,10,669.1591045017869
310,11,710.4477450729455
310,12,710.4477450729456
310,13,669.1591045017872
310,14,588.9813690713637
310,15,474.57417733068115
310,16,332.5864594104863
310,17,171.27002537194608
310,18,8.764377751287226e-14
310,19,0.0
310,20,0.0
310,21,0.0
310,22,0.0
310,23,0.0
311,0,0.0
311,1,0.0
311,2,0.0
311,3,0.0
311,4,0.0
311,5,0.0
311,6,169.98244195054951
311,7,330.0861222359698
311,8,471.00639691127145
311,9,584.5534918366831
311,10,664.128462582036
311,11,705.1067010908608
311,12,705.106701090861
311,13,664.1284625820363
311,14,584.5534918366831
311,15,471.0063969112717
311,16,330.08612223596987
311,17,169.98244195054977
311,18,8.69848841970743e-14
311,19,0.0
311,20,0.0
311,21,0.0
311,22,0.0
311,23,0.0
312,0,0.0
312,1,0.0
312,2,0.0
312,3,0.0
312,4,0.0
312,5,0.0
312,6,168.67462768145967
312,7,327.54649910939816
312,8,467.3825585921799
312,9,580.0560426360609
312,10,659.0187778998607
312,11,699.6817372279122
312,12,699.6817372279123
312,13,659.0187778998609
312,14,580.056042636061
312,15,467.38255859218015
312,16,327.54649910939827
312,17,168.67462768145992
312,18,8.631563817705797e-14
312,19,0.0
312,20,0.0
312,21,0.0
312,22,0.0
312,23,0.0
313,0,0.0
313,1,0.0
313,2,0.0
313,3,0.0
313,4,0.0
313,5,0.0
313,6,167.3469700982691
313,7,324.96834257591314
313,8,463.70373619490886
313,9,575.4903541607578
313,10,653.8315645651079
313,11,694.1744610179722
313,12,694.1744610179724
313,13,653.8315645651081
313,14,575.4903541607579
313,15,463.7037361949091
313,16,324.9683425759132
313,17,167.34697009826937
313,18,8.563623776486249e-14
313,19,0.0
313,20,0.0
313,21,0.0
313,22,0.0
313,23,0.0
314,0,0.0
314,1,0.0
314,2,0.0
314,3,0.0
314,4,0.0
314,5,0.0
314,6,165.999862614573
314,7,322.3524165989368
314,8,459.9710198339302
314,9,570.857779322805
314,10,648.5683596610384
314,11,688.5865043858389
314,12,688.586504385839
314,13,648.5683596610385
314,14,570.857779322805
314,15,459.9710198339304
314,16,322.35241659893694
314,17,165.99986261457323
314,18,8.494688428149267e-14
314,19,0.0
314,20,0.0
314,21,0.0
314,22,0.0
314,23,0.0
315,0,0.0
315,1,0.0
315,2,0.0
315,3,0.0
315,4,0.0
315,5,0.0
315,6,164.63370440739175
315,7,319.6994963337927
315,8,456.1855155936605
315,9,566.1596908541062
315,10,643.2307227888545
315,11,682.9195231636608
315,12,682.9195231636609
315,13,643.2307227888546
315,14,566.1596908541062
315,15,456.18551559366074
315,16,319.6994963337928
315,17,164.633704407392
315,18,8.424778199726315e-14
315,19,0.0
315,20,0.0
315,21,0.0
315,22,0.0
315,23,0.0
316,0,0.0
316,1,0.0
316,2,0.0
316,3,0.0
316,4,0.0
316,5,0.0
316,6,163.24890029888616
316,7,317.01036789800975
316,8,452.34834520070376
316,9,561.3974808996674
316,10,637.8202356055567
316,11,677.1751966002765
316,12,677.1751966002766
316,13,637.8202356055568
316,14,561.3974808996674
316,15,452.348345200704
316,16,317.0103678980098
316,17,163.24890029888638
316,18,8.353913807126852e-14
316,19,0.0
316,20,0.0
316,21,0.0
316,22,0.0
316,23,0.0
317,0,0.0
317,1,0.0
317,2,0.0
317,3,0.0
317,4,0.0
317,5,0.0
317,6,161.84586063640012
317,7,314.28582813837966
317,8,448.46064569146023
317,9,556.5725606050748
317,10,632.3385013552653
317,11,671.35522686362
317,12,671.35522686362
317,13,632.3385013552655
317,14,556.572560605075
317,15,448.46064569146046
317,16,314.2858281383797
317,17,161.84586063640035
317,18,8.282116248999785e-14
317,19,0.0
317,20,0.0
317,21,0.0
317,22,0.0
317,23,0.0
318,0,0.0
318,1,0.0
318,2,0.0
318,3,0.0
318,4,0.0
318,5,0.0
318,6,160.42500117086584
318,7,311.526684394834
318,8,444.52356907519857
318,9,551.6863596983432
318,10,626.7871443941451
318,11,665.4613385363301
318,12,665.4613385363301
318,13,626.7871443941452
318,14,551.6863596983433
318,15,444.5235690751988
318,16,311.52668439483404
318,17,160.42500117086607
318,18,8.209406800511118e-14
318,19,0.0
318,20,0.0
318,21,0.0
318,22,0.0
318,23,0.0
319,0,0.0
319,1,0.0
319,2,0.0
319,3,0.0
319,4,0.0
319,5,0.0
319,6,158.98674293360742
319,7,308.7337542612106
319,8,440.53828199268844
319,9,546.7403260662527
319,10,621.1678097090706
319,11,659.4952781047175
319,12,659.4952781047176
319,13,621.1678097090708
319,14,546.7403260662527
319,15,440.53828199268867
319,16,308.73375426121066
319,17,158.98674293360764
319,18,8.13580700703962e-14
319,19,0.0
319,20,0.0
319,21,0.0
319,22,0.0
319,23,0.0
320,0,0.0
320,1,0.0
320,2,0.0
320,3,0.0
320,4,0.0
320,5,0.0
320,6,157.53151211158092
320,7,305.9078653429849
320,8,436.5059653705026
320,9,541.7359253253136
320,10,615.4821624301851
320,11,653.4588134412475
320,12,653.4588134412475
320,13,615.4821624301852
320,14,541.7359253253137
320,15,436.50596537050285
320,16,305.907865342985
320,17,157.53151211158112
320,18,8.061338677792524e-14
320,19,0.0
320,20,0.0
320,21,0.0
320,22,0.0
320,23,0.0
321,0,0.0
321,1,0.0
321,2,0.0
321,3,0.0
321,4,0.0
321,5,0.0
321,6,156.05973992108505
321,7,303.0498550120306
321,8,432.4278140710801
321,9,536.6746403874683
321,10,609.7318873374825
321,11,647.3537332806759
321,12,647.353733280676
321,13,609.7318873374827
321,14,536.6746403874685
321,15,432.42781407108026
321,16,303.0498550120307
321,17,156.05973992108528
321,18,7.986023879342929e-14
321,19,0.0
321,20,0.0
321,21,0.0
321,22,0.0
321,23,0.0
322,0,0.0
322,1,0.0
322,2,0.0
322,3,0.0
322,4,0.0
322,5,0.0
322,6,154.5718624799836
322,7,300.16057015849003
322,8,428.30503653866504
322,9,531.5579710206762
322,10,603.9186883615749
322,11,641.1818466900139
322,12,641.181846690014
322,13,603.918688361575
322,14,531.5579710206763
322,15,428.30503653866526
322,16,300.16057015849015
322,17,154.57186247998382
322,18,7.909884929091054e-14
322,19,0.0
322,20,0.0
322,21,0.0
322,22,0.0
322,23,0.0
323,0,0.0
323,1,0.0
323,2,0.0
323,3,0.0
323,4,0.0
323,5,0.0
323,6,153.06832067847336
323,7,297.2408669398213
323,8,424.1388544412174
323,9,526.3874334044976
323,10,598.044288078778
323,11,634.9449825324588
323,12,634.9449825324589
323,13,598.0442880787782
323,14,526.3874334044976
323,15,424.13885444121763
323,16,297.2408669398214
323,17,153.06832067847358
323,18,7.832944388651075e-14
323,19,0.0
323,20,0.0
323,21,0.0
323,22,0.0
323,23,0.0
324,0,0.0
324,1,0.0
324,2,0.0
324,3,0.0
324,4,0.0
324,5,0.0
324,6,151.54956004843905
324,7,294.2916105271
324,8,419.93050230840555
324,9,521.1645596808166
324,10,592.1104272006747
324,11,628.6449889254619
324,12,628.6449889254619
324,13,592.110427200675
324,14,521.1645596808168
324,15,419.9305023084058
324,16,294.29161052710003
324,17,151.54956004843925
324,18,7.755225057165624e-14
324,19,0.0
324,20,0.0
324,21,0.0
324,22,0.0
324,23,0.0
325,0,0.0
325,1,0.0
325,2,0.0
325,3,0.0
325,4,0.0
325,5,0.0
325,6,150.016030631433
325,7,291.31367484865166
325,8,415.68122716579063
325,9,515.8908974998373
325,10,586.1188640583073
325,11,622.2837326930949
325,12,622.2837326930949
325,13,586.1188640583074
325,14,515.8908974998373
325,15,415.68122716579086
325,16,291.3136748486518
325,17,150.01603063143324
325,18,7.676749964549952e-14
325,19,0.0
325,20,0.0
325,21,0.0
325,22,0.0
325,23,0.0
326,0,0.0
326,1,0.0
326,2,0.0
326,3,0.0
326,4,0.0
326,5,0.0
326,6,148.46818684531772
326,7,288.30794233108685
326,8,411.392288165304
326,9,510.5680095614781
326,10,580.0713740811427
326,11,615.8630988128659
326,12,615.8630988128659
326,13,580.0713740811428
326,14,510.56800956147816
326,15,411.39228816530425
326,16,288.30794233108696
326,17,148.46818684531794
326,18,7.597542364667624e-14
326,19,0.0
326,20,0.0
326,21,0.0
326,22,0.0
326,23,0.0
327,0,0.0
327,1,0.0
327,2,0.0
327,3,0.0
327,4,0.0
327,5,0.0
327,6,146.90648734961218
327,7,285.2753036378195
327,8,407.0649562121344
327,9,505.1974731523128
327,10,573.9697492709768
327,11,609.3849898571625
327,12,609.3849898571625
327,13,573.9697492709769
327,14,505.19747315231285
327,15,407.06495621213463
327,16,285.27530363781955
327,17,146.9064873496124
327,18,7.517625728439929e-14
327,19,0.0
327,20,0.0
327,21,0.0
327,22,0.0
327,23,0.0
328,0,0.0
328,1,0.0
328,2,0.0
328,3,0.0
328,4,0.0
328,5,0.0
328,6,145.33139490958135
328,7,282.21665740514436
328,8,402.7005135881313
328,9,499.78087967818533
328,10,567.8157976709251
328,11,602.8513254294777
328,12,602.8513254294777
328,13,567.8157976709252
328,14,499.78087967818544
328,15,402.7005135881315
328,16,282.2166574051444
328,17,145.33139490958155
328,18,7.437023736890925e-14
328,19,0.0
328,20,0.0
328,21,0.0
328,22,0.0
328,23,0.0
329,0,0.0
329,1,0.0
329,2,0.0
329,3,0.0
329,4,0.0
329,5,0.0
329,6,143.74337625910823
329,7,279.13290997595067
329,8,398.300253571836
329,9,494.3198341926411
329,10,561.6113428296591
329,11,596.2640415955885
329,12,596.2640415955887
329,13,561.6113428296593
329,14,494.31983419264117
329,15,398.3002535718362
329,16,279.1329099759507
329,17,143.74337625910843
329,18,7.355760274130236e-14
329,19,0.0
329,20,0.0
329,21,0.0
329,22,0.0
329,23,0.0
330,0,0.0
330,1,0.0
330,2,0.0
330,3,0.0
330,4,0.0
330,5,0.0
330,6,142.14290196239156
330,7,276.02497513115514
330,8,393.86548005525765
330,9,488.8159549213176
330,10,555.3582232610526
330,11,589.6250903098617
330,12,589.6250903098617
330,13,555.3582232610527
330,14,488.81595492131765
330,15,393.8654800552578
330,16,276.02497513115526
330,17,142.14290196239176
330,18,7.273859420275698e-14
330,19,0.0
330,20,0.0
330,21,0.0
330,22,0.0
330,23,0.0
331,0,0.0
331,1,0.0
331,2,0.0
331,3,0.0
331,4,0.0
331,5,0.0
331,6,140.5304462745062
331,7,272.8937738189264
331,8,389.39750715749847
331,9,483.2708727824251
331,10,549.0582918993857
331,11,582.9364388368417
331,12,582.9364388368418
331,13,549.058291899386
331,14,483.27087278242516
331,15,389.39750715749864
331,16,272.89377381892643
331,17,140.53044627450637
331,18,7.191345444317859e-14
331,19,0.0
331,20,0.0
331,21,0.0
331,22,0.0
331,23,0.0
332,0,0.0
332,1,0.0
332,2,0.0
332,3,0.0
332,4,0.0
332,5,0.0
332,6,138.9064870008722
332,7,269.74023388179023
332,8,384.89765883535523
332,9,477.6862309034746
332,10,542.7134155502854
332,11,576.2000691683139
332,12,576.200069168314
332,13,542.7134155502855
332,14,477.68623090347467
332,15,384.8976588353554
332,16,269.7402338817903
332,17,138.9064870008724
332,18,7.1082427969286e-14
332,19,0.0
332,20,0.0
332,21,0.0
332,22,0.0
332,23,0.0
333,0,0.0
333,1,0.0
333,2,0.0
333,3,0.0
333,4,0.0
333,5,0.0
333,6,137.27150535567046
333,7,266.56528978168933
333,8,380.36726849100086
333,9,472.0636841343818
333,10,536.3254743375477
333,11,569.4179774359943
333,12,569.4179774359944
333,13,536.3254743375479
333,14,472.06368413438184
333,15,380.3672684910011
333,16,266.5652897816894
333,17,137.27150535567066
333,18,7.024576103215852e-14
333,19,0.0
333,20,0.0
333,21,0.0
333,22,0.0
333,23,0.0
334,0,0.0
334,1,0.0
334,2,0.0
334,3,0.0
334,4,0.0
334,5,0.0
334,6,135.62598581924792
334,7,263.369882323081
334,8,375.80767857686754
334,9,466.4048985570979
334,10,529.8963611460164
334,11,562.5921733200316
334,12,562.5921733200317
334,13,529.8963611460165
334,14,466.40489855709797
334,15,375.8076785768678
334,16,263.3698823230811
334,17,135.62598581924811
334,18,6.940370155426623e-14
334,19,0.0
334,20,0.0
334,21,0.0
334,22,0.0
334,23,0.0
335,0,0.0
335,1,0.0
335,2,0.0
335,3,0.0
335,4,0.0
335,5,0.0
335,6,133.97041599455673
335,7,260.15495837415824
335,8,371.22024019785147
335,9,460.7115509919169
335,10,523.4279810606823
335,11,555.7246794534993
335,12,555.7246794534994
335,13,523.4279810606824
335,14,460.71155099191697
335,15,371.22024019785164
335,16,260.1549583741583
335,17,133.97041599455693
335,18,6.855649905600567e-14
335,19,0.0
335,20,0.0
335,21,0.0
335,22,0.0
335,23,0.0
336,0,0.0
336,1,0.0
336,2,0.0
336,3,0.0
336,4,0.0
336,5,0.0
336,6,132.3052864626658
336,7,256.9214705862703
336,8,366.6063127109487
336,9,454.98532850059405
336,10,516.9222508021633
336,11,548.8175308230418
336,12,548.8175308230418
336,13,516.9222508021634
336,14,454.9853285005941
336,15,366.6063127109489
336,16,256.92147058627035
336,17,132.305286462666
336,18,6.770440458176112e-14
336,19,0.0
336,20,0.0
336,21,0.0
336,22,0.0
336,23,0.0
337,0,0.0
337,1,0.0
337,2,0.0
337,3,0.0
337,4,0.0
337,5,0.0
337,6,130.63109063739205
337,7,253.67037711163348
337,8,361.9672633224508
337,9,449.227927886436
337,10,510.3810981587403
337,11,541.8727741658672
337,12,541.8727741658672
337,13,510.38109815874043
337,14,449.2279278864361
337,15,361.96726332245095
337,16,253.67037711163354
337,17,130.63109063739225
337,18,6.684767062551504e-14
337,19,0.0
337,20,0.0
337,21,0.0
337,22,0.0
337,23,0.0
338,0,0.0
338,1,0.0
338,2,0.0
338,3,0.0
338,4,0.0
338,5,0.0
338,6,128.94832461909064
338,7,250.40264131940873
338,8,357.3044666828104
338,9,443.44105519149986
338,10,503.8064614151116
338,11,534.8924673632534
338,12,534.8924673632534
338,13,503.8064614151117
338,14,443.4410551914999
338,15,357.3044666828106
338,16,250.4026413194088
338,17,128.9483246190908
338,18,6.598655105602854e-14
338,19,0.0
338,20,0.0
338,21,0.0
338,22,0.0
338,23,0.0
339,0,0.0
339,1,0.0
339,2,0.0
339,3,0.0
339,4,0.0
339,5,0.0
339,6,127.25748704764972
339,7,247.11923151023453
339,8,352.61930447930314
339,9,437.6264251910556
339,10,497.20028877803605
339,11,527.878678830753
339,12,527.8786788307531
339,13,497.2002887780362
339,14,437.62642519105566
339,15,352.6193044793033
339,16,247.1192315102346
339,17,127.2574870476499
339,18,6.512130104161449e-14
339,19,0.0
339,20,0.0
339,21,0.0
339,22,0.0
339,23,0.0
340,0,0.0
340,1,0.0
340,2,0.0
340,3,0.0
340,4,0.0
340,5,0.0
340,6,125.55907895473312
340,7,243.82112062929943
340,8,347.9131650266042
340,9,431.78576088546276
340,10,490.5645377990395
340,11,520.8334869052785
340,12,520.8334869052786
340,13,490.5645377990396
340,14,431.7857608854628
340,15,347.91316502660436
340,16,243.8211206292995
340,17,125.5590789547333
340,18,6.425217697452582e-14
340,19,0.0
340,20,0.0
340,21,0.0
340,22,0.0
340,23,0.0
341,0,0.0
341,1,0.0
341,2,0.0
341,3,0.0
341,4,0.0
341,5,0.0
341,6,123.85360361531322
341,7,240.50928597803608
341,8,343.18744285539964
341,9,425.9207929896063
341,10,483.90117479434736
341,11,513.7589792292445
341,12,513.7589792292445
341,13,483.90117479434747
341,14,425.92079298960635
341,15,343.1874428553998
341,16,240.50928597803613
341,17,123.85360361531339
341,18,6.337943639498077e-14
341,19,0.0
341,20,0.0
341,21,0.0
341,22,0.0
341,23,0.0
342,0,0.0
342,1,0.0
342,2,0.0
342,3,0.0
342,4,0.0
342,5,0.0
342,6,122.1415663985404
342,7,237.18470892452723
342,8,338.4435382991588
342,9,420.0332594200507
342,10,477.2121742622258
342,11,506.6572521319561
342,12,506.65725213195617
342,13,477.2121742622259
342,14,420.03325942005074
342,15,338.44353829915894
342,16,237.18470892452729
342,17,122.14156639854058
342,18,6.25033379148484e-14
342,19,0.0
342,20,0.0
342,21,0.0
342,22,0.0
342,23,0.0
343,0,0.0
343,1,0.0
343,2,0.0
343,3,0.0
343,4,0.0
343,5,0.0
343,6,120.42347461799085
343,7,233.8483746127041
343,8,333.6828570791835
343,9,414.124904780056
343,10,470.49951829789296
343,11,499.5304100084205
343,12,499.5304100084206
343,13,470.4995182978931
343,14,414.12490478005606
343,15,333.6828570791837
343,16,233.84837461270416
343,17,120.42347461799102
343,18,6.162414114101616e-14
343,19,0.0
343,20,0.0
343,21,0.0
343,22,0.0
343,23,0.0
344,0,0.0
344,1,0.0
344,2,0.0
344,3,0.0
344,4,0.0
344,5,0.0
344,6,118.69983738133843
344,7,230.5012716704271
344,8,328.9068098880628
344,9,408.1974798426144
344,10,463.7651960061816
344,11,492.38056469576804
344,12,492.3805646957681
344,13,463.7651960061817
344,14,408.1974798426145
344,15,328.906809888063
344,16,230.50127167042714
344,17,118.6998373813386
344,18,6.074210659846269e-14
344,19,0.0
344,20,0.0
344,21,0.0
344,22,0.0
344,23,0.0
345,0,0.0
345,1,0.0
345,2,0.0
345,3,0.0
345,4,0.0
345,5,0.0
345,6,116.97116543949565
345,7,227.14439191653457
345,8,324.1168119716554
345,9,402.2527410316597
345,10,457.01120291212584
345,11,485.20983484747177
345,12,485.2098348474718
345,13,457.01120291212595
345,14,402.25274103165975
345,15,324.1168119716556
345,16,227.14439191653463
345,17,116.9711654394958
345,18,5.985749565305887e-14
345,19,0.0
345,20,0.0
345,21,0.0
345,22,0.0
345,23,0.0
346,0,0.0
346,1,0.0
346,2,0.0
346,3,0.0
346,4,0.0
346,5,0.0
346,6,115.23797103526653
346,7,223.7787300669448
346,8,319.31428270972003
346,9,396.29244990159884
346,10,450.23954036964193
346,11,478.0203453055421
346,12,478.02034530554215
346,13,450.23954036964204
346,14,396.2924499015989
346,15,319.3142827097202
346,16,223.77873006694486
346,17,115.23797103526668
346,18,5.897057043411922e-14
346,19,0.0
346,20,0.0
346,21,0.0
346,22,0.0
346,23,0.0
347,0,0.0
347,1,0.0
347,2,0.0
347,3,0.0
347,4,0.0
347,5,0.0
347,6,113.50076775155854
347,7,220.40528343990093
347,8,314.5006451953245
347,9,390.31837261532786
347,10,443.4522149684862
347,11,470.8142264708927
347,12,470.8142264708928
347,13,443.45221496848626
347,14,390.3183726153279
347,15,314.5006451953247
347,16,220.40528343990098
347,17,113.5007677515587
347,18,5.808159375672757e-14
347,19,0.0
347,20,0.0
347,21,0.0
347,22,0.0
347,23,0.0
348,0,0.0
348,1,0.0
348,2,0.0
348,3,0.0
348,4,0.0
348,5,0.0
348,6,111.7600703591966
348,7,217.02505166044355
348,8,309.6773258131512
348,9,384.3322794208779
348,10,436.6512379396575
348,11,463.5936136720553
348,12,463.59361367205537
348,13,436.6512379396576
348,14,384.33227942087797
348,15,309.67732581315136
348,16,217.0250516604436
348,17,111.76007035919676
348,18,5.719082904385917e-14
348,19,0.0
348,20,0.0
348,21,0.0
348,22,0.0
348,23,0.0
349,0,0.0
349,1,0.0
349,2,0.0
349,3,0.0
349,4,0.0
349,5,0.0
349,6,110.01639466438527
349,7,213.63903636420005
349,8,304.8457538168284
349,9,378.33594412685244
349,10,429.8386245594262
349,11,456.36064653243506
349,12,456.3606465324351
349,13,429.83862455942625
349,14,378.33594412685244
349,15,304.8457538168285
349,16,213.6390363642001
349,17,110.01639466438543
349,18,5.629854024832262e-14
349,19,0.0
349,20,0.0
349,21,0.0
349,22,0.0
349,23,0.0
350,0,0.0
350,1,0.0
350,2,0.0
350,3,0.0
350,4,0.0
350,5,0.0
350,6,108.27025735586467
350,7,210.2482409005792
350,8,300.0073609054129
350,9,372.3311435768111
350,10,423.0163935521655
350,11,449.11746833629627
350,12,449.1174683362963
350,13,423.0163935521656
350,14,372.33114357681114
350,15,300.007360905413
350,16,210.24824090057925
350,17,108.27025735586481
350,18,5.54049917745453e-14
350,19,0.0
350,20,0.0
350,21,0.0
350,22,0.0
350,23,0.0
351,0,0.0
351,1,0.0
351,2,0.0
351,3,0.0
351,4,0.0
351,5,0.0
351,6,106.52217585180385
351,7,206.85367003545585
351,8,295.1635807991449
351,9,366.31965712275047
351,10,416.1865664921581
351,11,441.8662253936584
351,12,441.86622539365845
351,13,416.1865664921582
351,14,366.3196571227505
351,15,295.16358079914505
351,16,206.8536700354559
351,17,106.522175851804
351,18,5.4510448400224246e-14
351,19,0.0
351,20,0.0
351,21,0.0
351,22,0.0
351,23,0.0
352,0,0.0
352,1,0.0
352,2,0.0
352,3,0.0
352,4,0.0
352,5,0.0
352,6,104.77266814647925
352,7,203.45632965343833
352,8,290.31584881460753
352,9,360.3032660978457
352,10,409.3511672045619
352,11,434.60906640430034
352,12,434.6090664043004
352,13,409.35116720456193
352,14,360.3032660978458
352,15,290.31584881460765
352,16,203.4563296534384
352,17,104.77266814647939
352,18,5.3615175197867135e-14
352,19,0.0
352,20,0.0
352,21,0.0
352,22,0.0
352,23,0.0
353,0,0.0
353,1,0.0
353,2,0.0
353,3,0.0
353,4,0.0
353,5,0.0
353,6,103.02225265678157
353,7,200.0572264598028
353,8,285.4656014394108
353,9,354.2837532886024
353,10,402.5122211657063
353,11,427.3481418210535
353,12,427.3481418210535
353,13,402.5122211657064
353,14,354.28375328860244
353,15,285.46560143941093
353,16,200.05722645980285
353,17,103.02225265678172
353,18,5.271943745624549e-14
353,19,0.0
353,20,0.0
353,21,0.0
353,22,0.0
353,23,0.0
354,0,0.0
354,1,0.0
354,2,0.0
354,3,0.0
354,4,0.0
354,5,0.0
354,6,101.27144806859725
354,7,196.6573676821837
354,8,280.6142759065283
354,9,348.26290240657676
354,10,395.67175490289844
354,11,420.08560321257454
354,12,420.0856032125746
354,13,395.67175490289856
354,14,348.2629024065768
354,15,280.6142759065284
354,16,196.65736768218372
354,17,101.2714480685974
354,18,5.182350060178364e-14
354,19,0.0
354,20,0.0
354,21,0.0
354,22,0.0
354,23,0.0
355,0,0.0
355,1,0.0
355,2,0.0
355,3,0.0
355,4,0.0
355,5,0.0
355,6,99.52077318311139
355,7,193.2577607721121
355,8,275.76330976841604
355,9,342.24249755982646
355,10,388.831795393922
355,11,412.82360262579243
355,12,412.8236026257925
355,13,388.8317953939221
355,14,342.2424975598265
355,15,275.7633097684162
355,16,193.25776077211216
355,17,99.52077318311153
355,18,5.0927630119907547e-14
355,19,0.0
355,20,0.0
355,21,0.0
355,22,0.0
355,23,0.0
356,0,0.0
356,1,0.0
356,2,0.0
356,3,0.0
356,4,0.0
356,5,0.0
356,6,97.77074676307505
356,7,189.85941310648474
356,8,270.91414047103274
356,9,336.22432272423794
356,10,381.99436946639713
356,11,405.56429194820697
356,12,405.564291948207
356,13,381.99436946639725
356,14,336.22432272423794
356,15,270.91414047103285
356,16,189.8594131064848
356,17,97.7707467630752
356,18,5.003209147637538e-14
356,19,0.0
356,20,0.0
356,21,0.0
356,22,0.0
356,23,0.0
357,0,0.0
357,1,0.0
357,2,0.0
357,3,0.0
357,4,0.0
357,5,0.0
357,6,96.02188737908527
357,7,186.46333168905744
357,8,266.0682049278951
357,9,330.2101612148981
357,10,375.16150319719037
357,11,398.3098222702412
357,12,398.3098222702413
357,13,375.1615031971905
357,14,330.21016121489816
357,15,266.06820492789524
357,16,186.46333168905747
357,17,96.0218873790854
357,18,4.9137150038614566e-14
357,19,0.0
357,20,0.0
357,21,0.0
357,22,0.0
357,23,0.0
358,0,0.0
358,1,0.0
358,2,0.0
358,3,0.0
358,4,0.0
358,5,0.0
358,6,94.27471325592104
358,7,183.07052285204776
358,8,261.2269390942886
358,9,324.20179515765875
358,10,368.33522131204285
358,11,391.06234324782525
358,12,391.0623432478253
358,13,368.33522131204296
358,14,324.20179515765875
358,15,261.22693909428875
358,16,183.0705228520478
358,17,94.27471325592117
358,18,4.824307099708757e-14
358,19,0.0
358,20,0.0
358,21,0.0
358,22,0.0
358,23,0.0
359,0,0.0
359,1,0.0
359,2,0.0
359,3,0.0
359,4,0.0
359,5,0.0
359,6,92.52974211898203
359,7,179.68199195793662
359,8,256.39177754176245
359,9,318.20100496105323
359,10,361.5175465855998
359,11,383.8240024654063
359,12,383.82400246540635
359,13,361.5175465855999
359,14,318.2010049610533
359,15,256.39177754176256
359,16,179.68199195793667
359,17,92.52974211898216
359,18,4.735011928671013e-14
359,19,0.0
359,20,0.0
359,21,0.0
359,22,0.0
359,23,0.0
360,0,0.0
360,1,0.0
360,2,0.0
360,3,0.0
360,4,0.0
360,5,0.0
360,6,90.7874910408758
360,7,176.29874310155873
360,8,251.56415303303635
360,9,312.20956878872494
360,10,354.7104992420207
360,11,376.5969447995748
360,12,376.5969447995748
360,13,354.71049924202083
360,14,312.209568788725
360,15,251.56415303303646
360,16,176.29874310155876
360,17,90.78749104087593
360,18,4.645855950834558e-14
360,19,0.0
360,20,0.0
360,21,0.0
360,22,0.0
360,23,0.0
361,0,0.0
361,1,0.0
361,2,0.0
361,3,0.0
361,4,0.0
361,5,0.0
361,6,89.04847628819753
361,7,172.92177881256637
361,8,246.74549609744042
361,9,306.229262032517
361,10,347.916096356341
361,11,369.3833117834893
361,12,369.3833117834893
361,13,347.91609635634103
361,14,306.22926203251706
361,15,246.74549609744057
361,16,172.92177881256643
361,17,89.04847628819766
361,18,4.55686558503976e-14
361,19,0.0
361,20,0.0
361,21,0.0
361,22,0.0
361,23,0.0
362,0,0.0
362,1,0.0
362,2,0.0
362,3,0.0
362,4,0.0
362,5,0.0
362,6,87.31321316854948
362,7,169.55209975835942
362,8,241.93723460702006
362,9,300.26185678638706
362,10,341.136351256771
362,11,362.1852409722956
362,12,362.1852409722957
362,13,341.1363512567711
362,14,300.2618567863871
362,15,241.93723460702017
362,16,169.55209975835945
362,17,87.3132131685496
362,18,4.468067201052577e-14
362,19,0.0
362,20,0.0
362,21,0.0
362,22,0.0
362,23,0.0
363,0,0.0
363,1,0.0
363,2,0.0
363,3,0.0
363,4,0.0
363,5,0.0
363,6,85.5822158778442
363,7,166.19070444756554
363,8,237.1407933534261
363,9,294.30912132129725
363,10,334.3732729281034
363,11,355.0048653097229
363,12,355.0048653097229
363,13,334.3732729281035
363,14,294.3091213212973
363,15,237.1407933534262
363,16,166.19070444756557
363,17,85.58221587784433
363,18,4.379487111750618e-14
363,19,0.0
363,20,0.0
363,21,0.0
363,22,0.0
363,23,0.0
364,0,0.0
364,1,0.0
364,2,0.0
364,3,0.0
364,4,0.0
364,5,0.0
364,6,83.85599734793668
364,7,162.83858893415965
364,8,232.35759362571687
364,9,288.3728195612356
364,10,327.6288654164051
364,11,347.84431249604404
364,12,347.8443124960441
364,13,327.6288654164052
364,14,288.37281956123564
364,15,232.357593625717
364,16,162.8385889341597
364,17,83.8559973479368
364,18,4.291151565326046e-14
364,19,0.0
364,20,0.0
364,21,0.0
364,22,0.0
364,23,0.0
365,0,0.0
365,1,0.0
365,2,0.0
365,3,0.0
365,4,0.0
365,5,0.0
365,6,82.13506909463241
365,7,159.49674652231346
365,8,227.58905278920236
365,9,282.45471056053026
365,10,320.905127235179
365,11,340.7057043575962
365,12,340.7057043575962
365,13,320.9051272351791
365,14,282.4547105605303
365,15,227.58905278920247
365,16,159.49674652231352
365,17,82.13506909463253
365,18,4.2030867375077145e-14
365,19,0.0
365,20,0.0
365,21,0.0
365,22,0.0
365,23,0.0
