"Day","Hour","Irradiance","Month","omega","delta","alpha_s","gamma_s","theta_i","IncidentFlux"
1,0,0,1,-180,-23.0116367278692,-69.9635367278693,-1.88500199985462e-14,129.963536727869,0
1,1,0,1,-165,-23.0116367278692,-66.4276002883083,-36.5623194824892,129.283320429727,0
1,2,0,1,-150,-23.0116367278692,-58.1420754666886,-60.682640426979,127.32572967356,0
1,3,0,1,-135,-23.0116367278692,-47.9419228924393,-76.3051765664373,124.311857045822,0
1,4,0,1,-120,-23.0116367278692,-37.0965589952534,-87.9543734845871,120.538438601456,0
1,5,0,1,-105,-23.0116367278692,-26.1635335287272,-82.1193818429748,108.682888180506,0
1,6,80.4199410661132,1,-90,-23.0116367278692,-15.4766359523838,-72.7570542333914,95.0633511437906,0
1,7,156.166167472056,1,-75,-23.0116367278692,-5.32218438901445,-63.2415064153564,81.731292141061,22.4591543601042
1,8,222.836583865445,1,-60,-23.0116367278692,3.98350477257233,-53.0387418651351,68.89530351693,80.2374997155836
1,9,276.5565479826,1,-45,-23.0116367278692,12.0505959417271,-41.721033590093,56.9221659927338,150.938433263063
1,10,314.204050773157,1,-30,-23.0116367278692,18.4011879237299,-29.0132351908481,46.5063683654461,216.258462140596
1,11,333.591156218033,1,-15,-23.0116367278692,22.5112400319048,-14.9438536278433,38.9357889316145,259.484130796419
1,12,333.591156218033,1,0,-23.0116367278692,23.9402632721308,0,36.0597367278692,269.676334432332
1,13,314.204050773157,1,15,-23.0116367278692,22.5112400319048,14.9438536278433,38.9357889316145,244.40385630097
1,14,276.5565479826,1,30,-23.0116367278692,18.4011879237299,29.0132351908481,46.5063683654461,190.346666806049
1,15,222.836583865445,1,45,-23.0116367278692,12.0505959417271,41.721033590093,56.9221659927338,121.6192676966
1,16,156.166167472056,1,60,-23.0116367278692,3.98350477257233,53.0387418651351,68.89530351693,56.2312641881508
1,17,80.4199410661133,1,75,-23.0116367278692,-5.32218438901445,63.2415064153564,81.731292141061,11.5656540675336
1,18,4.11531872380469e-14,1,90,-23.0116367278692,-15.4766359523838,72.7570542333914,95.0633511437906,0
1,19,0,1,105,-23.0116367278692,-26.1635335287272,82.1193818429748,108.682888180506,0
1,20,0,1,120,-23.0116367278692,-37.0965589952534,87.9543734845871,120.538438601456,0
1,21,0,1,135,-23.0116367278692,-47.9419228924393,76.3051765664373,124.311857045822,0
1,22,0,1,150,-23.0116367278692,-58.1420754666886,60.682640426979,127.32572967356,0
1,23,0,1,165,-23.0116367278692,-66.4276002883083,36.5623194824892,129.283320429727,0
2,0,0,1,-180,-22.9305436083077,-69.8824436083077,-1.87884343481616e-14,129.882443608308,0
2,1,0,1,-165,-22.9305436083077,-66.3561210854394,-36.4666863022149,129.202613191451,0
2,2,0,1,-150,-22.9305436083077,-58.0835113885423,-60.57645504223,127.246009500964,0
2,3,0,1,-135,-22.9305436083077,-47.8902802619662,-76.2118889134499,124.233328298771,0
2,4,0,1,-120,-22.9305436083077,-37.0471759690981,-87.8737564563607,120.460905840238,0
2,5,0,1,-105,-22.9305436083077,-26.1134298260677,-82.1904085587629,108.67351776926,0
2,6,78.7111214918297,1,-90,-22.9305436083077,-15.4237595412737,-72.8208425565449,95.0464288349034,0
2,7,152.84783870584,1,-75,-22.9305436083077,-5.26498897765565,-63.2992398560648,81.7061943499863,22.0481816252775
2,8,218.101595113555,1,-60,-22.9305436083077,4.04618803877258,-53.0903164880918,68.8607072773859,78.6554027060888
2,9,270.680079580312,1,-45,-22.9305436083077,12.1194410291857,-41.7648586408964,56.8760197508485,147.913813547431
2,10,307.527621703918,1,-30,-22.9305436083077,18.4760245723539,-29.0461595447575,46.446297526663,211.897035185482
2,11,326.502776271515,1,-15,-22.9305436083077,22.5906143026682,-14.9618364163075,38.861520020254,254.236191049907
2,12,326.502776271515,1,0,-22.9305436083077,24.0213563916924,0,35.9786436083076,264.217810082812
2,13,307.527621703918,1,15,-22.9305436083077,22.5906143026682,14.9618364163075,38.861520020254,239.46090773704
2,14,270.680079580312,1,30,-22.9305436083077,18.4760245723539,29.0461595447575,46.446297526663,186.507820107489
2,15,218.101595113555,1,45,-22.9305436083077,12.1194410291857,41.7648586408964,56.8760197508485,119.1821678346
2,16,152.84783870584,1,60,-22.9305436083077,4.04618803877258,53.0903164880918,68.8607072773859,55.1225143488919
2,17,78.7111214918298,1,75,-22.9305436083077,-5.26498897765565,63.2992398560648,81.7061943499863,11.3540179388538
2,18,4.02787353177363e-14,1,90,-22.9305436083077,-15.4237595412737,72.8208425565449,95.0464288349034,0
2,19,0,1,105,-22.9305436083077,-26.1134298260677,82.1904085587629,108.67351776926,0
2,20,0,1,120,-22.9305436083077,-37.0471759690981,87.8737564563607,120.460905840238,0
2,21,0,1,135,-22.9305436083077,-47.8902802619662,76.2118889134499,124.233328298771,0
2,22,0,1,150,-22.9305436083077,-58.0835113885423,60.57645504223,127.246009500964,0
2,23,0,1,165,-22.9305436083077,-66.3561210854394,36.4666863022149,129.202613191451,0
3,0,0,1,-180,-22.8426556737933,-69.7945556737933,-1.87222235840785e-14,129.794555673793,0
3,1,0,1,-165,-22.8426556737933,-66.2785867940834,-36.3636537931579,129.115142468957,0
3,2,0,1,-150,-22.8426556737933,-58.019940831418,-60.4617655037615,127.159606248625,0
3,3,0,1,-135,-22.8426556737933,-47.8342253402869,-76.1109946793223,124.148214122805,0
3,4,0,1,-120,-22.8426556737933,-36.9935936200759,-87.7865029377987,120.376870047401,0
3,5,0,1,-105,-22.8426556737933,-26.0590886629695,-82.2673178740593,108.663318995289,0
3,6,77.009116731901,1,-90,-22.8426556737933,-15.366432054525,-72.8899390487183,95.0280776561553,0
3,7,149.542743516094,1,-75,-22.8426556737933,-5.20299514744783,-63.3617988079741,81.6790106937035,21.6416294569262
3,8,213.385489612887,1,-60,-22.8426556737933,4.11411986127024,-53.1462215812523,68.8232532125108,77.0846889882276
3,9,264.827046678076,1,-45,-22.8426556737933,12.1940468902364,-41.8123813520982,56.8260641177903,144.908730462022
3,10,300.877818397482,1,-30,-22.8426556737933,18.5571253765279,-29.0818751076978,46.3812490027103,207.562519958975
3,11,319.442664957998,1,-15,-22.8426556737933,22.6766371022414,-14.9813494128171,38.7810540734494,249.019970795373
3,12,319.442664957998,1,0,-22.8426556737933,24.1092443262067,0,35.8907556737933,258.792078693101
3,13,300.877818397482,1,15,-22.8426556737933,22.6766371022414,14.9813494128171,38.7810540734494,234.547835243511
3,14,264.827046678076,1,30,-22.8426556737933,18.5571253765279,29.0818751076978,46.3812490027103,182.692660610752
3,15,213.385489612887,1,45,-22.8426556737933,12.1940468902364,41.8123813520982,56.8260641177903,116.760809693312
3,16,149.542743516094,1,60,-22.8426556737933,4.11411986127024,53.1462215812523,68.8232532125108,54.0217420373658
3,17,77.0091167319011,1,75,-22.8426556737933,-5.20299514744783,63.3617988079741,81.6790106937035,11.1446582423949
3,18,3.94077707331215e-14,1,90,-22.8426556737933,-15.366432054525,72.8899390487183,95.0280776561553,0
3,19,0,1,105,-22.8426556737933,-26.0590886629695,82.2673178740593,108.663318995289,0
3,20,0,1,120,-22.8426556737933,-36.9935936200759,87.7865029377987,120.376870047401,0
3,21,0,1,135,-22.8426556737933,-47.8342253402869,76.1109946793223,124.148214122805,0
3,22,0,1,150,-22.8426556737933,-58.019940831418,60.4617655037615,127.159606248625,0
3,23,0,1,165,-22.8426556737933,-66.2785867940834,36.3636537931579,129.115142468957,0
4,0,0,1,-180,-22.7479989674178,-69.6998989674178,-1.86515280834244e-14,129.699898967418,0
4,1,0,1,-165,-22.7479989674178,-66.195005290269,-36.2533938997147,129.020933946878,0
4,2,0,1,-150,-22.7479989674178,-57.951359399472,-60.3386984461156,127.066544744849,0
4,3,0,1,-135,-22.7479989674178,-47.7737546458477,-76.0025737056178,124.056538451979,0
4,4,0,1,-120,-22.7479989674178,-36.9358132564161,-87.6926670020645,120.286354588425,0
4,5,0,1,-105,-22.7479989674178,-26.0005168414746,-82.350070651964,108.652284511475,0
4,6,75.3144311270698,1,-90,-22.7479989674178,-15.3046656387648,-72.9643145793698,95.0083004573771,0
4,7,146.251861273853,1,-75,-22.7479989674178,-5.1362199079917,-63.4291620132027,81.649753409977,21.2392698096595
4,8,208.689664847285,1,-60,-22.7479989674178,4.18727914840125,-53.2064429279844,68.7829624102796,75.5251636372703
4,9,258.999183655861,1,-45,-22.7479989674178,12.2743894829287,-41.8635939949706,56.7723278754717,141.923081145486
4,10,294.256611334085,1,-30,-22.7479989674178,18.644464714268,-29.120379324809,46.3112557600559,203.254920822624
4,11,312.412914340835,1,-15,-22.7479989674178,22.7692823807895,-15.0023926244718,38.6944213827424,243.835555570978
4,12,312.412914340835,1,0,-22.7479989674178,24.2039010325822,0,35.7960989674179,253.399253397401
4,13,294.256611334085,1,15,-22.7479989674178,22.7692823807895,15.0023926244718,38.6944213827424,229.664719387375
4,14,258.999183655861,1,30,-22.7479989674178,18.644464714268,29.120379324809,46.3112557600559,178.901192154789
4,15,208.689664847285,1,45,-22.7479989674178,12.2743894829287,41.8635939949706,56.7723278754717,114.355110391775
4,16,146.251861273853,1,60,-22.7479989674178,4.18727914840125,53.2064429279844,68.7829624102796,52.9288106483189
4,17,75.3144311270699,1,75,-22.7479989674178,-5.1362199079917,63.4291620132027,81.649753409977,10.9374575430094
4,18,3.85405515698059e-14,1,90,-22.7479989674178,-15.3046656387648,72.9643145793698,95.0083004573771,0
4,19,0,1,105,-22.7479989674178,-26.0005168414746,82.350070651964,108.652284511475,0
4,20,0,1,120,-22.7479989674178,-36.9358132564161,87.6926670020645,120.286354588425,0
4,21,0,1,135,-22.7479989674178,-47.7737546458477,76.0025737056178,124.056538451979,0
4,22,0,1,150,-22.7479989674178,-57.951359399472,60.3386984461156,127.066544744849,0
4,23,0,1,165,-22.7479989674178,-66.195005290269,36.2533938997147,129.020933946878,0
5,0,0,1,-180,-22.6466015380063,-69.5985015380063,-1.8576495368276e-14,129.598501538006,0
5,1,0,1,-165,-22.6466015380063,-66.1053854236667,-36.1360886011694,128.920015291801,0
5,2,0,1,-150,-22.6466015380063,-57.8777627564135,-60.2073889477478,126.966851742482,0
5,3,0,1,-135,-22.6466015380063,-47.7088647010661,-75.886711452991,123.958327083701,0
5,4,0,1,-120,-22.6466015380063,-36.8738364630871,-87.5923066086796,120.189384651874,0
5,5,0,1,-105,-22.6466015380063,-25.9377217994693,-82.4386249153245,108.640406478269,0
5,6,73.627566849255,1,-90,-22.6466015380063,-15.2384734450408,-73.0439378916904,94.9871003411371,0
5,7,142.976167138548,1,-75,-22.6466015380063,-5.06468161934651,-63.5013066570433,81.6184356819183,20.8408794578718
5,8,204.01551229097,1,-60,-22.6466015380063,4.26564316109919,-53.2709652726769,68.7398575711899,73.9766399649305
5,9,253.198217435255,1,-45,-22.6466015380063,12.3604429002738,-41.9184882883236,56.7148420219786,138.956774406833
5,10,287.665962520276,1,-30,-22.6466015380063,18.7380149827197,-29.1616694814259,46.236353339524,198.974256659642
5,11,305.415607486848,1,-15,-22.6466015380063,22.8685220797177,-15.024966084569,38.6016546128352,238.683047175267
5,12,305.415607486848,1,0,-22.6466015380063,24.3052984619937,0,35.6947015380064,248.039463877721
5,13,287.665962520276,1,15,-22.6466015380063,22.8685220797177,15.024966084569,38.6016546128352,224.811656051017
5,14,253.198217435255,1,30,-22.6466015380063,18.7380149827197,29.1616694814259,46.236353339524,175.133431360254
5,15,204.01551229097,1,45,-22.6466015380063,12.3604429002738,41.9184882883236,56.7148420219786,111.964996452473
5,16,142.976167138548,1,60,-22.6466015380063,4.26564316109919,53.2709652726769,68.7398575711899,51.8435893486822
5,17,73.6275668492551,1,75,-22.6466015380063,-5.06468161934651,63.5013066570433,81.6184356819183,10.7323008875653
5,18,3.76773348035437e-14,1,90,-22.6466015380063,-15.2384734450408,73.0439378916904,94.9871003411371,0
5,19,0,1,105,-22.6466015380063,-25.9377217994693,82.4386249153245,108.640406478269,0
5,20,0,1,120,-22.6466015380063,-36.8738364630871,87.5923066086796,120.189384651874,0
5,21,0,1,135,-22.6466015380063,-47.7088647010661,75.886711452991,123.958327083701,0
5,22,0,1,150,-22.6466015380063,-57.8777627564135,60.2073889477478,126.966851742482,0
5,23,0,1,165,-22.6466015380063,-66.1053854236667,36.1360886011694,128.920015291801,0
6,0,0,1,-180,-22.5384934318055,-69.4903934318054,-1.84972793617932e-14,129.490393431805,0
6,1,0,1,-165,-22.5384934318055,-66.009737088179,-36.0119292096076,128.812416144868,0
6,2,0,1,-150,-22.5384934318055,-57.7991467100106,-60.0679802099323,126.860555913581,0
6,3,0,1,-135,-22.5384934318055,-47.6395520914282,-75.7634988596489,123.853607675312,0
6,4,0,1,-120,-22.5384934318055,-36.8076651391801,-87.4854835253263,120.085987246907,0
6,5,0,1,-105,-22.5384934318055,-25.8707116326198,-82.5329358971069,108.627676582288,0
6,6,71.9490237527478,1,-90,-22.5384934318055,-15.1678696397629,-73.1287756372549,94.9644806690598,0
6,7,139.716631769046,1,-75,-22.5384934318055,-4.98839999525499,-63.5782083919741,81.585071634478,20.4462405433008
6,8,199.364416996221,1,-60,-22.5384934318055,4.3491875147355,-53.3397723371438,68.6939629986204,72.438940622274
6,9,247.425866967745,1,-45,-22.5384934318055,12.4521793750631,-41.9770554100189,56.6536397618844,136.00973243695
6,10,281.107824907538,1,-30,-22.5384934318055,18.8377466047039,-29.205742711823,46.1565798535624,194.720563118199
6,11,298.452817849073,1,-15,-22.5384934318055,22.9743261394356,-15.0490698582063,38.5027888012443,233.562566248281
6,12,298.452817849073,1,0,-22.5384934318055,24.4134065681945,0,35.5865934318055,242.712859013018
6,13,281.107824907538,1,15,-22.5384934318055,22.9743261394356,15.0490698582063,38.5027888012443,219.988758863317
6,14,247.425866967745,1,30,-22.5384934318055,18.8377466047039,29.205742711823,46.1565798535624,171.389409604002
6,15,199.364416996221,1,45,-22.5384934318055,12.4521793750631,41.9770554100189,56.6536397618844,109.59040518039
6,16,139.716631769046,1,60,-22.5384934318055,4.3491875147355,53.3397723371438,68.6939629986204,50.7659538505005
6,17,71.9490237527479,1,75,-22.5384934318055,-4.98839999525499,63.5782083919741,81.585071634478,10.5290760869191
6,18,3.68183762240926e-14,1,90,-22.5384934318055,-15.1678696397629,73.1287756372549,94.9644806690598,0
6,19,0,1,105,-22.5384934318055,-25.8707116326198,82.5329358971069,108.627676582288,0
6,20,0,1,120,-22.5384934318055,-36.8076651391801,87.4854835253263,120.085987246907,0
6,21,0,1,135,-22.5384934318055,-47.6395520914282,75.7634988596489,123.853607675312,0
6,22,0,1,150,-22.5384934318055,-57.7991467100106,60.0679802099323,126.860555913581,0
6,23,0,1,165,-22.5384934318055,-66.009737088179,36.0119292096076,128.812416144868,0
7,0,0,1,-180,-22.4237066835802,-69.3756066835802,-1.84140396323902e-14,129.37560668358,0
7,1,0,1,-165,-22.4237066835802,-65.9080712943357,-35.8811156435482,128.698168113833,0
7,2,0,1,-150,-22.4237066835802,-57.7155073003027,-59.9206232180467,126.747687843624,0
7,3,0,1,-135,-22.4237066835802,-47.5658135276087,-75.6330321910162,123.742409740312,0
7,4,0,1,-120,-22.4237066835802,-36.7373015372892,-87.3722632447487,119.976191200499,0
7,5,0,1,-105,-22.4237066835802,-25.7994951174632,-82.6329560938753,108.614086056124,0
7,6,70.2792992260934,1,-90,-22.4237066835802,-15.0928694161685,-73.2187924127549,94.940445068499,0
7,7,136.474221036025,1,-75,-22.4237066835802,-4.90739610643229,-63.6598413630615,81.5496763306017,20.0551411104306
7,8,194.737757182952,1,-60,-22.4237066835802,4.43788618119628,-53.4128468379323,68.6453045883952,70.9118986732108
7,9,241.683842725353,1,-45,-22.4237066835802,12.5495692850907,-42.0392860090927,56.5887564957346,133.081892470741
7,10,274.58414181358,1,-30,-22.4237066835802,18.9436280357568,-29.2525960084382,46.0719759832414,190.493894787396
7,11,291.526608652347,1,-15,-22.4237066835802,23.0866625076813,-15.0747040482196,38.3978613580234,228.474254773728
7,12,291.526608652347,1,0,-22.4237066835802,24.5281933164198,0,35.4718066835802,237.419609446815
7,13,274.58414181358,1,15,-22.4237066835802,23.0866625076813,15.0747040482196,38.3978613580234,215.196161556405
7,14,241.683842725353,1,30,-22.4237066835802,18.9436280357568,29.2525960084382,46.0719759832414,167.669174934341
7,15,194.737757182952,1,45,-22.4237066835802,12.5495692850907,42.0392860090927,56.5887564957346,107.231286002291
7,16,136.474221036025,1,60,-22.4237066835802,4.43788618119628,53.4128468379323,68.6453045883952,49.6957871632465
7,17,70.2792992260935,1,75,-22.4237066835802,-4.90739610643229,63.6598413630615,81.5496763306017,10.3276739916283
7,18,3.59639303594174e-14,1,90,-22.4237066835802,-15.0928694161685,73.2187924127549,94.940445068499,0
7,19,0,1,105,-22.4237066835802,-25.7994951174632,82.6329560938753,108.614086056124,0
7,20,0,1,120,-22.4237066835802,-36.7373015372892,87.3722632447487,119.976191200499,0
7,21,0,1,135,-22.4237066835802,-47.5658135276087,75.6330321910162,123.742409740312,0
7,22,0,1,150,-22.4237066835802,-57.7155073003027,59.9206232180467,126.747687843624,0
7,23,0,1,165,-22.4237066835802,-65.9080712943357,35.8811156435482,128.698168113833,0
8,0,0,1,-180,-22.3022753071214,-69.2541753071213,-1.83269406323638e-14,129.254175307121,0
8,1,0,1,-165,-22.3022753071214,-65.8004002429309,-35.7438556819731,128.577304764561,0
8,2,0,1,-150,-22.3022753071214,-57.6268408910605,-59.7654763864164,126.628280025272,0
8,3,0,1,-135,-22.3022753071214,-47.4876459103643,-75.4954128809356,123.624764644214,0
8,4,0,1,-120,-22.3022753071214,-36.662748304746,-87.2527148968885,119.860027154339,0
8,5,0,1,-105,-22.3022753071214,-25.7240817355713,-82.7386353222637,108.59962569934,0
8,6,68.6188880447048,1,-90,-22.3022753071214,-15.0134890062557,-73.3139507987245,94.9149974395418,0
8,7,133.249895735761,1,-75,-22.3022753071214,-4.82169238388611,-63.7461782346853,81.5122657670329,19.6673756289326
8,8,190.136903830318,1,-60,-22.3022753071214,4.53171149121549,-53.4901705044779,68.5939098175368,69.3953586365172
8,9,235.973846193783,1,-45,-22.3022753071214,12.6525811587916,-42.105170218438,56.5202298086723,130.173208396393
8,10,268.096846346496,1,-30,-22.3022753071214,19.0556257716648,-29.3022262315426,45.9825849749674,186.29432730111
8,11,284.639032281937,1,-15,-22.3022753071214,23.2054971484034,-15.1018688014411,38.2869120655744,223.418278496513
8,12,284.639032281937,1,0,-22.3022753071214,24.6496246928786,0,35.3503753071214,232.159910067459
8,13,268.096846346496,1,15,-22.3022753071214,23.2054971484034,15.1018688014411,38.2869120655744,210.434020242696
8,14,235.973846193783,1,30,-22.3022753071214,19.0556257716648,29.3022262315426,45.9825849749674,163.972793922799
8,15,190.136903830319,1,45,-22.3022753071214,12.6525811587916,42.105170218438,56.5202298086723,104.88760176339
8,16,133.249895735761,1,60,-22.3022753071214,4.53171149121549,53.4901705044779,68.5939098175368,48.6329803240815
8,17,68.6188880447049,1,75,-22.3022753071214,-4.82169238388611,63.7461782346853,81.5122657670329,10.1279887609901
8,18,3.51142504002682e-14,1,90,-22.3022753071214,-15.0134890062557,73.3139507987245,94.9149974395418,0
8,19,0,1,105,-22.3022753071214,-25.7240817355713,82.7386353222637,108.59962569934,0
8,20,0,1,120,-22.3022753071214,-36.662748304746,87.2527148968885,119.860027154339,0
8,21,0,1,135,-22.3022753071214,-47.4876459103643,75.4954128809356,123.624764644214,0
8,22,0,1,150,-22.3022753071214,-57.6268408910605,59.7654763864164,126.628280025272,0
8,23,0,1,165,-22.3022753071214,-65.8004002429309,35.7438556819731,128.577304764561,0
9,0,0,1,-180,-22.1742352851665,-69.1261352851665,-1.82361509371669e-14,129.126135285166,0
9,1,0,1,-165,-22.1742352851665,-65.6867373993422,-35.6003642034729,128.449861611979,0
9,2,0,1,-150,-22.1742352851665,-57.5331442640262,-59.6027051879666,126.50236685166,0
9,3,0,1,-135,-22.1742352851665,-47.4050463979413,-75.3507473647507,123.500705600019,0
9,4,0,1,-120,-22.1742352851665,-36.5840085265623,-87.1269111564545,119.737527561397,0
9,5,0,1,-105,-22.1742352851665,-25.6444816986942,-82.8499207783228,108.58428590062,0
9,6,66.9682822242496,1,-90,-22.1742352851665,-14.92974569313,-73.4142114001673,94.8881419623224,0
9,7,130.044611305427,1,-75,-22.1742352851665,-4.73131262223264,-63.8371902185103,81.4728568697477,19.2827455023423
9,8,185.563220270463,1,-60,-22.1742352851665,4.63063413698577,-53.5717240980453,68.5398077321883,67.8891774943837
9,9,230.297569368241,1,-45,-22.1742352851665,12.7611816813058,-42.1746976680019,56.4480994581788,127.283652308341
9,10,261.647860831941,1,-30,-22.1742352851665,19.1737043565012,-29.3546301193245,45.8884526368943,182.121959365022
9,11,277.792129675366,1,-15,-22.1742352851665,23.3307940511986,-15.1305643152634,38.1699830785698,218.394829250151
9,12,277.792129675366,1,0,-22.1742352851665,24.7776647148335,0,35.2223352851665,226.933982395324
9,13,261.647860831941,1,15,-22.1742352851665,23.3307940511986,15.1305643152634,38.1699830785698,205.702515607037
9,14,230.297569368241,1,30,-22.1742352851665,19.1737043565012,29.3546301193245,45.8884526368943,160.300353448278
9,15,185.563220270463,1,45,-22.1742352851665,12.7611816813058,42.1746976680019,56.4480994581788,102.559329978664
9,16,130.044611305427,1,60,-22.1742352851665,4.63063413698577,53.5717240980453,68.5398077321883,47.577433104655
9,17,66.9682822242497,1,75,-22.1742352851665,-4.73131262223264,63.8371902185103,81.4728568697477,9.92991812499154
9,18,3.42695881251547e-14,1,90,-22.1742352851665,-14.92974569313,73.4142114001673,94.8881419623224,0
9,19,0,1,105,-22.1742352851665,-25.6444816986942,82.8499207783228,108.58428590062,0
9,20,0,1,120,-22.1742352851665,-36.5840085265623,87.1269111564545,119.737527561397,0
9,21,0,1,135,-22.1742352851665,-47.4050463979413,75.3507473647507,123.500705600019,0
9,22,0,1,150,-22.1742352851665,-57.5331442640262,59.6027051879666,126.50236685166,0
9,23,0,1,165,-22.1742352851665,-65.6867373993422,35.6003642034729,128.449861611979,0
10,0,0,1,-180,-22.0396245587375,-68.9915245587375,-1.81418424912084e-14,128.991524558737,0
10,1,0,1,-165,-22.0396245587375,-65.5670975679827,-35.4508624152038,128.315876110479,0
10,2,0,1,-150,-22.0396245587375,-57.4344147154522,-59.4324817699913,126.369984609195,0
10,3,0,1,-135,-22.0396245587375,-47.3180124757315,-75.1991469046541,123.370267663274,0
10,4,0,1,-120,-22.0396245587375,-36.5010857699241,-86.9949281460942,119.608726682118,0
10,5,0,1,-105,-22.0396245587375,-25.560705974792,-82.9667570996123,108.568056661038,0
10,6,65.3279708748555,1,-90,-22.0396245587375,-14.8416578237046,-73.5195328889875,94.8598831046207,0
10,7,126.859317539977,1,-75,-22.0396245587375,-4.63628198297246,-63.9328471026298,81.4314674890025,18.9010595621899
10,8,181.018061784532,1,-60,-22.0396245587375,4.73462317506879,-53.6574874313936,68.4830289346844,66.3932256655384
10,9,224.656694252053,1,-45,-22.0396245587375,12.8753357009806,-42.2478574984444,56.3724073608986,124.413216000647
10,10,255.239096243502,1,-30,-22.0396245587375,19.2978263911658,-29.4098042983504,45.7896273350119,177.976914702327
10,11,270.987929717645,1,-15,-22.0396245587375,23.4625152413046,-15.1607908444919,38.0471189240101,213.404127188728
10,12,270.987929717645,1,0,-22.0396245587375,24.9122754412626,0,35.0877245587374,221.742076871462
10,13,255.239096243502,1,15,-22.0396245587375,23.4625152413046,15.1607908444919,38.0471189240101,201.00185500896
10,14,224.656694252053,1,30,-22.0396245587375,19.2978263911658,29.4098042983504,45.7896273350119,156.651962409627
10,15,181.018061784532,1,45,-22.0396245587375,12.8753357009806,42.2478574984444,56.3724073608986,100.246464036144
10,16,126.859317539977,1,60,-22.0396245587375,4.73462317506879,53.6574874313936,68.4830289346844,46.5290546930803
10,17,65.3279708748556,1,75,-22.0396245587375,-4.63628198297246,63.9328471026298,81.4314674890025,9.73336363876895
10,18,3.34301938257381e-14,1,90,-22.0396245587375,-14.8416578237046,73.5195328889875,94.8598831046207,0
10,19,0,1,105,-22.0396245587375,-25.560705974792,82.9667570996123,108.568056661038,0
10,20,0,1,120,-22.0396245587375,-36.5010857699241,86.9949281460942,119.608726682118,0
10,21,0,1,135,-22.0396245587375,-47.3180124757315,75.1991469046541,123.370267663274,0
10,22,0,1,150,-22.0396245587375,-57.4344147154522,59.4324817699913,126.369984609195,0
10,23,0,1,165,-22.0396245587375,-65.5670975679827,35.4508624152038,128.315876110479,0
11,0,0,1,-180,-21.8984830158976,-68.8503830158976,-1.80441898656979e-14,128.850383015898,0
11,1,0,1,-165,-21.8984830158976,-65.4414969663465,-35.2955770762952,128.175387643753,0
11,2,0,1,-150,-21.8984830158976,-57.3306501544542,-59.2549845574094,126.231171469877,0
11,3,0,1,-135,-21.8984830158976,-47.2265420279007,-75.0407274076967,123.233487726716,0
11,4,0,1,-120,-21.8984830158976,-36.4139841300812,-86.8568453353704,119.473660580241,0
11,5,0,1,-105,-21.8984830158976,-25.4727663148568,-83.0890864299088,108.550927618417,0
11,6,63.698440056176,1,-90,-21.8984830158976,-14.7492448216967,-73.6298720481243,94.8302256297215,0
11,7,123.694958310696,1,-75,-21.8984830158976,-4.53662699768889,-64.0331172817987,81.3881163939789,18.5221345468119
11,8,176.502775201078,1,-60,-21.8984830158976,4.84364602962745,-53.7474393890999,68.4236055697521,64.9073879410567
11,9,219.052892358257,1,-45,-21.8984830158976,12.9950062363227,-42.3246383752078,56.2931975785177,121.561912397598
11,10,248.87245163644,1,-30,-21.8984830158976,19.4279525424312,-29.4677452943687,45.6861599888913,173.85934391374
11,11,264.228448640069,1,-15,-21.8984830158976,23.6006207901461,-15.1925487084705,37.9183665014403,208.446422918306
11,12,264.228448640069,1,0,-21.8984830158976,25.0534169841024,0,34.9465830158976,216.58447504243
11,13,248.87245163644,1,15,-21.8984830158976,23.6006207901461,15.1925487084705,37.9183665014403,196.332274490213
11,14,219.052892358257,1,30,-21.8984830158976,19.4279525424312,29.4677452943687,45.6861599888913,153.027753362788
11,15,176.502775201078,1,45,-21.8984830158976,12.9950062363227,42.3246383752078,56.2931975785177,97.9490143496277
11,16,123.694958310696,1,60,-21.8984830158976,4.84364602962745,53.7474393890999,68.4236055697521,45.4877643497594
11,17,63.6984400561761,1,75,-21.8984830158976,-4.53662699768889,64.0331172817987,81.3881163939789,9.53823092917851
11,18,3.25963162326651e-14,1,90,-21.8984830158976,-14.7492448216967,73.6298720481243,94.8302256297215,0
11,19,0,1,105,-21.8984830158976,-25.4727663148568,83.0890864299088,108.550927618417,0
11,20,0,1,120,-21.8984830158976,-36.4139841300812,86.8568453353704,119.473660580241,0
11,21,0,1,135,-21.8984830158976,-47.2265420279007,75.0407274076967,123.233487726716,0
11,22,0,1,150,-21.8984830158976,-57.3306501544542,59.2549845574094,126.231171469877,0
11,23,0,1,165,-21.8984830158976,-65.4414969663465,35.2955770762952,128.175387643753,0
12,0,0,1,-180,-21.7508524799322,-68.7027524799322,-1.79433695336352e-14,128.702752479932,0
12,1,0,1,-165,-21.7508524799322,-65.3099532981298,-35.1347397202517,128.028437514087,0
12,2,0,1,-150,-21.7508524799322,-57.2218492026876,-59.070397844925,126.085967483105,0
12,3,0,1,-135,-21.7508524799322,-47.1306334107086,-74.8756092368877,123.090404514455,0
12,4,0,1,-120,-21.7508524799322,-36.3227082774662,-86.7127454357559,119.332367118208,0
12,5,0,1,-105,-21.7508524799322,-25.3806752804266,-83.2168484863899,108.532888072729,0
12,6,62.0801726333609,1,-90,-21.7508524799322,-14.6525272008546,-73.7451838172864,94.7991746045086,0
12,7,120.552471285517,1,-75,-21.7508524799322,-4.4323755711302,-64.1379677886765,81.3428232670047,18.1457955640893
12,8,172.018698496963,1,-60,-21.7508524799322,4.95766849600369,-53.8415579484748,68.3615713098176,63.4315643810267
12,9,213.487824214293,1,-45,-21.7508524799322,13.120154483413,-42.4050285029429,56.2105163026607,118.72977691844
12,10,242.549813584956,1,-30,-21.7508524799322,19.5640415525015,-29.5284495434162,45.5781040670641,169.769426247639
12,11,257.515689422761,1,-15,-21.7508524799322,23.7450688264325,-15.2258382984618,37.7837750833546,203.521999522856
12,12,257.515689422761,1,0,-21.7508524799322,25.2010475200678,0,34.7989524799322,211.461491636213
12,13,242.549813584956,1,15,-21.7508524799322,23.7450688264325,15.2258382984618,37.7837750833546,191.694040682956
12,14,213.487824214293,1,30,-21.7508524799322,19.5640415525015,29.5284495434162,45.5781040670641,149.427884078841
12,15,172.018698496963,1,45,-21.7508524799322,13.120154483413,42.4050285029429,56.2105163026607,95.6670094583196
12,16,120.552471285517,1,60,-21.7508524799322,4.95766849600369,53.8415579484748,68.3615713098176,44.4534920357752
12,17,62.080172633361,1,75,-21.7508524799322,-4.4323755711302,64.1379677886765,81.3428232670047,9.34442993308983
12,18,3.1768202441863e-14,1,90,-21.7508524799322,-14.6525272008546,73.7451838172864,94.7991746045086,0
12,19,0,1,105,-21.7508524799322,-25.3806752804266,83.2168484863899,108.532888072729,0
12,20,0,1,120,-21.7508524799322,-36.3227082774662,86.7127454357559,119.332367118208,0
12,21,0,1,135,-21.7508524799322,-47.1306334107086,74.8756092368877,123.090404514455,0
12,22,0,1,150,-21.7508524799322,-57.2218492026876,59.070397844925,126.085967483105,0
12,23,0,1,165,-21.7508524799322,-65.3099532981298,35.1347397202517,128.028437514087,0
13,0,0,1,-180,-21.5967766969551,-68.5486766969551,-1.78395591665879e-14,128.548676696955,0
13,1,0,1,-165,-21.5967766969551,-65.1724858249312,-34.968585880752,127.875068931083,0
13,2,0,1,-150,-21.5967766969551,-57.1080112948596,-58.8789113795593,125.934414566975,0
13,3,0,1,-135,-21.5967766969551,-47.0302855272348,-74.7039170158315,122.941058575709,0
13,4,0,1,-120,-21.5967766969551,-36.2272635058782,-86.5627142918453,119.184885952141,0
13,5,0,1,-105,-21.5967766969551,-25.2844462716879,-83.3499806291504,108.513927012511,0
13,6,60.4736481339727,1,-90,-21.5967766969551,-14.5515265783556,-73.8654213401775,94.766735407766,0
13,7,117.432787651166,1,-75,-21.5967766969551,-4.32355698413676,-64.2473643259923,81.2956086973351,17.7718765373724
13,8,167.567160400889,1,-60,-21.5967766969551,5.07665474466498,-53.9398202009999,68.2969613394006,61.965671170305
13,9,207.963138869958,1,-45,-21.5967766969551,13.2507398237957,-42.4890156402336,56.1244118387747,115.916868773324
13,10,236.273055623157,1,-30,-21.5967766969551,19.7060502490855,-29.5919134031897,45.4655155820096,165.707371276305
13,11,250.851641201152,1,-15,-21.5967766969551,23.8958155478052,-15.2606600852644,37.6433963158175,198.631174480013
13,12,250.851641201152,1,0,-21.5967766969551,25.3551233030449,0,34.6448766969551,206.3734765244
13,13,236.273055623157,1,15,-21.5967766969551,23.8958155478052,15.2606600852644,37.6433963158175,187.087452614177
13,14,207.963138869958,1,30,-21.5967766969551,19.7060502490855,29.5919134031897,45.4655155820096,145.852539019402
13,15,167.567160400889,1,45,-21.5967766969551,13.2507398237957,42.4890156402336,56.1244118387747,93.4004970710433
13,16,117.432787651166,1,60,-21.5967766969551,5.07665474466498,53.9398202009999,68.2969613394006,43.426179012614
13,17,60.4736481339728,1,75,-21.5967766969551,-4.32355698413676,64.2473643259923,81.2956086973351,9.15187512702117
13,18,3.09460978413202e-14,1,90,-21.5967766969551,-14.5515265783556,73.8654213401775,94.766735407766,0
13,19,0,1,105,-21.5967766969551,-25.2844462716879,83.3499806291504,108.513927012511,0
13,20,0,1,120,-21.5967766969551,-36.2272635058782,86.5627142918453,119.184885952141,0
13,21,0,1,135,-21.5967766969551,-47.0302855272348,74.7039170158315,122.941058575709,0
13,22,0,1,150,-21.5967766969551,-57.1080112948596,58.8789113795593,125.934414566975,0
13,23,0,1,165,-21.5967766969551,-65.1724858249312,34.968585880752,127.875068931083,0
14,0,0,1,-180,-21.4363013229461,-68.3882013229461,-1.77329369574121e-14,128.388201322946,0
14,1,0,1,-165,-21.4363013229461,-65.029115436062,-34.7973543250819,127.71532699984,0
14,2,0,1,-150,-21.4363013229461,-56.9891367795879,-58.6807199350582,125.776556499048,0
14,3,0,1,-135,-21.4363013229461,-46.925497903219,-74.525779427374,122.785492278042,0
14,4,0,1,-120,-21.4363013229461,-36.1276557815592,-86.4068407690319,119.031258526369,0
14,5,0,1,-105,-21.4363013229461,-25.1840935560642,-83.4884179329043,108.494033142251,0
14,6,58.8793426058921,1,-90,-21.4363013229461,-14.4462656883074,-73.9905360131028,94.7329137386596,0
14,7,114.336831837232,1,-75,-21.4363013229461,-4.21020189637248,-64.3612712995474,81.2464941744738,17.4002206338706
14,8,163.149479999666,1,-60,-21.4363013229461,5.20056732554461,-54.0422023742171,68.2298123385713,60.5096414316673
14,9,202.48047340875,1,-45,-21.4363013229461,13.3867198328567,-42.5765871145653,56.0349345889604,113.123272187623
14,10,230.044037689892,1,-30,-21.4363013229461,19.8539335559887,-29.65813316464,45.3484530847223,161.673420474479
14,11,244.238278676552,1,-15,-21.4363013229461,24.0528152330331,-15.2970146270485,37.4972842193319,193.774301462204
14,12,244.238278676552,1,0,-21.4363013229461,25.5155986770539,0,34.4844013229461,201.320816566004
14,13,230.044037689892,1,15,-21.4363013229461,24.0528152330331,15.2970146270485,37.4972842193319,182.512843402148
14,14,202.48047340875,1,30,-21.4363013229461,19.8539335559887,29.65813316464,45.3484530847223,142.301930726035
14,15,163.149479999666,1,45,-21.4363013229461,13.3867198328567,42.5765871145653,56.0349345889604,91.1495450527417
14,16,114.336831837232,1,60,-21.4363013229461,5.20056732554461,54.0422023742171,68.2298123385713,42.4057784120301
14,17,58.8793426058921,1,75,-21.4363013229461,-4.21020189637248,64.3612712995474,81.2464941744738,8.96048574774451
14,18,3.01302460383722e-14,1,90,-21.4363013229461,-14.4462656883074,73.9905360131028,94.7329137386596,0
14,19,0,1,105,-21.4363013229461,-25.1840935560642,83.4884179329043,108.494033142251,0
14,20,0,1,120,-21.4363013229461,-36.1276557815592,86.4068407690319,119.031258526369,0
14,21,0,1,135,-21.4363013229461,-46.925497903219,74.525779427374,122.785492278042,0
14,22,0,1,150,-21.4363013229461,-56.9891367795879,58.6807199350582,125.776556499048,0
14,23,0,1,165,-21.4363013229461,-65.029115436062,34.7973543250819,127.71532699984,0
15,0,0,1,-180,-21.2694739102218,-68.2213739102218,-1.76236809725637e-14,128.221373910222,0
15,1,0,1,-165,-21.2694739102218,-64.879864716028,-34.6212862992288,127.549258708559,0
15,2,0,1,-150,-21.2694739102218,-56.865227020127,-58.4760228797118,125.612438906587,0
15,3,0,1,-135,-21.2694739102218,-46.8162707637268,-74.3413290067512,122.623749800105,0
15,4,0,1,-120,-21.2694739102218,-36.0238917929923,-86.2452166378709,118.871528067479,0
15,5,0,1,-105,-21.2694739102218,-25.0796322971847,-83.6320932607165,108.473194910691,0
15,6,57.297728476255,1,-90,-21.2694739102218,-14.3367683952892,-74.1204775348437,94.6977156253704,0
15,7,111.265521242239,1,-75,-21.2694739102218,-4.09234234882053,-64.4796518519653,81.1955020810144,17.0306806748031
15,8,158.766966347338,1,-60,-21.2694739102218,5.3293671727996,-54.148679853998,68.1601624654491,59.0634259947264
15,9,197.041452462771,1,-45,-21.2694739102218,13.5280502887017,-42.6677298374751,55.9421370337155,110.349097551954
15,10,223.864605577607,1,-30,-21.2694739102218,20.0076445042289,-29.727105063749,45.2269776588319,157.667848696569
15,11,237.677561531004,1,-15,-21.2694739102218,24.2160202547535,-15.3349025773908,37.3454951899874,188.951772018899
15,12,237.677561531004,1,0,-21.2694739102218,25.6824260897782,0,34.3175739102218,196.303937328561
15,13,223.864605577607,1,15,-21.2694739102218,24.2160202547535,15.3349025773908,37.3454951899874,177.970581840907
15,14,197.041452462772,1,30,-21.2694739102218,20.0076445042289,29.727105063749,45.2269776588319,138.776301120467
15,15,158.766966347338,1,45,-21.2694739102218,13.5280502887017,42.6677298374751,55.9421370337155,88.9142423511134
15,16,111.265521242239,1,60,-21.2694739102218,5.3293671727996,54.148679853998,68.1601624654491,41.3922557749106
15,17,57.2977284762551,1,75,-21.2694739102218,-4.09234234882053,64.4796518519653,81.1955020810144,8.77018600349871
15,18,2.9320888787516e-14,1,90,-21.2694739102218,-14.3367683952892,74.1204775348437,94.6977156253704,0
15,19,0,1,105,-21.2694739102218,-25.0796322971847,83.6320932607165,108.473194910691,0
15,20,0,1,120,-21.2694739102218,-36.0238917929923,86.2452166378709,118.871528067479,0
15,21,0,1,135,-21.2694739102218,-46.8162707637268,74.3413290067512,122.623749800105,0
15,22,0,1,150,-21.2694739102218,-56.865227020127,58.4760228797118,125.612438906587,0
15,23,0,1,165,-21.2694739102218,-64.879864716028,34.6212862992288,127.549258708559,0
16,0,0,1,-180,-21.0963438933451,-68.0482438933451,-1.75119685371241e-14,128.048243893345,0
16,1,0,1,-165,-21.0963438933451,-64.7247580092763,-34.4406247884362,127.376912915603,0
16,2,0,1,-150,-21.0963438933451,-56.7362844944896,-58.2650237391462,125.442109256246,0
16,3,0,1,-135,-21.0963438933451,-46.7026051103442,-74.1507019297529,122.455877123856,0
16,4,0,1,-120,-21.0963438933451,-35.9159790012464,-86.0779364553777,118.705739577873,0
16,5,0,1,-105,-21.0963438933451,-24.9710785841264,-83.78093733961,108.451400540024,0
16,6,55.7292744114622,1,-90,-21.0963438933451,-14.2230597078659,-74.2551939576848,94.6611474338495,0
16,7,108.2197659618,1,-75,-21.0963438933451,-3.97001176600169,-64.6024678970993,81.1426556849842,16.6631195266278
16,8,154.420918077283,1,-60,-21.0963438933451,5.46301361001187,-54.2592272071179,68.0880513377202,57.626994119068
16,9,191.647687731313,1,-45,-21.0963438933451,13.6746851815507,-42.7624303198261,55.8460737125492,107.594482495371
16,10,217.7365903854,1,-30,-21.0963438933451,20.1671342436786,-29.7988252934441,45.1011529142415,153.690965549124
16,11,231.171433846591,1,-15,-21.0963438933451,24.3853810927566,-15.3743246934878,37.1880880009242,184.16401713601
16,12,231.171433846591,1,0,-21.0963438933451,25.8555561066549,0,34.1444438933451,191.323304682398
16,13,217.7365903854,1,15,-21.0963438933451,24.3853810927566,15.3743246934878,37.1880880009242,173.46107386903
16,14,191.647687731313,1,30,-21.0963438933451,20.1671342436786,29.7988252934441,45.1011529142415,135.275922712609
16,15,154.420918077283,1,45,-21.0963438933451,13.6746851815507,42.7624303198261,55.8460737125492,86.6946998613367
16,16,108.219765961801,1,60,-21.0963438933451,5.46301361001187,54.2592272071179,68.0880513377202,40.3855895580577
16,17,55.7292744114622,1,75,-21.0963438933451,-3.97001176600169,64.6024678970993,81.1426556849842,8.5809052754579
16,18,2.85182659187721e-14,1,90,-21.0963438933451,-14.2230597078659,74.2551939576848,94.6611474338495,0
16,19,0,1,105,-21.0963438933451,-24.9710785841264,83.78093733961,108.451400540024,0
16,20,0,1,120,-21.0963438933451,-35.9159790012464,86.0779364553777,118.705739577873,0
16,21,0,1,135,-21.0963438933451,-46.7026051103442,74.1507019297529,122.455877123856,0
16,22,0,1,150,-21.0963438933451,-56.7362844944896,58.2650237391462,125.442109256246,0
16,23,0,1,165,-21.0963438933451,-64.7247580092763,34.4406247884362,127.376912915603,0
17,0,0,1,-180,-20.9169625744764,-67.8688625744764,-1.73979756551468e-14,127.868862574476,0
17,1,0,1,-165,-20.9169625744764,-64.5638214818383,-34.2556137967559,127.198340335991,0
17,2,0,1,-150,-20.9169625744764,-56.6023128945013,-58.0479297556607,125.265616843208,0
17,3,0,1,-135,-20.9169625744764,-46.584502798612,-73.9540377964345,122.281922026242,0
17,4,0,1,-120,-20.9169625744764,-35.8039256906922,-85.9050974435211,118.533939828804,0
17,5,0,1,-105,-20.9169625744764,-24.858449460822,-83.9348788378849,108.428638055916,0
17,6,54.1744451783029,1,-90,-20.9169625744764,-14.1051657920084,-74.3946317394747,94.6232158766665,0
17,7,105.200468518939,1,-75,-20.9169625744764,-3.84324495787441,-64.7296801550068,81.0879791316698,16.2974104726838
17,8,150.112623017399,1,-60,-20.9169625744764,5.6014643558573,-54.3738182040627,68.0135200131504,56.2003341701302
17,9,186.300777503271,1,-45,-20.9169625744764,13.8265767236594,-42.860674687142,55.7468012034278,104.859592879318
17,10,211.661807976426,1,-30,-20.9169625744764,20.3323520552387,-29.8732900156078,44.9710449802502,149.743116655355
17,11,224.721823529359,1,-15,-20.9169625744764,24.5608463478121,-15.4152818445295,37.0251238041487,179.411508668702
17,12,224.721823529359,1,0,-20.9169625744764,26.0349374255236,0,33.9650625744764,186.379426264235
17,13,211.661807976426,1,15,-20.9169625744764,24.5608463478121,15.4152818445295,37.0251238041487,168.984763919177
17,14,186.300777503271,1,30,-20.9169625744764,20.3323520552387,29.8732900156078,44.9710449802502,131.801099713571
17,15,150.112623017399,1,45,-20.9169625744764,13.8265767236594,42.860674687142,55.7468012034278,84.491051226958
17,16,105.200468518939,1,60,-20.9169625744764,5.6014643558573,54.3738182040627,68.0135200131504,39.3857716078506
17,17,54.174445178303,1,75,-20.9169625744764,-3.84324495787441,64.7296801550068,81.0879791316698,8.39257830911432
17,18,2.77226152666187e-14,1,90,-20.9169625744764,-14.1051657920084,74.3946317394747,94.6232158766665,0
17,19,0,1,105,-20.9169625744764,-24.858449460822,83.9348788378849,108.428638055916,0
17,20,0,1,120,-20.9169625744764,-35.8039256906922,85.9050974435211,118.533939828804,0
17,21,0,1,135,-20.9169625744764,-46.584502798612,73.9540377964345,122.281922026242,0
17,22,0,1,150,-20.9169625744764,-56.6023128945013,58.0479297556607,125.265616843208,0
17,23,0,1,165,-20.9169625744764,-64.5638214818383,34.2556137967559,127.198340335991,0
18,0,0,1,-180,-20.7313831081719,-67.6832831081719,-1.72818764674122e-14,127.683283108172,0
18,1,0,1,-165,-20.7313831081719,-64.397083179536,-34.0664976488578,127.013593527339,0
18,2,0,1,-150,-20.7313831081719,-56.463317223345,-57.8249514456958,125.083012779755,0
18,3,0,1,-135,-20.7313831081719,-46.4619666154065,-73.7514794109259,122.101934070324,0
18,4,0,1,-120,-20.7313831081719,-35.6877410199157,-85.7267993651619,118.356177352877,0
18,5,0,1,-105,-20.7313831081719,-24.7417629555264,-84.0938444439852,108.404895318321,0
18,6,52.633701506235,1,-90,-20.7313831081719,-13.9831139843528,-74.5387357966028,94.5839280219183,0
18,7,102.208523596648,1,-75,-20.7313831081719,-3.71207812137469,-64.8612481873965,81.0314974349049,15.9334375646094
18,8,145.843357808491,1,-60,-20.7313831081719,5.74467553026834,-54.4924258419908,67.9366109690719,54.7834542464367
18,9,181.002306183541,1,-45,-20.7313831081719,13.9836753597831,-42.9624486949416,55.6443781010092,102.144623710133
18,10,205.642058439817,1,-30,-20.7313831081719,20.5032453635478,-29.950495373137,44.8367224981223,145.824684808721
18,11,218.330641738039,1,-15,-20.7313831081719,24.742362756034,-15.4577750202099,36.85666613274,174.69476064416
18,12,218.330641738039,1,0,-20.7313831081719,26.2205168918281,0,33.7794831081719,181.472852806559
18,13,205.642058439817,1,15,-20.7313831081719,24.742362756034,15.4577750202099,36.85666613274,164.54213614514
18,14,181.002306183541,1,30,-20.7313831081719,20.5032453635478,29.950495373137,44.8367224981223,128.352169051017
18,15,145.843357808491,1,45,-20.7313831081719,13.9836753597831,42.9624486949416,55.6443781010092,82.3034535751415
18,16,102.208523596648,1,60,-20.7313831081719,5.74467553026834,54.4924258419908,67.9366109690719,38.392807599818
18,17,52.6337015062351,1,75,-20.7313831081719,-3.71207812137469,64.8612481873965,81.0314974349049,8.20514539524554
18,18,2.69341725995155e-14,1,90,-20.7313831081719,-13.9831139843528,74.5387357966028,94.5839280219183,0
18,19,0,1,105,-20.7313831081719,-24.7417629555264,84.0938444439852,108.404895318321,0
18,20,0,1,120,-20.7313831081719,-35.6877410199157,85.7267993651619,118.356177352877,0
18,21,0,1,135,-20.7313831081719,-46.4619666154065,73.7514794109259,122.101934070324,0
18,22,0,1,150,-20.7313831081719,-56.463317223345,57.8249514456958,125.083012779755,0
18,23,0,1,165,-20.7313831081719,-64.397083179536,34.0664976488578,127.013593527339,0
19,0,0,1,-180,-20.5396604856325,-67.4915604856325,-1.71638427481757e-14,127.491560485633,0
19,1,0,1,-165,-20.5396604856325,-64.224573082458,-33.8735203170548,126.822726875235,0
19,2,0,1,-150,-20.5396604856325,-56.3193038911641,-57.5963021570071,124.894349983272,0
19,3,0,1,-135,-20.5396604856325,-46.3350003559824,-73.543172557902,121.915964595832,0
19,4,0,1,-120,-20.5396604856325,-35.567435072651,-85.543144397713,118.172502435986,0
19,5,0,1,-105,-20.5396604856325,-24.6210381102335,-84.2577589467464,108.380160053029,0
19,6,51.1074999508605,1,-90,-20.5396604856325,-13.8569328052323,-74.6874495577708,94.5432913021705,0
19,7,99.2448177727806,1,-75,-20.5396604856325,-3.57654884155471,-64.9971304334574,80.9732364678038,15.5710959529158
19,8,141.614387525981,1,-60,-20.5396604856325,5.89260166111514,-54.6150223677756,67.8573680808196,53.376382756876
19,9,175.753843823527,1,-45,-20.5396604856325,14.1459297781969,-43.0677377440083,55.5388649936223,99.4497999680082
19,10,199.679125557278,1,-30,-20.5396604856325,20.6797597502306,-30.030437502005,44.6982566130625,141.936091012825
19,11,211.999782317729,1,-15,-20.5396604856325,24.9298752037823,-15.5018053393552,36.6827809034895,170.014330431114
19,12,211.999782317729,1,0,-20.5396604856325,26.4122395143675,0,33.5877604856325,176.604179329475
19,13,199.679125557278,1,15,-20.5396604856325,24.9298752037823,15.5018053393552,36.6827809034895,160.133715523404
19,14,175.753843823527,1,30,-20.5396604856325,20.6797597502306,30.030437502005,44.6982566130625,124.929501284471
19,15,141.614387525982,1,45,-20.5396604856325,14.1459297781969,43.0677377440083,55.5388649936223,80.132088184609
19,16,99.2448177727807,1,60,-20.5396604856325,5.89260166111514,54.6150223677756,67.8573680808196,37.4067174432009
19,17,51.1074999508605,1,75,-20.5396604856325,-3.57654884155471,64.9971304334574,80.9732364678038,8.01855254014836
19,18,2.61531715500408e-14,1,90,-20.5396604856325,-13.8569328052323,74.6874495577708,94.5432913021705,0
19,19,0,1,105,-20.5396604856325,-24.6210381102335,84.2577589467464,108.380160053029,0
19,20,0,1,120,-20.5396604856325,-35.567435072651,85.543144397713,118.172502435986,0
19,21,0,1,135,-20.5396604856325,-46.3350003559824,73.543172557902,121.915964595832,0
19,22,0,1,150,-20.5396604856325,-56.3193038911641,57.5963021570071,124.894349983272,0
19,23,0,1,165,-20.5396604856325,-64.224573082458,33.8735203170548,126.822726875235,0
20,0,0,1,-180,-20.3418515184091,-67.2937515184091,-1.7044043442014e-14,127.293751518409,0
20,1,0,1,-165,-20.3418515184091,-64.0463231554521,-33.6769247761966,126.625796578069,0
20,2,0,1,-150,-20.3418515184091,-56.1702808083151,-57.3621976271157,124.699683163669,0
20,3,0,1,-135,-20.3418515184091,-46.2036089003918,-73.3292657762948,121.724066709131,0
20,4,0,1,-120,-20.3418515184091,-35.4430189085625,-85.354237004795,117.982967108682,0
20,5,0,1,-105,-20.3418515184091,-24.4962950099355,-84.4265453168548,108.354419883904,0
20,6,49.5962927586382,1,-90,-20.3418515184091,-13.7266519714148,-74.8407150184373,94.5013135233972,0
20,7,96.3102292573335,1,-75,-20.3418515184091,-3.43669609227845,-65.1372842459744,80.9132229529171,15.2102921961282
20,8,137.426965305032,1,-60,-20.3418515184091,6.04519569143065,-54.7415793010525,67.7758365990952,51.9791689468093
20,9,170.556945655896,1,-45,-20.3418515184091,14.3132869222846,-43.1765268955315,55.4303244389481,96.775377350506
20,10,193.774776274512,1,-30,-20.3418515184091,20.8618389676901,-30.113112543281,44.5557209655532,138.077795405108
20,11,205.731121238707,1,-15,-20.3418515184091,25.1233267430984,-15.5473740586475,36.5035364200145,165.370819773228
20,12,205.731121238707,1,0,-20.3418515184091,26.610048481591,0,33.389951518409,171.774046192073
20,13,193.774776274512,1,15,-20.3418515184091,25.1233267430984,15.5473740586475,36.5035364200145,155.76006882648
20,14,170.556945655896,1,30,-20.3418515184091,20.8618389676901,30.113112543281,44.5557209655532,121.53350141833
20,15,137.426965305032,1,45,-20.3418515184091,14.3132869222846,43.1765268955315,55.4303244389481,77.9771610847301
20,16,96.3102292573335,1,60,-20.3418515184091,6.04519569143065,54.7415793010525,67.7758365990952,36.4275356496544
20,17,49.5962927586383,1,75,-20.3418515184091,-3.43669609227845,65.1372842459744,80.9132229529171,7.83275162483493
20,18,2.5379843545661e-14,1,90,-20.3418515184091,-13.7266519714148,74.8407150184373,94.5013135233972,0
20,19,0,1,105,-20.3418515184091,-24.4962950099355,84.4265453168548,108.354419883904,0
20,20,0,1,120,-20.3418515184091,-35.4430189085625,85.354237004795,117.982967108682,0
20,21,0,1,135,-20.3418515184091,-46.2036089003918,73.3292657762948,121.724066709131,0
20,22,0,1,150,-20.3418515184091,-56.1702808083151,57.3621976271157,124.699683163669,0
20,23,0,1,165,-20.3418515184091,-64.0463231554521,33.6769247761966,126.625796578069,0
21,0,0,1,-180,-20.1380148215676,-67.0899148215676,-1.69226442414154e-14,127.089914821568,0
21,1,0,1,-165,-20.1380148215676,-63.86236739442,-33.4769523887592,126.422860631294,0
21,2,0,1,-150,-20.1380148215676,-56.0162574758821,-57.1228555445818,124.499068810218,0
21,3,0,1,-135,-20.1380148215676,-46.0677982890054,-73.109910130834,121.526295272592,0
21,4,0,1,-120,-20.1380148215676,-35.3145046137006,-85.1601838061626,117.78762513694,0
21,5,0,1,-105,-20.1380148215676,-24.3675548116193,-84.6001247893423,108.327662365751,0
21,6,48.100527732874,1,-90,-20.1380148215676,-13.5923024084798,-74.9984727958136,94.4580028738885,0
21,7,93.4056276322177,1,-75,-20.1380148215676,-3.29256023643385,-65.2816659276383,80.8514844517962,14.8509445479258
21,8,133.282331969219,1,-60,-20.1380148215676,6.20240898720472,-54.872067457193,67.692063126238,50.5918833718808
21,9,165.413151633734,1,-45,-20.1380148215676,14.4856920027115,-43.288800886056,55.318820938354,94.1216429288863
21,10,187.930760177639,1,-30,-20.1380148215676,21.0494249534476,-30.1985166550575,44.4091916820054,134.250298062061
21,11,199.526516040538,1,-15,-20.1380148215676,25.3226586076717,-15.5944825814208,36.3190033763954,160.764875683736
21,12,199.526516040539,1,0,-20.1380148215676,26.8138851784324,0,33.1861148215676,166.983140000612
21,13,187.930760177639,1,15,-20.1380148215676,25.3226586076717,15.5944825814208,36.3190033763954,151.421805465544
21,14,165.413151633734,1,30,-20.1380148215676,21.0494249534476,30.1985166550575,44.4091916820054,118.164609610599
21,15,133.282331969219,1,45,-20.1380148215676,14.4856920027115,43.288800886056,55.318820938354,75.8389035843614
21,16,93.4056276322177,1,60,-20.1380148215676,6.20240898720472,54.872067457193,67.692063126238,35.4553116652988
21,17,48.100527732874,1,75,-20.1380148215676,-3.29256023643385,65.2816659276383,80.8514844517962,7.64770055289994
21,18,2.46144177401534e-14,1,90,-20.1380148215676,-13.5923024084798,74.9984727958136,94.4580028738885,0
21,19,0,1,105,-20.1380148215676,-24.3675548116193,84.6001247893423,108.327662365751,0
21,20,0,1,120,-20.1380148215676,-35.3145046137006,85.1601838061626,117.78762513694,0
21,21,0,1,135,-20.1380148215676,-46.0677982890054,73.109910130834,121.526295272592,0
21,22,0,1,150,-20.1380148215676,-56.0162574758821,57.1228555445818,124.499068810218,0
21,23,0,1,165,-20.1380148215676,-63.86236739442,33.4769523887592,126.422860631294,0
22,0,0,1,-180,-19.9282107963205,-66.8801107963205,-1.67998072053354e-14,126.880110796321,0
22,1,0,1,-165,-19.9282107963205,-63.67274186824,-33.2738423221324,126.213978811149,0
22,2,0,1,-150,-19.9282107963205,-55.8572450730872,-56.8784951146163,124.292565177802,0
22,3,0,1,-135,-19.9282107963205,-45.9275757968637,-72.885258982017,121.322706893343,0
22,4,0,1,-120,-19.9282107963205,-35.1819053504636,-84.9610934461929,117.586532012312,0
22,5,0,1,-105,-19.9282107963205,-24.2348397728933,-84.7784169469481,108.29987501776,0
22,6,46.620648101026,1,-90,-19.9282107963205,-13.4539162627692,-75.1606621842893,94.4133679330949,0
22,7,90.5318735935812,1,-75,-19.9282107963205,-3.14418302562041,-65.4302307674566,80.7880493539441,14.4929832217475
22,8,129.181715662849,1,-60,-19.9282107963205,6.36419134577197,-55.0064569701306,67.6060955913778,49.2146183184987
22,9,160.323985974222,1,-45,-19.9282107963205,14.663088510194,-43.4045441421727,55.2044209098369,91.4889157156872
22,10,182.148808974752,1,-30,-19.9282107963205,21.2424578450339,-30.2866460242397,44.2587473646748,130.454139683938
22,11,193.387805281651,1,-15,-19.9282107963205,25.5278102293343,-15.6431324665088,36.1292548613803,156.197191199006
22,12,193.387805281651,1,0,-19.9282107963205,27.0236892036795,0,32.9763107963205,162.232194371168
22,13,182.148808974752,1,15,-19.9282107963205,25.5278102293343,15.6431324665088,36.1292548613803,147.119578200209
22,14,160.323985974222,1,30,-19.9282107963205,21.2424578450339,30.2866460242397,44.2587473646748,114.823301775561
22,15,129.181715662849,1,45,-19.9282107963205,14.663088510194,43.4045441421727,55.2044209098369,73.7175727291767
22,16,90.5318735935812,1,60,-19.9282107963205,6.36419134577197,55.0064569701306,67.6060955913778,34.4901101653972
22,17,46.620648101026,1,75,-19.9282107963205,-3.14418302562041,65.4302307674566,80.7880493539441,7.46336338678262
22,18,2.38571209457036e-14,1,90,-19.9282107963205,-13.4539162627692,75.1606621842893,94.4133679330949,0
22,19,0,1,105,-19.9282107963205,-24.2348397728933,84.7784169469481,108.29987501776,0
22,20,0,1,120,-19.9282107963205,-35.1819053504636,84.9610934461929,117.586532012312,0
22,21,0,1,135,-19.9282107963205,-45.9275757968637,72.885258982017,121.322706893343,0
22,22,0,1,150,-19.9282107963205,-55.8572450730872,56.8784951146163,124.292565177802,0
22,23,0,1,165,-19.9282107963205,-63.67274186824,33.2738423221324,126.213978811149,0
23,0,0,1,-180,-19.7125016121285,-66.6644016121285,-1.66756904185443e-14,126.664401612129,0
23,1,0,1,-165,-19.7125016121285,-63.4774847561829,-33.0678309997827,125.999212657813,0
23,2,0,1,-150,-19.7125016121285,-55.6932565412576,-56.6293366305108,124.080232272562,0
23,3,0,1,-135,-19.7125016121285,-45.7829500065984,-72.6554677551104,121.113359911396,0
23,4,0,1,-120,-19.7125016121285,-35.0452354068982,-84.7570764612213,117.379744941464,0
23,5,0,1,-105,-19.7125016121285,-24.0981732801413,-84.9613398041698,108.271045357472,0
23,6,45.1570923833676,1,-90,-19.7125016121285,-13.3115269128479,-75.3272212111642,94.3674176803733,0
23,7,87.6898186967662,1,-75,-19.7125016121285,-2.99160759927281,-65.5829330771722,80.7229468651375,14.1363506323533
23,8,125.126331487031,1,-60,-19.7125016121285,6.53049100481819,-55.1447173149624,67.5179832244521,47.8474881700544
23,9,155.290956706978,1,-45,-19.7125016121285,14.8454182288808,-43.5237407948883,55.0871926595248,88.8775471421751
23,10,176.430635982777,1,-30,-19.7125016121285,21.4408759954372,-30.3774968781449,44.1044690807851,126.689902157203
23,11,187.316807994525,1,-15,-19.7125016121285,25.7387192550809,-15.6933254371192,35.9343663632103,151.668505989049
23,12,187.316807994525,1,0,-19.7125016121285,27.2393983878715,0,32.7606016121285,157.52199054469
23,13,176.430635982777,1,15,-19.7125016121285,25.7387192550809,15.6933254371192,35.9343663632103,142.854083713553
23,14,155.290956706978,1,30,-19.7125016121285,21.4408759954372,30.3774968781449,44.1044690807851,111.510090078834
23,15,125.126331487031,1,45,-19.7125016121285,14.8454182288808,43.5237407948883,55.0871926595248,71.6134516863741
23,16,87.6898186967662,1,60,-19.7125016121285,6.53049100481819,55.1447173149624,67.5179832244521,33.5320113110055
23,17,45.1570923833677,1,75,-19.7125016121285,-2.99160759927281,65.5829330771722,80.7229468651375,7.27971047216222
23,18,2.31081775656955e-14,1,90,-19.7125016121285,-13.3115269128479,75.3272212111642,94.3674176803733,0
23,19,0,1,105,-19.7125016121285,-24.0981732801413,84.9613398041698,108.271045357472,0
23,20,0,1,120,-19.7125016121285,-35.0452354068982,84.7570764612213,117.379744941464,0
23,21,0,1,135,-19.7125016121285,-45.7829500065984,72.6554677551104,121.113359911396,0
23,22,0,1,150,-19.7125016121285,-55.6932565412576,56.6293366305108,124.080232272562,0
23,23,0,1,165,-19.7125016121285,-63.4774847561829,33.0678309997827,125.999212657813,0
24,0,0,1,-180,-19.4909511882782,-66.4428511882782,-1.65504476912379e-14,126.442851188278,0
24,1,0,1,-165,-19.4909511882782,-63.2766363807232,-32.8591515876405,125.778625458023,0
24,2,0,1,-150,-19.4909511882782,-55.5243066640355,-56.3756010523122,123.862131836946,0
24,3,0,1,-135,-19.4909511882782,-45.6339308796703,-72.4206937087931,120.898314387138,0
24,4,0,1,-120,-19.4909511882782,-34.9045102451758,-84.5482451460145,117.167322835053,0
24,5,0,1,-105,-19.4909511882782,-23.9575798761011,-85.148809891828,108.24116093521,0
24,6,43.7102942630442,1,-90,-19.4909511882782,-13.1651689804098,-75.4980866925665,94.3201615036062,0
24,7,84.8803051039753,1,-75,-19.4909511882782,-2.8348784831809,-65.739726227598,80.6562069951018,13.7810016138669
24,8,121.117381139619,1,-60,-19.4909511882782,6.70125465202931,-55.2868173302513,67.4277765290644,46.4906297180486
24,9,150.315555227196,1,-45,-19.4909511882782,15.0326212503571,-43.6463746936056,54.9672063516901,86.2879214444712
24,10,170.77793561978,1,-30,-19.4909511882782,21.6446159891098,-30.4710654958646,43.9464403508021,122.958208993219
24,11,181.315323146681,1,-15,-19.4909511882782,25.9553215646108,-15.745063389714,35.7344157751168,147.179606823265
24,12,181.315323146681,1,0,-19.4909511882782,27.4609488117218,0,32.5390511882782,152.853357852748
24,13,170.77793561978,1,15,-19.4909511882782,25.9553215646108,15.745063389714,35.7344157751168,138.6260630508
24,14,150.315555227196,1,30,-19.4909511882782,21.6446159891098,30.4710654958646,43.9464403508021,108.225523323498
24,15,121.117381139619,1,45,-19.4909511882782,15.0326212503571,43.6463746936056,54.9672063516901,69.5268500557997
24,16,84.8803051039753,1,60,-19.4909511882782,6.70125465202931,55.2868173302513,67.4277765290644,32.5811109670128
24,17,43.7102942630442,1,75,-19.4909511882782,-2.8348784831809,65.739726227598,80.6562069951018,7.09671855024231
24,18,2.23678095282161e-14,1,90,-19.4909511882782,-13.1651689804098,75.4980866925665,94.3201615036062,0
24,19,0,1,105,-19.4909511882782,-23.9575798761011,85.148809891828,108.24116093521,0
24,20,0,1,120,-19.4909511882782,-34.9045102451758,84.5482451460145,117.167322835053,0
24,21,0,1,135,-19.4909511882782,-45.6339308796703,72.4206937087931,120.898314387138,0
24,22,0,1,150,-19.4909511882782,-55.5243066640355,56.3756010523122,123.862131836946,0
24,23,0,1,165,-19.4909511882782,-63.2766363807232,32.8591515876405,125.778625458023,0
25,0,0,1,-180,-19.2636251749416,-66.2155251749416,-1.64242282980625e-14,126.215525174942,0
25,1,0,1,-165,-19.2636251749416,-63.0702392356862,-32.6480335167415,125.55228222714,0
25,2,0,1,-150,-19.2636251749416,-55.350412143546,-56.1175095941186,123.638327334158,0
25,3,0,1,-135,-19.2636251749416,-45.4805298256827,-72.1810957040475,120.677632088172,0
25,4,0,1,-120,-19.2636251749416,-34.7597465490858,-84.334713419681,116.949326295963,0
25,5,0,1,-105,-19.2636251749416,-23.8130852867689,-85.3407423419731,108.210209368912,0
25,6,42.2806824575632,1,-90,-19.2636251749416,-13.0148783405685,-75.6731942894356,94.2716092076582,0
25,7,82.1041653347203,1,-75,-19.2636251749416,-2.67404158736816,-65.9005626847778,80.5878605445241,13.4269036138573
25,8,117.156052559122,1,-60,-19.2636251749416,6.87642743540664,-55.432725239953,67.3355272541656,45.1442024173974
25,9,145.399255853711,1,-45,-19.2636251749416,15.2246359882881,-43.7724294196521,54.8445339772224,83.7204559573501
25,10,165.192382902874,1,-30,-19.2636251749416,21.8536126585393,-30.5673482193383,43.7847471357932,119.259725641943
25,11,175.385129107602,1,-15,-19.2636251749416,26.1775512883887,-15.7983484028688,35.5294834015467,142.731327890088
25,12,175.385129107602,1,0,-19.2636251749416,27.6882748250584,0,32.3117251749416,148.227174032601
25,13,165.192382902874,1,15,-19.2636251749416,26.1775512883887,15.7983484028688,35.5294834015467,134.436301920383
25,14,145.399255853711,1,30,-19.2636251749416,21.8536126585393,30.5673482193383,43.7847471357932,104.970187226197
25,15,117.156052559122,1,45,-19.2636251749416,15.2246359882881,43.7724294196521,54.8445339772224,67.4581041066766
25,16,82.1041653347203,1,60,-19.2636251749416,6.87642743540664,55.432725239953,67.3355272541656,31.6375208810626
25,17,42.2806824575632,1,75,-19.2636251749416,-2.67404158736816,65.9005626847778,80.5878605445241,6.91437085769554
25,18,2.16362362202934e-14,1,90,-19.2636251749416,-13.0148783405685,75.6731942894356,94.2716092076582,0
25,19,0,1,105,-19.2636251749416,-23.8130852867689,85.3407423419731,108.210209368912,0
25,20,0,1,120,-19.2636251749416,-34.7597465490858,84.334713419681,116.949326295963,0
25,21,0,1,135,-19.2636251749416,-45.4805298256827,72.1810957040475,120.677632088172,0
25,22,0,1,150,-19.2636251749416,-55.350412143546,56.1175095941186,123.638327334158,0
25,23,0,1,165,-19.2636251749416,-63.0702392356862,32.6480335167415,125.55228222714,0
26,0,0,1,-180,-19.0305909337226,-65.9824909337226,-1.62971767554258e-14,125.982490933723,0
26,1,0,1,-165,-19.0305909337226,-62.8583380097035,-32.4347020428422,125.320249690674,0
26,2,0,1,-150,-19.0305909337226,-55.1715916722662,-55.8552833213008,123.40888393199,0
26,3,0,1,-135,-19.0305909337226,-45.32275976954,-71.9368339739082,120.451376475507,0
26,4,0,1,-120,-19.0305909337226,-34.6109622703928,-84.1165966913042,116.725817606867,0
26,5,0,1,-105,-19.0305909337226,-23.6647164475305,-85.5370509729547,108.17817837931,0
26,6,40.868680591756,1,-90,-19.0305909337226,-12.860692131471,-75.8524785634503,94.2217710226402,0
26,7,79.3622220191288,1,-75,-19.0305909337226,-2.50914420329075,-66.0653940458817,80.5179390913871,13.07403686305
26,8,113.24351957269,1,-60,-19.0305909337226,7.05595297427176,-55.5824086748956,67.2412883645392,43.8083885852993
26,9,140.543515392131,1,-45,-19.0305909337226,15.4213991937126,-43.90188829929,54.7192493205121,81.1756013149064
26,10,159.675632951874,1,-30,-19.0305909337226,22.0677991013871,-30.666341464087,43.6194778238058,115.595159679678
26,11,169.527983121765,1,-15,-19.0305909337226,26.4053408262211,-15.85318274609,35.3196519651725,138.32455096947
26,12,169.527983121765,1,0,-19.0305909337226,27.9213090662774,0,32.0786909337226,143.644365390529
26,13,159.675632951874,1,15,-19.0305909337226,26.4053408262211,15.85318274609,35.3196519651725,130.28563085641
26,14,140.543515392131,1,30,-19.0305909337226,22.0677991013871,30.666341464087,43.6194778238058,101.744704582403
26,15,113.24351957269,1,45,-19.0305909337226,15.4213991937126,43.90188829929,54.7192493205121,65.4075769392925
26,16,79.3622220191289,1,60,-19.0305909337226,7.05595297427176,55.5824086748956,67.2412883645392,30.7013688229208
26,17,40.8686805917561,1,75,-19.0305909337226,-2.50914420329075,66.0653940458817,80.5179390913871,6.73265721405895
26,18,2.09136744228872e-14,1,90,-19.0305909337226,-12.860692131471,75.8524785634503,94.2217710226402,0
26,19,0,1,105,-19.0305909337226,-23.6647164475305,85.5370509729547,108.17817837931,0
26,20,0,1,120,-19.0305909337226,-34.6109622703928,84.1165966913042,116.725817606867,0
26,21,0,1,135,-19.0305909337226,-45.32275976954,71.9368339739082,120.451376475507,0
26,22,0,1,150,-19.0305909337226,-55.1715916722662,55.8552833213008,123.40888393199,0
26,23,0,1,165,-19.0305909337226,-62.8583380097035,32.4347020428422,125.320249690674,0
27,0,0,1,-180,-18.7919175176962,-65.7438175176962,-1.61694326357226e-14,125.743817517696,0
27,1,0,1,-165,-18.7919175176962,-62.6409796049845,-32.2193778434287,125.082596265264,0
27,2,0,1,-150,-18.7919175176962,-54.9878660003663,-55.5891427588892,123.173868486055,0
27,3,0,1,-135,-18.7919175176962,-45.1606352162325,-71.6880698946677,120.219612689083,0
27,4,0,1,-120,-18.7919175176962,-34.4581766739083,-83.894011725602,116.496860717111,0
27,5,0,1,-105,-18.7919175176962,-23.5125015284273,-85.7376483744834,108.145055825385,0
27,6,39.4747070722492,1,-90,-18.7919175176962,-12.7026487631767,-76.0358730327854,94.1706576119472,0
27,7,76.6552876541813,1,-75,-18.7919175176962,-2.34023500032142,-66.2341710747496,80.4464749766103,12.7223945202968
27,8,109.380941548286,1,-60,-18.7919175176962,7.23977337098347,-55.7358346937386,67.1451140100724,42.4833935431556
27,9,135.74977270315,1,-45,-18.7919175176962,15.6228459710014,-44.0347344161437,54.591427924693,78.6538415574778
27,10,154.229320498854,1,-30,-18.7919175176962,22.2871066981986,-30.7680417295569,43.4507232151907,111.965260870223
27,11,163.745620787934,1,-15,-18.7919175176962,26.6386208663442,-15.909568888564,35.1050066147472,133.960205457537
27,12,163.745620787934,1,0,-18.7919175176962,28.1599824823038,0,31.8400175176962,139.105906812745
27,13,154.229320498854,1,15,-18.7919175176962,26.6386208663442,15.909568888564,35.1050066147472,126.17492524188
27,14,135.74977270315,1,30,-18.7919175176962,22.2871066981986,30.7680417295569,43.4507232151907,98.5497353202342
27,15,109.380941548286,1,45,-18.7919175176962,15.6228459710014,44.0347344161437,54.591427924693,63.3756585711543
27,16,76.6552876541813,1,60,-18.7919175176962,7.23977337098347,55.7358346937386,67.1451140100724,29.772798683935
27,17,39.4747070722492,1,75,-18.7919175176962,-2.34023500032142,66.2341710747496,80.4464749766103,6.55157409638798
27,18,2.02003382466522e-14,1,90,-18.7919175176962,-12.7026487631767,76.0358730327854,94.1706576119472,0
27,19,0,1,105,-18.7919175176962,-23.5125015284273,85.7376483744834,108.145055825385,0
27,20,0,1,120,-18.7919175176962,-34.4581766739083,83.894011725602,116.496860717111,0
27,21,0,1,135,-18.7919175176962,-45.1606352162325,71.6880698946677,120.219612689083,0
27,22,0,1,150,-18.7919175176962,-54.9878660003663,55.5891427588892,123.173868486055,0
27,23,0,1,165,-18.7919175176962,-62.6409796049845,32.2193778434287,125.082596265264,0
28,0,0,1,-180,-18.5476756509464,-65.4995756509465,-1.60411304169018e-14,125.499575650946,0
28,1,0,1,-165,-18.5476756509464,-62.4182131514411,-32.0022766522547,124.839392039128,0
28,2,0,1,-150,-18.5476756509464,-54.7992579983285,-55.3193075122799,122.933349522406,0
28,3,0,1,-135,-18.5476756509464,-44.9941723130431,-71.434965759134,119.982407532623,0
28,4,0,1,-120,-18.5476756509464,-34.3014103811354,-83.6670765088971,116.26252122891,0
28,5,0,1,-105,-18.5476756509464,-23.3564699584635,-85.9424459925127,108.11082974005,0
28,6,38.0991749634808,1,-90,-18.5476756509464,-12.5407879257445,-76.2233102275798,94.1182800800403,0
28,7,73.9841643629504,1,-75,-18.5476756509464,-2.16736402148272,-66.406843736997,80.3735012889848,12.371982792469
28,8,105.569463051141,1,-60,-18.5476756509464,7.42782922338899,-55.8929698033396,67.0470594937972,41.1694457011474
28,9,131.019448276184,1,-45,-18.5476756509464,15.8289097944919,-44.1709506229801,54.4611470551922,76.1556941444255
28,10,148.855059403732,1,-30,-18.5476756509464,22.5114651306884,-30.8724456090204,43.2785765067933,108.370821099019
28,11,158.039755544862,1,-15,-18.5476756509464,26.8773204050209,-15.967509507813,34.8856349338677,129.639268243035
28,12,158.039755544862,1,0,-18.5476756509464,28.4042243490536,0,31.5957756509464,134.612821623554
28,13,148.855059403732,1,15,-18.5476756509464,26.8773204050209,15.967509507813,34.8856349338677,122.105105192317
28,14,131.019448276184,1,30,-18.5476756509464,22.5114651306884,30.8724456090204,43.2785765067933,95.385976442494
28,15,105.569463051141,1,45,-18.5476756509464,15.8289097944919,44.1709506229801,54.4611470551922,61.3627659472853
28,16,73.9841643629505,1,60,-18.5476756509464,7.42782922338899,55.8929698033396,67.0470594937972,28.8519705363069
28,17,38.0991749634809,1,75,-18.5476756509464,-2.16736402148272,66.406843736997,80.3735012889848,6.37112470099749
28,18,1.94964390684925e-14,1,90,-18.5476756509464,-12.5407879257445,76.2233102275798,94.1182800800403,0
28,19,0,1,105,-18.5476756509464,-23.3564699584635,85.9424459925127,108.11082974005,0
28,20,0,1,120,-18.5476756509464,-34.3014103811354,83.6670765088971,116.26252122891,0
28,21,0,1,135,-18.5476756509464,-44.9941723130431,71.434965759134,119.982407532623,0
28,22,0,1,150,-18.5476756509464,-54.7992579983285,55.3193075122799,122.933349522406,0
28,23,0,1,165,-18.5476756509464,-62.4182131514411,32.0022766522547,124.839392039128,0
29,0,0,1,-180,-18.2979377076097,-65.2498377076097,-1.59123993656322e-14,125.24983770761,0
29,1,0,1,-165,-18.2979377076097,-62.1900900162307,-31.783608931275,124.590708751983,0
29,2,0,1,-150,-18.2979377076097,-54.6057927146722,-55.0459959013343,122.687397219545,0
29,3,0,1,-135,-18.2979377076097,-44.8233889089842,-71.1776845525231,119.739829457821,0
29,4,0,1,-120,-18.2979377076097,-34.1406854123498,-83.4359101156956,116.022866382852,0
29,5,0,1,-105,-18.2979377076097,-23.1966524488688,-86.1513542137699,108.075488365983,0
29,6,36.7424918653012,1,-90,-18.2979377076097,-12.3751505964728,-76.4147217450026,94.0646499799381,0
29,7,71.349643656915,1,-75,-18.2979377076097,-1.99058267839612,-66.5833612345969,80.2990518493892,12.0228210289806
29,8,101.810213504591,1,-60,-18.2979377076097,7.62005963803032,-56.0537799784597,66.9471812386872,39.8667965851915
29,9,126.35394380845,1,-45,-18.2979377076097,16.0395225258132,-44.3105195527773,54.3284856615362,73.6817098725738
29,10,143.554442176059,1,-30,-18.2979377076097,22.7408024006048,-30.9795497989818,43.1031332749277,104.812674180224
29,11,152.412078163562,1,-15,-18.2979377076097,27.1213667666415,-16.0270074982334,34.6616269507095,125.362763435577
29,12,152.412078163562,1,0,-18.2979377076097,28.6539622923903,0,31.3460377076097,130.166181290771
29,13,143.554442176059,1,15,-18.2979377076097,27.1213667666415,16.0270074982334,34.6616269507095,118.077135299806
29,14,126.35394380845,1,30,-18.2979377076097,22.7408024006048,30.9795497989818,43.1031332749277,92.2541618568593
29,15,101.810213504591,1,45,-18.2979377076097,16.0395225258132,44.3105195527773,54.3284856615362,59.3693428745075
29,16,71.349643656915,1,60,-18.2979377076097,7.62005963803032,56.0537799784597,66.9471812386872,27.9390606519832
29,17,36.7424918653013,1,75,-18.2979377076097,-1.99058267839612,66.5833612345969,80.2990518493892,6.19131899213741
29,18,1.8802185468926e-14,1,90,-18.2979377076097,-12.3751505964728,76.4147217450026,94.0646499799381,0
29,19,0,1,105,-18.2979377076097,-23.1966524488688,86.1513542137699,108.075488365983,0
29,20,0,1,120,-18.2979377076097,-34.1406854123498,83.4359101156956,116.022866382852,0
29,21,0,1,135,-18.2979377076097,-44.8233889089842,71.1776845525231,119.739829457821,0
29,22,0,1,150,-18.2979377076097,-54.6057927146722,55.0459959013343,122.687397219545,0
29,23,0,1,165,-18.2979377076097,-62.1900900162307,31.783608931275,124.590708751983,0
30,0,0,1,-180,-18.0427776904283,-64.9946776904283,-1.57833634521954e-14,124.994677690428,0
30,1,0,1,-165,-18.0427776904283,-61.9566638088081,-31.5635795795911,124.336619774426,0
30,2,0,1,-150,-18.0427776904283,-54.4074974286519,-54.7694246088532,122.436083389826,0
30,3,0,1,-135,-18.0427776904283,-44.6483046112878,-70.9163897315567,119.491948547845,0
30,4,0,1,-120,-18.0427776904283,-33.976025226988,-83.2006325761561,115.777965042694,0
30,5,0,1,-105,-18.0427776904283,-23.0330810152312,-86.3642824497705,108.039020191557,0
30,6,35.405059792192,1,-90,-18.0427776904283,-12.205779046241,-76.6100383038071,94.00977932039,0
30,7,68.7525062014179,1,-75,-18.0427776904283,-1.80994374541444,-66.763672039858,80.2231611942751,11.6749417906861
30,8,98.1043068554092,1,-60,-18.0427776904283,7.81640224412669,-56.2182306807386,66.8455367531942,38.5757208061139
30,9,121.75464178961,1,-45,-18.0427776904283,16.2546144319122,-44.4534236290203,54.19352433736,71.2324727003237
30,10,138.329039503115,1,-30,-18.0427776904283,22.9750448491772,-31.0893511080355,42.9244914570465,101.291695536898
30,11,146.864256246299,1,-15,-18.0427776904283,27.3706856243266,-16.08806597949,34.4330751488013,121.131761946022
30,12,146.864256246299,1,0,-18.0427776904283,28.9091223095717,0,31.0908776904283,125.767104978789
30,13,138.329039503115,1,15,-18.0427776904283,27.3706856243266,16.08806597949,34.4330751488013,114.092024237759
30,14,121.75464178961,1,30,-18.0427776904283,22.9750448491772,31.0893511080355,42.9244914570465,89.1550620943882
30,15,98.1043068554092,1,45,-18.0427776904283,16.2546144319122,44.4534236290203,54.19352433736,57.3958598797212
30,16,68.7525062014179,1,60,-18.0427776904283,7.81640224412669,56.2182306807386,66.8455367531942,27.0342614810522
30,17,35.4050597921921,1,75,-18.0427776904283,-1.80994374541444,66.763672039858,80.2231611942751,6.01217373747285
30,18,1.81177831702774e-14,1,90,-18.0427776904283,-12.205779046241,76.6100383038071,94.00977932039,0
30,19,0,1,105,-18.0427776904283,-23.0330810152312,86.3642824497705,108.039020191557,0
30,20,0,1,120,-18.0427776904283,-33.976025226988,83.2006325761561,115.777965042694,0
30,21,0,1,135,-18.0427776904283,-44.6483046112878,70.9163897315567,119.491948547845,0
30,22,0,1,150,-18.0427776904283,-54.4074974286519,54.7694246088532,122.436083389826,0
30,23,0,1,165,-18.0427776904283,-61.9566638088081,31.5635795795911,124.336619774426,0
31,0,0,1,-180,-17.7822712088223,-64.7341712088223,-1.56541412951343e-14,124.734171208822,0
31,1,0,1,-165,-17.7822712088223,-61.7179903815997,-31.3423876787946,124.077200086813,0
31,2,0,1,-150,-17.7822712088223,-54.204401697817,-54.4898083443103,122.17948146025,0
31,3,0,1,-135,-17.7822712088223,-44.468940838788,-70.651245007316,119.238836500163,0
31,4,0,1,-120,-17.7822712088223,-33.8074547622214,-82.9613647447348,115.52788767946,0
31,5,0,1,-105,-17.7822712088223,-22.865788998421,-86.5811392201502,108.001413986784,0
31,6,34.0872750541405,1,-90,-17.7822712088223,-12.0327168449024,-76.8091897982625,93.9536805726983,0
31,7,66.1935215843379,1,-75,-17.7822712088223,-1.62550135290702,-66.9477239287189,80.1458645584122,11.3283908929426
31,8,94.4528412437147,1,-60,-17.7822712088223,8.01679320835211,-56.3862868768739,66.7421845955162,37.2965159709991
31,9,117.222905092116,1,-45,-17.7822712088223,16.4741142037945,-44.5996450751574,54.0563452785695,68.8085994776689
31,10,133.180399784486,1,-30,-17.7822712088223,23.2141171771496,-31.2018464651234,42.7427513320092,97.8088017548167
31,11,141.397933732438,1,-15,-17.7822712088223,27.6252010210253,-16.1506883047398,34.2000744789092,116.94738091968
31,12,141.397933732438,1,0,-17.7822712088223,29.1696287911777,0,30.8303712088223,121.416758950037
31,13,133.180399784486,1,15,-17.7822712088223,27.6252010210253,16.1506883047398,34.2000744789092,110.150824227062
31,14,117.222905092116,1,30,-17.7822712088223,23.2141171771496,31.2018464651234,42.7427513320092,86.089483916792
31,15,94.4528412437147,1,45,-17.7822712088223,16.4741142037945,44.5996450751574,54.0563452785695,55.4428139923632
31,16,66.1935215843379,1,60,-17.7822712088223,8.01679320835211,56.3862868768739,66.7421845955162,26.1377815896165
31,17,34.0872750541406,1,75,-17.7822712088223,-1.62550135290702,66.9477239287189,80.1458645584122,5.83371253025952
31,18,1.74434349757184e-14,1,90,-17.7822712088223,-12.0327168449024,76.8091897982625,93.9536805726983,0
31,19,0,1,105,-17.7822712088223,-22.865788998421,86.5811392201502,108.001413986784,0
31,20,0,1,120,-17.7822712088223,-33.8074547622214,82.9613647447348,115.52788767946,0
31,21,0,1,135,-17.7822712088223,-44.468940838788,70.651245007316,119.238836500163,0
31,22,0,1,150,-17.7822712088223,-54.204401697817,54.4898083443103,122.17948146025,0
31,23,0,1,165,-17.7822712088223,-61.7179903815997,31.3423876787946,124.077200086813,0
32,0,0,2,-180,-17.5164954564842,-64.4683954564842,-1.55248461336168e-14,124.468395456484,0
32,1,0,2,-165,-17.5164954564842,-61.4741278264341,-31.1202262738879,123.812526257601,0
32,2,0,2,-150,-17.5164954564842,-53.9965374003557,-54.2073595236351,121.917666452652,0
32,3,0,2,-135,-17.5164954564842,-44.2853208720469,-70.3824141323877,118.980566608691,0
32,4,0,2,-120,-17.5164954564842,-33.6350004695999,-82.7182281702823,115.272706354817,0
32,5,0,2,-105,-17.5164954564842,-22.6948110842285,-86.8018322351571,107.962658839234,0
32,6,32.7895281392048,2,-90,-17.5164954564842,-11.8560088656794,-77.012105351361,93.8963666771604,0
32,7,63.6734480880444,2,-75,-17.5164954564842,-1.43731097966797,-67.1354640132815,80.0671978568848,10.9832274226687
32,8,90.8568986775736,2,-60,-17.5164954564842,8.22116725042757,-56.5579130559403,66.6371843365837,36.0295025367991
32,9,112.760076567352,2,-45,-17.5164954564842,16.6979489759896,-44.74916592316,53.917032239603,66.4107395825572
32,10,128.110048673237,2,-30,-17.5164954564842,23.4579424654041,-31.3170329271375,42.5580154988486,94.3649500107011
32,11,136.014730411313,2,-15,-17.5164954564842,27.8848353911081,-16.2148780686599,33.9627223720995,112.810783023399
32,12,136.014730411313,2,0,-17.5164954564842,29.4354045435158,0,30.5645954564842,117.116355815958
32,13,128.110048673237,2,15,-17.5164954564842,27.8848353911081,16.2148780686599,33.9627223720995,106.254630364591
32,14,112.760076567352,2,30,-17.5164954564842,23.4579424654041,31.3170329271375,42.5580154988486,83.0582698131773
32,15,90.8568986775737,2,45,-17.5164954564842,16.6979489759896,44.74916592316,53.917032239603,53.5107284514045
32,16,63.6734480880444,2,60,-17.5164954564842,8.22116725042757,56.5579130559403,66.6371843365837,25.2498455572004
32,17,32.7895281392049,2,75,-17.5164954564842,-1.43731097966797,67.1354640132815,80.0671978568848,5.65596579812837
32,18,1.67793407091727e-14,2,90,-17.5164954564842,-11.8560088656794,77.012105351361,93.8963666771604,0
32,19,0,2,105,-17.5164954564842,-22.6948110842285,86.8018322351571,107.962658839234,0
32,20,0,2,120,-17.5164954564842,-33.6350004695999,82.7182281702823,115.272706354817,0
32,21,0,2,135,-17.5164954564842,-44.2853208720469,70.3824141323877,118.980566608691,0
32,22,0,2,150,-17.5164954564842,-53.9965374003557,54.2073595236351,121.917666452652,0
32,23,0,2,165,-17.5164954564842,-61.4741278264341,31.1202262738879,123.812526257601,0
33,0,0,2,-180,-17.2455291885055,-64.1974291885055,-1.53955858254383e-14,124.197429188505,0
33,1,0,2,-165,-17.2455291885055,-61.225136466879,-30.8972821887688,123.542676421198,0
33,2,0,2,-150,-17.2455291885055,-53.7839387721736,-53.922287965731,121.650714963299,0
33,3,0,2,-135,-17.2455291885055,-44.0974699000962,-70.1100606928135,118.71721374526,0
33,4,0,2,-120,-17.2455291885055,-33.4586903496606,-82.4713449678627,115.012494703749,0
33,5,0,2,-105,-17.2455291885055,-22.5201833216462,-87.0262684771442,107.922744189841,0
33,6,31.5122035978035,2,-90,-17.2455291885055,-11.675701288519,-77.2187133671953,93.8378510491011,0
33,7,61.1930324647022,2,-75,-17.2455291885055,-1.24542944442033,-67.3268387735101,79.987197666331,10.6395237292783
33,8,87.3175447123752,2,-60,-17.2455291885055,8.42945765954492,-56.7330732457849,66.5305965217582,34.7750236064061
33,9,108.367478647726,2,-45,-17.2455291885055,16.9260443467547,-44.901968021121,53.7756704877434,64.0395744642577
33,10,123.119488623829,2,-30,-17.2455291885055,23.7064421961785,-31.434907685814,42.3703888539278,90.9611373759793
33,11,130.716241442247,2,-15,-17.2455291885055,28.1495095824467,-16.2806391152495,33.7211187540574,108.723175587934
33,12,130.716241442247,2,0,-17.2455291885055,29.7063708114945,0,30.2936291885055,112.867153638982
33,13,123.119488623829,2,15,-17.2455291885055,28.1495095824467,16.2806391152495,33.7211187540574,102.404579815426
33,14,108.367478647726,2,30,-17.2455291885055,23.7064421961785,31.434907685814,42.3703888539278,80.0622973872272
33,15,87.3175447123752,2,45,-17.2455291885055,16.9260443467547,44.901968021121,53.7756704877434,51.6001523374157
33,16,61.1930324647022,2,60,-17.2455291885055,8.42945765954492,56.7330732457849,66.5305965217582,24.3706938338361
33,17,31.5122035978035,2,75,-17.2455291885055,-1.24542944442033,67.3268387735101,79.987197666331,5.47897079841688
33,18,1.61256971561038e-14,2,90,-17.2455291885055,-11.675701288519,77.2187133671953,93.8378510491011,0
33,19,0,2,105,-17.2455291885055,-22.5201833216462,87.0262684771442,107.922744189841,0
33,20,0,2,120,-17.2455291885055,-33.4586903496606,82.4713449678627,115.012494703749,0
33,21,0,2,135,-17.2455291885055,-44.0974699000962,70.1100606928135,118.71721374526,0
33,22,0,2,150,-17.2455291885055,-53.7839387721736,53.922287965731,121.650714963299,0
33,23,0,2,165,-17.2455291885055,-61.225136466879,30.8972821887688,123.542676421198,0
34,0,0,2,-180,-16.9694526980391,-63.9213526980391,-1.52664628685684e-14,123.921352698039,0
34,1,0,2,-165,-16.9694526980391,-60.971078846652,-30.6737358751045,123.267730255294,0
34,2,0,2,-150,-16.9694526980391,-53.5666424386834,-53.6348006063105,121.378705141874,0
34,3,0,2,-135,-16.9694526980391,-43.9054150636764,-69.83434790533,118.448854340403,0
34,4,0,2,-120,-16.9694526980391,-33.2785539844012,-82.2208376925585,114.74732791651,0
34,5,0,2,-105,-16.9694526980391,-22.341943139726,-87.254354280914,107.88165986853,0
34,6,30.255679928765,2,-90,-16.9694526980391,-11.4918416023639,-77.4289415824122,93.7781475844678,0
34,7,58.753009714992,2,-75,-16.9694526980391,-1.04991489638991,-67.5217940880252,79.9059012054215,10.2973653894139
34,8,83.8358281350847,2,-60,-16.9694526980391,8.6415963116399,-56.9117310284416,66.4224826312362,33.5334446675217
34,9,104.046412954803,2,-45,-16.9694526980391,17.1583243990246,-45.0580330398333,53.6323467554292,61.6958170946123
34,10,118.21019844691,2,-30,-16.9694526980391,23.9595362748801,-31.5554680738635,42.1799785663713,87.598399997477
34,11,125.504036881872,2,-15,-16.9694526980391,28.4191428789805,-16.3479755453812,33.4753660607328,104.685809607361
34,12,125.504036881872,2,0,-16.9694526980391,29.9824473019609,0,30.0175526980391,108.670454887357
34,13,118.21019844691,2,15,-16.9694526980391,28.4191428789805,16.3479755453812,33.4753660607328,98.6018508704165
34,14,104.046412954803,2,30,-16.9694526980391,23.9595362748801,31.5554680738635,42.1799785663713,77.1024786360613
34,15,83.8358281350847,2,45,-16.9694526980391,17.1583243990246,45.0580330398333,53.6323467554292,49.711660130411
34,16,58.753009714992,2,60,-16.9694526980391,8.6415963116399,56.9117310284416,66.4224826312362,23.50058255706
34,17,30.255679928765,2,75,-16.9694526980391,-1.04991489638991,67.5217940880252,79.9059012054215,5.30277160000795
34,18,1.54826980052034e-14,2,90,-16.9694526980391,-11.4918416023639,77.4289415824122,93.7781475844678,0
34,19,0,2,105,-16.9694526980391,-22.341943139726,87.254354280914,107.88165986853,0
34,20,0,2,120,-16.9694526980391,-33.2785539844012,82.2208376925585,114.74732791651,0
34,21,0,2,135,-16.9694526980391,-43.9054150636764,69.83434790533,118.448854340403,0
34,22,0,2,150,-16.9694526980391,-53.5666424386834,53.6348006063105,121.378705141874,0
34,23,0,2,165,-16.9694526980391,-60.971078846652,30.6737358751045,123.267730255294,0
35,0,0,2,-180,-16.6883477925076,-63.6402477925076,-1.51375744441603e-14,123.640247792508,0
35,1,0,2,-165,-16.6883477925076,-60.7120197142819,-30.4497612932758,122.987768957706,0
35,2,0,2,-150,-16.6883477925076,-53.3446874413088,-53.3451012295297,121.101716669887,0
35,3,0,2,-135,-16.6883477925076,-43.7091854948764,-69.5554384203613,118.175566363471,0
35,4,0,2,-120,-16.6883477925076,-33.0946225675295,-81.9668292155129,114.477282719869,0
35,5,0,2,-105,-16.6883477925076,-22.1601293629507,-87.4859954127676,107.839396129615,0
35,6,29.0203294671706,2,-90,-16.6883477925076,-11.3044786063017,-77.6427171166446,93.7172706649591,0
35,7,56.3541028703148,2,-75,-16.6883477925076,-0.8508268049251,-67.720275263925,79.8233463145705,9.95685114545315
35,8,80.4127806534657,2,-60,-16.6883477925076,8.85751368752975,-57.0938495545034,66.3129050391547,32.3051532747804
35,9,99.7981599136021,2,-45,-16.6883477925076,17.3947117221218,-45.2173424782906,53.4871491905155,59.3802113282703
35,10,113.383632871112,2,-30,-16.6883477925076,24.2171430525005,-31.6787115702832,41.9868940516502,84.2778121567501
35,11,120.379661218888,2,-15,-16.6883477925076,28.6936530237617,-16.416891724071,33.2255692553934,100.699978597675
35,12,120.379661218889,2,0,-16.6883477925076,30.2635522074924,0,29.7364477925076,104.527605245071
35,13,113.383632871112,2,15,-16.6883477925076,28.6936530237617,16.416891724071,33.2255692553934,94.8476618711073
35,14,99.7981599136022,2,30,-16.6883477925076,24.2171430525005,31.6787115702832,41.9868940516502,74.1797591222781
35,15,80.4127806534657,2,45,-16.6883477925076,17.3947117221218,45.2173424782906,53.4871491905155,47.8458511943549
35,16,56.3541028703148,2,60,-16.6883477925076,8.85751368752975,57.0938495545034,66.3129050391547,22.6397833291417
35,17,29.0203294671706,2,75,-16.6883477925076,-0.8508268049251,67.720275263925,79.8233463145705,5.12741905166294
35,18,1.48505337909967e-14,2,90,-16.6883477925076,-11.3044786063017,77.6427171166446,93.7172706649591,0
35,19,0,2,105,-16.6883477925076,-22.1601293629507,87.4859954127676,107.839396129615,0
35,20,0,2,120,-16.6883477925076,-33.0946225675295,81.9668292155129,114.477282719869,0
35,21,0,2,135,-16.6883477925076,-43.7091854948764,69.5554384203613,118.175566363471,0
35,22,0,2,150,-16.6883477925076,-53.3446874413088,53.3451012295297,121.101716669887,0
35,23,0,2,165,-16.6883477925076,-60.7120197142819,30.4497612932758,122.987768957706,0
36,0,0,2,-180,-16.4022977693611,-63.3541977693611,-1.50090124789675e-14,123.354197769361,0
36,1,0,2,-165,-16.4022977693611,-60.4480260042084,-30.2255258239492,122.702875222723,0
36,2,0,2,-150,-16.4022977693611,-53.1181152587324,-53.0533902177955,120.819830738487,0
36,3,0,2,-135,-16.4022977693611,-43.5088123530905,-69.2734941311978,117.897429302074,0
36,4,0,2,-120,-16.4022977693611,-32.9069289324055,-81.7094426024575,114.202437357638,0
36,5,0,2,-105,-16.4022977693611,-21.9747822250624,-87.7210971481174,107.795943686883,0
36,6,27.8065182740229,2,-90,-16.4022977693611,-11.1136624095552,-77.8599665218359,93.6552351626618,0
36,7,53.9970227785411,2,-75,-16.4022977693611,-0.64822594813988,-67.92222706557,79.739571434879,9.61809281780966
36,8,77.0494165903623,2,-60,-16.4022977693611,9.07713889193071,-57.2793915564015,66.2019269713982,31.0905586757133
36,9,95.6239783731857,2,-45,-16.4022977693611,17.6351274342347,-45.3798776680495,53.3401673044369,57.0935311732242
36,10,108.641222111979,2,-30,-16.4022977693611,24.4791793486347,-31.8046358047953,41.7912469431915,81.0004852100706
36,11,115.344632916398,2,-15,-16.4022977693611,28.9729562424775,-16.4873922874378,32.9718358471604,96.7670173170277
36,12,115.344632916398,2,0,-16.4022977693611,30.5496022306389,0,29.4503977693611,100.439992279452
36,13,108.641222111979,2,15,-16.4022977693611,28.9729562424775,16.4873922874378,32.9718358471604,91.1432700043586
36,14,95.6239783731857,2,30,-16.4022977693611,24.4791793486347,31.8046358047953,41.7912469431915,71.2951170409499
36,15,77.0494165903624,2,45,-16.4022977693611,17.6351274342347,45.3798776680495,53.3401673044369,46.0033491893926
36,16,53.9970227785411,2,60,-16.4022977693611,9.07713889193071,57.2793915564015,66.2019269713982,21.7885829549559
36,17,27.806518274023,2,75,-16.4022977693611,-0.64822594813988,67.92222706557,79.739571434879,4.95297073685994
36,18,1.42293918373838e-14,2,90,-16.4022977693611,-11.1136624095552,77.8599665218359,93.6552351626618,0
36,19,0,2,105,-16.4022977693611,-21.9747822250624,87.7210971481174,107.795943686883,0
36,20,0,2,120,-16.4022977693611,-32.9069289324055,81.7094426024575,114.202437357638,0
36,21,0,2,135,-16.4022977693611,-43.5088123530905,69.2734941311978,117.897429302074,0
36,22,0,2,150,-16.4022977693611,-53.1181152587324,53.0533902177955,120.819830738487,0
36,23,0,2,165,-16.4022977693611,-60.4480260042084,30.2255258239492,122.702875222723,0
37,0,0,2,-180,-16.111387391395,-63.063287391395,-1.48808637251606e-14,123.063287391395,0
37,1,0,2,-165,-16.111387391395,-60.1791668145161,-30.0011902087366,122.413133216975,0
37,2,0,2,-150,-16.111387391395,-52.8869698229395,-52.7598643200198,120.533130025703,0
37,3,0,2,-135,-16.111387391395,-43.3043288572237,-68.9886759897607,117.614524140858,0
37,4,0,2,-120,-16.111387391395,-32.7155075776046,-81.4488009949544,113.922871570502,0
37,5,0,2,-105,-16.111387391395,-21.7859433812937,-87.9595643475271,107.751293748303,0
37,6,26.6146060277749,2,-90,-16.111387391395,-10.9194444302806,-78.0806158303673,93.5920564441699,0
37,7,51.6824678933722,2,-75,-16.111387391395,-0.442174400560372,-68.1275937422697,79.6546155863083,9.2812151911027
37,8,73.7467325831338,2,-60,-16.111387391395,9.30039967336844,-57.4683193605353,66.0896124621057,29.8900913812661
37,9,91.5251052336299,2,-45,-16.111387391395,17.8794912056743,-45.5456197764002,53.1914919182268,54.8365799731814
37,10,103.984371448169,2,-30,-16.111387391395,24.7455604751074,-31.9332385613549,41.5931510618745,77.767566411379
37,11,110.400443961951,2,-15,-16.111387391395,29.2569672674436,-16.5594821493238,32.7142759111077,92.8883003504575
37,12,110.400443961951,2,0,-16.111387391395,30.840512608605,0,29.159487391395,96.4090439694114
37,13,103.984371448169,2,15,-16.111387391395,29.2569672674436,16.5594821493238,32.7142759111077,87.4899699693229
37,14,91.5251052336299,2,30,-16.111387391395,24.7455604751074,31.9332385613549,41.5931510618745,68.4495621836075
37,15,73.7467325831339,2,45,-16.111387391395,17.8794912056743,45.5456197764002,53.1914919182268,44.1848014130435
37,16,51.6824678933722,2,60,-16.111387391395,9.30039967336844,57.4683193605353,66.0896124621057,20.9472831409964
37,17,26.6146060277749,2,75,-16.111387391395,-0.442174400560372,68.1275937422697,79.6546155863083,4.77949091517504
37,18,1.36194562021308e-14,2,90,-16.111387391395,-10.9194444302806,78.0806158303673,93.5920564441699,0
37,19,0,2,105,-16.111387391395,-21.7859433812937,87.9595643475271,107.751293748303,0
37,20,0,2,120,-16.111387391395,-32.7155075776046,81.4488009949544,113.922871570502,0
37,21,0,2,135,-16.111387391395,-43.3043288572237,68.9886759897607,117.614524140858,0
37,22,0,2,150,-16.111387391395,-52.8869698229395,52.7598643200198,120.533130025703,0
37,23,0,2,165,-16.111387391395,-60.1791668145161,30.0011902087366,122.413133216975,0
38,0,0,2,-180,-15.8157028616326,-62.7676028616326,-1.47532098555965e-14,122.767602861633,0
38,1,0,2,-165,-15.8157028616326,-59.9055133815029,-29.7769085183215,122.11862855482,0
38,2,0,2,-150,-15.8157028616326,-52.6512975301323,-52.4647164384898,120.241698673108,0
38,3,0,2,-135,-15.8157028616326,-43.0957703140967,-68.7011438293261,117.326933339618,0
38,4,0,2,-120,-15.8157028616326,-32.5203946900362,-81.1850274945802,113.638666575129,0
38,5,0,2,-105,-15.8157028616326,-21.5936559189555,-88.2013015310532,107.705438050299,0
38,6,25.4449459177485,2,-90,-15.8157028616326,-10.7218773931442,-78.3045906019116,93.5277503741608,0
38,7,49.4111240673727,2,-75,-15.8157028616326,-0.232735519755898,-68.3363190548161,79.568518345085,8.94635587431774
38,8,70.5057072883294,2,-60,-15.8157028616326,9.52722244499482,-57.6605948982063,65.9760263088857,28.704202681714
38,9,87.5027550795069,2,-45,-15.8157028616326,18.1277212829203,-45.7145498082867,53.041215106347,52.6101895035295
38,10,99.4144608050369,2,-30,-15.8157028616326,25.0162002602099,-32.0645177806719,41.3927223832709,74.5802376208143
38,11,105.54855942544,2,-15,-15.8157028616326,29.5455993620654,-16.6331665075431,32.4530021100021,89.0652405622906
38,12,105.54855942544,2,0,-15.8157028616326,31.1361971383674,0,28.8638028616326,92.4362270976673
38,13,99.4144608050369,2,15,-15.8157028616326,29.5455993620654,16.6331665075431,32.4530021100021,83.8890925197873
38,14,87.5027550795069,2,30,-15.8157028616326,25.0162002602099,32.0645177806719,41.3927223832709,65.6441348015127
38,15,70.5057072883294,2,45,-15.8157028616326,18.1277212829203,45.7145498082867,53.041215106347,42.3908780717707
38,16,49.4111240673727,2,60,-15.8157028616326,9.52722244499482,57.6605948982063,65.9760263088857,20.1162001561248
38,17,25.4449459177485,2,75,-15.8157028616326,-0.232735519755898,68.3363190548161,79.568518345085,4.60705045027022
38,18,1.302090762233e-14,2,90,-15.8157028616326,-10.7218773931442,78.3045906019116,93.5277503741608,0
38,19,0,2,105,-15.8157028616326,-21.5936559189555,88.2013015310532,107.705438050299,0
38,20,0,2,120,-15.8157028616326,-32.5203946900362,81.1850274945802,113.638666575129,0
38,21,0,2,135,-15.8157028616326,-43.0957703140967,68.7011438293261,117.326933339618,0
38,22,0,2,150,-15.8157028616326,-52.6512975301323,52.4647164384898,120.241698673108,0
38,23,0,2,165,-15.8157028616326,-59.9055133815029,29.7769085183215,122.11862855482,0
39,0,0,2,-180,-15.5153317977814,-62.4672317977814,-1.4626127572669e-14,122.467231797781,0
39,1,0,2,-165,-15.5153317977814,-59.627139051286,-29.5528281463721,121.819448273267,0
39,2,0,2,-150,-15.5153317977814,-52.4111472466095,-52.1681354344316,119.945622261926,0
39,3,0,2,-135,-15.5153317977814,-42.8831741430123,-68.4110561945419,117.034740810765,0
39,4,0,2,-120,-15.5153317977814,-32.3216281655639,-80.9182450502579,113.349905042601,0
39,5,0,2,-105,-15.5153317977814,-21.3979643663392,-88.4462129507634,107.65836889151,0
39,6,24.2978845394778,2,-90,-15.5153317977814,-10.5210153256495,-78.5318159689333,93.4623333184059,0
39,7,47.1836643487378,2,-75,-15.5153317977814,-0.0199739319386043,-68.5483463008089,79.4813198203405,8.61366513513568
39,8,67.3273010916908,2,-60,-15.5153317977814,9.75753230632188,-57.8561797153072,65.8612340267412,27.5333641089441
39,9,83.5581198199769,2,-45,-15.5153317977814,18.379734513463,-45.8866486069253,52.8894301382865,50.4152189828633
39,10,94.9328443457334,2,-30,-15.5153317977814,25.2910110735518,-32.1984715616893,41.1900790024759,71.4397139017301
39,11,100.790417024965,2,-15,-15.5153317977814,29.8387643457607,-16.7084508497286,32.188129717764,85.2992874197457
39,12,100.790417024965,2,0,-15.5153317977814,31.4365682022186,0,28.5634317977814,88.5230455106184
39,13,94.9328443457334,2,15,-15.5153317977814,29.8387643457607,16.7084508497286,32.188129717764,80.3420028852045
39,14,83.5581198199769,2,30,-15.5153317977814,25.2910110735518,32.1984715616893,41.1900790024759,62.8799043707776
39,15,67.3273010916909,2,45,-15.5153317977814,18.379734513463,45.8866486069253,52.8894301382865,40.6222714845154
39,16,47.1836643487378,2,60,-15.5153317977814,9.75753230632188,57.8561797153072,65.8612340267412,19.2956644547324
39,17,24.2978845394778,2,75,-15.5153317977814,-0.0199739319386043,68.5483463008089,79.4813198203405,4.4357267245788
39,18,1.24339234608432e-14,2,90,-15.5153317977814,-10.5210153256495,78.5318159689333,93.4623333184059,0
39,19,0,2,105,-15.5153317977814,-21.3979643663392,88.4462129507634,107.65836889151,0
39,20,0,2,120,-15.5153317977814,-32.3216281655639,80.9182450502579,113.349905042601,0
39,21,0,2,135,-15.5153317977814,-42.8831741430123,68.4110561945419,117.034740810765,0
39,22,0,2,150,-15.5153317977814,-52.4111472466095,52.1681354344316,119.945622261926,0
39,23,0,2,165,-15.5153317977814,-59.627139051286,29.5528281463721,121.819448273267,0
40,0,0,2,-180,-15.2103632062703,-62.1622632062703,-1.44996887289486e-14,122.16226320627,0
40,1,0,2,-165,-15.2103632062703,-59.344119248649,-29.3290898275198,121.515680806435,0
40,2,0,2,-150,-15.2103632062703,-52.1665703097264,-51.8703059522403,119.644987788579,0
40,3,0,2,-135,-15.2103632062703,-42.6665798964638,-68.1185701790413,116.738031896139,0
40,4,0,2,-120,-15.2103632062703,-32.1192476270773,-80.648576348936,113.056671076137,0
40,5,0,2,-105,-15.2103632062703,-21.1989146998939,-88.6942026613192,107.610079165981,0
40,6,23.1737617920046,2,-90,-15.2103632062703,-10.3169135531914,-78.7622166807673,93.395822146193,0
40,7,45.0007487818547,2,-75,-15.2103632062703,0.196044483483053,-68.7636183387251,79.3930606299898,8.28330570865927
40,8,64.2124558235699,2,-60,-15.2103632062703,9.99125306588369,-58.0550349807244,65.7453018007184,26.3780668462043
40,9,79.6923683355993,2,-45,-15.2103632062703,18.6354463714527,-46.061896853067,52.7362314178895,48.2525540022622
40,10,90.5408500699363,2,-30,-15.2103632062703,25.5699038515305,-32.3350981619601,40.98534109637,68.3472420093962
40,11,96.1274267008081,2,-15,-15.2103632062703,30.136372619342,-16.7853409587429,31.9197766447274,81.5919251916195
40,12,96.1274267008081,2,0,-15.2103632062703,31.7415367937297,0,28.2584632062703,84.6710382499172
40,13,90.5408500699364,2,15,-15.2103632062703,30.136372619342,16.7853409587429,31.9197766447274,76.8500990740636
40,14,79.6923683355993,2,30,-15.2103632062703,25.5699038515305,32.3350981619601,40.98534109637,60.1579682621482
40,15,64.2124558235699,2,45,-15.2103632062703,18.6354463714527,46.061896853067,52.7362314178895,38.8796952199574
40,16,45.0007487818548,2,60,-15.2103632062703,9.99125306588369,58.0550349807244,65.7453018007184,18.4860202630858
40,17,23.1737617920047,2,75,-15.2103632062703,0.196044483483053,68.7636183387251,79.3930606299898,4.26560354080648
40,18,1.18586776537457e-14,2,90,-15.2103632062703,-10.3169135531914,78.7622166807673,93.395822146193,0
40,19,0,2,105,-15.2103632062703,-21.1989146998939,88.6942026613192,107.610079165981,0
40,20,0,2,120,-15.2103632062703,-32.1192476270773,80.648576348936,113.056671076137,0
40,21,0,2,135,-15.2103632062703,-42.6665798964638,68.1185701790413,116.738031896139,0
40,22,0,2,150,-15.2103632062703,-52.1665703097264,51.8703059522403,119.644987788579,0
40,23,0,2,165,-15.2103632062703,-59.344119248649,29.3290898275198,121.515680806435,0
41,0,0,2,-180,-14.9008874558747,-61.8527874558747,-1.4373960457914e-14,121.852787455875,0
41,1,0,2,-165,-14.9008874558747,-59.0565314433365,-29.1058276776584,121.207415959562,0
41,2,0,2,-150,-14.9008874558747,-51.9176205240648,-51.5714082622666,119.339883639687,0
41,3,0,2,-135,-14.9008874558747,-42.4460292769781,-67.8238412709192,116.436893343192,0
41,4,0,2,-120,-14.9008874558747,-31.9132944399809,-80.3761437097987,112.759050188146,0
41,5,0,2,-105,-14.9008874558747,-20.9965543496481,-88.9451745885099,107.56056239571,0
41,6,22.0729107771598,2,-90,-14.9008874558747,-10.1096286928165,-78.9957171462073,93.3282342321394,0
41,7,42.8630242117172,2,-75,-14.9008874558747,0.415252610409227,-68.9820776106858,79.3037818758564,7.95545258082002
41,8,61.1620944798433,2,-60,-14.9008874558747,10.2283072648352,-58.2571214934112,65.6282964372893,25.2388210865429
41,9,75.9066461319688,2,-45,-14.9008874558747,18.8947709841624,-46.2402750628538,52.5817144203757,46.1231053747114
41,10,86.2397794203366,2,-30,-14.9008874558747,25.8527881234221,-32.474395996865,40.7786308831442,65.3040987748725
41,11,91.5609701976382,2,-15,-14.9008874558747,30.4383331908516,-16.8638429176202,31.6480634647745,77.9446710262638
41,12,91.5609701976382,2,0,-14.9008874558747,32.0510125441253,0,27.9489874558747,80.8817775601233
41,13,86.2397794203367,2,15,-14.9008874558747,30.4383331908516,16.8638429176202,31.6480634647745,73.4148100635689
41,14,75.9066461319688,2,30,-14.9008874558747,25.8527881234221,32.474395996865,40.7786308831442,57.4794503185202
41,15,61.1620944798434,2,45,-14.9008874558747,18.8947709841624,46.2402750628538,52.5817144203757,37.1638831694315
41,16,42.8630242117172,2,60,-14.9008874558747,10.2283072648352,58.2571214934112,65.6282964372893,17.6876251297151
41,17,22.0729107771598,2,75,-14.9008874558747,0.415252610409227,68.9820776106858,79.3037818758564,4.09677101039369
41,18,1.1295340658785e-14,2,90,-14.9008874558747,-10.1096286928165,78.9957171462073,93.3282342321394,0
41,19,0,2,105,-14.9008874558747,-20.9965543496481,88.9451745885099,107.56056239571,0
41,20,0,2,120,-14.9008874558747,-31.9132944399809,80.3761437097987,112.759050188146,0
41,21,0,2,135,-14.9008874558747,-42.4460292769781,67.8238412709192,116.436893343192,0
41,22,0,2,150,-14.9008874558747,-51.9176205240648,51.5714082622666,119.339883639687,0
41,23,0,2,165,-14.9008874558747,-59.0565314433365,29.1058276776584,121.207415959562,0
42,0,0,2,-180,-14.5869962509383,-61.5388962509383,-1.42490053131735e-14,121.538896250938,0
42,1,0,2,-165,-14.5869962509383,-58.7644551139957,-28.8831692548138,120.894744882571,0
42,2,0,2,-150,-14.5869962509383,-51.6643541529619,-51.2716181219592,119.030399566541,0
42,3,0,2,-135,-14.5869962509383,-42.2215661501032,-67.5270232063006,116.131413280546,0
42,4,0,2,-120,-14.5869962509383,-31.703811725067,-80.1010689821754,112.457129276593,0
42,5,0,2,-105,-14.5869962509383,-20.790932202848,-89.1990325956465,107.509812762499,0
42,6,20.9956577008572,2,-90,-14.5869962509383,-9.89921864567288,-79.2322414745459,93.2595874573773,0
42,7,40.7711240922511,2,-75,-14.5869962509383,0.637582113622443,-69.203666163881,79.2135251180514,7.63029274680224
42,8,58.1771209484095,2,-60,-14.5869962509383,10.4686162014958,-58.4623996880956,65.5102853144857,24.1161553412918
42,9,72.2020750002769,2,-45,-14.5869962509383,19.1576211592733,-46.4217635842185,52.4259756270193,44.0278079072742
42,10,82.0309068969924,2,-30,-14.5869962509383,26.139572038097,-32.6163636376114,40.5700725789113,62.3115893878216
42,11,87.0924006550693,2,-15,-14.5869962509383,30.7445537018464,-16.9439631140047,31.3731134444191,74.3590729133934
42,12,87.0924006550693,2,0,-14.5869962509383,32.3649037490617,0,27.6350962509384,77.1568667771616
42,13,82.0309068969925,2,15,-14.5869962509383,30.7445537018464,16.9439631140047,31.3731134444191,70.0375938798997
42,14,72.2020750002769,2,30,-14.5869962509383,26.139572038097,32.6163636376114,40.5700725789113,54.845499343503
42,15,58.1771209484096,2,45,-14.5869962509383,19.1576211592733,46.4217635842185,52.4259756270193,35.4755885576004
42,16,40.7711240922511,2,60,-14.5869962509383,10.4686162014958,58.4623996880956,65.5102853144857,16.9008494407919
42,17,20.9956577008572,2,75,-14.5869962509383,0.637582113622443,69.203666163881,79.2135251180514,3.92932542911274
42,18,1.07440794048704e-14,2,90,-14.5869962509383,-9.89921864567288,79.2322414745459,93.2595874573773,0
42,19,0,2,105,-14.5869962509383,-20.790932202848,89.1990325956465,107.509812762499,0
42,20,0,2,120,-14.5869962509383,-31.703811725067,80.1010689821754,112.457129276593,0
42,21,0,2,135,-14.5869962509383,-42.2215661501032,67.5270232063006,116.131413280546,0
42,22,0,2,150,-14.5869962509383,-51.6643541529619,51.2716181219592,119.030399566541,0
42,23,0,2,165,-14.5869962509383,-58.7644551139957,28.8831692548138,120.894744882571,0
43,0,0,2,-180,-14.2687826041997,-61.2206826041997,-1.41248814146741e-14,121.2206826042,0
43,1,0,2,-165,-14.2687826041997,-58.4679717099644,-28.6612356388378,120.577760043198,0
43,2,0,2,-150,-14.2687826041997,-51.4068299055555,-50.9711066550806,118.716626659037,0
43,3,0,2,-135,-14.2687826041997,-41.9932365535592,-67.2282678311951,115.821681192933,0
43,4,0,2,-120,-14.2687826041997,-31.4908443687538,-79.8234734473066,112.150996600709,0
43,5,0,2,-105,-14.2687826041997,-20.5820986057905,-89.4556805477143,107.457825139034,0
43,6,19.9423217764323,2,-90,-14.2687826041997,-9.68574258813345,-79.471713515009,93.1899002100919,0
43,7,38.7256682986087,2,-75,-14.2687826041997,0.862963457438298,-69.4283256706145,79.1223323486193,7.30802494487559
43,8,55.2584197413468,2,-60,-14.2687826041997,10.7120999568451,-58.6708296395872,65.3913363308027,23.0106157000674
43,9,68.5797526849012,2,-45,-14.2687826041997,19.4239084129892,-46.6063425917812,52.2691124574583,41.9676190988218
43,10,77.9154796796673,2,-30,-14.2687826041997,26.4301623913642,-32.7609998079558,40.3597923512199,59.3710455823045
43,11,82.7230422066965,2,-15,-14.2687826041997,31.0549404541261,-17.0257082440483,31.0950525739096,70.8367075345857
43,12,82.7230422066965,2,0,-14.2687826041997,32.6831173958003,0,27.3168826041997,73.4979381026397
43,13,77.9154796796673,2,15,-14.2687826041997,31.0549404541261,17.0257082440483,31.0950525739096,66.719935573631
43,14,68.5797526849012,2,30,-14.2687826041997,26.4301623913642,32.7609998079558,40.3597923512199,52.2572875045902
43,15,55.2584197413468,2,45,-14.2687826041997,19.4239084129892,46.6063425917812,52.2691124574583,33.815582893145
43,16,38.7256682986087,2,60,-14.2687826041997,10.7120999568451,58.6708296395872,65.3913363308027,16.1260759015301
43,17,19.9423217764324,2,75,-14.2687826041997,0.862963457438298,69.4283256706145,79.1223323486193,3.76336914000112
43,18,1.02050572426087e-14,2,90,-14.2687826041997,-9.68574258813345,79.471713515009,93.1899002100919,0
43,19,0,2,105,-14.2687826041997,-20.5820986057905,89.4556805477143,107.457825139034,0
43,20,0,2,120,-14.2687826041997,-31.4908443687538,79.8234734473066,112.150996600709,0
43,21,0,2,135,-14.2687826041997,-41.9932365535592,67.2282678311951,115.821681192933,0
43,22,0,2,150,-14.2687826041997,-51.4068299055555,50.9711066550806,118.716626659037,0
43,23,0,2,165,-14.2687826041997,-58.4679717099644,28.6612356388378,120.577760043198,0
44,0,0,2,-180,-13.9463408092299,-60.8982408092299,-1.40016426005008e-14,120.89824080923,0
44,1,0,2,-165,-13.9463408092299,-58.167164611098,-28.4401415282048,120.256555199701,0
44,2,0,2,-150,-13.9463408092299,-51.1451089195198,-50.670040248641,118.398657319106,0
44,3,0,2,-135,-13.9463408092299,-41.7610887025902,-66.9277249717943,115.507787895527,0
44,4,0,2,-120,-13.9463408092299,-31.274439030675,-79.5434777241048,111.840741756044,0
44,5,0,2,-105,-13.9463408092299,-20.3701053638328,-89.715022373207,107.404595119134,0
44,6,18.9132151300526,2,-90,-13.9463408092299,-9.4692609615828,-79.7140568945341,93.1191913853965,0
44,7,36.7272629434863,2,-75,-13.9463408092299,1.09132592543968,-69.6559974469359,79.0302459644608,6.9888593660822
44,8,52.4068557328136,2,-60,-13.9463408092299,10.9586774209749,-58.8823710656532,65.2715178528961,21.9227650438865
44,9,65.0407525581196,2,-45,-13.9463408092299,19.6935429989878,-46.7939920801945,52.1112231996063,39.9435177663268
44,10,73.894717258264,2,-30,-13.9463408092299,26.7244646539478,-32.9083033795865,40.1479182692793,56.4838237298652
44,11,78.4541895877266,2,-15,-13.9463408092299,31.3693984369025,-17.109085315731,30.8140096004156,67.3791780076413
44,12,78.4541895877266,2,0,-13.9463408092299,33.0055591907701,0,26.9944408092299,69.9066502693971
44,13,73.894717258264,2,15,-13.9463408092299,31.3693984369025,17.109085315731,30.8140096004156,63.4633450951842
44,14,65.0407525581196,2,30,-13.9463408092299,26.7244646539478,32.9083033795865,40.1479182692793,49.716008654729
44,15,52.4068557328137,2,45,-13.9463408092299,19.6935429989878,46.7939920801945,52.1112231996063,32.1846548618946
44,16,36.7272629434863,2,60,-13.9463408092299,10.9586774209749,58.8823710656532,65.2715178528961,15.3636989847294
44,17,18.9132151300526,2,75,-13.9463408092299,1.09132592543968,69.6559974469359,79.0302459644608,3.59901038386087
44,18,9.67843389589956e-15,2,90,-13.9463408092299,-9.4692609615828,79.7140568945341,93.1191913853965,0
44,19,0,2,105,-13.9463408092299,-20.3701053638328,89.715022373207,107.404595119134,0
44,20,0,2,120,-13.9463408092299,-31.274439030675,79.5434777241048,111.840741756044,0
44,21,0,2,135,-13.9463408092299,-41.7610887025902,66.9277249717943,115.507787895527,0
44,22,0,2,150,-13.9463408092299,-51.1451089195198,50.670040248641,118.398657319106,0
44,23,0,2,165,-13.9463408092299,-58.167164611098,28.4401415282048,120.256555199701,0
45,0,0,2,-180,-13.6197664124916,-60.5716664124916,-1.38793385829701e-14,120.571666412492,0
45,1,0,2,-165,-13.6197664124916,-57.8621190858249,-28.2199953522206,119.931225373144,0
45,2,0,2,-150,-13.6197664124916,-50.8792547396721,-50.3685804671226,118.076585233635,0
45,3,0,2,-135,-13.6197664124916,-41.5251729915618,-66.6255423133317,115.189825507695,0
45,4,0,2,-120,-13.6197664124916,-31.0546441486155,-79.2612016790356,111.526455648877,0
45,5,0,2,-105,-13.6197664124916,-20.1550057395679,-89.9769621235505,107.350119047115,0
45,6,17.9086427082271,2,-90,-13.6197664124916,-9.2498354608593,-79.9591950538503,93.0474803845305,0
45,7,34.7765001975198,2,-75,-13.6197664124916,1.32259764129829,-69.8866224698318,78.9373087395511,6.67301734027807
45,8,49.6232739027674,2,-60,-13.6197664124916,11.2082663205038,-59.0969833284354,65.1508986620991,20.8531822131135
45,9,61.5861233020478,2,-45,-13.6197664124916,19.9664339382147,-46.9846918558955,51.952406937149,37.9565026029211
45,10,69.9698110714631,2,-30,-13.6197664124916,27.0223830000999,-33.0582733661095,39.9345802506936,53.6513028444724
45,11,74.2871077513199,2,-15,-13.6197664124916,31.687831354404,-17.1941016515647,30.5301160633585,63.9881115302762
45,12,74.2871077513199,2,0,-13.6197664124916,33.3321335875084,0,26.6678664124916,66.3846861039689
45,13,69.9698110714631,2,15,-13.6197664124916,31.687831354404,17.1941016515647,30.5301160633585,60.2693550754584
45,14,61.5861233020478,2,30,-13.6197664124916,27.0223830000999,33.0582733661095,39.9345802506936,47.2228765763066
45,15,49.6232739027675,2,45,-13.6197664124916,19.9664339382147,46.9846918558955,51.952406937149,30.5836091649761
45,16,34.7765001975198,2,60,-13.6197664124916,11.2082663205038,59.0969833284354,65.1508986620991,14.6141243476645
45,17,17.9086427082272,2,75,-13.6197664124916,1.32259764129829,69.8866224698318,78.9373087395511,3.43636313758126
45,18,9.16436541460617e-15,2,90,-13.6197664124916,-9.2498354608593,79.9591950538503,93.0474803845305,0
45,19,0,2,105,-13.6197664124916,-20.1550057395679,89.9769621235505,107.350119047115,0
45,20,0,2,120,-13.6197664124916,-31.0546441486155,79.2612016790356,111.526455648877,0
45,21,0,2,135,-13.6197664124916,-41.5251729915618,66.6255423133317,115.189825507695,0
45,22,0,2,150,-13.6197664124916,-50.8792547396721,50.3685804671226,118.076585233635,0
45,23,0,2,165,-13.6197664124916,-57.8621190858249,28.2199953522206,119.931225373144,0
46,0,0,2,-180,-13.2891561850267,-60.2410561850267,-1.37580151078278e-14,120.241056185027,0
46,1,0,2,-165,-13.2891561850267,-57.5529222476093,-28.0008993969953,119.601866819279,0
46,2,0,2,-150,-13.2891561850267,-50.6093332926423,-50.0668839835032,117.750505346896,0
46,3,0,2,-135,-13.2891561850267,-41.2855419918636,-66.3218652875896,114.867887426157,0
46,4,0,2,-120,-13.2891561850267,-30.8315099407972,-78.9767643402291,111.208230469997,0
46,5,0,2,-105,-13.2891561850267,-19.9368544491578,-89.7585959699349,107.056865292749,0
46,6,16.9289021874451,2,-90,-13.2891561850267,-9.0275290213473,-80.2070512818176,92.9747871133639,0
46,7,32.8739581138115,2,-75,-13.2891561850267,1.55670559068589,-70.1201413929517,78.8435637964666,6.36073099908378
46,8,46.9084990865791,2,-60,-13.2891561850267,11.4607832469549,-59.3146254343829,65.0295478997886,19.8024611320734
46,9,58.2168885978913,2,-45,-13.2891561850267,20.2424890495266,-47.1784215272196,51.7927634746068,36.0075906711017
46,10,66.1419241536741,2,-30,-13.2891561850267,27.3238203368525,-33.2109089155725,39.7199100045015,50.8748825041331
46,11,70.2230314937575,2,-15,-13.2891561850267,32.0101416539103,-17.2807648906403,30.2435063319346,60.6651569289039
46,12,70.2230314937575,2,0,-13.2891561850267,33.6627438149733,0,26.3372561850267,62.9337499919426
46,13,66.1419241536741,2,15,-13.2891561850267,32.0101416539103,17.2807648906403,30.2435063319346,57.1395185170693
46,14,58.2168885978913,2,30,-13.2891561850267,27.3238203368525,33.2109089155725,39.7199100045015,44.7791231517931
46,15,46.9084990865791,2,45,-13.2891561850267,20.2424890495266,47.1784215272196,51.7927634746068,29.0132653047086
46,16,32.8739581138115,2,60,-13.2891561850267,11.4607832469549,59.3146254343829,65.0295478997886,13.8777682186044
46,17,16.9289021874451,2,75,-13.2891561850267,1.55670559068589,70.1201413929517,78.8435637964666,3.27554694057053
46,18,8.66300412831401e-15,2,90,-13.2891561850267,-9.0275290213473,80.2070512818176,92.9747871133639,0
46,19,0,2,105,-13.2891561850267,-19.9368544491578,89.7585959699349,107.056865292749,0
46,20,0,2,120,-13.2891561850267,-30.8315099407972,78.9767643402291,111.208230469997,0
46,21,0,2,135,-13.2891561850267,-41.2855419918636,66.3218652875896,114.867887426157,0
46,22,0,2,150,-13.2891561850267,-50.6093332926423,50.0668839835032,117.750505346896,0
46,23,0,2,165,-13.2891561850267,-57.5529222476093,28.0008993969953,119.601866819279,0
47,0,0,2,-180,-12.9546080937807,-59.9065080937807,-1.363771411546e-14,119.906508093781,0
47,1,0,2,-165,-12.9546080937807,-57.2396630099968,-27.7829499435853,119.268577000029,0
47,2,0,2,-150,-12.9546080937807,-50.3354128578001,-49.7651025265323,117.420513832498,0
47,3,0,2,-135,-12.9546080937807,-41.0422504461858,-66.0168369691005,114.542068297595,0
47,4,0,2,-120,-12.9546080937807,-30.6050884055251,-78.6902838159144,110.886159667868,0
47,5,0,2,-105,-12.9546080937807,-19.7157076568211,-89.4917474415659,106.737137564263,0
47,6,15.9742838859672,2,-90,-12.9546080937807,-8.8024058047177,-80.4575487479949,92.9011319802008,0
47,7,31.0202004566413,2,-75,-12.9546080937807,1.79357564427518,-70.3564945608491,78.749054577244,6.05224291635246
47,8,44.2633357306163,2,-60,-12.9546080937807,11.7161436861009,-59.535256032682,64.9075350116357,18.7712098922755
47,9,54.934046822607,2,-45,-12.9546080937807,20.5216149811888,-47.3751604928372,51.6323932599569,34.0978158346521
47,10,62.4121907904034,2,-30,-12.9546080937807,27.6286783339145,-33.3662093014669,39.5040409703031,48.1559806942289
47,11,66.2631650885446,2,-15,-12.9546080937807,32.3362305542147,-17.3690829899753,29.9543176448731,57.4119821185394
47,12,66.2631650885446,2,0,-12.9546080937807,33.9972919062193,0,26.0027080937807,59.5555652524688
47,13,62.4121907904034,2,15,-12.9546080937807,32.3362305542147,17.3690829899753,29.9543176448731,54.0754064018739
47,14,54.934046822607,2,30,-12.9546080937807,27.6286783339145,33.3662093014669,39.5040409703031,42.3859964654869
47,15,44.2633357306164,2,45,-12.9546080937807,20.5216149811888,47.3751604928372,51.6323932599569,27.4744563211173
47,16,31.0202004566413,2,60,-12.9546080937807,11.7161436861009,59.535256032682,64.9075350116357,13.1550567543267
47,17,15.9742838859672,2,75,-12.9546080937807,1.79357564427518,70.3564945608491,78.749054577244,3.11668670960987
47,18,8.17449860119245e-15,2,90,-12.9546080937807,-8.8024058047177,80.4575487479949,92.9011319802008,0
47,19,0,2,105,-12.9546080937807,-19.7157076568211,89.4917474415659,106.737137564263,0
47,20,0,2,120,-12.9546080937807,-30.6050884055251,78.6902838159144,110.886159667868,0
47,21,0,2,135,-12.9546080937807,-41.0422504461858,66.0168369691005,114.542068297595,0
47,22,0,2,150,-12.9546080937807,-50.3354128578001,49.7651025265323,117.420513832498,0
47,23,0,2,165,-12.9546080937807,-57.2396630099968,27.7829499435853,119.268577000029,0
48,0,0,2,-180,-12.6162212725731,-59.5681212725731,-1.35184739031288e-14,119.568121272573,0
48,1,0,2,-165,-12.6162212725731,-56.9224320404074,-27.5662374167704,118.931454554588,0
48,2,0,2,-150,-12.6162212725731,-50.0575640346441,-49.463382843661,117.086708064866,0
48,3,0,2,-135,-12.6162212725731,-40.7953552592493,-65.7105979800567,114.212463990691,0
48,4,0,2,-120,-12.6162212725731,-30.3754333182121,-78.4018772172553,110.56033792119,0
48,5,0,2,-105,-12.6162212725731,-19.4916229674798,-89.2225875394764,106.413689478437,0
48,6,15.0450706777985,2,-90,-12.6162212725731,-8.574531183318,-80.7106105334065,92.8265358928675,0
48,7,29.2157765344102,2,-75,-12.6162212725731,2.03313258182843,-70.5956220217215,78.653824813589,5.74780572681688
48,8,41.6885676538688,2,-60,-12.6162212725731,11.9742620482751,-59.7588334121643,64.7849296907787,17.7600497963052
48,9,51.7385707530624,2,-45,-12.6162212725731,20.8037172432323,-47.5748879284746,51.4713973048071,32.2282271330139
48,10,58.7817161821407,2,-30,-12.6162212725731,27.9368574542157,-33.5241739121441,39.2871082532574,45.496031577856
48,11,62.4086819295578,2,-15,-12.6162212725731,32.6659980745073,-17.4590642251188,29.6626901524562,54.2302714801202
48,12,62.4086819295578,2,0,-12.6162212725731,34.3356787274269,0,25.6643212725731,56.2518714284546
48,13,58.7817161821407,2,15,-12.6162212725731,32.6659980745073,17.4590642251188,29.6626901524562,51.078605220712
48,14,51.7385707530624,2,30,-12.6162212725731,27.9368574542157,33.5241739121441,39.2871082532574,40.044758841009
48,15,41.6885676538688,2,45,-12.6162212725731,20.8037172432323,47.5748879284746,51.4713973048071,25.9680274820768
48,16,29.2157765344102,2,60,-12.6162212725731,11.9742620482751,59.7588334121643,64.7849296907787,12.4464253700666
48,17,15.0450706777986,2,75,-12.6162212725731,2.03313258182843,70.5956220217215,78.653824813589,2.95991254247047
48,18,7.698993587972e-15,2,90,-12.6162212725731,-8.574531183318,80.7106105334065,92.8265358928675,0
48,19,0,2,105,-12.6162212725731,-19.4916229674798,89.2225875394764,106.413689478437,0
48,20,0,2,120,-12.6162212725731,-30.3754333182121,78.4018772172553,110.56033792119,0
48,21,0,2,135,-12.6162212725731,-40.7953552592493,65.7105979800567,114.212463990691,0
48,22,0,2,150,-12.6162212725731,-50.0575640346441,49.463382843661,117.086708064866,0
48,23,0,2,165,-12.6162212725731,-56.9224320404074,27.5662374167704,118.931454554588,0
49,0,0,2,-180,-12.2740959927222,-59.2259959927221,-1.34003292873365e-14,119.225995992722,0
49,1,0,2,-165,-12.2740959927222,-56.6013217128335,-27.3508465429946,118.590599270131,0
49,2,0,2,-150,-12.2740959927222,-49.7758597068562,-49.1618666789822,116.749186590267,0
49,3,0,2,-135,-12.2740959927222,-40.544915485077,-65.4032864039086,113.879171567652,0
49,4,0,2,-120,-12.2740959927222,-30.1426002258064,-78.1116605856512,110.230861110871,0
49,5,0,2,-105,-12.2740959927222,-19.2646594175687,-88.9512111763643,106.086616387696,0
49,6,14.1415379088668,2,-90,-12.2740959927222,-8.34397172321617,-80.9661596594854,92.7510202550802,0
49,7,27.4612210368691,2,-75,-12.2740959927222,2.27530011736971,-70.8374635386397,78.5579184964617,5.4476817236297
49,8,39.1849578156856,2,-60,-12.2740959927222,12.2350516996479,-59.9853154966795,64.661801819959,16.7696143645445
49,9,48.6314072777809,2,-45,-12.2740959927222,21.088700240675,-47.7775827718815,51.3098771021287,30.3998871020107
49,10,55.2515761168646,2,-30,-12.2740959927222,28.2482569851037,-33.6848022385823,39.0692485547215,42.89648319866
49,11,58.6607241833438,2,-15,-12.2740959927222,32.9993430636771,-17.5507171899677,29.3687669608133,51.1217231617836
49,12,58.6607241833438,2,0,-12.2740959927222,34.6778040072778,0,25.3221959927222,53.0244214992228
49,13,55.2515761168646,2,15,-12.2740959927222,32.9993430636771,17.5507171899677,29.3687669608133,48.1507144315237
49,14,48.6314072777809,2,30,-12.2740959927222,28.2482569851037,33.6848022385823,39.0692485547215,37.7566848193815
49,15,39.1849578156857,2,45,-12.2740959927222,21.088700240675,47.7775827718815,51.3098771021287,24.4948349302273
49,16,27.4612210368691,2,60,-12.2740959927222,12.2350516996479,59.9853154966795,64.661801819959,11.7523180434169
49,17,14.1415379088668,2,75,-12.2740959927222,2.27530011736971,70.8374635386397,78.5579184964617,2.80535951066121
49,18,7.23662999105032e-15,2,90,-12.2740959927222,-8.34397172321617,80.9661596594854,92.7510202550802,0
49,19,0,2,105,-12.2740959927222,-19.2646594175687,88.9512111763643,106.086616387696,0
49,20,0,2,120,-12.2740959927222,-30.1426002258064,78.1116605856512,110.230861110871,0
49,21,0,2,135,-12.2740959927222,-40.544915485077,65.4032864039086,113.879171567652,0
49,22,0,2,150,-12.2740959927222,-49.7758597068562,49.1618666789822,116.749186590267,0
49,23,0,2,165,-12.2740959927222,-56.6013217128335,27.3508465429946,118.590599270131,0
50,0,0,2,-180,-11.9283336333318,-58.8802336333319,-1.32833117655194e-14,118.880233633332,0
50,1,0,2,-165,-11.9283336333318,-56.2764260595922,-27.1368565160742,118.246112052171,0
50,2,0,2,-150,-11.9283336333318,-49.4903750032301,-48.8606907655023,116.408049097397,0
50,3,0,2,-135,-11.9283336333318,-40.290992310904,-65.095037707597,113.542289255189,0
50,4,0,2,-120,-11.9283336333318,-29.9066464386546,-77.8197488245464,109.89782629143,0
50,5,0,2,-105,-11.9283336333318,-19.0348774640204,-88.6777128829128,105.756014813036,0
50,6,13.2639533154313,2,-90,-11.9283336333318,-8.11079516590489,-81.2241191151774,92.6746069620837,0
50,7,25.7570538766783,2,-75,-11.9283336333318,2.52000092543507,-71.0819585992575,78.4613798450622,5.15214243556263
50,8,36.7532480896943,2,-60,-11.9283336333318,12.4984249944679,-60.2146598389248,64.5382214126685,15.8005483069848
50,9,45.6134771163584,2,-45,-11.9283336333318,21.3764673076116,-47.9832237060127,51.1479345415542,28.6138700449771
50,10,51.822816651263,2,-30,-11.9283336333318,28.5627750701974,-33.8480938604386,38.8506000983001,40.3587951218597
50,11,55.0204024506703,2,-15,-11.9283336333318,33.3361632300271,-17.6440507957466,29.072694178486,48.0880463108706
50,12,55.0204024506703,2,0,-11.9283336333318,35.0235663666681,0,24.9764336333319,49.874979022652
50,13,51.822816651263,2,15,-11.9283336333318,33.3361632300271,17.6440507957466,29.072694178486,45.2933438522191
50,14,45.6134771163584,2,30,-11.9283336333318,28.5627750701974,33.8480938604386,38.8506000983001,35.5230590827
50,15,36.7532480896943,2,45,-11.9283336333318,21.3764673076116,47.9832237060127,51.1479345415542,23.0557442899296
50,16,25.7570538766783,2,60,-11.9283336333318,12.4984249944679,60.2146598389248,64.5382214126685,11.0731865937634
50,17,13.2639533154313,2,75,-11.9283336333318,2.52000092543507,71.0819585992575,78.4613798450622,2.65316744170154
50,18,6.78754481873979e-15,2,90,-11.9283336333318,-8.11079516590489,81.2241191151774,92.6746069620837,0
50,19,0,2,105,-11.9283336333318,-19.0348774640204,88.6777128829128,105.756014813036,0
50,20,0,2,120,-11.9283336333318,-29.9066464386546,77.8197488245464,109.89782629143,0
50,21,0,2,135,-11.9283336333318,-40.290992310904,65.095037707597,113.542289255189,0
50,22,0,2,150,-11.9283336333318,-49.4903750032301,48.8606907655023,116.408049097397,0
50,23,0,2,165,-11.9283336333318,-56.2764260595922,27.1368565160742,118.246112052171,0
51,0,0,2,-180,-11.5790366512515,-58.5309366512515,-1.31674496763563e-14,118.530936651251,0
51,1,0,2,-165,-11.5790366512515,-55.9478407222707,-26.9243411693481,117.898094894547,0
51,2,0,2,-150,-11.5790366512515,-49.2011872556815,-48.5599868310325,116.06339638753,0
51,3,0,2,-135,-11.5790366512515,-40.0336490378302,-64.7859846723377,113.201916415007,0
51,4,0,2,-120,-11.5790366512515,-29.6676310198376,-77.5262556357839,109.561331661837,0
51,5,0,2,-105,-11.5790366512515,-18.8023389714415,-88.4021867638951,105.421982415051,0
51,6,12.4125769447468,2,-90,-11.5790366512515,-7.87507040867669,-81.4844118821924,92.5973183955571,0
51,7,24.1037800353463,2,-75,-11.5790366512515,2.76715666839216,-71.3290464240015,78.3642532752462,4.86146818468056
51,8,34.3941590439671,2,-60,-11.5790366512515,12.7642933082617,-60.4468236127228,64.4142585533571,14.8535064624881
51,9,42.6856745466339,2,-45,-11.5790366512515,21.6669207421745,-48.1917891403912,50.9856718222613,26.8712602584932
51,10,48.4964538007643,2,-30,-11.5790366512515,28.8803087419016,-34.0140484303223,38.6313025510724,37.8844360193384
51,11,51.4887954374314,2,-15,-11.5790366512515,33.6763551713988,-17.7390742691006,28.7746209652348,45.1309582436391
51,12,51.4887954374314,2,0,-11.5790366512515,35.3728633487485,0,24.6271366512515,46.805315214035
51,13,48.4964538007643,2,15,-11.5790366512515,33.6763551713988,17.7390742691006,28.7746209652348,42.5081109948773
51,14,42.6856745466339,2,30,-11.5790366512515,28.8803087419016,34.0140484303223,38.6313025510724,33.3451743285768
51,15,34.3941590439671,2,45,-11.5790366512515,21.6669207421745,48.1917891403912,50.9856718222613,21.6516292376439
51,16,24.1037800353463,2,60,-11.5790366512515,12.7642933082617,60.4468236127228,64.4142585533571,10.4094899389089
51,17,12.4125769447468,2,75,-11.5790366512515,2.76715666839216,71.3290464240015,78.3642532752462,2.50348069133958
51,18,6.35187114466904e-15,2,90,-11.5790366512515,-7.87507040867669,81.4844118821924,92.5973183955571,0
51,19,0,2,105,-11.5790366512515,-18.8023389714415,88.4021867638951,105.421982415051,0
51,20,0,2,120,-11.5790366512515,-29.6676310198376,77.5262556357839,109.561331661837,0
51,21,0,2,135,-11.5790366512515,-40.0336490378302,64.7859846723377,113.201916415007,0
51,22,0,2,150,-11.5790366512515,-49.2011872556815,48.5599868310325,116.06339638753,0
51,23,0,2,165,-11.5790366512515,-55.9478407222707,26.9243411693481,117.898094894547,0
52,0,0,2,-180,-11.2263085507152,-58.1782085507153,-1.3052768358063e-14,118.178208550715,0
52,1,0,2,-165,-11.2263085507152,-55.6156629019962,-26.7133691530251,117.546650849071,0
52,2,0,2,-150,-11.2263085507152,-48.9083759545476,-48.2598816169635,115.715330344259,0
52,3,0,2,-135,-11.2263085507152,-39.7729510583266,-64.4762573328426,112.858153513796,0
52,4,0,2,-120,-11.2263085507152,-29.4256147720232,-77.2312934605154,109.221476535818,0
52,5,0,2,-105,-11.2263085507152,-18.567107197498,-88.1247264569829,105.084617964408,0
52,6,11.5876610780062,2,-90,-11.2263085507152,-7.63686748368206,-81.7469609583983,92.5191774177837,0
52,7,22.5018894135929,2,-75,-11.2263085507152,3.01668802481998,-71.5786659727417,78.2665833673989,4.5759476253558
52,8,32.1083897275017,2,-60,-11.2263085507152,13.03256707199,-60.6817636037467,64.2899833367549,13.9291527079484
52,9,39.8488671396961,2,-45,-11.2263085507152,21.9599618423702,-48.4032571906243,50.8231913634673,25.1731502170572
52,10,45.2734732384699,2,-30,-11.2263085507152,29.200753954588,-34.1826656562228,38.4114969397543,35.4748812048557
52,11,48.0669496350032,2,-15,-11.2263085507152,34.0198144057028,-17.8357971492505,28.4746995830371,42.2521815598636
52,12,48.0669496350032,2,0,-11.2263085507152,35.7255914492848,0,24.2744085507152,43.8172059690886
52,13,45.2734732384699,2,15,-11.2263085507152,34.0198144057028,17.8357971492505,28.4746995830371,39.7966383480354
52,14,39.8488671396961,2,30,-11.2263085507152,29.200753954588,34.1826656562228,38.4114969397543,31.2243291006797
52,15,32.1083897275017,2,45,-11.2263085507152,21.9599618423702,48.4032571906243,50.8231913634673,20.2833700392212
52,16,22.5018894135929,2,60,-11.2263085507152,13.03256707199,60.6817636037467,64.2899833367549,9.76169333060138
52,17,11.5876610780062,2,75,-11.2263085507152,3.01668802481998,71.5786659727417,78.2665833673989,2.35644790616113
52,18,5.92973806835028e-15,2,90,-11.2263085507152,-7.63686748368206,81.7469609583983,92.5191774177837,0
52,19,0,2,105,-11.2263085507152,-18.567107197498,88.1247264569829,105.084617964408,0
52,20,0,2,120,-11.2263085507152,-29.4256147720232,77.2312934605154,109.221476535818,0
52,21,0,2,135,-11.2263085507152,-39.7729510583266,64.4762573328426,112.858153513796,0
52,22,0,2,150,-11.2263085507152,-48.9083759545476,48.2598816169635,115.715330344259,0
52,23,0,2,165,-11.2263085507152,-55.6156629019962,26.7133691530251,117.546650849071,0
53,0,0,2,-180,-10.8702538526719,-57.8221538526719,-1.29392903041227e-14,117.822153852672,0
53,1,0,2,-165,-10.8702538526719,-55.2799913091518,-26.5040041155616,117.191883994836,0
53,2,0,2,-150,-10.8702538526719,-48.6120227013816,-47.9604969091686,115.363953902832,0
53,3,0,2,-135,-10.8702538526719,-39.5089658307125,-64.1659829248383,112.511102092749,0
53,4,0,2,-120,-10.8702538526719,-29.1806602218855,-76.9349734246729,108.878361311629,0
53,5,0,2,-105,-10.8702538526719,-18.3292467765341,-87.8454250942688,104.744021311786,0
53,6,10.7894501555839,2,-90,-10.8702538526719,-7.39625753568621,-82.011689379357,92.4402073650825,0
53,7,20.951856686181,2,-75,-10.8702538526719,3.26851471893631,-71.8307559499492,78.1684148338018,4.29587726553504
53,8,29.8966174630775,2,-60,-10.8702538526719,13.3031558071523,-60.9194361986943,64.1654658063699,13.0281588398838
53,9,37.1038955028028,2,-45,-10.8702538526719,22.2554909427917,-48.6176056560444,50.660595712569,23.520638721152
53,10,42.1548300030779,2,-30,-10.8702538526719,29.524005618447,-34.3539452820246,38.191325561559,33.1316101255849
53,11,44.7558790101467,2,-15,-10.8702538526719,34.3664354018507,-17.9342292841542,28.1730854491932,39.4534412096753
53,12,44.7558790101467,2,0,-10.8702538526719,36.0816461473281,0,23.9183538526719,40.9124288387289
53,13,42.1548300030779,2,15,-10.8702538526719,34.3664354018507,17.9342292841542,28.1730854491932,37.1605506139927
53,14,37.1038955028028,2,30,-10.8702538526719,29.524005618447,34.3539452820246,38.191325561559,29.1618255808302
53,15,29.8966174630775,2,45,-10.8702538526719,22.2554909427917,48.6176056560444,50.660595712569,18.9518520577014
53,16,20.951856686181,2,60,-10.8702538526719,13.3031558071523,60.9194361986943,64.1654658063699,9.13026757074303
53,17,10.789450155584,2,75,-10.8702538526719,3.26851471893631,71.8307559499492,78.1684148338018,2.21222177705938
53,18,5.52127067692441e-15,2,90,-10.8702538526719,-7.39625753568621,82.011689379357,92.4402073650825,0
53,19,0,2,105,-10.8702538526719,-18.3292467765341,87.8454250942688,104.744021311786,0
53,20,0,2,120,-10.8702538526719,-29.1806602218855,76.9349734246729,108.878361311629,0
53,21,0,2,135,-10.8702538526719,-39.5089658307125,64.1659829248383,112.511102092749,0
53,22,0,2,150,-10.8702538526719,-48.6120227013816,47.9604969091686,115.363953902832,0
53,23,0,2,165,-10.8702538526719,-55.2799913091518,26.5040041155616,117.191883994836,0
54,0,0,2,-180,-10.5109780638126,-57.4628780638126,-1.28270353159748e-14,117.462878063813,0
54,1,0,2,-165,-10.5109780638126,-54.9409261126514,-26.2963048879829,116.833899407194,0
54,2,0,2,-150,-10.5109780638126,-48.3122111594454,-47.661949580269,115.009371019095,0
54,3,0,2,-135,-10.5109780638126,-39.2417628507242,-63.855285840713,112.160864736615,0
54,4,0,2,-120,-10.5109780638126,-28.9328316021448,-76.6374052889861,108.532087441328,0
54,5,0,2,-105,-10.5109780638126,-18.0888237014513,-87.5643752664997,104.400293357281,0
54,6,10.0181807046031,2,-90,-10.5109780638126,-7.15331279854214,-82.2785202380065,92.3604320405049,0
54,7,19.45414116126,2,-75,-10.5109780638126,3.52255555105952,-72.0852548083523,78.0697924855251,4.02156097121738
54,8,27.7594976465503,2,-60,-10.5109780638126,13.5759681618334,-61.1597973729163,64.0407758922213,12.151203431073
54,9,34.4515730302916,2,-45,-10.5109780638126,22.5534074522113,-48.8348119954533,50.497987450974,21.914829013275
54,10,39.141448215885,2,-30,-10.5109780638126,29.8499576340154,-34.5278870660441,37.9709318895145,30.8561038163233
54,11,41.5565647045466,2,-15,-10.5109780638126,34.716111611085,-18.0343808256179,27.8699371914218,36.7364615201517
54,12,41.5565647045466,2,0,-10.5109780638126,36.4409219361874,0,23.5590780638126,38.092759963385
54,13,39.141448215885,2,15,-10.5109780638126,34.716111611085,18.0343808256179,27.8699371914218,34.6014719082049
54,14,34.4515730302916,2,30,-10.5109780638126,29.8499576340154,34.5278870660441,37.9709318895145,27.158967348247
54,15,27.7594976465503,2,45,-10.5109780638126,22.5534074522113,48.8348119954533,50.497987450974,17.6579642352955
54,16,19.45414116126,2,60,-10.5109780638126,13.5759681618334,61.1597973729163,64.0407758922213,8.51568821010917
54,17,10.0181807046032,2,75,-10.5109780638126,3.52255555105952,72.0852548083523,78.0697924855251,2.070958784059
54,18,5.12659000809496e-15,2,90,-10.5109780638126,-7.15331279854214,82.2785202380065,92.3604320405049,0
54,19,0,2,105,-10.5109780638126,-18.0888237014513,87.5643752664997,104.400293357281,0
54,20,0,2,120,-10.5109780638126,-28.9328316021448,76.6374052889861,108.532087441328,0
54,21,0,2,135,-10.5109780638126,-39.2417628507242,63.855285840713,112.160864736615,0
54,22,0,2,150,-10.5109780638126,-48.3122111594454,47.661949580269,115.009371019095,0
54,23,0,2,165,-10.5109780638126,-54.9409261126514,26.2963048879829,116.833899407194,0
55,0,0,2,-180,-10.1485876453076,-57.1004876453076,-1.27160206522563e-14,117.100487645308,0
55,1,0,2,-165,-10.1485876453076,-54.5985688888784,-26.0903256701409,116.472803126428,0
55,2,0,2,-150,-10.1485876453076,-48.0090270020994,-47.3643516424843,114.651686638063,0
55,3,0,2,-135,-10.1485876453076,-38.9714136203025,-63.5442875931,111.807545042322,0
55,4,0,2,-120,-10.1485876453076,-28.6821948312886,-76.3386974035211,108.182757399551,0
55,5,0,2,-105,-10.1485876453076,-17.8459053038788,-87.2816689900249,104.053536019321,0
55,6,9.27408126884749,2,-90,-10.1485876453076,-6.90810657040073,-82.547376702498,92.2798757057951,0
55,7,18.0091866442634,2,-75,-10.1485876453076,3.7787284290887,-72.3421007511048,77.9707611988825,3.75330945514565
55,8,25.6976635526446,2,-60,-10.1485876453076,13.8509119476823,-61.402802676508,63.9159833478797,11.2989706649205
55,9,31.8926856625526,2,-45,-10.1485876453076,22.8536098920521,-49.0548533009469,50.335469097676,20.3568268665975
55,10,36.2342208069487,2,-30,-10.1485876453076,30.178502927386,-34.7044907575179,37.7504604719996,28.6498423228437
55,11,38.4699547440786,2,-15,-10.1485876453076,35.0687354987037,-18.1362622232974,27.5654167047897,34.1029631893007
55,12,38.4699547440786,2,0,-10.1485876453076,36.8033123546924,0,23.1966876453076,35.3599709747609
55,13,36.2342208069487,2,15,-10.1485876453076,35.0687354987037,18.1362622232974,27.5654167047897,32.1210229279661
55,14,31.8926856625527,2,30,-10.1485876453076,30.178502927386,34.7044907575179,37.7504604719996,25.2170571116276
55,15,25.6976635526447,2,45,-10.1485876453076,22.8536098920521,49.0548533009469,50.335469097676,16.4025975533159
55,16,18.0091866442634,2,60,-10.1485876453076,13.8509119476823,61.402802676508,63.9159833478797,7.91843473145899
55,17,9.27408126884751,2,75,-10.1485876453076,3.7787284290887,72.3421007511048,77.9707611988825,1.93281893301063
55,18,4.74581301426201e-15,2,90,-10.1485876453076,-6.90810657040073,82.547376702498,92.2798757057951,0
55,19,0,2,105,-10.1485876453076,-17.8459053038788,87.2816689900249,104.053536019321,0
55,20,0,2,120,-10.1485876453076,-28.6821948312886,76.3386974035211,108.182757399551,0
55,21,0,2,135,-10.1485876453076,-38.9714136203025,63.5442875931,111.807545042322,0
55,22,0,2,150,-10.1485876453076,-48.0090270020994,47.3643516424843,114.651686638063,0
55,23,0,2,165,-10.1485876453076,-54.5985688888784,26.0903256701409,116.472803126428,0
56,0,0,2,-180,-9.78318998125883,-56.7350899812588,-1.26062611742496e-14,116.735089981259,0
56,1,0,2,-165,-9.78318998125883,-54.2530225703827,-25.8861162179824,116.108702126108,0
56,2,0,2,-150,-9.78318998125883,-47.7025578592844,-47.0678103102917,114.29100666213,0
56,3,0,2,-135,-9.78318998125883,-38.6979916137276,-63.2331067861857,111.451247587158,0
56,4,0,2,-120,-9.78318998125883,-28.4288174910366,-76.0389566666983,107.830474651819,0
56,5,0,2,-105,-9.78318998125883,-17.6005602326675,-86.9973976764397,103.703852203075,0
56,6,8.55737234103877,2,-90,-9.78318998125883,-6.66071318768032,-82.8181820322052,92.198563072623,0
56,7,16.6174213063992,2,-75,-9.78318998125883,4.03695040098509,-72.6012317324866,77.8713658814876,3.49143975075479
56,8,23.7117261473006,2,-60,-9.78318998125883,14.1278941778134,-61.648407218879,63.7911576868822,10.4721491502977
56,9,29.4279916531385,2,-45,-9.78318998125883,23.1559959357411,-49.2777062698029,50.1731430106399,18.8477386510092
56,10,33.4340092504933,2,-30,-9.78318998125883,30.5095334861038,-34.8837560709766,37.5300568262639,26.5143021009582
56,11,35.4969637578884,2,-15,-9.78318998125883,35.4241985761764,-18.2398842175265,27.2596892102669,31.5546602551987
56,12,35.4969637578884,2,0,-9.78318998125883,37.1687100187412,0,22.8312899812588,32.7158258730713
56,13,33.4340092504933,2,15,-9.78318998125883,35.4241985761764,18.2398842175265,27.2596892102669,29.7208180976898
56,14,29.4279916531385,2,30,-9.78318998125883,30.5095334861038,34.8837560709766,37.5300568262639,23.3373944198534
56,15,23.7117261473006,2,45,-9.78318998125883,23.1559959357411,49.2777062698029,50.1731430106399,15.1866434738831
56,16,16.6174213063992,2,60,-9.78318998125883,14.1278941778134,61.648407218879,63.7911576868822,7.33898971896477
56,17,8.55737234103879,2,75,-9.78318998125883,4.03695040098509,72.6012317324866,77.8713658814876,1.79796548469327
56,18,4.37905252786668e-15,2,90,-9.78318998125883,-6.66071318768032,82.8181820322052,92.198563072623,0
56,19,0,2,105,-9.78318998125883,-17.6005602326675,86.9973976764397,103.703852203075,0
56,20,0,2,120,-9.78318998125883,-28.4288174910366,76.0389566666983,107.830474651819,0
56,21,0,2,135,-9.78318998125883,-38.6979916137276,63.2331067861857,111.451247587158,0
56,22,0,2,150,-9.78318998125883,-47.7025578592844,47.0678103102917,114.29100666213,0
56,23,0,2,165,-9.78318998125883,-54.2530225703827,25.8861162179824,116.108702126108,0
57,0,0,2,-180,-9.41489334688008,-56.3667933468801,-1.2497769487255e-14,116.36679334688,0
57,1,0,2,-165,-9.41489334688008,-53.904391394425,-25.6837220309778,115.741704281156,0
57,2,0,2,-150,-9.41489334688008,-47.3928932622844,-46.7724280721204,113.927437918931,0
57,3,0,2,-135,-9.41489334688008,-38.4215722412339,-62.9218590945067,111.092077896556,0
57,4,0,2,-120,-9.41489334688008,-28.1727688016183,-75.7382884887385,107.475343622391,0
57,5,0,2,-105,-9.41489334688008,-17.3528584307473,-86.7116521049063,103.351345768403,0
57,6,7.86826629750015,2,-90,-9.41489334688008,-6.41120799782135,-83.0908595919233,92.1165192930916,0
57,7,15.2792575577739,2,-75,-9.41489334688008,4.2971376882349,-72.8625854571581,77.7716514379523,3.23627467246041
57,8,21.8022739066313,2,-60,-9.41489334688008,14.4068211056188,-61.8965656518166,63.666368118602,9.67143071967024
57,9,27.0582213440765,2,-45,-9.41489334688008,23.460462448942,-49.5033471744184,50.0111112860726,17.388669381376
57,10,30.7416433096367,2,-30,-9.41489334688008,30.8429403957546,-35.0656826584333,37.3098673257024,24.450953397954
57,11,32.6384727073678,2,-15,-9.41489334688008,35.782391433648,-18.3452578309078,26.9529233146499,29.0932570481325
57,12,32.6384727073678,2,0,-9.41489334688008,37.5370066531199,0,22.4629933468801,30.1620778878691
57,13,30.7416433096367,2,15,-9.41489334688008,35.782391433648,18.3452578309078,26.9529233146499,27.4024626981817
57,14,27.0582213440765,2,30,-9.41489334688008,30.8429403957546,35.0656826584333,37.3098673257024,21.5212733571775
57,15,21.8022739066313,2,45,-9.41489334688008,23.460462448942,49.5033471744184,50.0111112860726,14.0109923673016
57,16,15.2792575577739,2,60,-9.41489334688008,14.4068211056188,61.8965656518166,63.666368118602,6.77783801592651
57,17,7.86826629750016,2,75,-9.41489334688008,4.2971376882349,72.8625854571581,77.7716514379523,1.66656467688235
57,18,4.02641722795641e-15,2,90,-9.41489334688008,-6.41120799782135,83.0908595919233,92.1165192930916,0
57,19,0,2,105,-9.41489334688008,-17.3528584307473,86.7116521049063,103.351345768403,0
57,20,0,2,120,-9.41489334688008,-28.1727688016183,75.7382884887385,107.475343622391,0
57,21,0,2,135,-9.41489334688008,-38.4215722412339,62.9218590945067,111.092077896556,0
57,22,0,2,150,-9.41489334688008,-47.3928932622844,46.7724280721204,113.927437918931,0
57,23,0,2,165,-9.41489334688008,-53.904391394425,25.6837220309778,115.741704281156,0
58,0,0,2,-180,-9.04380687641257,-55.9957068764126,-1.23905560776533e-14,115.995706876413,0
58,1,0,2,-165,-9.04380687641257,-53.5527808514462,-25.4831845389372,115.371918335635,0
58,2,0,2,-150,-9.04380687641257,-47.0801245869536,-46.4783027703124,113.561088128868,0
58,3,0,2,-135,-9.04380687641257,-38.1422328102383,-62.6106572489838,110.730142411477,0
58,4,0,2,-120,-9.04380687641257,-27.9141195949332,-75.4367967594704,107.117469661671,0
58,5,0,2,-105,-9.04380687641257,-17.1028711103852,-86.424522397125,102.996121497343,0
58,6,7.20696733522445,2,-90,-9.04380687641257,-6.15966733085308,-83.3653328642832,92.0337699495304,0
58,7,13.995091925186,2,-75,-9.04380687641257,4.5592057202731,-73.1260993779983,77.6716627352683,2.98814226340776
58,8,19.9698726425451,2,-60,-9.04380687641257,14.6875982644778,-62.1472321510677,63.5416834836505,8.89750921336659
58,9,24.7840769494531,2,-45,-9.04380687641257,23.7669055306681,-49.7317518302843,49.8494756556662,15.9807207529
58,10,28.1579207905131,2,-30,-9.04380687641257,31.1786138772519,-35.2502700793193,37.0900390806642,22.4612576231245
58,11,29.8953286251061,2,-15,-9.04380687641257,36.1432037728285,-18.4523943585964,26.6452910715295,26.7204451336676
58,12,29.8953286251061,2,0,-9.04380687641257,37.9080931235874,0,22.0919068764126,27.7004663306522
58,13,28.1579207905131,2,15,-9.04380687641257,36.1432037728285,18.4523943585964,26.6452910715295,25.1675499873651
58,14,24.7840769494531,2,30,-9.04380687641257,31.1786138772519,35.2502700793193,37.0900390806642,19.7699802288159
58,15,19.9698726425451,2,45,-9.04380687641257,23.7669055306681,49.7317518302843,49.8494756556662,12.876531929043
58,16,13.995091925186,2,60,-9.04380687641257,14.6875982644778,62.1472321510677,63.5416834836505,6.23546587277509
58,17,7.20696733522446,2,75,-9.04380687641257,4.5592057202731,73.1260993779983,77.6716627352683,1.53878543996039
58,18,3.68801160798107e-15,2,90,-9.04380687641257,-6.15966733085308,83.3653328642832,92.0337699495304,0
58,19,0,2,105,-9.04380687641257,-17.1028711103852,86.424522397125,102.996121497343,0
58,20,0,2,120,-9.04380687641257,-27.9141195949332,75.4367967594704,107.117469661671,0
58,21,0,2,135,-9.04380687641257,-38.1422328102383,62.6106572489838,110.730142411477,0
58,22,0,2,150,-9.04380687641257,-47.0801245869536,46.4783027703124,113.561088128868,0
58,23,0,2,165,-9.04380687641257,-53.5527808514462,25.4831845389372,115.371918335635,0
59,0,0,2,-180,-8.67004053078629,-55.6219405307863,-1.2284629445481e-14,115.621940530786,0
59,1,0,2,-165,-8.67004053078629,-53.1982976335362,-25.2845412875157,114.99945387025,0
59,2,0,2,-150,-8.67004053078629,-46.764344995585,-46.1855276885941,113.192065872316,0
59,3,0,2,-135,-8.67004053078629,-37.8600524843181,-62.299611029926,110.365548455424,0
59,4,0,2,-120,-8.67004053078629,-27.6529422856711,-75.1345838204236,106.756959013206,0
59,5,0,2,-105,-8.67004053078629,-16.8506707268883,-86.1360979949213,102.638285061157,0
59,6,6.57367141136619,2,-90,-8.67004053078629,-5.90616846980224,-83.641525460411,91.950341043583,0
59,7,12.7653049346271,2,-75,-8.67004053078629,4.8230691698447,-73.3917106925549,77.5714445679189,2.74737523183508
59,8,18.215065335083,2,-60,-8.67004053078629,14.9701305083489,-62.4003603964618,63.4171721888981,8.1510792528893
59,9,22.6062323473325,2,-45,-8.67004053078629,24.0752205552722,-49.9628955619901,49.6883373819133,14.6249891685168
59,10,25.6836073058662,2,-30,-8.67004053078629,31.5164433248291,-35.4375177680977,36.8707198125843,20.5466647141677
59,11,27.268344363897,2,-15,-8.67004053078629,36.5065244402644,-18.5613053572057,26.3369680429099,24.4379002546074
59,12,27.268344363897,2,0,-8.67004053078629,38.2818594692137,0,21.7181405307863,25.3327134474799
59,13,25.6836073058662,2,15,-8.67004053078629,36.5065244402644,18.5613053572057,26.3369680429099,23.0176583199628
59,14,22.6062323473325,2,30,-8.67004053078629,31.5164433248291,35.4375177680977,36.8707198125843,18.0847912429
59,15,18.2150653350831,2,45,-8.67004053078629,24.0752205552722,49.9628955619901,49.6883373819133,11.7841455903133
59,16,12.7653049346271,2,60,-8.67004053078629,14.9701305083489,62.4003603964618,63.4171721888981,5.71236008739632
59,17,6.5736714113662,2,75,-8.67004053078629,4.8230691698447,73.3917106925549,77.5714445679189,1.41479910666446
59,18,3.36393594482926e-15,2,90,-8.67004053078629,-5.90616846980224,83.641525460411,91.950341043583,0
59,19,0,2,105,-8.67004053078629,-16.8506707268883,86.1360979949213,102.638285061157,0
59,20,0,2,120,-8.67004053078629,-27.6529422856711,75.1345838204236,106.756959013206,0
59,21,0,2,135,-8.67004053078629,-37.8600524843181,62.299611029926,110.365548455424,0
59,22,0,2,150,-8.67004053078629,-46.764344995585,46.1855276885941,113.192065872316,0
59,23,0,2,165,-8.67004053078629,-53.1982976335362,25.2845412875157,114.99945387025,0
60,0,0,3,-180,-8.29370506503591,-55.2456050650359,-1.21799962323774e-14,115.245605065036,0
60,1,0,3,-165,-8.29370506503591,-52.841049582965,-25.0878261217785,114.624421269604,0
60,2,0,3,-150,-8.29370506503591,-46.4456493775885,-45.8941916463182,112.820480556531,0
60,3,0,3,-135,-8.29370506503591,-37.5751122400733,-61.9888272667205,109.99840420109,0
60,4,0,3,-120,-8.29370506503591,-27.3893108404658,-74.8317504411191,106.393918780275,0
60,5,0,3,-105,-8.29370506503591,-16.5963309507968,-85.8464676404075,102.277942986972,0
60,6,5.96856618517526,3,-90,-8.29370506503591,-5.65078961997478,-83.9193611288652,91.8662589846003,0
60,7,11.5902609985235,3,-75,-8.29370506503591,5.08864198927953,-73.6593563381441,77.4710416227631,2.51431037723708
60,8,16.5383719715221,3,-60,-8.29370506503591,15.2543220532297,-62.6559035506078,63.2929021422021,7.43283500620436
60,9,20.525332880072,3,-45,-8.29370506503591,24.3853022153124,-50.1967531672558,49.5277971516053,13.3225637632989
60,10,23.3194360481815,3,-30,-8.29370506503591,31.8563173447407,-35.6274249994859,36.6520577212434,18.7086105062513
60,11,24.758298355872,3,-15,-8.29370506503591,36.8722414609917,-18.6720026322595,26.0281333610048,22.2472792798349
60,12,24.758298355872,3,0,-8.29370506503591,38.6581949349641,0,21.3418050650359,23.0605212798535
60,13,23.3194360481816,3,15,-8.29370506503591,36.8722414609917,18.6720026322595,26.0281333610048,20.9543482736608
60,14,20.525332880072,3,30,-8.29370506503591,31.8563173447407,35.6274249994859,36.6520577212434,16.4669701947773
60,15,16.5383719715221,3,45,-8.29370506503591,24.3853022153124,50.1967531672558,49.5277971516053,10.7347109262077
60,16,11.5902609985235,3,60,-8.29370506503591,15.2543220532297,62.6559035506078,63.2929021422021,5.20900713983287
60,17,5.96856618517527,3,75,-8.29370506503591,5.08864198927953,73.6593563381441,77.4710416227631,1.29477911658109
60,18,3.05428626911407e-15,3,90,-8.29370506503591,-5.65078961997478,83.9193611288652,91.8662589846003,0
60,19,0,3,105,-8.29370506503591,-16.5963309507968,85.8464676404075,102.277942986972,0
60,20,0,3,120,-8.29370506503591,-27.3893108404658,74.8317504411191,106.393918780275,0
60,21,0,3,135,-8.29370506503591,-37.5751122400733,61.9888272667205,109.99840420109,0
60,22,0,3,150,-8.29370506503591,-46.4456493775885,45.8941916463182,112.820480556531,0
60,23,0,3,165,-8.29370506503591,-52.841049582965,25.0878261217785,114.624421269604,0
61,0,0,3,-180,-7.91491199548196,-54.866811995482,-1.20766613448101e-14,114.866811995482,0
61,1,0,3,-165,-7.91491199548196,-52.4811456408345,-24.8930693672668,114.246931689191,0
61,2,0,3,-150,-7.91491199548196,-46.1241342891433,-45.6043790987519,112.446442382251,0
61,3,0,3,-135,-7.91491199548196,-37.2874948220098,-61.6784098439166,109.628818636666,0
61,4,0,3,-120,-7.91491199548196,-27.1233007451661,-74.5283957994607,106.028456892102,0
61,5,0,3,-105,-7.91491199548196,-16.3399266386149,-85.5557193586727,101.915202624001,0
61,6,5.39183096238941,3,-90,-7.91491199548196,-5.39360987714466,-84.198763762891,91.7815505773544,0
61,7,10.4703083077529,3,-75,-7.91491199548196,5.35583744765379,-73.9289729856382,77.3704984437441,2.28928800754232
61,8,14.9402893922919,3,-60,-7.91491199548196,15.5400765194651,-62.9138142361981,63.1689406869341,6.74346894796928
61,9,18.5419951630933,3,-45,-7.91491199548196,24.6970445652892,-50.4332988789912,49.3679549676395,12.0745244308486
61,10,21.0661075724258,3,-30,-7.91491199548196,32.1981237946819,-35.8199908512171,36.4342013449759,16.9485141105509
61,11,22.3659343818344,3,-15,-7.91491199548196,37.2402420725661,-18.7844982241134,25.7189697896423,20.1502171680235
61,12,22.3659343818344,3,0,-7.91491199548196,39.036988004518,0,20.963011995482,20.8855685421074
61,13,21.0661075724258,3,15,-7.91491199548196,37.2402420725661,18.7844982241134,25.7189697896423,18.9791597892773
61,14,18.5419951630933,3,30,-7.91491199548196,32.1981237946819,35.8199908512171,36.4342013449759,14.9177661596487
61,15,14.9402893922919,3,45,-7.91491199548196,24.6970445652892,50.4332988789912,49.3679549676395,9.72909806546849
61,16,10.4703083077529,3,60,-7.91491199548196,15.5400765194651,62.9138142361981,63.1689406869341,4.72589232343945
61,17,5.39183096238942,3,75,-7.91491199548196,5.35583744765379,73.9289729856382,77.3704984437441,1.17890071601364
61,18,2.75915433671723e-15,3,90,-7.91491199548196,-5.39360987714466,84.198763762891,91.7815505773544,0
61,19,0,3,105,-7.91491199548196,-16.3399266386149,85.5557193586727,101.915202624001,0
61,20,0,3,120,-7.91491199548196,-27.1233007451661,74.5283957994607,106.028456892102,0
61,21,0,3,135,-7.91491199548196,-37.2874948220098,61.6784098439166,109.628818636666,0
61,22,0,3,150,-7.91491199548196,-46.1241342891433,45.6043790987519,112.446442382251,0
61,23,0,3,165,-7.91491199548196,-52.4811456408345,24.8930693672668,114.246931689191,0
62,0,0,3,-180,-7.53377356668594,-54.4856735666859,-1.1974628072516e-14,114.485673566686,0
62,1,0,3,-165,-7.53377356668594,-52.1186957959041,-24.7002980080682,113.867097022153,0
62,2,0,3,-150,-7.53377356668594,-45.7998978919772,-45.31617024271,112.070062310037,0
62,3,0,3,-135,-7.53377356668594,-36.9972846955783,-61.3684597133978,109.25690153183,0
62,4,0,3,-120,-7.53377356668594,-26.8549889703032,-74.2246174661179,105.660682069696,0
62,5,0,3,-105,-7.53377356668594,-16.081533802129,-85.2639404429479,101.550172109389,0
62,6,4.84363664210214,3,-90,-7.53377356668594,-5.13470919468452,-84.4796574060341,91.6962430090868,0
62,7,9.40577872846814,3,-75,-7.53377356668594,5.6245681688108,-74.2004970319841,77.269859396468,2.07265134854368
62,8,13.4212911437502,3,-60,-7.53377356668594,15.8272969748864,-63.1740445119599,63.0453545364048,6.08367061767946
62,9,16.6568069021658,3,-45,-7.53377356668594,25.0103410662497,-50.672506325387,49.2089100392695,10.8819398566703
62,10,18.9242895884572,3,-30,-7.53377356668594,32.5417498239301,-36.0152141642753,36.2172994136668,15.2677753090523
62,11,20.0919613508612,3,-15,-7.53377356668594,37.6104127594705,-18.8988043922615,25.4096637846093,18.1483239541809
62,12,20.0919613508612,3,0,-7.53377356668594,39.4181264333141,0,20.5818735666859,18.8095075235309
62,13,18.9242895884572,3,15,-7.53377356668594,37.6104127594705,18.8988043922615,25.4096637846093,17.0936093324374
62,14,16.6568069021658,3,30,-7.53377356668594,32.5417498239301,36.0152141642753,36.2172994136668,13.438411199523
62,15,13.4212911437502,3,45,-7.53377356668594,25.0103410662497,50.672506325387,49.2089100392695,8.76816810586677
62,16,9.40577872846814,3,60,-7.53377356668594,15.8272969748864,63.1740445119599,63.0453545364048,4.26349887457901
62,17,4.84363664210214,3,75,-7.53377356668594,5.6245681688108,74.2004970319841,77.269859396468,1.06734065386031
62,18,2.47862760159976e-15,3,90,-7.53377356668594,-5.13470919468452,84.4796574060341,91.6962430090868,0
62,19,0,3,105,-7.53377356668594,-16.081533802129,85.2639404429479,101.550172109389,0
62,20,0,3,120,-7.53377356668594,-26.8549889703032,74.2246174661179,105.660682069696,0
62,21,0,3,135,-7.53377356668594,-36.9972846955783,61.3684597133978,109.25690153183,0
62,22,0,3,150,-7.53377356668594,-45.7998978919772,45.31617024271,112.070062310037,0
62,23,0,3,165,-7.53377356668594,-52.1186957959041,24.7002980080682,113.867097022153,0
63,0,0,3,-180,-7.15040271818999,-54.10230271819,-1.18738982021312e-14,114.10230271819,0
63,1,0,3,-165,-7.15040271818999,-51.7538110336336,-24.5095358614594,113.485029865812,0
63,2,0,3,-150,-7.15040271818999,-45.4730398914205,-45.029641126855,111.691452026337,0
63,3,0,3,-135,-7.15040271818999,-36.7045679985038,-61.0590749123305,108.882763403417,0
63,4,0,3,-120,-7.15040271818999,-26.5844539348393,-73.9205113927871,105.290703791349,0
63,5,0,3,-105,-7.15040271818999,-15.8212295763647,-84.9712174421874,101.182960333696,0
63,6,4.32414566612153,3,-90,-7.15040271818999,-4.87416834967569,-84.7619662561595,91.6103638359094,0
63,7,8.39698770375805,3,-75,-7.15040271818999,5.89474617021119,-74.4738645915002,77.1691686327062,1.86474594684278
63,8,11.9818273378606,3,-60,-7.15040271818999,16.1158859787593,-63.4365458472955,62.9222097082863,5.45412537872135
63,9,14.8703267192569,3,-45,-7.15040271818999,25.3250846312542,-50.9143484880481,49.0507606709525,9.74586556349766
63,10,16.8946167631685,3,-30,-7.15040271818999,32.8870819142167,-36.2130935005342,36.0015006944034,13.6677719723779
63,11,17.9370530902379,3,-15,-7.15040271818999,37.9826392878968,-19.0149335979453,25.1004055521446,16.2431817669371
63,12,17.9370530902379,3,0,-7.15040271818999,39.80149728181,0,20.19850271819,16.8339610233836
63,13,16.8946167631685,3,15,-7.15040271818999,37.9826392878968,19.0149335979453,25.1004055521446,15.2991870842062
63,14,14.8703267192569,3,30,-7.15040271818999,32.8870819142167,36.2130935005342,36.0015006944034,12.0301180904351
63,15,11.9818273378606,3,45,-7.15040271818999,25.3250846312542,50.9143484880481,49.0507606709525,7.8527715392164
63,16,8.39698770375805,3,60,-7.15040271818999,16.1158859787593,63.4365458472955,62.9222097082863,3.82230710295442
63,17,4.32414566612154,3,75,-7.15040271818999,5.89474617021119,74.4738645915002,77.1691686327062,0.960276874152043
63,18,2.21278918988754e-15,3,90,-7.15040271818999,-4.87416834967569,84.7619662561595,91.6103638359094,0
63,19,0,3,105,-7.15040271818999,-15.8212295763647,84.9712174421874,101.182960333696,0
63,20,0,3,120,-7.15040271818999,-26.5844539348393,73.9205113927871,105.290703791349,0
63,21,0,3,135,-7.15040271818999,-36.7045679985038,61.0590749123305,108.882763403417,0
63,22,0,3,150,-7.15040271818999,-45.4730398914205,45.029641126855,111.691452026337,0
63,23,0,3,165,-7.15040271818999,-51.7538110336336,24.5095358614594,113.485029865812,0
64,0,0,3,-180,-6.76491305105028,-53.7168130510503,-1.17744721260099e-14,113.71681305105,0
64,1,0,3,-165,-6.76491305105028,-51.3866032854852,-24.3208037487429,113.100843487978,0
64,2,0,3,-150,-6.76491305105028,-45.1436614738734,-44.7448637660111,111.310723909304,0
64,3,0,3,-135,-6.76491305105028,-36.4094324905368,-60.7503505865712,108.506515480804,0
64,4,0,3,-120,-6.76491305105028,-26.3117754682816,-73.616171904205,104.91863225781,0
64,5,0,3,-105,-6.76491305105028,-15.5590921862378,-84.6776361510028,100.813676906027,0
64,6,3.83351197083531,3,-90,-6.76491305105028,-4.61206890803586,-85.045614667927,91.5239409685747,0
64,7,7.44423416017472,3,-75,-6.76491305105028,6.1662829025817,-74.7490114860019,77.0684700548722,1.66591906758801
64,8,10.622324518815,3,-60,-6.76491305105028,16.4057456265202,-63.7012690956611,62.7995714591354,4.85551318132094
64,9,13.1830839870003,3,-45,-6.76491305105028,25.6411676716973,-51.1587976581836,48.8936041499556,8.66734197352391
64,10,14.9776905324218,3,-30,-6.76491305105028,33.2340059213351,-36.4136270977339,35.7869538296742,12.1498575073388
64,11,15.9018481457889,3,-15,-6.76491305105028,38.3568067409019,-19.1328984849739,24.7913891046647,14.4363418844162
64,12,15.9018481457889,3,0,-6.76491305105028,40.1869869489497,0,19.8130130510503,14.9605193268896
64,13,14.9776905324218,3,15,-6.76491305105028,38.3568067409019,19.1328984849739,24.7913891046647,13.5973541680616
64,14,13.1830839870003,3,30,-6.76491305105028,33.2340059213351,36.4136270977339,35.7869538296742,10.6940780758297
64,15,10.622324518815,3,45,-6.76491305105028,25.6411676716973,51.1587976581836,48.8936041499556,6.98374669000847
64,16,7.44423416017472,3,60,-6.76491305105028,16.4057456265202,63.7012690956611,62.7995714591354,3.4027935246701
64,17,3.83351197083531,3,75,-6.76491305105028,6.1662829025817,74.7490114860019,77.0684700548722,0.857888205909357
64,18,1.96171787523923e-15,3,90,-6.76491305105028,-4.61206890803586,85.045614667927,91.5239409685747,0
64,19,0,3,105,-6.76491305105028,-15.5590921862378,84.6776361510028,100.813676906027,0
64,20,0,3,120,-6.76491305105028,-26.3117754682816,73.616171904205,104.91863225781,0
64,21,0,3,135,-6.76491305105028,-36.4094324905368,60.7503505865712,108.506515480804,0
64,22,0,3,150,-6.76491305105028,-45.1436614738734,44.7448637660111,111.310723909304,0
64,23,0,3,165,-6.76491305105028,-51.3866032854852,24.3208037487429,113.100843487978,0
65,0,0,3,-180,-6.37741879417479,-53.3293187941748,-1.16763489462568e-14,113.329318794175,0
65,1,0,3,-165,-6.37741879417479,-51.0171853785186,-24.1341196619579,112.714651793055,0
65,2,0,3,-150,-6.37741879417479,-44.8118652438182,-44.4619062588673,110.927990994383,0
65,3,0,3,-135,-6.37741879417479,-36.111967501758,-60.4423790192098,108.128269671017,0
65,4,0,3,-120,-6.37741879417479,-26.0370347712489,-73.3116916937847,104.544578357138,0
65,5,0,3,-105,-6.37741879417479,-15.2952009119523,-84.3832816018798,100.442432118831,0
65,6,3.37188094159612,3,-90,-6.37741879417479,-4.34849318870504,-85.3305271537781,91.4370026576397,0
65,7,6.54780041915522,3,-75,-6.37741879417479,6.43908929032953,-75.0258732338094,76.9678072805272,1.47651908830046
65,8,9.34318553663914,3,-60,-6.37741879417479,16.696777595275,-63.9681644667359,62.6775042191276,4.28850733236821
65,9,11.5955786718312,3,-45,-6.37741879417479,25.9584821444772,-51.4058253908721,48.7375366328999,7.64739249244324
65,10,13.17407892283,3,-30,-6.37741879417479,33.5824071174906,-36.6168128217326,35.5738071680415,10.7153583408419
65,11,13.9869495926623,3,-15,-6.37741879417479,38.7327995539366,-19.2527118586638,24.4828123126533,12.7293218364297
65,12,13.9869495926623,3,0,-6.37741879417479,40.5744812058252,0,19.4255187941748,13.1907372301879
65,13,13.17407892283,3,15,-6.37741879417479,38.7327995539366,19.2527118586638,24.4828123126533,11.9895399204987
65,14,11.5955786718312,3,30,-6.37741879417479,33.5824071174906,36.6168128217326,35.5738071680415,9.43145865194225
65,15,9.34318553663914,3,45,-6.37741879417479,25.9584821444772,51.4058253908721,48.7375366328999,6.16191817161935
65,16,6.54780041915522,3,60,-6.37741879417479,16.696777595275,63.9681644667359,62.6775042191276,3.00543000011232
65,17,3.37188094159613,3,75,-6.37741879417479,6.43908929032953,75.0258732338094,76.9678072805272,0.760354050984581
65,18,1.72548805550391e-15,3,90,-6.37741879417479,-4.34849318870504,85.3305271537781,91.4370026576397,0
65,19,0,3,105,-6.37741879417479,-15.2952009119523,84.3832816018798,100.442432118831,0
65,20,0,3,120,-6.37741879417479,-26.0370347712489,73.3116916937847,104.544578357138,0
65,21,0,3,135,-6.37741879417479,-36.111967501758,60.4423790192098,108.128269671017,0
65,22,0,3,150,-6.37741879417479,-44.8118652438182,44.4619062588673,110.927990994383,0
65,23,0,3,165,-6.37741879417479,-51.0171853785186,24.1341196619579,112.714651793055,0
66,0,0,3,-180,-5.98803477047457,-52.9399347704746,-1.15795265740224e-14,112.939934770475,0
66,1,0,3,-165,-5.98803477047457,-50.6456709853096,-23.9494989261933,112.326569287947,0
66,2,0,3,-150,-5.98803477047457,-44.477755160498,-44.1808329084737,110.543366939666,0
66,3,0,3,-135,-5.98803477047457,-35.8122638795626,-60.1352496639236,107.74813852358,0
66,4,0,3,-120,-5.98803477047457,-25.7603143745754,-73.0071618227375,104.168653629272,0
66,5,0,3,-105,-5.98803477047457,-15.029636053203,-84.0882380596053,100.069336912397,0
66,6,2.93938936964076,3,-90,-5.98803477047457,-4.08352422693095,-85.6166283834892,91.3495774780397,0
66,7,5.70795211336364,3,-75,-5.98803477047457,6.71307577268837,-75.304385037697,76.8672236069691,1.29689489009361
66,8,8.14478942781957,3,-60,-5.98803477047457,16.9888831900367,-64.2371814974388,62.5560715271107,3.75377327508006
66,9,10.1082811858356,3,-45,-5.98803477047457,26.2769196000027,-51.6554024574291,48.5826530314327,6.68702162015067
66,10,11.484316383438,3,-30,-5.98803477047457,33.9321702344004,-36.8226481159675,35.3622085872475,9.36557144667997
66,11,12.1929248566266,3,-15,-5.98803477047457,39.1105015507472,-19.3743866628006,24.1748769514897,11.1236025606072
66,12,12.1929248566266,3,0,-5.98803477047457,40.9638652295254,0,19.0361347704746,11.5261311220881
66,13,11.484316383438,3,15,-5.98803477047457,39.1105015507472,19.3743866628006,24.1748769514897,10.4771392124348
66,14,10.1082811858356,3,30,-5.98803477047457,33.9321702344004,36.8226481159675,35.3622085872475,8.24340139092662
66,15,8.14478942781957,3,45,-5.98803477047457,26.2769196000027,51.6554024574291,48.5826530314327,5.38809536399948
66,16,5.70795211336364,3,60,-5.98803477047457,16.9888831900367,64.2371814974388,62.5560715271107,2.63068287872449
66,17,2.93938936964077,3,75,-5.98803477047457,6.71307577268837,75.304385037697,76.8672236069691,0.667854070561951
66,18,1.50416973067545e-15,3,90,-5.98803477047457,-4.08352422693095,85.6166283834892,91.3495774780397,0
66,19,0,3,105,-5.98803477047457,-15.029636053203,84.0882380596053,100.069336912397,0
66,20,0,3,120,-5.98803477047457,-25.7603143745754,73.0071618227375,104.168653629272,0
66,21,0,3,135,-5.98803477047457,-35.8122638795626,60.1352496639236,107.74813852358,0
66,22,0,3,150,-5.98803477047457,-44.477755160498,44.1808329084737,110.543366939666,0
66,23,0,3,165,-5.98803477047457,-50.6456709853096,23.9494989261933,112.326569287947,0
67,0,0,3,-180,-5.59687636283953,-52.5487763628395,-1.14840018241256e-14,112.54877636284,0
67,1,0,3,-165,-5.59687636283953,-50.2721745742184,-23.7669543572782,111.936711047787,0
67,2,0,3,-150,-5.59687636283953,-44.1414364743782,-43.9017043449641,110.156965991047,0
67,3,0,3,-135,-5.59687636283953,-35.5104139344514,-59.8290491828159,107.366235195125,0
67,4,0,3,-120,-5.59687636283953,-25.4816980970405,-72.7026717225358,103.790970230329,0
67,5,0,3,-105,-5.59687636283953,-14.7624788922412,-83.7925890178261,99.6945028390473,0
67,6,2.53616541155592,3,-90,-5.59687636283953,-3.81724573669748,-85.9038431823555,91.261694313101,0
67,7,4.9249381079784,3,-75,-5.59687636283953,6.98815234556008,-75.584481771843,76.7667619759613,1.12739524760019
67,8,7.02749130298681,3,-60,-5.59687636283953,17.2819633906729,-64.5082690218536,62.4353359660936,3.25196738143822
67,9,8.72163224735718,3,-45,-5.59687636283953,26.5963712310287,-51.9074987959058,48.429046897235,5.78721309287754
67,10,9.90890362735447,3,-30,-5.59687636283953,34.2831795071476,-37.0311299480655,35.1523053097574,8.10176192162052
67,11,10.5203055459291,3,-15,-5.59687636283953,39.4897959796491,-19.4979359545235,23.8677887418068,9.62062561993191
67,12,10.5203055459291,3,0,-5.59687636283953,41.3550236371605,0,18.6449763628395,9.96817613032221
67,13,9.90890362735447,3,15,-5.59687636283953,39.4897959796491,19.4979359545235,23.8677887418068,9.06150982845274
67,14,8.72163224735718,3,30,-5.59687636283953,34.2831795071476,37.0311299480655,35.1523053097574,7.13101980737311
67,15,7.02749130298681,3,45,-5.59687636283953,26.5963712310287,51.9074987959058,48.429046897235,4.66307091669131
67,16,4.9249381079784,3,60,-5.59687636283953,17.2819633906729,64.5082690218536,62.4353359660936,2.27901215273519
67,17,2.53616541155593,3,75,-5.59687636283953,6.98815234556008,75.584481771843,76.7667619759613,0.580567870991948
67,18,1.29782848214991e-15,3,90,-5.59687636283953,-3.81724573669748,85.9038431823555,91.261694313101,0
67,19,0,3,105,-5.59687636283953,-14.7624788922412,83.7925890178261,99.6945028390473,0
67,20,0,3,120,-5.59687636283953,-25.4816980970405,72.7026717225358,103.790970230329,0
67,21,0,3,135,-5.59687636283953,-35.5104139344514,59.8290491828159,107.366235195125,0
67,22,0,3,150,-5.59687636283953,-44.1414364743782,43.9017043449641,110.156965991047,0
67,23,0,3,165,-5.59687636283953,-50.2721745742184,23.7669543572782,111.936711047787,0
68,0,0,3,-180,-5.20405947994767,-52.1559594799477,-1.13897705050884e-14,112.155959479948,0
68,1,0,3,-165,-5.20405947994767,-49.896811360028,-23.5864964146698,111.545192681484,0
68,2,0,3,-150,-5.20405947994767,-43.803015663497,-43.6245776499698,109.76890294718,0
68,3,0,3,-135,-5.20405947994767,-35.2065113847485,-59.5238614884136,106.982673413768,0
68,4,0,3,-120,-5.20405947994767,-25.2012710018104,-72.3983092005709,103.411640896634,0
68,5,0,3,-105,-5.20405947994767,-14.4938116558604,-83.4964171976577,99.3180420270625,0
68,6,2.16232855130267,3,-90,-5.20405947994767,-3.54974207233985,-86.1920965280684,91.1733823380139,0
68,7,4.19899042694811,3,-75,-5.20405947994767,7.26422860401527,-75.8660979678472,76.6664649386573,0.968368218923281
68,8,5.99162224168852,3,-60,-5.20405947994767,17.5759188995361,-64.7813751401307,62.3153590992862,2.78373576030269
68,9,7.4360427504027,3,-45,-5.20405947994767,26.9167279223082,-52.1620834597581,48.2768103065799,4.94892806145051
68,10,8.44830748337911,3,-30,-5.20405947994767,34.6353187187982,-37.2422547535462,34.9442437107874,6.92516061706672
68,11,8.96958729376976,3,-15,-5.20405947994767,39.8705655501734,-19.6233728770264,23.5617573817774,8.22179048897706
68,12,8.96958729376976,3,0,-5.20405947994767,41.7478405200523,0,18.2521594799477,8.51830333980609
68,13,8.44830748337911,3,15,-5.20405947994767,39.8705655501734,19.6233728770264,23.5617573817774,7.74396991075017
68,14,7.4360427504027,3,30,-5.20405947994767,34.6353187187982,37.2422547535462,34.9442437107874,6.09539727374082
68,15,5.99162224168852,3,45,-5.20405947994767,26.9167279223082,52.1620834597581,48.2768103065799,3.98761928095391
68,16,4.19899042694811,3,60,-5.20405947994767,17.5759188995361,64.7813751401307,62.3153590992862,1.95087062187185
68,17,2.16232855130267,3,75,-5.20405947994767,7.26422860401527,75.8660979678472,76.6664649386573,0.498674689638154
68,18,1.10652545329245e-15,3,90,-5.20405947994767,-3.54974207233985,86.1920965280684,91.1733823380139,0
68,19,0,3,105,-5.20405947994767,-14.4938116558604,83.4964171976577,99.3180420270625,0
68,20,0,3,120,-5.20405947994767,-25.2012710018104,72.3983092005709,103.411640896634,0
68,21,0,3,135,-5.20405947994767,-35.2065113847485,59.5238614884136,106.982673413768,0
68,22,0,3,150,-5.20405947994767,-43.803015663497,43.6245776499698,109.76890294718,0
68,23,0,3,165,-5.20405947994767,-49.896811360028,23.5864964146698,111.545192681484,0
69,0,0,3,-180,-4.80970052191912,-51.7616005219191,-1.12968275046772e-14,111.761600521919,0
69,1,0,3,-165,-4.80970052191912,-49.5196972549731,-23.4081333493977,111.152130297115,0
69,2,0,3,-150,-4.80970052191912,-43.4626003698052,-43.3495064822211,109.379293124253,0
69,3,0,3,-135,-4.80970052191912,-34.9006513003651,-59.2197677895018,106.597567443289,0
69,4,0,3,-120,-4.80970052191912,-24.919119351679,-72.0941604488531,103.030778908528,0
69,5,0,3,-105,-4.80970052191912,-14.2237174763633,-83.1998045482566,98.9400671443495,0
69,6,1.81798956481076,3,-90,-4.80970052191912,-3.28109818939257,-86.4813135463527,91.0846710027934,0
69,7,3.53032418423791,3,-75,-4.80970052191912,7.54121378541353,-76.149167799881,76.5663746207799,0.820160536928973
69,8,5.03748919428344,3,-60,-4.80970052191912,17.8706501897447,-65.0564471864349,62.1962014068097,2.34971308405703
69,9,6.25189364288542,3,-45,-4.80970052191912,27.2378803010461,-52.419124564728,48.1260337446768,4.17310331025981
69,10,7.10296075767165,3,-30,-4.80970052191912,34.9884712457836,-37.4560183765603,34.7381691189134,5.83696183240887
69,11,7.54122961143387,3,-15,-4.80970052191912,40.2526924700863,-19.7507106299696,23.2569965695086,6.92845191594253
69,12,7.54122961143387,3,0,-4.80970052191912,42.1421994780809,0,17.8578005219191,7.17789709021553
69,13,7.10296075767165,3,15,-4.80970052191912,40.2526924700863,19.7507106299696,23.2569965695086,6.52579547448598
69,14,6.25189364288542,3,30,-4.80970052191912,34.9884712457836,37.4560183765603,34.7381691189134,5.13758499008854
69,15,5.03748919428344,3,45,-4.80970052191912,27.2378803010461,52.419124564728,48.1260337446768,3.36249527468929
69,16,3.53032418423791,3,60,-4.80970052191912,17.8706501897447,65.0564471864349,62.1962014068097,1.64670307106172
69,17,1.81798956481076,3,75,-4.80970052191912,7.54121378541353,76.149167799881,76.5663746207799,0.422353081414911
69,18,9.30317331319183e-16,3,90,-4.80970052191912,-3.28109818939257,86.4813135463527,91.0846710027934,0
69,19,0,3,105,-4.80970052191912,-14.2237174763633,83.1998045482566,98.9400671443495,0
69,20,0,3,120,-4.80970052191912,-24.919119351679,72.0941604488531,103.030778908528,0
69,21,0,3,135,-4.80970052191912,-34.9006513003651,59.2197677895018,106.597567443289,0
69,22,0,3,150,-4.80970052191912,-43.4626003698052,43.3495064822211,109.379293124253,0
69,23,0,3,165,-4.80970052191912,-49.5196972549731,23.4081333493977,111.152130297115,0
70,0,0,3,-180,-4.41391634582407,-51.3658163458241,-1.1205166871061e-14,111.365816345824,0
70,1,0,3,-165,-4.41391634582407,-49.140948820172,-23.2318713469586,110.75764046716,0
70,2,0,3,-150,-4.41391634582407,-43.1202993355863,-43.0765412038619,108.988252320596,0
70,3,0,3,-135,-4.41391634582407,-34.5929300457238,-58.9168466404724,106.2110320471,0
70,4,0,3,-120,-4.41391634582407,-24.6353305631943,-71.7903100555984,102.648498053943,0
70,5,0,3,-105,-4.41391634582407,-13.9522803515698,-82.9028322492685,98.5606913618687,0
70,6,1.50325048715333,3,-90,-4.41391634582407,-3.01139960471604,-86.7714195054356,90.9955900147558,0
70,7,2.9191375200865,3,-75,-4.41391634582407,7.81901681310393,-76.4336250690444,76.4665326881121,0.683117003193659
70,8,4.1653748909854,3,-60,-4.41391634582407,18.1660575540821,-65.3334316960161,62.0779222231993,1.95052143658805
70,9,5.16953581374192,3,-45,-4.41391634582407,27.5597187881418,-52.6785892339883,47.976805990045,3.4606495214049
70,10,5.87326210550188,3,-30,-4.41391634582407,35.3425201040578,-37.6724160076138,34.5342256094139,4.83832107600548
70,11,6.2356557521292,3,-15,-4.41391634582407,40.6360584827834,-19.8799624374885,22.9537240134963,5.74191736737494
70,12,6.2356557521292,3,0,-4.41391634582407,42.5379836541759,0,17.4620163458241,5.94829235995679
70,13,5.87326210550188,3,15,-4.41391634582407,40.6360584827834,19.8799624374885,22.9537240134963,5.40821800100354
70,14,5.16953581374192,3,30,-4.41391634582407,35.3425201040578,37.6724160076138,34.5342256094139,4.258600013332
70,15,4.1653748909854,3,45,-4.41391634582407,27.5597187881418,52.6785892339883,47.976805990045,2.78843268377061
70,16,2.9191375200865,3,60,-4.41391634582407,18.1660575540821,65.3334316960161,62.0779222231993,1.36694546308417
70,17,1.50325048715333,3,75,-4.41391634582407,7.81901681310393,76.4336250690444,76.4665326881121,0.351780606692062
70,18,7.69256330499522e-16,3,90,-4.41391634582407,-3.01139960471604,86.7714195054356,90.9955900147558,0
70,19,0,3,105,-4.41391634582407,-13.9522803515698,82.9028322492685,98.5606913618687,0
70,20,0,3,120,-4.41391634582407,-24.6353305631943,71.7903100555984,102.648498053943,0
70,21,0,3,135,-4.41391634582407,-34.5929300457238,58.9168466404724,106.2110320471,0
70,22,0,3,150,-4.41391634582407,-43.1202993355863,43.0765412038619,108.988252320596,0
70,23,0,3,165,-4.41391634582407,-49.140948820172,23.2318713469586,110.75764046716,0
71,0,0,3,-180,-4.01682423105565,-50.9687242310557,-1.11147818897025e-14,110.968724231056,0
71,1,0,3,-165,-4.01682423105565,-48.7606832174751,-23.057714665093,110.361840193605,0
71,2,0,3,-150,-4.01682423105565,-42.7762223400425,-42.8057290070375,108.595896781138,0
71,3,0,3,-135,-4.01682423105565,-34.2834452219544,-58.6151739938752,105.823182452057,0
71,4,0,3,-120,-4.01682423105565,-24.3499931597568,-71.4868410195448,102.264912591786,0
71,5,0,3,-105,-4.01682423105565,-13.6795851039268,-82.6055807150607,98.1800283168431,0
71,6,1.21820458231172,3,-90,-4.01682423105565,-2.74073235595005,-87.0623398094189,90.90616932054,0
71,7,2.36561154229296,3,-75,-4.01682423105565,8.09754634066371,-76.7194031870003,76.36698031236,0.557579885911319
71,8,3.37553775808424,3,-60,-4.01682423105565,18.4620411544811,-65.6122743714842,61.9605796758222,1.58676918534032
71,9,4.18928998895618,3,-45,-4.01682423105565,27.8821336502019,-52.9404435416094,47.8292139991733,2.81244958835417
71,10,4.75957591311951,3,-30,-4.01682423105565,35.6973479960309,-37.8914421182301,34.3325557905578,3.9303528995362
71,11,5.05325258556686,3,-15,-4.01682423105565,41.0205449050589,-20.0111415136844,22.6521614288383,4.66344456221137
71,12,5.05325258556687,3,0,-4.01682423105565,42.9350757689444,0,17.0649242310557,4.83077224335747
71,13,4.75957591311951,3,15,-4.01682423105565,41.0205449050589,20.0111415136844,22.6521614288383,4.39242211518693
71,14,4.18928998895618,3,30,-4.01682423105565,35.6973479960309,37.8914421182301,34.3325557905578,3.45942335108175
71,15,3.37553775808424,3,45,-4.01682423105565,27.8821336502019,52.9404435416094,47.8292139991733,2.26614290326639
71,16,2.36561154229296,3,60,-4.01682423105565,18.4620411544811,65.6122743714842,61.9605796758222,1.11202414809492
71,17,1.21820458231172,3,75,-4.01682423105565,8.09754634066371,76.7194031870003,76.36698031236,0.287133521238921
71,18,6.23390176683994e-16,3,90,-4.01682423105565,-2.74073235595005,87.0623398094189,90.90616932054,0
71,19,0,3,105,-4.01682423105565,-13.6795851039268,82.6055807150607,98.1800283168431,0
71,20,0,3,120,-4.01682423105565,-24.3499931597568,71.4868410195448,102.264912591786,0
71,21,0,3,135,-4.01682423105565,-34.2834452219544,58.6151739938752,105.823182452057,0
71,22,0,3,150,-4.01682423105565,-42.7762223400425,42.8057290070375,108.595896781138,0
71,23,0,3,165,-4.01682423105565,-48.7606832174751,23.057714665093,110.361840193605,0
72,0,0,3,-180,-3.61854184457739,-50.5704418445774,-1.1025665156108e-14,110.570441844577,0
72,1,0,3,-165,-3.61854184457739,-48.3790181617384,-22.8856657663997,109.964846872905,0
72,2,0,3,-150,-3.61854184457739,-42.4304801361241,-42.5371140403447,108.202343161719,0
72,3,0,3,-135,-3.61854184457739,-33.9722956084679,-58.3148232558581,105.434134312091,0
72,4,0,3,-120,-3.61854184457739,-24.0631967237727,-71.1838347668361,101.880137215126,0
72,5,0,3,-105,-3.61854184457739,-13.405717338781,-82.3081296006418,97.7981920757644,0
72,6,0.962936315539321,3,-90,-3.61854184457739,-2.46918296034185,-87.3539999906297,90.8164390877028,0
72,7,1.86991027255059,3,-75,-3.61854184457739,8.37671079663294,-77.0064351589664,76.267758137446,0.443888323054352
72,8,2.66821184136851,3,-60,-3.61854184457739,18.7585010720554,-65.8929200483721,61.8442306243352,1.25904988011495
72,9,3.31144663652151,3,-45,-3.61854184457739,28.2050150523051,-53.2046524544106,47.6833427917369,2.22935698330922
72,10,3.76223218977866,3,-30,-3.61854184457739,36.0528373582861,-38.1130903925081,34.133300583109,3.11412881125334
72,11,3.99437048332346,3,-15,-3.61854184457739,41.4060326652527,-20.1442610254781,22.3525345166421,3.69423910152506
72,12,3.99437048332346,3,0,-3.61854184457739,43.3333581554226,0,16.6666418445774,3.82656552763042
72,13,3.76223218977866,3,15,-3.61854184457739,41.4060326652527,20.1442610254781,22.3525345166421,3.47954335295719
72,14,3.31144663652151,3,30,-3.61854184457739,36.0528373582861,38.1130903925081,34.133300583109,2.74099812492602
72,15,2.66821184136851,3,45,-3.61854184457739,28.2050150523051,53.2046524544106,47.6833427917369,1.79631362193766
72,16,1.86991027255059,3,60,-3.61854184457739,18.7585010720554,65.8929200483721,61.8442306243352,0.882355091892935
72,17,0.962936315539323,3,75,-3.61854184457739,8.37671079663294,77.0064351589664,76.267758137446,0.22858646887364
72,18,4.92762093162025e-16,3,90,-3.61854184457739,-2.46918296034185,87.3539999906297,90.8164390877028,0
72,19,0,3,105,-3.61854184457739,-13.405717338781,82.3081296006418,97.7981920757644,0
72,20,0,3,120,-3.61854184457739,-24.0631967237727,71.1838347668361,101.880137215126,0
72,21,0,3,135,-3.61854184457739,-33.9722956084679,58.3148232558581,105.434134312091,0
72,22,0,3,150,-3.61854184457739,-42.4304801361241,42.5371140403447,108.202343161719,0
72,23,0,3,165,-3.61854184457739,-48.3790181617384,22.8856657663997,109.964846872905,0
73,0,0,3,-180,-3.21918720605607,-50.1710872060561,-1.09378086445668e-14,110.171087206056,0
73,1,0,3,-165,-3.21918720605607,-47.9960718735294,-22.7157254457764,109.566778260843,0
73,2,0,3,-150,-3.21918720605607,-42.0831843876729,-42.2707375347642,107.807708493273,0
73,3,0,3,-135,-3.21918720605607,-33.659581104011,-58.0158653441956,105.044003671708,0
73,4,0,3,-120,-3.21918720605607,-23.7750318479486,-70.8813711703134,101.494287014227,0
73,5,0,3,-105,-3.21918720605607,-13.1307634018778,-82.0105578091752,97.4152970972155,0
73,6,0.737521328332729,3,-90,-3.21918720605607,-2.19683837299884,-87.6463257010269,90.7264296859206,0
73,7,1.43218059784371,3,-75,-3.21918720605607,8.65641842970052,-77.2946535661419,76.1689062462924,0.342377732065674
73,8,2.04360673677268,3,-60,-3.21918720605607,19.0553373576412,-66.1753126600793,61.7289306013089,0.967941181202497
73,9,2.53626588036866,3,-45,-3.21918720605607,28.528253111498,-53.4711797722719,47.5392753366508,1.71219418230525
73,10,2.88152646994899,3,-30,-3.21918720605607,36.4088704100821,-38.3373536555403,33.936598993392,2.39067527342426
73,11,3.05932321501844,3,-15,-3.21918720605607,41.7924023417763,-20.2793340527036,22.0550729237792,2.83545220006763
73,12,3.05932321501844,3,0,-3.21918720605607,43.7327127939439,0,16.2672872060561,2.93684437586715
73,13,2.88152646994899,3,15,-3.21918720605607,41.7924023417763,20.2793340527036,22.0550729237792,2.67066602464909
73,14,2.53626588036866,3,30,-3.21918720605607,36.4088704100821,38.3373536555403,33.936598993392,2.10422780781684
73,15,2.04360673677268,3,45,-3.21918720605607,28.528253111498,53.4711797722719,47.5392753366508,1.37960755325597
73,16,1.43218059784371,3,60,-3.21918720605607,19.0553373576412,66.1753126600793,61.7289306013089,0.678343124744917
73,17,0.73752132833273,3,75,-3.21918720605607,8.65641842970052,77.2946535661419,76.1689062462924,0.176312177475943
73,18,3.77410787853948e-16,3,90,-3.21918720605607,-2.19683837299884,87.6463257010269,90.7264296859206,0
73,19,0,3,105,-3.21918720605607,-13.1307634018778,82.0105578091752,97.4152970972155,0
73,20,0,3,120,-3.21918720605607,-23.7750318479486,70.8813711703134,101.494287014227,0
73,21,0,3,135,-3.21918720605607,-33.659581104011,58.0158653441956,105.044003671708,0
73,22,0,3,150,-3.21918720605607,-42.0831843876729,42.2707375347642,107.807708493273,0
73,23,0,3,165,-3.21918720605607,-47.9960718735294,22.7157254457764,109.566778260843,0
74,0,0,3,-180,-2.81887865288982,-49.7707786528898,-1.08512037730168e-14,109.77077865289,0
74,1,0,3,-165,-2.81887865288982,-47.6119630322701,-22.5478929526946,109.167752437269,0
74,2,0,3,-150,-2.81887865288982,-41.7344476069449,-42.0066379287265,107.412110145904,0
74,3,0,3,-135,-2.81887865288982,-33.3454026672997,-57.7183687486098,104.652906929348,0
74,4,0,3,-120,-2.81887865288982,-23.4855900858082,-70.5795285710505,101.107477439419,0
74,5,0,3,-105,-2.81887865288982,-12.8548103361449,-81.7129435009859,97.0314581945272,0
74,6,0.542026416017502,3,-90,-2.81887865288982,-1.92378594461512,-87.9392427027433,90.63617166783,0
74,7,1.05255222692193,3,-75,-2.81887865288982,8.93657735429652,-77.5839905476534,76.0704641281545,0.253379227340185
74,8,1.50190752826932,3,-60,-2.81887865288982,19.3524500828083,-66.4593952022896,61.6147337541445,0.714003819352289
74,9,1.86397742328545,3,-45,-2.81887865288982,28.8517379509998,-53.7399880669859,47.3970924392513,1.2617511519063
74,10,2.11771972574248,3,-30,-2.81887865288982,36.7653292026462,-38.5642237986606,33.7425878803288,1.76097178900563
74,11,2.24838785533736,3,-15,-2.81887865288982,42.1795342020213,-20.4163735453155,21.7600101798509,2.08817852539812
74,12,2.24838785533736,3,0,-2.81887865288982,44.1330213471102,0,15.8669786528898,2.16272212200067
74,13,2.11771972574248,3,15,-2.81887865288982,42.1795342020213,20.4163735453155,21.7600101798509,1.96682117972209
74,14,1.86397742328545,3,30,-2.81887865288982,36.7653292026462,38.5642237986606,33.7425878803288,1.54997453999644
74,15,1.50190752826932,3,45,-2.81887865288982,28.8517379509998,53.7399880669859,47.3970924392513,1.01666121605185
74,16,1.05255222692193,3,60,-2.81887865288982,19.3524500828083,66.4593952022896,61.6147337541445,0.500381212521127
74,17,0.542026416017503,3,75,-2.81887865288982,8.93657735429652,77.5839905476534,76.0704641281545,0.130481159011097
74,18,2.77370441841009e-16,3,90,-2.81887865288982,-1.92378594461512,87.9392427027433,90.63617166783,0
74,19,0,3,105,-2.81887865288982,-12.8548103361449,81.7129435009859,97.0314581945272,0
74,20,0,3,120,-2.81887865288982,-23.4855900858082,70.5795285710505,101.107477439419,0
74,21,0,3,135,-2.81887865288982,-33.3454026672997,57.7183687486098,104.652906929348,0
74,22,0,3,150,-2.81887865288982,-41.7344476069449,42.0066379287265,107.412110145904,0
74,23,0,3,165,-2.81887865288982,-47.6119630322701,22.5478929526946,109.167752437269,0
75,0,0,3,-180,-2.41773480514236,-49.3696348051424,-1.07658414641734e-14,109.369634805142,0
75,1,0,3,-165,-2.41773480514236,-47.2268107298203,-22.3821661083425,108.767887770755,0
75,2,0,3,-150,-2.41773480514236,-41.3843830925701,-41.7448509919919,107.015665792854,0
75,3,0,3,-135,-2.41773480514236,-33.0298622573267,-57.4223995930957,104.260960800638,0
75,4,0,3,-120,-2.41773480514236,-23.1949639015126,-70.2783838019713,100.719824263847,0
75,5,0,3,-105,-2.41773480514236,-12.5779458378261,-81.4153641039605,96.6467904982858,0
75,6,0.376509507955285,3,-90,-2.41773480514236,-1.65011337872329,-88.2326768578436,90.5456957495395,0
75,7,0.731137651864587,3,-75,-2.41773480514236,9.21709559654374,-77.8743777821038,75.9724706465633,0.177219046730171
75,8,1.04327473302475,3,-60,-2.41773480514236,19.6497393912988,-66.7451096969652,61.5016927884099,0.497780589984407
75,9,1.29478047885087,3,-45,-2.41773480514236,29.1753597550887,-54.0110386197393,47.2568726299062,0.878783901169082
75,10,1.47103828958173,3,-30,-2.41773480514236,37.1220956692573,-38.7936917014988,33.5514017169345,1.22594908232252
75,11,1.56180470192872,3,-15,-2.41773480514236,42.567308241652,-20.5553922775818,21.4675836079258,1.4534541500661
75,12,1.56180470192872,3,0,-2.41773480514236,44.5341651948576,0,15.4658348051424,1.50525118334141
75,13,1.47103828958173,3,15,-2.41773480514236,42.567308241652,20.5553922775818,21.4675836079258,1.36898467795513
75,14,1.29478047885087,3,30,-2.41773480514236,37.1220956692573,38.7936917014988,33.5514017169345,1.07905752766482
75,15,1.04327473302475,3,45,-2.41773480514236,29.1753597550887,54.0110386197393,47.2568726299062,0.708083767753666
75,16,0.731137651864587,3,60,-2.41773480514236,19.6497393912988,66.7451096969652,61.5016927884099,0.348849751828825
75,17,0.376509507955286,3,75,-2.41773480514236,9.21709559654374,77.8743777821038,75.9724706465633,0.091261414200892
75,18,1.92670699236781e-16,3,90,-2.41773480514236,-1.65011337872329,88.2326768578436,90.5456957495395,0
75,19,0,3,105,-2.41773480514236,-12.5779458378261,81.4153641039605,96.6467904982858,0
75,20,0,3,120,-2.41773480514236,-23.1949639015126,70.2783838019713,100.719824263847,0
75,21,0,3,135,-2.41773480514236,-33.0298622573267,57.4223995930957,104.260960800638,0
75,22,0,3,150,-2.41773480514236,-41.3843830925701,41.7448509919919,107.015665792854,0
75,23,0,3,165,-2.41773480514236,-47.2268107298203,22.3821661083425,108.767887770755,0
76,0,0,3,-180,-2.0158745303931,-48.9677745303931,-1.06817122030634e-14,108.967774530393,0
76,1,0,3,-165,-2.0158745303931,-46.8407344245023,-22.2185414176847,108.36730288316,0
76,2,0,3,-150,-2.0158745303931,-41.0331048680023,-41.4854099480503,106.618493374382,0
76,3,0,3,-135,-2.0158745303931,-32.7130627734309,-57.1280216999751,103.868282281538,0
76,4,0,3,-120,-2.0158745303931,-22.9032466190647,-69.9780122133858,100.331443546094,0
76,5,0,3,-105,-2.0158745303931,-12.3002582120239,-81.1178963252381,96.2614094187108,0
76,6,0.241019650378085,3,-90,-2.0158745303931,-1.37590868852232,-88.5265541173823,90.4550327908474,0
76,7,0.468032114746979,3,-75,-2.0158745303931,9.49788114052101,-78.1657464688131,75.8749640079372,0.114217988281809
76,8,0.667844253834296,3,-60,-2.0158745303931,19.9471055508487,-67.0323971560198,61.3898589127232,0.319795383947371
76,9,0.828843712403854,3,-45,-2.0158745303931,29.4990088246442,-54.2842913573249,47.1186920543637,0.56401310235196
76,10,0.941673787132813,3,-30,-2.0158745303931,37.4790516761231,-39.0257471508274,33.3631723468363,0.786487378241237
76,11,0.999777204198559,3,-15,-2.0158745303931,42.955604224287,-20.6964027991306,21.1780342053118,0.932254621974693
76,12,0.999777204198559,3,0,-2.0158745303931,44.9360254696069,0,15.0639745303931,0.965421095934798
76,13,0.941673787132813,3,15,-2.0158745303931,42.955604224287,20.6964027991306,21.1780342053118,0.878075371953198
76,14,0.828843712403854,3,30,-2.0158745303931,37.4790516761231,39.0257471508274,33.3631723468363,0.692251528339826
76,15,0.667844253834296,3,45,-2.0158745303931,29.4990088246442,54.2842913573249,47.1186920543637,0.454455893018197
76,16,0.468032114746979,3,60,-2.0158745303931,19.9471055508487,67.0323971560198,61.3898589127232,0.224115890757289
76,17,0.241019650378085,3,75,-2.0158745303931,9.49788114052101,78.1657464688131,75.8749640079372,0.0588181424632627
76,18,1.23336658402967e-16,3,90,-2.0158745303931,-1.37590868852232,88.5265541173823,90.4550327908474,0
76,19,0,3,105,-2.0158745303931,-12.3002582120239,81.1178963252381,96.2614094187108,0
76,20,0,3,120,-2.0158745303931,-22.9032466190647,69.9780122133858,100.331443546094,0
76,21,0,3,135,-2.0158745303931,-32.7130627734309,57.1280216999751,103.868282281538,0
76,22,0,3,150,-2.0158745303931,-41.0331048680023,41.4854099480503,106.618493374382,0
76,23,0,3,165,-2.0158745303931,-46.8407344245023,22.2185414176847,108.36730288316,0
77,0,0,3,-180,-1.6134169085144,-48.5653169085144,-1.05988060911049e-14,108.565316908514,0
77,1,0,3,-165,-1.6134169085144,-46.4538538955684,-22.0570141765076,107.966116614121,0
77,2,0,3,-150,-1.6134169085144,-40.6807276205064,-41.2283455947805,106.220711061575,0
77,3,0,3,-135,-1.6134169085144,-32.3951079952156,-56.8352966554077,103.474988611403,0
77,4,0,3,-120,-1.6134169085144,-22.6105323709742,-69.6784877002845,99.9424515927149,0
77,5,0,3,-105,-1.6134169085144,-12.0218363277138,-80.8206161640908,95.8754306079197,0
77,6,0.135596991854812,3,-90,-1.6134169085144,-1.10126015333364,-88.8208005098449,90.3642137752013,0
77,7,0.263313579418033,3,-75,-1.6134169085144,9.77884197478846,-78.458027308839,75.7779817309205,0.0646908583788551
77,8,0.375727338851396,3,-60,-1.6134169085144,20.2444490053464,-67.3211975447819,61.2792817853087,0.180552257013448
77,9,0.466305191064025,3,-45,-1.6134169085144,29.8225756333138,-54.5597047871895,46.9826243661542,0.318122783637098
77,10,0.529783080522417,3,-30,-1.6134169085144,37.8360790740486,-39.2603787561951,33.1780287364581,0.443414784026252
77,11,0.562471903023991,3,-15,-1.6134169085144,43.3443017215705,-20.8394173827145,20.8916064903252,0.525493157690978
77,12,0.562471903023991,3,0,-1.6134169085144,45.3384830914856,0,14.6615169085144,0.544156677616544
77,13,0.529783080522417,3,15,-1.6134169085144,43.3443017215705,20.8394173827145,20.8916064903252,0.494953405455889
77,14,0.466305191064025,3,30,-1.6134169085144,37.8360790740486,39.2603787561951,33.1780287364581,0.390285426597775
77,15,0.375727338851397,3,45,-1.6134169085144,29.8225756333138,54.5597047871895,46.9826243661542,0.25632875038604
77,16,0.263313579418033,3,60,-1.6134169085144,20.2444490053464,67.3211975447819,61.2792817853087,0.126532876770564
77,17,0.135596991854812,3,75,-1.6134169085144,9.77884197478846,78.458027308839,75.7779817309205,0.0333134577262052
77,18,6.93888645122168e-17,3,90,-1.6134169085144,-1.10126015333364,88.8208005098449,90.3642137752013,0
77,19,0,3,105,-1.6134169085144,-12.0218363277138,80.8206161640908,95.8754306079197,0
77,20,0,3,120,-1.6134169085144,-22.6105323709742,69.6784877002845,99.9424515927149,0
77,21,0,3,135,-1.6134169085144,-32.3951079952156,56.8352966554077,103.474988611403,0
77,22,0,3,150,-1.6134169085144,-40.6807276205064,41.2283455947805,106.220711061575,0
77,23,0,3,165,-1.6134169085144,-46.4538538955684,22.0570141765076,107.966116614121,0
78,0,0,3,-180,-1.21048119638529,-48.1623811963853,-1.05171128968751e-14,108.162381196385,0
78,1,0,3,-165,-1.21048119638529,-46.0662891981082,-21.8975785735311,107.564447985487,0
78,2,0,3,-150,-1.21048119638529,-40.3273666407241,-40.9736864231282,105.822437220089,0
78,3,0,3,-135,-1.21048119638529,-32.0761025223956,-56.5442838761042,103.081197235986,0
78,4,0,3,-120,-1.21048119638529,-22.3169160464601,-69.3798827312293,99.5529649206803,0
78,5,0,3,-105,-1.21048119638529,-11.7427695722916,-80.5235989258893,95.4889699220972,0
78,6,0.0602727713943934,3,-90,-1.21048119638529,-0.826256274737364,-89.1153421290582,90.2732697894331,0
78,7,0.117042708397955,3,-75,-1.21048119638529,10.0598861391252,-78.7511504858721,75.6815606165086,0.0289459324347969
78,8,0.167010548622361,3,-60,-1.21048119638529,20.5416704272793,-67.6114497453635,61.1700094623518,0.0805345401855776
78,9,0.207272342819481,3,-45,-1.21048119638529,30.145950884271,-54.837235931438,46.848740621371,0.141759096914473
78,10,0.235488221856243,3,-30,-1.21048119638529,38.1930597508962,-39.4975738623507,32.9960967235967,0.197505777758828
78,11,0.25001838140358,3,-15,-1.21048119638529,43.7332801536404,-20.9844479685601,20.6085483107359,0.234018963096866
78,12,0.25001838140358,3,0,-1.21048119638529,45.7414188036147,0,14.2585811963853,0.24231632325305
78,13,0.235488221856243,3,15,-1.21048119638529,43.7332801536404,20.9844479685601,20.6085483107359,0.220418631585997
78,14,0.207272342819481,3,30,-1.21048119638529,38.1930597508962,39.4975738623507,32.9960967235967,0.173840903607684
78,15,0.167010548622362,3,45,-1.21048119638529,30.145950884271,54.837235931438,46.848740621371,0.114222979418514
78,16,0.117042708397955,3,60,-1.21048119638529,20.5416704272793,67.6114497453635,61.1700094623518,0.0564394332014179
78,17,0.0602727713943935,3,75,-1.21048119638529,10.0598861391252,78.7511504858721,75.6815606165086,0.0149061107036939
78,18,3.08433034601495e-17,3,90,-1.21048119638529,-0.826256274737364,89.1153421290582,90.2732697894331,0
78,19,0,3,105,-1.21048119638529,-11.7427695722916,80.5235989258893,95.4889699220972,0
78,20,0,3,120,-1.21048119638529,-22.3169160464601,69.3798827312293,99.5529649206803,0
78,21,0,3,135,-1.21048119638529,-32.0761025223956,56.5442838761042,103.081197235986,0
78,22,0,3,150,-1.21048119638529,-40.3273666407241,40.9736864231282,105.822437220089,0
78,23,0,3,165,-1.21048119638529,-46.0662891981082,21.8975785735311,107.564447985487,0
79,0,0,3,-180,-0.807186792553389,-47.7590867925534,-1.04366221037057e-14,107.759086792553,0
79,1,0,3,-165,-0.807186792553389,-45.6781606183966,-21.7402277876822,107.162416165695,0
79,2,0,3,-150,-0.807186792553389,-39.9731377628566,-40.7214587335923,105.423790373842,0
79,3,0,3,-135,-0.807186792553389,-31.7561517146502,-56.2550406769915,102.68702577037,0
79,4,0,3,-120,-0.807186792553389,-22.0224932392653,-69.082268378683,99.1631002197588,0
79,5,0,3,-105,-0.807186792553389,-11.4631478057131,-80.2269192370489,95.1021433835869,0
79,6,0.0150693091889821,3,-90,-0.807186792553389,-0.550985732441892,-89.4101051216578,90.1822320033084,0
79,7,0.0292628449026108,3,-75,-0.807186792553389,10.3409217714271,-79.0450456470977,75.5857367190162,0.0072844292364264
79,8,0.0417557304366131,3,-60,-0.807186792553389,20.8386707704185,-67.9030915200512,61.062088348276,0.0202039927652795
79,9,0.0518219246935441,3,-45,-0.807186792553389,30.4690255675292,-55.116840259919,46.7171091761525,0.0355291634473138
79,10,0.0588764170523183,3,-30,-0.807186792553389,38.5498756848335,-39.7373184584725,32.8174987631936,0.0494798068695652
79,11,0.0625092260590802,3,-15,-0.807186792553389,44.1224188299949,-21.1315061051617,20.3291106093081,0.0586156853847386
79,12,0.0625092260590802,3,0,-0.807186792553389,46.1447132074466,0,13.8552867925534,0.0606904362506289
79,13,0.0588764170523183,3,15,-0.807186792553389,44.1224188299949,21.1315061051617,20.3291106093081,0.0552091548095249
79,14,0.0518219246935441,3,30,-0.807186792553389,38.5498756848335,39.7373184584725,32.8174987631936,0.0435512035857615
79,15,0.0417557304366131,3,45,-0.807186792553389,30.4690255675292,55.116840259919,46.7171091761525,0.028627770587788
79,16,0.0292628449026108,3,60,-0.807186792553389,20.8386707704185,67.9030915200512,61.062088348276,0.0141591657126284
79,17,0.0150693091889821,3,75,-0.807186792553389,10.3409217714271,79.0450456470977,75.5857367190162,0.00375121820158971
79,18,7.71139712838605e-18,3,90,-0.807186792553389,-0.550985732441892,89.4101051216578,90.1822320033084,0
79,19,0,3,105,-0.807186792553389,-11.4631478057131,80.2269192370489,95.1021433835869,0
79,20,0,3,120,-0.807186792553389,-22.0224932392653,69.082268378683,99.1631002197588,0
79,21,0,3,135,-0.807186792553389,-31.7561517146502,56.2550406769915,102.68702577037,0
79,22,0,3,150,-0.807186792553389,-39.9731377628566,40.7214587335923,105.423790373842,0
79,23,0,3,165,-0.807186792553389,-45.6781606183966,21.7402277876822,107.162416165695,0
80,0,0,3,-180,-0.403653201854317,-47.3555532018543,-1.03573229542455e-14,107.355553201854,0
80,1,0,3,-165,-0.403653201854317,-45.2895886296768,-21.5849540806343,106.760140434114,0
80,2,0,3,-150,-0.403653201854317,-39.6181573054954,-40.4716867503311,105.024889168671,0
80,3,0,3,-135,-0.403653201854317,-31.4353616315548,-55.9676223395939,102.292591961869,0
80,4,0,3,-120,-0.403653201854317,-21.7273601951545,-68.7857143506219,98.772974314849,0
80,5,0,3,-105,-0.403653201854317,-11.1830613142876,-79.9306510608536,94.7150671429227,0
80,6,0,3,-90,-0.403653201854317,-0.275537339939246,-89.7050156742004,90.091131648926,0
80,7,0,3,-75,-0.403653201854317,10.6218571547131,-79.3396418841207,75.4905453179459,0
80,8,0,3,-60,-0.403653201854317,21.1353513226886,-68.1960594748456,60.9555631480658,0
80,9,0,3,-45,-0.403653201854317,30.7916910177721,-55.3984716225322,46.5877955872008,0
80,10,0,3,-30,-0.403653201854317,38.9064089983636,-39.9795970842305,32.6423536711909,0
80,11,0,3,-15,-0.403653201854317,44.5115969907622,-21.2806028863829,20.0535471416305,0
80,12,0,3,0,-0.403653201854317,46.5482467981457,0,13.4517532018544,0
80,13,0,3,15,-0.403653201854317,44.5115969907622,21.2806028863829,20.0535471416305,0
80,14,0,3,30,-0.403653201854317,38.9064089983636,39.9795970842305,32.6423536711909,0
80,15,0,3,45,-0.403653201854317,30.7916910177721,55.3984716225322,46.5877955872008,0
80,16,0,3,60,-0.403653201854317,21.1353513226886,68.1960594748456,60.9555631480658,0
80,17,0,3,75,-0.403653201854317,10.6218571547131,79.3396418841207,75.4905453179459,0
80,18,0,3,90,-0.403653201854317,-0.275537339939246,89.7050156742004,90.091131648926,0
80,19,0,3,105,-0.403653201854317,-11.1830613142876,79.9306510608536,94.7150671429227,0
80,20,0,3,120,-0.403653201854317,-21.7273601951545,68.7857143506219,98.772974314849,0
80,21,0,3,135,-0.403653201854317,-31.4353616315548,55.9676223395939,102.292591961869,0
80,22,0,3,150,-0.403653201854317,-39.6181573054954,40.4716867503311,105.024889168671,0
80,23,0,3,165,-0.403653201854317,-45.2895886296768,21.5849540806343,106.760140434114,0
81,0,0,3,-180,-5.74359348800109e-15,-46.9519,-1.02792044921279e-14,106.9519,0
81,1,0,3,-165,-5.74359348800109e-15,-44.9006938483782,-21.4317488847263,106.357740145355,0
81,2,0,3,-150,-5.74359348800109e-15,-39.2625420131313,-40.2243927327216,104.625852335965,0
81,3,0,3,-135,-5.74359348800109e-15,-31.1138389726583,-55.6820821809046,101.898013652905,0
81,4,0,3,-120,-5.74359348800109e-15,-21.4316137591666,-68.4902890232758,98.3827041282784,0
81,5,0,3,-105,-5.74359348800109e-15,-10.902600764185,-79.6348677140517,94.3278574408167,0
81,6,0.0150693091889821,3,-90,-5.74359348800109e-15,-1.35680779310689e-15,-90,90,9.22729063182437e-19
81,7,0.0292628449026108,3,-75,-5.74359348800109e-15,10.902600764185,-79.6348677140517,75.3960208908122,0.00737823315608343
81,8,0.0417557304366131,3,-60,-5.74359348800109e-15,21.4316137591666,-68.4902890232758,60.8504768217521,0.0203388169916323
81,9,0.0518219246935441,3,-45,-5.74359348800109e-15,31.1138389726583,-55.6820821809046,46.4608625156644,0.0356975277627226
81,10,0.0588764170523183,3,-30,-5.74359348800109e-15,39.2625420131313,-40.2243927327215,32.4707763674367,0.049671995060698
81,11,0.0625092260590802,3,-15,-5.74359348800109e-15,44.9006938483781,-21.4317488847263,19.7821141412593,0.058820335718693
81,12,0.0625092260590802,3,0,-5.74359348800109e-15,46.9519,0,13.0481,0.0608952924932873
81,13,0.0588764170523183,3,15,-5.74359348800109e-15,44.9006938483781,21.4317488847263,19.7821141412593,0.0554019116099436
81,14,0.0518219246935441,3,30,-5.74359348800109e-15,39.2625420131313,40.2243927327215,32.4707763674367,0.0437203640487533
81,15,0.0417557304366131,3,45,-5.74359348800109e-15,31.1138389726583,55.6820821809046,46.4608625156644,0.0287634308321908
81,16,0.0292628449026108,3,60,-5.74359348800109e-15,21.4316137591666,68.4902890232758,60.8504768217521,0.0142536519156866
81,17,0.0150693091889821,3,75,-5.74359348800109e-15,10.902600764185,79.6348677140517,75.3960208908122,0.00379952383534319
81,18,7.71139712838605e-18,3,90,-5.74359348800109e-15,-1.35680779310689e-15,90,90,4.72186890511603e-34
81,19,0,3,105,-5.74359348800109e-15,-10.902600764185,79.6348677140517,94.3278574408167,0
81,20,0,3,120,-5.74359348800109e-15,-21.4316137591666,68.4902890232758,98.3827041282784,0
81,21,0,3,135,-5.74359348800109e-15,-31.1138389726583,55.6820821809046,101.898013652905,0
81,22,0,3,150,-5.74359348800109e-15,-39.2625420131313,40.2243927327216,104.625852335965,0
81,23,0,3,165,-5.74359348800109e-15,-44.9006938483782,21.4317488847263,106.357740145355,0
82,0,0,3,-180,0.403653201854305,-46.5482467981457,-1.02022556008756e-14,106.548246798146,0
82,1,0,3,-165,0.403653201854305,-44.5115969907622,-21.2806028863829,105.955334693564,0
82,2,0,3,-150,0.403653201854305,-38.9064089983636,-39.9795970842305,104.226798656281,0
82,3,0,3,-135,0.403653201854305,-30.7916910177721,-55.3984716225323,101.503408743868,0
82,4,0,3,-120,0.403653201854305,-21.1353513226886,-68.1960594748456,97.9924066420853,0
82,5,0,3,-105,0.403653201854305,-10.6218571547131,-79.3396418841207,93.9406305701213,0
82,6,0.0602727713943934,3,-90,0.403653201854305,0.275537339939244,-89.7050156742004,89.613885855399,0.000406172908759768
82,7,0.117042708397955,3,-75,0.403653201854305,11.1830613142876,-79.9306510608536,75.3021970869763,0.0296961758309396
82,8,0.167010548622361,3,-60,0.403653201854305,21.7273601951545,-68.7857143506219,60.7468705411808,0.0816128604059185
82,9,0.207272342819481,3,-45,0.403653201854305,31.4353616315548,-55.9676223395938,46.3363696347183,0.143105666152842
82,10,0.235488221856243,3,-30,0.403653201854305,39.6181573054954,-40.4716867503311,32.3028776186838,0.199042885996331
82,11,0.25001838140358,3,-15,0.403653201854305,45.2895886296768,-21.5849540806343,19.5150699270922,0.235655740623943
82,12,0.25001838140358,3,0,0.403653201854305,47.3555532018543,0,12.6444467981457,0.243954746910818
82,13,0.235488221856243,3,15,0.403653201854305,45.2895886296768,21.5849540806343,19.5150699270922,0.221960285552644
82,14,0.207272342819481,3,30,0.403653201854305,39.6181573054954,40.4716867503311,32.3028776186838,0.175193837622994
82,15,0.167010548622362,3,45,0.403653201854305,31.4353616315548,55.9676223395938,46.3363696347183,0.115307983158997
82,16,0.117042708397955,3,60,0.403653201854305,21.7273601951545,68.7857143506219,60.7468705411808,0.0571951310908629
82,17,0.0602727713943935,3,75,0.403653201854305,11.1830613142876,79.9306510608536,75.3021970869763,0.0152924589805307
82,18,3.08433034601495e-17,3,90,0.403653201854305,0.275537339939244,89.7050156742004,89.613885855399,2.07850311049982e-19
82,19,0,3,105,0.403653201854305,-10.6218571547131,79.3396418841207,93.9406305701213,0
82,20,0,3,120,0.403653201854305,-21.1353513226886,68.1960594748456,97.9924066420853,0
82,21,0,3,135,0.403653201854305,-30.7916910177721,55.3984716225323,101.503408743868,0
82,22,0,3,150,0.403653201854305,-38.9064089983636,39.9795970842305,104.226798656281,0
82,23,0,3,165,0.403653201854305,-44.5115969907622,21.2806028863829,105.955334693564,0
83,0,0,3,-180,0.807186792553378,-46.1447132074466,-1.01264650401759e-14,106.144713207447,0
83,1,0,3,-165,0.807186792553378,-44.1224188299949,-21.1315061051617,105.553043476708,0
83,2,0,3,-150,0.807186792553378,-38.5498756848335,-39.7373184584725,103.827846922966,0
83,3,0,3,-135,0.807186792553378,-30.4690255675292,-55.116840259919,101.108895155982,0
83,4,0,3,-120,0.807186792553378,-20.8386707704185,-67.9030915200512,97.6021988603001,0
83,5,0,3,-105,0.807186792553378,-10.3409217714271,-79.0450456470977,93.5535028377831,0
83,6,0.135596991854812,3,-90,0.807186792553378,0.550985732441889,-89.4101051216578,89.2278877531948,0.00182723631931156
83,7,0.263313579418033,3,-75,0.807186792553378,11.463147805713,-80.2269192370489,75.2091067025428,0.0672218729410996
83,8,0.375727338851396,3,-60,0.807186792553378,22.0224932392653,-69.082268378683,60.6447836491751,0.184190049375545
83,9,0.466305191064025,3,-45,0.807186792553378,31.7561517146502,-56.2550406769914,46.2143735411706,0.322665513311954
83,10,0.529783080522417,3,-30,0.807186792553378,39.9731377628566,-40.7214587335923,32.1387637827987,0.448600290403193
83,11,0.562471903023991,3,-15,0.807186792553378,45.6781606183966,-21.7402277876822,19.2526744478793,0.531014891311679
83,12,0.562471903023991,3,0,0.807186792553378,47.7590867925534,0,12.2409132074466,0.549683960526119
83,13,0.529783080522417,3,15,0.807186792553378,45.6781606183966,21.7402277876822,19.2526744478793,0.50015423598924
83,14,0.466305191064025,3,30,0.807186792553378,39.9731377628566,40.7214587335923,32.1387637827987,0.394849612640634
83,15,0.375727338851397,3,45,0.807186792553378,31.7561517146502,56.2550406769914,46.2143735411706,0.25998907363477
83,16,0.263313579418033,3,60,0.807186792553378,22.0224932392653,69.082268378683,60.6447836491751,0.129082279033843
83,17,0.135596991854812,3,75,0.807186792553378,11.463147805713,80.2269192370489,75.2091067025428,0.0346168388953025
83,18,6.93888645122168e-17,3,90,0.807186792553378,0.550985732441889,89.4101051216578,89.2278877531948,9.35049160443542e-19
83,19,0,3,105,0.807186792553378,-10.3409217714271,79.0450456470977,93.5535028377831,0
83,20,0,3,120,0.807186792553378,-20.8386707704185,67.9030915200512,97.6021988603001,0
83,21,0,3,135,0.807186792553378,-30.4690255675292,55.116840259919,101.108895155982,0
83,22,0,3,150,0.807186792553378,-38.5498756848335,39.7373184584725,103.827846922966,0
83,23,0,3,165,0.807186792553378,-44.1224188299949,21.1315061051617,105.553043476708,0
84,0,0,3,-180,1.21048119638528,-45.7414188036147,-1.00518214796532e-14,105.741418803615,0
84,1,0,3,-165,1.21048119638528,-43.7332801536404,-20.9844479685602,105.150985860869,0
84,2,0,3,-150,1.21048119638528,-38.1930597508962,-39.4975738623507,103.429115905785,0
84,3,0,3,-135,1.21048119638528,-30.145950884271,-54.837235931438,100.714590794187,0
84,4,0,3,-120,1.21048119638528,-20.5416704272793,-67.6114497453635,97.212197771241,0
84,5,0,3,-105,1.21048119638528,-10.0598861391252,-78.7511504858721,93.1665905268044,0
84,6,0.241019650378085,3,-90,1.21048119638528,0.826256274737361,-89.1153421290582,88.8421216976419,0.00487038366767151
84,7,0.468032114746979,3,-75,1.21048119638528,11.7427695722916,-80.5235989258892,75.1167816563719,0.120213924763723
84,8,0.667844253834296,3,-60,1.21048119638528,22.3169160464601,-69.3798827312293,60.5442536212022,0.32841319683854
84,9,0.828843712403854,3,-45,1.21048119638528,32.0761025223956,-56.5442838761042,46.09492767142,0.574774614851035
84,10,0.941673787132813,3,-30,1.21048119638528,40.3273666407241,-40.9736864231282,31.9785365553656,0.798771539772815
84,11,0.999777204198559,3,-15,1.21048119638528,46.0662891981082,-21.8975785735311,18.9951887588724,0.945335247215376
84,12,0.999777204198559,3,0,1.21048119638528,48.1623811963853,0,11.8376188036147,0.978514853821131
84,13,0.941673787132813,3,15,1.21048119638528,46.0662891981082,21.8975785735311,18.9951887588724,0.890395798801031
84,14,0.828843712403854,3,30,1.21048119638528,40.3273666407241,40.9736864231282,31.9785365553656,0.703063818314046
84,15,0.667844253834296,3,45,1.21048119638528,32.0761025223956,56.5442838761042,46.09492767142,0.463127026281944
84,16,0.468032114746979,3,60,1.21048119638528,22.3169160464601,69.3798827312293,60.5442536212022,0.230155342573772
84,17,0.241019650378085,3,75,1.21048119638528,11.7427695722916,80.5235989258892,75.1167816563719,0.0619058333909276
84,18,1.23336658402967e-16,3,90,1.21048119638528,0.826256274737361,89.1153421290582,88.8421216976419,2.49231482067409e-18
84,19,0,3,105,1.21048119638528,-10.0598861391252,78.7511504858721,93.1665905268044,0
84,20,0,3,120,1.21048119638528,-20.5416704272793,67.6114497453635,97.212197771241,0
84,21,0,3,135,1.21048119638528,-30.145950884271,54.837235931438,100.714590794187,0
84,22,0,3,150,1.21048119638528,-38.1930597508962,39.4975738623507,103.429115905785,0
84,23,0,3,165,1.21048119638528,-43.7332801536404,20.9844479685602,105.150985860869,0
85,0,0,3,-180,1.61341690851441,-45.3384830914856,-9.97831353026356e-15,105.338483091486,0
85,1,0,3,-165,1.61341690851441,-43.3443017215705,-20.8394173827145,104.749281144544,0
85,2,0,3,-150,1.61341690851441,-37.8360790740485,-39.2603787561951,103.030724314582,0
85,3,0,3,-135,1.61341690851441,-29.8225756333138,-54.5597047871895,100.320613510053,0
85,4,0,3,-120,1.61341690851441,-20.2444490053464,-67.3211975447818,96.8225203098404,0
85,5,0,3,-105,1.61341690851441,-9.77884197478845,-78.4580273088389,92.7800098582295,0
85,6,0.376509507955285,3,-90,1.61341690851441,1.10126015333365,-88.8208005098446,88.456703616721,0.0101402844373714
85,7,0.731137651864587,3,-75,1.61341690851441,12.0218363277138,-80.8206161640908,75.0252529672541,0.188921063788708
85,8,1.04327473302475,3,-60,1.61341690851441,22.6105323709742,-69.6784877002845,60.4453160296504,0.514599452398574
85,9,1.29478047885087,3,-45,1.61341690851441,32.3951079952156,-56.8352966554077,45.9780822220846,0.899786322124608
85,10,1.47103828958173,3,-30,1.61341690851441,40.6807276205064,-41.2283455947805,31.8222927199308,1.24992299375809
85,11,1.56180470192872,3,-15,1.61341690851441,46.4538538955684,-22.0570141765076,18.7428744258474,1.47898235149307
85,12,1.56180470192872,3,0,1.61341690851441,48.5653169085144,0,11.4346830914856,1.53080498124147
85,13,1.47103828958173,3,15,1.61341690851441,46.4538538955684,22.0570141765076,18.7428744258474,1.3930292731064
85,14,1.29478047885087,3,30,1.61341690851441,40.6807276205064,41.2283455947805,31.8222927199308,1.10015891757989
85,15,1.04327473302475,3,45,1.61341690851441,32.3951079952156,56.8352966554077,45.9780822220846,0.725006555417793
85,16,0.731137651864587,3,60,1.61341690851441,22.6105323709742,69.6784877002845,60.4453160296504,0.360636583411409
85,17,0.376509507955286,3,75,1.61341690851441,12.0218363277138,80.8206161640908,75.0252529672541,0.0972875307243099
85,18,1.92670699236781e-16,3,90,1.61341690851441,1.10126015333365,88.8208005098446,88.456703616721,5.18907398545758e-18
85,19,0,3,105,1.61341690851441,-9.77884197478845,78.4580273088389,92.7800098582295,0
85,20,0,3,120,1.61341690851441,-20.2444490053464,67.3211975447818,96.8225203098404,0
85,21,0,3,135,1.61341690851441,-29.8225756333138,54.5597047871895,100.320613510053,0
85,22,0,3,150,1.61341690851441,-37.8360790740485,39.2603787561951,103.030724314582,0
85,23,0,3,165,1.61341690851441,-43.3443017215705,20.8394173827145,104.749281144544,0
86,0,0,3,-180,2.01587453039311,-44.9360254696069,-9.90592977343178e-15,104.936025469607,0
86,1,0,3,-165,2.01587453039311,-42.955604224287,-20.6964027991306,104.348048522982,0
86,2,0,3,-150,2.01587453039311,-37.4790516761231,-39.0257471508274,102.632790762965,0
86,3,0,3,-135,2.01587453039311,-29.4990088246442,-54.2842913573249,99.927081064733,0
86,4,0,3,-120,2.01587453039311,-19.9471055508487,-67.0323971560198,96.4332833200183,0
86,5,0,3,-105,2.01587453039311,-9.49788114052101,-78.1657464688131,92.3938769531751,0
86,6,0.542026416017502,3,-90,2.01587453039311,1.37590868852233,-88.5265541173823,88.0717493240523,0.0182380888937478
86,7,1.05255222692193,3,-75,2.01587453039311,12.3002582120239,-81.1178963252381,74.9345507322982,0.273581751599438
86,8,1.50190752826932,3,-60,2.01587453039311,22.9032466190648,-69.9780122133858,60.3480045108162,0.743039797635555
86,9,1.86397742328545,3,-45,2.01587453039311,32.7130627734309,-57.1280216999751,45.8638840756137,1.29800924103974
86,10,2.11771972574248,3,-30,2.01587453039311,41.0331048680024,-41.4854099480504,31.6701239031903,1.80235947947695
86,11,2.24838785533736,3,-15,2.01587453039311,46.8407344245023,-22.2185414176847,18.4959928521228,2.13224927946914
86,12,2.24838785533736,3,0,2.01587453039311,48.9677745303931,0,11.0322254696069,2.20683699455517
86,13,2.11771972574248,3,15,2.01587453039311,46.8407344245023,22.2185414176847,18.4959928521228,2.00833070175718
86,14,1.86397742328545,3,30,2.01587453039311,41.0331048680024,41.4854099480504,31.6701239031903,1.58640321358468
86,15,1.50190752826932,3,45,2.01587453039311,32.7130627734309,57.1280216999751,45.8638840756137,1.04587632152999
86,16,1.05255222692193,3,60,2.01587453039311,22.9032466190648,69.9780122133858,60.3480045108162,0.520729924427595
86,17,0.542026416017503,3,75,2.01587453039311,12.3002582120239,81.1178963252381,74.9345507322982,0.140884730006118
86,18,2.77370441841009e-16,3,90,2.01587453039311,1.37590868852233,88.5265541173823,88.0717493240523,9.33295246376161e-18
86,19,0,3,105,2.01587453039311,-9.49788114052101,78.1657464688131,92.3938769531751,0
86,20,0,3,120,2.01587453039311,-19.9471055508487,67.0323971560198,96.4332833200183,0
86,21,0,3,135,2.01587453039311,-29.4990088246442,54.2842913573249,99.927081064733,0
86,22,0,3,150,2.01587453039311,-37.4790516761231,39.0257471508274,102.632790762965,0
86,23,0,3,165,2.01587453039311,-42.955604224287,20.6964027991306,104.348048522982,0
87,0,0,3,-180,2.41773480514235,-44.5341651948576,-9.83465878804689e-15,104.534165194858,0
87,1,0,3,-165,2.41773480514235,-42.567308241652,-20.5553922775818,103.947407052551,0
87,2,0,3,-150,2.41773480514235,-37.1220956692573,-38.7936917014988,102.235433732053,0
87,3,0,3,-135,2.41773480514235,-29.1753597550887,-54.0110386197393,99.5341110919856,0
87,4,0,3,-120,2.41773480514235,-19.6497393912988,-66.7451096969652,96.0446035171152,0
87,5,0,3,-105,2.41773480514235,-9.21709559654376,-77.8743777821039,92.0083077949168,0
87,6,0.737521328332729,3,-90,2.41773480514235,1.65011337872329,-88.2326768578436,87.6873744808525,0.0297604391898931
87,7,1.43218059784371,3,-75,2.41773480514235,12.5779458378261,-81.4153641039605,74.8447041065748,0.37442379646778
87,8,2.04360673677268,3,-60,2.41773480514235,23.1949639015126,-70.2783838019712,60.2523507346968,1.01399859463399
87,9,2.53626588036866,3,-45,2.41773480514235,33.0298622573267,-57.4223995930957,45.752376731183,1.76970677212768
87,10,2.88152646994899,3,-30,2.41773480514235,41.3843830925701,-41.7448509919919,31.5221163364634,2.45632385648466
87,11,3.05932321501844,3,-15,2.41773480514235,47.2268107298203,-22.3821661083424,18.2548045247753,2.90535623517013
87,12,3.05932321501844,3,0,2.41773480514235,49.3696348051423,0,10.6303651948577,3.0068182593096
87,13,2.88152646994899,3,15,2.41773480514235,47.2268107298203,22.3821661083424,18.2548045247753,2.73650749132226
87,14,2.53626588036866,3,30,2.41773480514235,41.3843830925701,41.7448509919919,31.5221163364634,2.16201046678149
87,15,2.04360673677268,3,45,2.41773480514235,33.0298622573267,57.4223995930957,45.752376731183,1.42594856068744
87,16,1.43218059784371,3,60,2.41773480514235,23.1949639015126,70.2783838019712,60.2523507346968,0.710620633287302
87,17,0.73752132833273,3,75,2.41773480514235,12.5779458378261,81.4153641039605,74.8447041065748,0.192814744276012
87,18,3.77410787853948e-16,3,90,2.41773480514235,1.65011337872329,88.2326768578436,87.6873744808525,1.52292691343969e-17
87,19,0,3,105,2.41773480514235,-9.21709559654376,77.8743777821039,92.0083077949168,0
87,20,0,3,120,2.41773480514235,-19.6497393912988,66.7451096969652,96.0446035171152,0
87,21,0,3,135,2.41773480514235,-29.1753597550887,54.0110386197393,99.5341110919856,0
87,22,0,3,150,2.41773480514235,-37.1220956692573,38.7936917014988,102.235433732053,0
87,23,0,3,165,2.41773480514235,-42.567308241652,20.5553922775818,103.947407052551,0
88,0,0,3,-180,2.81887865288981,-44.1330213471102,-9.76448917542902e-15,104.13302134711,0
88,1,0,3,-165,2.81887865288981,-42.1795342020213,-20.4163735453155,103.547475615153,0
88,2,0,3,-150,2.81887865288981,-36.7653292026462,-38.5642237986606,101.838771534275,0
88,3,0,3,-135,2.81887865288981,-28.8517379509998,-53.7399880669859,99.1418210612578,0
88,4,0,3,-120,2.81887865288981,-19.3524500828083,-66.4593952022896,95.6565974504042,0
88,5,0,3,-105,2.81887865288981,-8.93657735429653,-77.5839905476534,91.6234181910533,0
88,6,0.962936315539321,3,-90,2.81887865288981,1.92378594461511,-87.9392427027433,87.3036945579664,0.0452984886674105
88,7,1.86991027255059,3,-75,2.81887865288981,12.8548103361449,-81.7129435009859,74.7557412840614,0.491663992285715
88,8,2.66821184136851,3,-60,2.81887865288981,23.4855900858082,-70.5795285710505,60.1583843776784,1.32771318833364
88,9,3.31144663652151,3,-45,2.81887865288981,33.3454026672997,-57.7183687486097,45.643600241166,2.31509674232609
88,10,3.76223218977866,3,-30,2.81887865288981,41.7344476069449,-42.0066379287265,31.3783506248343,3.21199670766025
88,11,3.99437048332346,3,-15,2.81887865288981,47.6119630322701,-22.5478929526945,18.0195681770369,3.79845029603932
88,12,3.99437048332346,3,0,2.81887865288981,49.7707786528898,0,10.2292213471102,3.93088062441133
88,13,3.76223218977866,3,15,2.81887865288981,47.6119630322701,22.5478929526945,18.0195681770369,3.57769817163856
88,14,3.31144663652151,3,30,2.81887865288981,41.7344476069449,42.0066379287265,31.3783506248343,2.82713962285391
88,15,2.66821184136851,3,45,2.81887865288981,33.3454026672997,57.7183687486097,45.643600241166,1.86539878784727
88,16,1.86991027255059,3,60,2.81887865288981,23.4855900858082,70.5795285710505,60.1583843776784,0.930475043762869
88,17,0.962936315539323,3,75,2.81887865288981,12.8548103361449,81.7129435009859,74.7557412840614,0.253189214565455
88,18,4.92762093162025e-16,3,90,2.81887865288981,1.92378594461511,87.9392427027433,87.3036945579664,2.31805340941241e-17
88,19,0,3,105,2.81887865288981,-8.93657735429653,77.5839905476534,91.6234181910533,0
88,20,0,3,120,2.81887865288981,-19.3524500828083,66.4593952022896,95.6565974504042,0
88,21,0,3,135,2.81887865288981,-28.8517379509998,53.7399880669859,99.1418210612578,0
88,22,0,3,150,2.81887865288981,-36.7653292026462,38.5642237986606,101.838771534275,0
88,23,0,3,165,2.81887865288981,-42.1795342020213,20.4163735453155,103.547475615153,0
89,0,0,3,-180,3.21918720605606,-43.7327127939439,-9.69540958237515e-15,103.732712793944,0
89,1,0,3,-165,3.21918720605606,-41.7924023417763,-20.2793340527036,103.148372882699,0
89,2,0,3,-150,3.21918720605606,-36.4088704100821,-38.3373536555403,101.442922277244,0
89,3,0,3,-135,3.21918720605606,-28.528253111498,-53.471179772272,98.7503282408596,0
89,4,0,3,-120,3.21918720605606,-19.0553373576412,-66.1753126600793,95.2693814656932,0
89,5,0,3,-105,3.21918720605606,-8.65641842970053,-77.2946535661419,91.2393237357618,0
89,6,1.21820458231172,3,-90,3.21918720605606,2.19683837299884,-87.6463257010269,86.920824797984,0.0654369311510583
89,7,2.36561154229296,3,-75,3.21918720605606,13.1307634018778,-82.0105578091752,74.6676894799287,0.625507779390956
89,8,3.37553775808424,3,-60,3.21918720605606,23.7750318479486,-70.8813711703134,60.0661330982033,1.68439356314245
89,9,4.18928998895618,3,-45,3.21918720605606,33.659581104011,-58.0158653441956,45.5375911534548,2.93435112863956
89,10,4.75957591311951,3,-30,3.21918720605606,42.0831843876729,-42.2707375347641,31.2389015253621,4.06949615586722
89,11,5.05325258556686,3,-15,3.21918720605606,47.9960718735294,-22.7157254457764,17.7905398648734,4.81160530546159
89,12,5.05325258556687,3,0,3.21918720605606,50.1710872060561,0,9.82891279394393,4.97908034438523
89,13,4.75957591311951,3,15,3.21918720605606,47.9960718735294,22.7157254457764,17.7905398648734,4.53197229458183
89,14,4.18928998895618,3,30,3.21918720605606,42.0831843876729,42.2707375347641,31.2389015253621,3.58189465134435
89,15,3.37553775808424,3,45,3.21918720605606,33.659581104011,58.0158653441956,45.5375911534548,2.36436557419314
89,16,2.36561154229296,3,60,3.21918720605606,23.7750318479486,70.8813711703134,60.0661330982033,1.18044031508485
89,17,1.21820458231172,3,75,3.21918720605606,13.1307634018778,82.0105578091752,74.6676894799287,0.322113935235154
89,18,6.23390176683994e-16,3,90,3.21918720605606,2.19683837299884,87.6463257010269,86.920824797984,3.34859519199202e-17
89,19,0,3,105,3.21918720605606,-8.65641842970053,77.2946535661419,91.2393237357618,0
89,20,0,3,120,3.21918720605606,-19.0553373576412,66.1753126600793,95.2693814656932,0
89,21,0,3,135,3.21918720605606,-28.528253111498,53.471179772272,98.7503282408596,0
89,22,0,3,150,3.21918720605606,-36.4088704100821,38.3373536555403,101.442922277244,0
89,23,0,3,165,3.21918720605606,-41.7924023417763,20.2793340527036,103.148372882699,0
90,0,0,3,-180,3.61854184457738,-43.3333581554226,-9.62740872238789e-15,103.333358155423,0
90,1,0,3,-165,3.61854184457738,-41.4060326652527,-20.1442610254782,102.750217281656,0
90,2,0,3,-150,3.61854184457738,-36.0528373582861,-38.1130903925081,101.048003827714,0
90,3,0,3,-135,3.61854184457738,-28.2050150523051,-53.2046524544106,98.3597496612353,0
90,4,0,3,-120,3.61854184457738,-18.7585010720554,-65.8929200483722,94.8830716680358,0
90,5,0,3,-105,3.61854184457738,-8.37671079663295,-77.0064351589664,90.8561397721628,0
90,6,1.50325048715333,3,-90,3.61854184457738,2.46918296034185,-87.3539999906297,86.5388801774621,0.090753042006859
90,7,2.9191375200865,3,-75,3.61854184457738,13.405717338781,-82.3081296006418,74.5805749142073,0.776148927777426
90,8,4.1653748909854,3,-60,3.61854184457738,24.0631967237727,-71.1838347668361,59.9756225154919,2.08422205408655
90,9,5.16953581374192,3,-45,3.61854184457738,33.9722956084679,-58.3148232558581,45.4343824598939,3.62759587356527
90,10,5.87326210550188,3,-30,3.61854184457738,42.4304801361241,-42.5371140403447,31.1038377357745,5.02887780586493
90,11,6.2356557521292,3,-15,3.61854184457738,48.3790181617384,-22.8856657663997,17.5679719570044,5.94482191227822
90,12,6.2356557521292,3,0,3.61854184457738,50.5704418445774,0,9.42955815542265,6.15139815340247
90,13,5.87326210550188,3,15,3.61854184457738,48.3790181617384,22.8856657663997,17.5679719570044,5.59933047128505
90,14,5.16953581374192,3,30,3.61854184457738,42.4304801361241,42.5371140403447,31.1038377357745,4.42632449452537
90,15,4.1653748909854,3,45,3.61854184457738,33.9722956084679,58.3148232558581,45.4343824598939,2.92295039841374
90,16,2.9191375200865,3,60,3.61854184457738,24.0631967237727,71.1838347668361,59.9756225154919,1.46064422951291
90,17,1.50325048715333,3,75,3.61854184457738,13.405717338781,82.3081296006418,74.5805749142073,0.399688690839881
90,18,7.69256330499522e-16,3,90,3.61854184457738,2.46918296034185,87.3539999906297,86.5388801774621,4.64409309509471e-17
90,19,0,3,105,3.61854184457738,-8.37671079663295,77.0064351589664,90.8561397721628,0
90,20,0,3,120,3.61854184457738,-18.7585010720554,65.8929200483722,94.8830716680358,0
90,21,0,3,135,3.61854184457738,-28.2050150523051,53.2046524544106,98.3597496612353,0
90,22,0,3,150,3.61854184457738,-36.0528373582861,38.1130903925081,101.048003827714,0
90,23,0,3,165,3.61854184457738,-41.4060326652527,20.1442610254782,102.750217281656,0
91,0,0,4,-180,4.01682423105564,-42.9350757689444,-9.56047539518653e-15,102.935075768944,0
91,1,0,4,-165,4.01682423105564,-41.0205449050589,-20.0111415136844,102.353126957667,0
91,2,0,4,-150,4.01682423105564,-35.697347996031,-37.8914421182301,100.654133775631,0
91,3,0,4,-135,4.01682423105564,-27.8821336502019,-52.9404435416094,97.9702020783468,0
91,4,0,4,-120,4.01682423105564,-18.4620411544811,-65.6122743714842,94.4977838845629,0
91,5,0,4,-105,4.01682423105564,-8.09754634066372,-76.7194031870003,90.4739813548092,0
91,6,1.81798956481076,4,-90,4.01682423105564,2.74073235595004,-87.0623398094189,86.1579753692685,0.121815732698556
91,7,3.53032418423791,4,-75,4.01682423105564,13.6795851039267,-82.6055807150607,74.4944227968705,0.943769243113682
91,8,5.03748919428344,4,-60,4.01682423105564,24.3499931597568,-71.4868410195448,59.8868761913917,2.52735311260616
91,9,6.25189364288542,4,-45,4.01682423105564,34.2834452219544,-58.6151739938752,45.3340035510684,4.39491079189209
91,10,7.10296075767165,4,-30,4.01682423105564,42.7762223400425,-42.8057290070375,30.9732216950524,6.09013481056554
91,11,7.54122961143387,4,-15,4.01682423105564,48.7606832174751,-23.057714665093,17.3521120391507,7.19802775602418
91,12,7.54122961143387,4,0,4.01682423105564,50.9687242310556,0,9.03127576894437,7.4477394897055
91,13,7.10296075767165,4,15,4.01682423105564,48.7606832174751,23.057714665093,17.3521120391507,6.77970454661039
91,14,6.25189364288542,4,30,4.01682423105564,42.7762223400425,42.8057290070375,30.9732216950524,5.3604231257179
91,15,5.03748919428344,4,45,4.01682423105564,34.2834452219544,58.6151739938752,45.3340035510684,3.54121757160575
91,16,3.53032418423791,4,60,4.01682423105564,24.3499931597568,71.4868410195448,59.8868761913917,1.77119502820326
91,17,1.81798956481076,4,75,4.01682423105564,13.6795851039267,82.6055807150607,74.4944227968705,0.486007104738571
91,18,9.30317331319183e-16,4,90,4.01682423105564,2.74073235595004,87.0623398094189,86.1579753692685,6.23365994780109e-17
91,19,0,4,105,4.01682423105564,-8.09754634066372,76.7194031870003,90.4739813548092,0
91,20,0,4,120,4.01682423105564,-18.4620411544811,65.6122743714842,94.4977838845629,0
91,21,0,4,135,4.01682423105564,-27.8821336502019,52.9404435416094,97.9702020783468,0
91,22,0,4,150,4.01682423105564,-35.697347996031,37.8914421182301,100.654133775631,0
91,23,0,4,165,4.01682423105564,-41.0205449050589,20.0111415136844,102.353126957667,0
92,0,0,4,-180,4.41391634582406,-42.5379836541759,-9.49459850459584e-15,102.537983654176,0
92,1,0,4,-165,4.41391634582406,-40.6360584827834,-19.8799624374885,101.957219740268,0
92,2,0,4,-150,4.41391634582406,-35.3425201040578,-37.6724160076138,100.261429398301,0
92,3,0,4,-135,4.41391634582406,-27.5597187881418,-52.6785892339884,97.581801937182,0
92,4,0,4,-120,4.41391634582406,-18.1660575540821,-65.3334316960161,94.113633627452,0
92,5,0,4,-105,4.41391634582406,-7.81901681310395,-76.4336250690444,90.0929632123185,0
92,6,2.16232855130267,4,-90,4.41391634582406,3.01139960471604,-86.7714195054356,85.7782247050659,0.159184620537552
92,7,4.19899042694811,4,-75,4.41391634582406,13.9522803515698,-82.9028322492685,74.4092573143656,1.12853829592364
92,8,5.99162224168852,4,-60,4.41391634582406,24.6353305631944,-71.7903100555984,59.7999156154142,3.01391312694122
92,9,7.4360427504027,4,-45,4.41391634582406,34.5929300457238,-58.9168466404724,45.236480177671,5.2363295682042
92,10,8.44830748337911,4,-30,4.41391634582406,43.1202993355863,-43.0765412038618,30.847109397298,7.2531980603546
92,11,8.96958729376976,4,-15,4.41391634582406,49.140948820172,-23.2318713469586,17.1432017350739,8.57107779617846
92,12,8.96958729376976,4,0,4.41391634582406,51.3658163458241,0,8.63418365417595,8.86793486860134
92,13,8.44830748337911,4,15,4.41391634582406,49.140948820172,23.2318713469586,17.1432017350739,8.07295790926474
92,14,7.4360427504027,4,30,4.41391634582406,43.1202993355863,43.0765412038618,30.847109397298,6.38412971592768
92,15,5.99162224168852,4,45,4.41391634582406,34.5929300457238,58.9168466404724,45.236480177671,4.21919423526236
92,16,4.19899042694811,4,60,4.41391634582406,24.6353305631944,71.7903100555984,59.7999156154142,2.112181285333
92,17,2.16232855130267,4,75,4.41391634582406,13.9522803515698,82.9028322492685,74.4092573143656,0.581156499632167
92,18,1.10652545329245e-15,4,90,4.41391634582406,3.01139960471604,86.7714195054356,85.7782247050659,8.1459329707961e-17
92,19,0,4,105,4.41391634582406,-7.81901681310395,76.4336250690444,90.0929632123185,0
92,20,0,4,120,4.41391634582406,-18.1660575540821,65.3334316960161,94.113633627452,0
92,21,0,4,135,4.41391634582406,-27.5597187881418,52.6785892339884,97.581801937182,0
92,22,0,4,150,4.41391634582406,-35.3425201040578,37.6724160076138,100.261429398301,0
92,23,0,4,165,4.41391634582406,-40.6360584827834,19.8799624374885,101.957219740268,0
93,0,0,4,-180,4.80970052191911,-42.1421994780809,-9.4297670749036e-15,102.142199478081,0
93,1,0,4,-165,4.80970052191911,-40.2526924700863,-19.7507106299696,101.562613107705,0
93,2,0,4,-150,4.80970052191911,-34.9884712457836,-37.4560183765603,99.870007624664,0
93,3,0,4,-135,4.80970052191911,-27.2378803010461,-52.419124564728,97.1946653354007,0
93,4,0,4,-120,4.80970052191911,-17.8706501897447,-65.0564471864349,93.730736057048,0
93,5,0,4,-105,4.80970052191911,-7.54121378541354,-76.149167799881,89.7131997101618,0
93,6,2.53616541155592,4,-90,4.80970052191911,3.28109818939257,-86.4813135463527,85.3997421379521,0.203409115276845
93,7,4.9249381079784,4,-75,4.80970052191911,14.2237174763633,-83.1998045482566,74.3251016176265,1.3306131742143
93,8,7.02749130298681,4,-60,4.80970052191911,24.919119351679,-72.0941604488531,59.7147601930158,3.54400029688581
93,9,8.72163224735718,4,-45,4.80970052191911,34.9006513003651,-59.2197677895017,45.1418344186509,6.15183984414679
93,10,9.90890362735447,4,-30,4.80970052191911,43.4626003698052,-43.3495064822211,30.7255502202442,8.517936493822
93,11,10.5203055459291,4,-15,4.80970052191911,49.5196972549731,-23.4081333493977,16.9414754490096,10.0637547832831
93,12,10.5203055459291,4,0,4.80970052191911,51.7616005219191,0,8.23839947808084,10.4117404017465
93,13,9.90890362735447,4,15,4.80970052191911,49.5196972549731,23.4081333493977,16.9414754490096,9.4788859355389
93,14,8.72163224735718,4,30,4.80970052191911,43.4626003698052,43.3495064822211,30.7255502202442,7.49732890734481
93,15,7.02749130298681,4,45,4.80970052191911,34.9006513003651,59.2197677895017,45.1418344186509,4.95687043158801
93,16,4.9249381079784,4,60,4.80970052191911,24.919119351679,72.0941604488531,59.7147601930158,2.48367182032675
93,17,2.53616541155593,4,75,4.80970052191911,14.2237174763633,83.1998045482566,74.3251016176265,0.685217770175833
93,18,1.29782848214991e-15,4,90,4.80970052191911,3.28109818939257,86.4813135463527,85.3997421379521,1.04090270347646e-16
93,19,0,4,105,4.80970052191911,-7.54121378541354,76.149167799881,89.7131997101618,0
93,20,0,4,120,4.80970052191911,-17.8706501897447,65.0564471864349,93.730736057048,0
93,21,0,4,135,4.80970052191911,-27.2378803010461,52.419124564728,97.1946653354007,0
93,22,0,4,150,4.80970052191911,-34.9884712457836,37.4560183765603,99.870007624664,0
93,23,0,4,165,4.80970052191911,-40.2526924700863,19.7507106299696,101.562613107705,0
94,0,0,4,-180,5.20405947994768,-41.7478405200523,-9.36597026577366e-15,101.747840520052,0
94,1,0,4,-165,5.20405947994768,-39.8705655501734,-19.6233728770264,101.169424151861,0
94,2,0,4,-150,5.20405947994768,-34.6353187187982,-37.2422547535462,99.4799849997047,0
94,3,0,4,-135,5.20405947994768,-26.9167279223081,-52.1620834597581,96.8089079871317,0
94,4,0,4,-120,5.20405947994768,-17.5759188995361,-64.7813751401307,93.3492059451496,0
94,5,0,4,-105,5.20405947994768,-7.26422860401526,-75.8660979678472,89.3348048136273,0
94,6,2.93938936964076,4,-90,5.20405947994768,3.54974207233987,-86.1920965280684,85.0226412052749,0.255027524150101
94,7,5.70795211336364,4,-75,5.20405947994768,14.4938116558604,-83.4964171976577,74.2419778115906,1.55013825976547
94,8,8.14478942781957,4,-60,5.20405947994768,25.2012710018104,-72.3983092005709,59.6314272371693,4.11768456252773
94,9,10.1082811858356,4,-45,5.20405947994768,35.2065113847486,-59.5238614884136,45.0500846563245,7.14138339424206
94,10,11.484316383438,4,-30,5.20405947994768,43.803015663497,-43.6245776499698,30.6085867697149,9.88415752788498
94,11,12.1929248566266,4,-15,5.20405947994768,49.896811360028,-23.5864964146698,16.7471590363612,11.6757698693599
94,12,12.1929248566266,4,0,5.20405947994768,52.1559594799477,0,7.84404052005235,12.0788384600066
94,13,11.484316383438,4,15,5.20405947994768,49.896811360028,23.5864964146698,16.7471590363612,10.9972165642494
94,14,10.1082811858356,4,30,5.20405947994768,43.803015663497,43.6245776499698,30.6085867697149,8.69985119193006
94,15,8.14478942781957,4,45,5.20405947994768,35.2065113847486,59.5238614884136,45.0500846563245,5.75419924516283
94,16,5.70795211336364,4,60,5.20405947994768,25.2012710018104,72.3983092005709,59.6314272371693,2.88571564791665
94,17,2.93938936964077,4,75,5.20405947994768,14.4938116558604,83.4964171976577,74.2419778115906,0.798265267776217
94,18,1.50416973067545e-15,4,90,5.20405947994768,3.54974207233987,86.1920965280684,85.0226412052749,1.30504888626772e-16
94,19,0,4,105,5.20405947994768,-7.26422860401526,75.8660979678472,89.3348048136273,0
94,20,0,4,120,5.20405947994768,-17.5759188995361,64.7813751401307,93.3492059451496,0
94,21,0,4,135,5.20405947994768,-26.9167279223081,52.1620834597581,96.8089079871317,0
94,22,0,4,150,5.20405947994768,-34.6353187187982,37.2422547535462,99.4799849997047,0
94,23,0,4,165,5.20405947994768,-39.8705655501734,19.6233728770264,101.169424151861,0
95,0,0,4,-180,5.59687636283954,-41.3550236371605,-9.30319738579757e-15,101.35502363716,0
95,1,0,4,-165,5.59687636283954,-39.4897959796491,-19.4979359545235,100.777769543308,0
95,2,0,4,-150,5.59687636283954,-34.2831795071476,-37.0311299480655,99.0914776490074,0
95,3,0,4,-135,5.59687636283954,-26.5963712310287,-51.9074987959058,96.424645186933,0
95,4,0,4,-120,5.59687636283954,-17.2819633906729,-64.5082690218536,92.9691576384775,0
95,5,0,4,-105,5.59687636283954,-6.98815234556008,-75.584481771843,88.9578920509752,0
95,6,3.37188094159612,4,-90,5.59687636283954,3.81724573669749,-85.9038431823555,84.6470349916399,0.314566176903218
95,7,6.54780041915522,4,-75,5.59687636283954,14.7624788922412,-83.7925890178261,74.1599069462495,1.78724502822566
95,8,9.34318553663914,4,-60,5.59687636283954,25.4816980970406,-72.7026717225358,59.5499319632667,4.73500758642854
95,9,11.5955786718312,4,-45,5.59687636283954,35.5104139344515,-59.8290491828159,44.9612455586047,8.20485638877931
95,10,13.17407892283,4,-30,5.59687636283954,44.1414364743782,-43.9017043449641,30.4962547412814,11.3516076049287
95,11,13.9869495926623,4,-15,5.59687636283954,50.2721745742184,-23.7669543572781,16.5604684119765,13.4067633546393
95,12,13.9869495926623,4,0,5.59687636283954,52.5487763628395,0,7.45122363716047,13.8688384767458
95,13,13.17407892283,4,15,5.59687636283954,50.2721745742184,23.7669543572781,16.5604684119765,12.6276110000696
95,14,11.5955786718312,4,30,5.59687636283954,44.1414364743782,43.9017043449641,30.4962547412814,9.99147339299777
95,15,9.34318553663914,4,45,5.59687636283954,35.5104139344515,59.8290491828159,44.9612455586047,6.61109701476743
95,16,6.54780041915522,4,60,5.59687636283954,25.4816980970406,72.7026717225358,59.5499319632667,3.31834196565387
95,17,3.37188094159613,4,75,5.59687636283954,14.7624788922412,83.7925890178261,74.1599069462495,0.920366697648073
95,18,1.72548805550391e-15,4,90,5.59687636283954,3.81724573669749,85.9038431823555,84.6470349916399,1.60972522551494e-16
95,19,0,4,105,5.59687636283954,-6.98815234556008,75.584481771843,88.9578920509752,0
95,20,0,4,120,5.59687636283954,-17.2819633906729,64.5082690218536,92.9691576384775,0
95,21,0,4,135,5.59687636283954,-26.5963712310287,51.9074987959058,96.424645186933,0
95,22,0,4,150,5.59687636283954,-34.2831795071476,37.0311299480655,99.0914776490074,0
95,23,0,4,165,5.59687636283954,-39.4897959796491,19.4979359545235,100.777769543308,0
96,0,0,4,-180,5.98803477047458,-40.9638652295254,-9.24143790476336e-15,100.963865229525,0
96,1,0,4,-165,5.98803477047458,-39.1105015507472,-19.3743866628006,100.38776549649,0
96,2,0,4,-150,5.98803477047458,-33.9321702344004,-36.8226481159675,98.7046012434594,0
96,3,0,4,-135,5.98803477047458,-26.2769196000027,-51.6554024574291,96.0419917739286,0
96,4,0,4,-120,5.98803477047458,-16.9888831900367,-64.2371814974388,92.5907050223365,0
96,5,0,4,-105,5.98803477047458,-6.71307577268837,-75.304385037697,88.5825744767981,0
96,6,3.83351197083531,4,-90,5.98803477047458,4.08352422693096,-85.6166283834892,84.2730360921257,0.382538572307746
96,7,7.44423416017472,4,-75,5.98803477047458,15.029636053203,-84.0882380596053,74.0789090092499,2.04205187308887
96,8,10.622324518815,4,-60,5.98803477047458,25.7603143745754,-73.0071618227375,59.4702874873814,5.39598278854129
96,9,13.1830839870003,4,-45,5.98803477047458,35.8122638795626,-60.1352496639236,44.8753280684783,9.34210974204511
96,10,14.9776905324218,4,-30,5.98803477047458,44.477755160498,-44.1808329084737,30.38858280028,12.9199728542427
96,11,15.9018481457889,4,-15,5.98803477047458,50.6456709853096,-23.9494989261933,16.3816081079227,15.2563055672081
96,12,15.9018481457889,4,0,5.98803477047458,52.9399347704746,0,7.06006522952543,15.7812778879826
96,13,14.9776905324218,4,15,5.98803477047458,50.6456709853096,23.9494989261933,16.3816081079227,14.3696645420563
96,14,13.1830839870003,4,30,5.98803477047458,44.477755160498,44.1808329084737,30.38858280028,11.3719192473999
96,15,10.622324518815,4,45,5.98803477047458,35.8122638795626,60.1352496639236,44.8753280684783,7.52744361397077
96,16,7.44423416017472,4,60,5.98803477047458,25.7603143745754,73.0071618227375,59.4702874873814,3.78156017837941
96,17,3.83351197083531,4,75,5.98803477047458,15.029636053203,84.0882380596053,74.0789090092499,1.05158302816862
96,18,1.96171787523923e-15,4,90,5.98803477047458,4.08352422693096,85.6166283834892,84.2730360921257,1.95755944150889e-16
96,19,0,4,105,5.98803477047458,-6.71307577268837,75.304385037697,88.5825744767981,0
96,20,0,4,120,5.98803477047458,-16.9888831900367,64.2371814974388,92.5907050223365,0
96,21,0,4,135,5.98803477047458,-26.2769196000027,51.6554024574291,96.0419917739286,0
96,22,0,4,150,5.98803477047458,-33.9321702344004,36.8226481159675,98.7046012434594,0
96,23,0,4,165,5.98803477047458,-39.1105015507472,19.3743866628006,100.38776549649,0
97,0,0,4,-180,6.37741879417478,-40.5744812058252,-9.18068146471662e-15,100.574481205825,0
97,1,0,4,-165,6.37741879417478,-38.7327995539366,-19.2527118586638,99.9995277350536,0
97,2,0,4,-150,6.37741879417478,-33.5824071174906,-36.6168128217326,98.3194709641212,0
97,3,0,4,-135,6.37741879417478,-25.9584821444772,-51.4058253908721,95.6610620961334,0
97,4,0,4,-120,6.37741879417478,-16.696777595275,-63.9681644667359,92.2139614844876,0
97,5,0,4,-105,6.37741879417478,-6.43908929032954,-75.0258732338094,88.2089646356048,0
97,6,4.32414566612153,4,-90,6.37741879417478,4.34849318870504,-85.3305271537781,83.9007565757281,0.459444547583435
97,7,8.39698770375805,4,-75,6.37741879417478,15.2952009119523,-84.3832816018798,73.9990029200649,2.31466395355629
97,8,11.9818273378606,4,-60,6.37741879417478,26.0370347712489,-73.3116916937847,59.3925048279144,6.10059543300825
97,9,14.8703267192569,4,-45,6.37741879417478,36.111967501758,-60.4423790192098,44.7923394008373,10.5529495439079
97,10,16.8946167631685,4,-30,6.37741879417478,44.8118652438182,-44.4619062588673,30.2855924812632,14.5888798646945
97,11,17.9370530902379,4,-15,6.37741879417478,51.0171853785186,-24.1341196619579,16.2107697953285,17.2238978717954
97,12,17.9370530902379,4,0,6.37741879417478,53.3293187941748,0,6.6706812058252,17.8156232054476
97,13,16.8946167631685,4,15,6.37741879417478,51.0171853785186,24.1341196619579,16.2107697953285,16.222907533808
97,14,14.8703267192569,4,30,6.37741879417478,44.8118652438182,44.4619062588673,30.2855924812632,12.8408600856188
97,15,11.9818273378606,4,45,6.37741879417478,36.111967501758,60.4423790192098,44.7923394008373,8.50308279888132
97,16,8.39698770375805,4,60,6.37741879417478,26.0370347712489,73.3116916937847,59.3925048279144,4.27535995905276
97,17,4.32414566612154,4,75,6.37741879417478,15.2952009119523,84.3832816018798,73.9990029200649,1.19196841253188
97,18,2.21278918988754e-15,4,90,6.37741879417478,4.34849318870504,85.3305271537781,83.9007565757281,2.3511093444668e-16
97,19,0,4,105,6.37741879417478,-6.43908929032954,75.0258732338094,88.2089646356048,0
97,20,0,4,120,6.37741879417478,-16.696777595275,63.9681644667359,92.2139614844876,0
97,21,0,4,135,6.37741879417478,-25.9584821444772,51.4058253908721,95.6610620961334,0
97,22,0,4,150,6.37741879417478,-33.5824071174906,36.6168128217326,98.3194709641212,0
97,23,0,4,165,6.37741879417478,-38.7327995539366,19.2527118586638,99.9995277350536,0
98,0,0,4,-180,6.76491305105027,-40.1869869489497,-9.12091788988498e-15,100.18698694895,0
98,1,0,4,-165,6.76491305105027,-38.3568067409019,-19.1328984849739,99.6131714573256,0
98,2,0,4,-150,6.76491305105027,-33.2340059213351,-36.4136270977339,97.9362014672717,0
98,3,0,4,-135,6.76491305105027,-25.6411676716973,-51.1587976581836,95.2819699749801,0
98,4,0,4,-120,6.76491305105027,-16.4057456265202,-63.7012690956611,91.8390398792439,0
98,5,0,4,-105,6.76491305105027,-6.16628290258172,-74.7490114860019,87.837174525642,0
98,6,4.84363664210214,4,-90,6.76491305105027,4.61206890803586,-85.045614667927,83.5303079490471,0.545769472091471
98,7,9.40577872846814,4,-75,6.76491305105027,15.5590921862378,-84.6776361510027,73.9202065257505,2.6051730662182
98,8,13.4212911437502,4,-60,6.76491305105027,26.3117754682816,-73.6161719042049,59.3165929106365,6.84880276582959
98,9,16.6568069021658,4,-45,6.76491305105027,36.4094324905368,-60.7503505865711,44.7122830467401,11.8371375725288
98,10,18.9242895884572,4,-30,6.76491305105027,45.1436614738734,-44.7448637660111,30.1872981078425,16.3578965652575
98,11,20.0919613508612,4,-15,6.76491305105027,51.3866032854852,-24.3208037487428,16.048130787492,19.3089738035352
98,12,20.0919613508612,4,0,6.76491305105027,53.7168130510503,0,6.28318694894971,19.9712712181887
98,13,18.9242895884572,4,15,6.76491305105027,51.3866032854852,24.3208037487428,16.048130787492,18.1868064313378
98,14,16.6568069021658,4,30,6.76491305105027,45.1436614738734,44.7448637660111,30.1872981078425,14.3979156067919
98,15,13.4212911437502,4,45,6.76491305105027,36.4094324905368,60.7503505865711,44.7122830467401,9.53782262126578
98,16,9.40577872846814,4,60,6.76491305105027,26.3117754682816,73.6161719042049,59.3165929106365,4.79971134523157
98,17,4.84363664210214,4,75,6.76491305105027,15.5590921862378,84.6776361510027,73.9202065257505,1.34157012266939
98,18,2.47862760159976e-15,4,90,6.76491305105027,4.61206890803586,85.045614667927,83.5303079490471,2.79285870842977e-16
98,19,0,4,105,6.76491305105027,-6.16628290258172,74.7490114860019,87.837174525642,0
98,20,0,4,120,6.76491305105027,-16.4057456265202,63.7012690956611,91.8390398792439,0
98,21,0,4,135,6.76491305105027,-25.6411676716973,51.1587976581836,95.2819699749801,0
98,22,0,4,150,6.76491305105027,-33.2340059213351,36.4136270977339,97.9362014672717,0
98,23,0,4,165,6.76491305105027,-38.3568067409019,19.1328984849739,99.6131714573256,0
99,0,0,4,-180,7.15040271818998,-39.80149728181,-9.06213719553355e-15,99.80149728181,0
99,1,0,4,-165,7.15040271818998,-37.9826392878968,-19.0149335979453,99.2288113019634,0
99,2,0,4,-150,7.15040271818998,-32.8870819142167,-36.2130935005342,97.5549068496396,0
99,3,0,4,-135,7.15040271818998,-25.3250846312542,-50.9143484880481,94.9048286700587,0
99,4,0,4,-120,7.15040271818998,-16.1158859787593,-63.4365458472955,91.466052491803,0
99,5,0,4,-105,7.15040271818998,-5.8947461702112,-74.4738645915002,87.4673155629713,0
99,6,5.39183096238941,4,-90,7.15040271818998,4.87416834967568,-84.7619662561595,83.1618011202359,0.641983466590886
99,7,10.4703083077529,4,-75,7.15040271818998,15.8212295763647,-84.9712174421874,73.8425365982965,2.91365754042239
99,8,14.9402893922919,4,-60,7.15040271818998,26.5844539348393,-73.9205113927871,59.2425585771309,7.64053420224737
99,9,18.5419951630933,4,-45,7.15040271818998,36.7045679985037,-61.0590749123305,44.6351587851516,13.1943918857352
99,10,21.0661075724258,4,-30,7.15040271818998,45.4730398914205,-45.029641126855,30.0937067337656,18.2265332096986
99,11,22.3659343818344,4,-15,7.15040271818998,51.7538110336336,-24.5095358614594,15.8938525439385,21.5109003221851
99,12,22.3659343818344,4,0,7.15040271818998,54.10230271819,0,5.89769728180995,22.2475503179986
99,13,21.0661075724258,4,15,7.15040271818998,51.7538110336336,24.5095358614594,15.8938525439385,20.260764984401
99,14,18.5419951630933,4,30,7.15040271818998,45.4730398914205,45.029641126855,30.0937067337656,16.0426547454146
99,15,14.9402893922919,4,45,7.15040271818998,36.7045679985037,61.0590749123305,44.6351587851516,10.631435905051
99,16,10.4703083077529,4,60,7.15040271818998,26.5844539348393,73.9205113927871,59.2425585771309,5.35456487039228
99,17,5.39183096238942,4,75,7.15040271818998,15.8212295763647,84.9712174421874,73.8425365982965,1.50042849536878
99,18,2.75915433671723e-15,4,90,7.15040271818998,4.87416834967568,84.7619662561595,83.1618011202359,3.28521327597412e-16
99,19,0,4,105,7.15040271818998,-5.8947461702112,74.4738645915002,87.4673155629713,0
99,20,0,4,120,7.15040271818998,-16.1158859787593,63.4365458472955,91.466052491803,0
99,21,0,4,135,7.15040271818998,-25.3250846312542,50.9143484880481,94.9048286700587,0
99,22,0,4,150,7.15040271818998,-32.8870819142167,36.2130935005342,97.5549068496396,0
99,23,0,4,165,7.15040271818998,-37.9826392878968,19.0149335979453,99.2288113019634,0
100,0,0,4,-180,7.53377356668593,-39.4181264333141,-9.00432959581525e-15,99.4181264333141,0
100,1,0,4,-165,7.53377356668593,-37.6104127594705,-18.8988043922615,98.8465613137749,0
100,2,0,4,-150,7.53377356668593,-32.5417498239301,-36.0152141642754,97.1757006138338,0
100,3,0,4,-135,7.53377356668593,-25.0103410662497,-50.672506325387,94.5297508440827,0
100,4,0,4,-120,7.53377356668593,-15.8272969748864,-63.17404451196,91.0951110028317,0
100,5,0,4,-105,7.53377356668593,-5.62456816881081,-74.2004970319841,87.0994985458157,0
100,6,5.96856618517526,4,-90,7.53377356668593,5.13470919468452,-84.4796574060342,82.7953463632293,0.748540649278279
100,7,11.5902609985235,4,-75,7.53377356668593,16.081533802129,-85.2639404429479,73.7660088335818,3.24018215712805
100,8,16.5383719715221,4,-60,7.53377356668593,26.8549889703032,-74.2246174661179,59.1704065966327,8.47569156254701
100,9,20.525332880072,4,-45,7.53377356668593,36.9972846955783,-61.3684597133978,44.5609627021813,14.6243874883694
100,10,23.3194360481815,4,-30,7.53377356668593,45.7998978919772,-45.31617024271,30.0048181059277,20.1942434614306
100,11,24.758298355872,4,-15,7.53377356668593,52.1186957959041,-24.7002980080682,15.7480791973529,23.828979181933
100,12,24.758298355872,4,0,7.53377356668593,54.4856735666859,0,5.51432643331403,24.643721943583
100,13,23.3194360481816,4,15,7.53377356668593,52.1186957959041,24.7002980080682,15.7480791973529,22.4441255266941
100,14,20.525332880072,4,30,7.53377356668593,45.7998978919772,45.31617024271,30.0048181059277,17.774596626208
100,15,16.5383719715221,4,45,7.53377356668593,36.9972846955783,61.3684597133978,44.5609627021813,11.7836607840427
100,16,11.5902609985235,4,60,7.53377356668593,26.8549889703032,74.2246174661179,59.1704065966327,5.93985172918215
100,17,5.96856618517527,4,75,7.53377356668593,16.081533802129,85.2639404429479,73.7660088335818,1.66857689048645
100,18,3.05428626911407e-15,4,90,7.53377356668593,5.13470919468452,84.4796574060342,82.7953463632293,3.83049689998076e-16
100,19,0,4,105,7.53377356668593,-5.62456816881081,74.2004970319841,87.0994985458157,0
100,20,0,4,120,7.53377356668593,-15.8272969748864,63.17404451196,91.0951110028317,0
100,21,0,4,135,7.53377356668593,-25.0103410662497,50.672506325387,94.5297508440827,0
100,22,0,4,150,7.53377356668593,-32.5417498239301,36.0152141642754,97.1757006138338,0
100,23,0,4,165,7.53377356668593,-37.6104127594705,18.8988043922615,98.8465613137749,0
101,0,0,4,-180,7.91491199548195,-39.0369880045181,-8.94748551067678e-15,99.0369880045181,0
101,1,0,4,-165,7.91491199548195,-37.2402420725661,-18.7844982241134,98.4665349097244,0
101,2,0,4,-150,7.91491199548195,-32.1981237946819,-35.8199908512171,96.7986956339803,0
101,3,0,4,-135,7.91491199548195,-24.6970445652892,-50.4332988789912,94.156848528092,0
101,4,0,4,-120,7.91491199548195,-15.5400765194651,-62.9138142361981,90.7263264533158,0
101,5,0,4,-105,7.91491199548195,-5.3558374476538,-73.9289729856382,86.7338336191924,0
101,6,6.57367141136619,4,-90,7.91491199548195,5.39360987714466,-84.198763762891,82.4310532822678,0.865878409755833
101,7,12.7653049346271,4,-75,7.91491199548195,16.3399266386149,-85.5557193586726,73.6906378519357,3.58479809097807
101,8,18.215065335083,4,-60,7.91491199548195,27.1233007451661,-74.5283957994607,59.100139681251,9.35414935484163
101,9,22.6062323473325,4,-45,7.91491199548195,37.2874948220098,-61.6784098439166,44.489687217812,16.1267570727098
101,10,25.6836073058662,4,-30,7.91491199548195,46.1241342891433,-45.6043790987519,29.9206246498784,22.2604255742551
101,11,27.268344363897,4,-15,7.91491199548195,52.4811456408345,-24.8930693672667,15.6109361271595,26.2624484116009
101,12,27.268344363897,4,0,7.91491199548195,54.8668119954819,0,5.13318800451804,27.1589821380555
101,13,25.6836073058662,4,15,7.91491199548195,52.4811456408345,24.8930693672667,15.6109361271595,24.7361703700345
101,14,22.6062323473325,4,30,7.91491199548195,46.1241342891433,45.6043790987519,29.9206246498784,19.5932116033863
101,15,18.2150653350831,4,45,7.91491199548195,37.2874948220098,61.6784098439166,44.489687217812,12.994201298523
101,16,12.7653049346271,4,60,7.91491199548195,27.1233007451661,74.5283957994607,59.100139681251,6.55548397559754
101,17,6.5736714113662,4,75,7.91491199548195,16.3399266386149,85.5557193586726,73.6906378519357,1.84604166111689
101,18,3.36393594482926e-15,4,90,7.91491199548195,5.39360987714466,84.198763762891,82.4310532822678,4.43094782832154e-16
101,19,0,4,105,7.91491199548195,-5.3558374476538,73.9289729856382,86.7338336191924,0
101,20,0,4,120,7.91491199548195,-15.5400765194651,62.9138142361981,90.7263264533158,0
101,21,0,4,135,7.91491199548195,-24.6970445652892,50.4332988789912,94.156848528092,0
101,22,0,4,150,7.91491199548195,-32.1981237946819,35.8199908512171,96.7986956339803,0
101,23,0,4,165,7.91491199548195,-37.2402420725661,18.7844982241134,98.4665349097244,0
102,0,0,4,-180,8.29370506503589,-38.6581949349641,-8.89159557187747e-15,98.6581949349641,0
102,1,0,4,-165,8.29370506503589,-36.8722414609917,-18.6720026322595,98.088844845135,0
102,2,0,4,-150,8.29370506503589,-31.8563173447407,-35.6274249994859,96.4240041215802,0
102,3,0,4,-135,8.29370506503589,-24.3853022153124,-50.1967531672558,93.7862330869067,0
102,4,0,4,-120,8.29370506503589,-15.2543220532297,-62.6559035506078,90.3598092096885,0
102,5,0,4,-105,8.29370506503589,-5.08864198927955,-73.6593563381441,86.3704302398467,0
102,6,7.20696733522445,4,-90,8.29370506503589,5.65078961997478,-83.9193611288652,82.0690307767357,0.994416711995241
102,7,13.995091925186,4,-75,8.29370506503589,16.5963309507968,-85.8464676404075,73.6164372003093,3.94754287525753
102,8,19.9698726425451,4,-60,8.29370506503589,27.3893108404658,-74.8317504411191,59.0317585045519,10.2757551032742
102,9,24.7840769494531,4,-45,8.29370506503589,37.5751122400733,-61.9888272667204,44.4213211200778,17.7010918288572
102,10,28.1579207905131,4,-30,8.29370506503589,46.4456493775885,-45.8941916463182,29.8411114782261,24.4244236644513
102,11,29.8953286251061,4,-15,8.29370506503589,52.841049582965,-25.0878261217785,15.4825286048699,28.8104838997431
102,12,29.8953286251061,4,0,8.29370506503589,55.2456050650359,0,4.75439493496405,29.7924632140254
102,13,28.1579207905131,4,15,8.29370506503589,52.841049582965,25.0878261217785,15.4825286048699,27.136123297338
102,14,24.7840769494531,4,30,8.29370506503589,46.4456493775885,45.8941916463182,29.8411114782261,21.4979223803255
102,15,19.9698726425451,4,45,8.29370506503589,37.5751122400733,61.9888272667204,44.4213211200778,14.2627280482227
102,16,13.995091925186,4,60,8.29370506503589,27.3893108404658,74.8317504411191,59.0317585045519,7.20135475299123
102,17,7.20696733522446,4,75,8.29370506503589,16.5963309507968,85.8464676404075,73.6164372003093,2.03284213554752
102,18,3.68801160798107e-15,4,90,8.29370506503589,5.65078961997478,83.9193611288652,82.0690307767357,5.08871513692605e-16
102,19,0,4,105,8.29370506503589,-5.08864198927955,73.6593563381441,86.3704302398467,0
102,20,0,4,120,8.29370506503589,-15.2543220532297,62.6559035506078,90.3598092096885,0
102,21,0,4,135,8.29370506503589,-24.3853022153124,50.1967531672558,93.7862330869067,0
102,22,0,4,150,8.29370506503589,-31.8563173447407,35.6274249994859,96.4240041215802,0
102,23,0,4,165,8.29370506503589,-36.8722414609917,18.6720026322595,98.088844845135,0
103,0,0,4,-180,8.67004053078629,-38.2818594692137,-8.83665062817521e-15,98.2818594692137,0
103,1,0,4,-165,8.67004053078629,-36.5065244402644,-18.5613053572057,97.7136031800953,0
103,2,0,4,-150,8.67004053078629,-31.5164433248291,-35.4375177680977,96.0517375915962,0
103,3,0,4,-135,8.67004053078629,-24.0752205552722,-49.9628955619901,93.4180151848416,0
103,4,0,4,-120,8.67004053078629,-14.9701305083489,-62.4003603964618,89.9956689292514,0
103,5,0,4,-105,8.67004053078629,-4.8230691698447,-73.3917106925549,86.0093971415029,0
103,6,7.86826629750015,4,-90,8.67004053078629,5.90616846980225,-83.641525460411,81.7093870063294,1.1345574272852
103,7,15.2792575577739,4,-75,8.67004053078629,16.8506707268883,-86.1360979949213,73.5434193560499,4.32844038934419
103,8,21.8022739066313,4,-60,8.67004053078629,27.6529422856711,-75.1345838204236,58.9652617234701,11.2403297199471
103,9,27.0582213440765,4,-45,8.67004053078629,37.8600524843181,-62.299611029926,44.3558496066268,19.3469423217896
103,10,30.7416433096367,4,-30,8.67004053078629,46.764344995585,-46.1855276885941,29.7662564221843,26.6855290694162
103,11,32.6384727073678,4,-15,8.67004053078629,53.1982976335362,-25.2845412875157,15.3629405370322,31.4722010788503
103,12,32.6384727073678,4,0,8.67004053078629,55.6219405307863,0,4.37805946921378,32.543235520253
103,13,30.7416433096367,4,15,8.67004053078629,53.1982976335362,25.2845412875157,15.3629405370322,29.6431511489438
103,14,27.0582213440765,4,30,8.67004053078629,46.764344995585,46.1855276885941,29.7662564221843,23.4881052054138
103,15,21.8022739066313,4,45,8.67004053078629,37.8600524843181,62.299611029926,44.3558496066268,15.5888788990114
103,16,15.2792575577739,4,60,8.67004053078629,27.6529422856711,75.1345838204236,58.9652617234701,7.87733855472455
103,17,7.86826629750016,4,75,8.67004053078629,16.8506707268883,86.1360979949213,73.5434193560499,2.22899061079623
103,18,4.02641722795641e-15,4,90,8.67004053078629,5.90616846980225,83.641525460411,81.7093870063294,5.80585531628283e-16
103,19,0,4,105,8.67004053078629,-4.8230691698447,73.3917106925549,86.0093971415029,0
103,20,0,4,120,8.67004053078629,-14.9701305083489,62.4003603964618,89.9956689292514,0
103,21,0,4,135,8.67004053078629,-24.0752205552722,49.9628955619901,93.4180151848416,0
103,22,0,4,150,8.67004053078629,-31.5164433248291,35.4375177680977,96.0517375915962,0
103,23,0,4,165,8.67004053078629,-36.5065244402644,18.5613053572057,97.7136031800953,0
104,0,0,4,-180,9.04380687641258,-37.9080931235874,-8.78264174973095e-15,97.9080931235874,0
104,1,0,4,-165,9.04380687641258,-36.1432037728285,-18.4523943585964,97.3409212460823,0
104,2,0,4,-150,9.04380687641258,-31.1786138772519,-35.2502700793192,95.6820068287817,0
104,3,0,4,-135,9.04380687641258,-23.7669055306681,-49.7317518302843,93.0523047516951,0
104,4,0,4,-120,9.04380687641258,-14.6875982644778,-62.1472321510677,89.634014525901,0
104,5,0,4,-105,9.04380687641258,-4.5592057202731,-73.1260993779983,85.6508423004472,0
104,6,8.55737234103877,4,-90,9.04380687641258,6.15966733085309,-83.3653328642832,81.3522293565738,1.28668369806861
104,7,16.6174213063992,4,-75,9.04380687641258,17.1028711103852,-86.424522397125,73.4715957322767,4.72750086819485
104,8,23.7117261473006,4,-60,9.04380687641258,27.9141195949333,-75.4367967594705,58.9006460035109,12.2476679187712
104,9,29.4279916531385,4,-45,9.04380687641258,38.1422328102383,-62.6106572489838,44.2932543335694,21.0638194316063
104,10,33.4340092504933,4,-30,9.04380687641258,47.0801245869536,-46.4783027703124,29.6960300863346,29.0429817878296
104,11,35.4969637578884,4,-15,9.04380687641258,53.5527808514462,-25.4831845389372,15.2522333315959,34.2466567026046
104,12,35.4969637578884,4,0,9.04380687641258,55.9957068764126,0,4.00429312358734,35.4103093035701
104,13,33.4340092504933,4,15,9.04380687641258,53.5527808514462,25.4831845389372,15.2522333315959,32.2563654965814
104,14,29.4279916531385,4,30,9.04380687641258,47.0801245869536,46.4783027703124,29.6960300863346,25.5630911396572
104,15,23.7117261473006,4,45,9.04380687641258,38.1422328102383,62.6106572489838,44.2932543335694,16.9722597405036
104,16,16.6174213063992,4,60,9.04380687641258,27.9141195949333,75.4367967594705,58.9006460035109,8.5832915141971
104,17,8.55737234103879,4,75,9.04380687641258,17.1028711103852,86.424522397125,73.4715957322767,2.43449235749644
104,18,4.37905252786668e-15,4,90,9.04380687641258,6.15966733085309,83.3653328642832,81.3522293565738,6.58432901601221e-16
104,19,0,4,105,9.04380687641258,-4.5592057202731,73.1260993779983,85.6508423004472,0
104,20,0,4,120,9.04380687641258,-14.6875982644778,62.1472321510677,89.634014525901,0
104,21,0,4,135,9.04380687641258,-23.7669055306681,49.7317518302843,93.0523047516951,0
104,22,0,4,150,9.04380687641258,-31.1786138772519,35.2502700793192,95.6820068287817,0
104,23,0,4,165,9.04380687641258,-36.1432037728285,18.4523943585964,97.3409212460823,0
105,0,0,4,-180,9.41489334688007,-37.5370066531199,-8.72956023177968e-15,97.5370066531199,0
105,1,0,4,-165,9.41489334688007,-35.782391433648,-18.3452578309078,96.970909612809,0
105,2,0,4,-150,9.41489334688007,-30.8429403957546,-35.0656826584333,95.3149218542588,0
105,3,0,4,-135,9.41489334688007,-23.460462448942,-49.5033471744184,92.6892109490219,0
105,4,0,4,-120,9.41489334688007,-14.4068211056188,-61.8965656518166,89.2749541361745,0
105,5,0,4,-105,9.41489334688007,-4.29713768823491,-72.8625854571581,85.2948729014576,0
105,6,9.27408126884749,4,-90,9.41489334688007,6.41120799782135,-83.0908595919233,80.9976644047035,1.45115933349268
105,7,18.0091866442634,4,-75,9.41489334688007,17.3528584307473,-86.7116521049062,73.4009766848446,5.14472093335395
105,8,25.6976635526446,4,-60,9.41489334688007,28.1727688016183,-75.7382884887385,58.8379060471914,13.2975386693158
105,9,31.8926856625526,4,-45,9.41489334688007,38.4215722412339,-62.9218590945067,44.2335134714895,22.8511953533161
105,10,36.2342208069487,4,-30,9.41489334688007,47.3928932622844,-46.7724280721204,29.6303959265168,31.4959719961011
105,11,38.4699547440786,4,-15,9.41489334688007,53.904391394425,-25.6837220309778,15.1504449126808,37.1328507098841
105,12,38.4699547440786,4,0,9.41489334688007,56.3667933468801,0,3.63320665311995,38.3926366595163
105,13,36.2342208069487,4,15,9.41489334688007,53.904391394425,25.6837220309778,15.1504449126808,34.9748243990462
105,14,31.8926856625527,4,30,9.41489334688007,47.3928932622844,46.7724280721204,29.6303959265168,27.7221673914285
105,15,25.6976635526447,4,45,9.41489334688007,38.4215722412339,62.9218590945067,44.2335134714895,18.4124452916417
105,16,18.0091866442634,4,60,9.41489334688007,28.1727688016183,75.7382884887385,58.8379060471914,9.31905172290934
105,17,9.27408126884751,4,75,9.41489334688007,17.3528584307473,86.7116521049062,73.4009766848446,2.64934563586545
105,18,4.74581301426201e-15,4,90,9.41489334688007,6.41120799782135,83.0908595919233,80.9976644047035,7.42599795172295e-16
105,19,0,4,105,9.41489334688007,-4.29713768823491,72.8625854571581,85.2948729014576,0
105,20,0,4,120,9.41489334688007,-14.4068211056188,61.8965656518166,89.2749541361745,0
105,21,0,4,135,9.41489334688007,-23.460462448942,49.5033471744184,92.6892109490219,0
105,22,0,4,150,9.41489334688007,-30.8429403957546,35.0656826584333,95.3149218542588,0
105,23,0,4,165,9.41489334688007,-35.782391433648,18.3452578309078,96.970909612809,0
106,0,0,4,-180,9.78318998125882,-37.1687100187412,-8.67739759761408e-15,97.1687100187412,0
106,1,0,4,-165,9.78318998125882,-35.4241985761764,-18.2398842175265,96.6036780553085,0
106,2,0,4,-150,9.78318998125882,-30.5095334861039,-34.8837560709766,94.9505918923601,0
106,3,0,4,-135,9.78318998125882,-23.1559959357411,-49.2777062698029,92.3288421367038,0
106,4,0,4,-120,9.78318998125882,-14.1278941778134,-61.648407218879,88.9185950856275,0
106,5,0,4,-105,9.78318998125882,-4.0369504009851,-72.6012317324866,84.9415953040965,0
106,6,10.0181807046031,4,-90,9.78318998125882,6.66071318768032,-82.8181820322053,80.645797885925,1.62832823741077
106,7,19.45414116126,4,-75,9.78318998125882,17.6005602326675,-86.9973976764397,73.3315715208837,5.58008364491349
106,8,27.7594976465503,4,-60,9.78318998125882,28.4288174910367,-76.0389566666983,58.7770346256665,14.3896856886361
106,9,34.4515730302916,4,-45,9.78318998125882,38.6979916137276,-63.2331067861857,44.1766017684647,24.7085046523729
106,10,39.141448215885,4,-30,9.78318998125882,47.7025578592844,-47.0678103102917,29.5693103505832,34.0436416356606
106,11,41.5565647045466,4,-15,9.78318998125882,54.2530225703827,-25.8861162179824,15.0575889070496,40.1297281689939
106,12,41.5565647045466,4,0,9.78318998125882,56.7350899812588,0,3.26491001874116,41.4891135649094
106,13,39.141448215885,4,15,9.78318998125882,54.2530225703827,25.8861162179824,15.0575889070496,37.7975342334388
106,14,34.4515730302916,4,30,9.78318998125882,47.7025578592844,47.0678103102917,29.5693103505832,29.9645787135706
106,15,27.7594976465503,4,45,9.78318998125882,38.6979916137276,63.2331067861857,44.1766017684647,19.9089799511984
106,16,19.45414116126,4,60,9.78318998125882,28.4288174910367,76.0389566666983,58.7770346256665,10.0844395751404
106,17,10.0181807046032,4,75,9.78318998125882,17.6005602326675,86.9973976764397,73.3315715208837,2.8735417224619
106,18,5.12659000809496e-15,4,90,9.78318998125882,6.66071318768032,82.8181820322053,80.645797885925,8.33262197793388e-16
106,19,0,4,105,9.78318998125882,-4.0369504009851,72.6012317324866,84.9415953040965,0
106,20,0,4,120,9.78318998125882,-14.1278941778134,61.648407218879,88.9185950856275,0
106,21,0,4,135,9.78318998125882,-23.1559959357411,49.2777062698029,92.3288421367038,0
106,22,0,4,150,9.78318998125882,-30.5095334861039,34.8837560709766,94.9505918923601,0
106,23,0,4,165,9.78318998125882,-35.4241985761764,18.2398842175265,96.6036780553085,0
107,0,0,4,-180,10.1485876453076,-36.8033123546924,-8.62614560092354e-15,96.8033123546924,0
107,1,0,4,-165,10.1485876453076,-35.0687354987037,-18.1362622232974,96.2393355212625,0
107,2,0,4,-150,10.1485876453076,-30.178502927386,-34.7044907575179,94.589125337741,0
107,3,0,4,-135,10.1485876453076,-22.8536098920521,-49.0548533009469,91.9713058398263,0
107,4,0,4,-120,10.1485876453076,-13.8509119476823,-61.4028026765081,88.5650438555562,0
107,5,0,4,-105,10.1485876453076,-3.77872842908871,-72.3421007511048,84.591115009379,0
107,6,10.7894501555839,4,-90,10.1485876453076,6.90810657040073,-82.547376702498,80.2967346600771,1.81851386948988
107,7,20.951856686181,4,-75,10.1485876453076,17.8459053038787,-87.2816689900247,73.2633885088993,6.03355857380091
107,8,29.8966174630775,4,-60,10.1485876453076,28.6821948312886,-76.3386974035211,58.718022613472,15.5238279689605
107,9,37.1038955028028,4,-45,10.1485876453076,38.9714136203025,-63.5442875931,44.1224906199176,26.6351453720188
107,10,42.1548300030779,4,-30,10.1485876453076,48.0090270020994,-47.3643516424843,29.5127228415925,36.6850860654776
107,11,44.7558790101467,4,-15,10.1485876453076,54.5985688888784,-26.0903256701409,14.9736540230496,43.2361812953997
107,12,44.7558790101467,4,0,10.1485876453076,57.1004876453076,0,2.89951235469244,44.6985819853701
107,13,42.1548300030779,4,15,10.1485876453076,54.5985688888784,26.0903256701409,14.9736540230496,40.7234515956357
107,14,37.1038955028028,4,30,10.1485876453076,48.0090270020994,47.3643516424843,29.5127228415925,32.2895288579132
107,15,29.8966174630775,4,45,10.1485876453076,38.9714136203025,63.5442875931,44.1224906199176,21.4613786900233
107,16,20.951856686181,4,60,10.1485876453076,28.6821948312886,76.3386974035211,58.718022613472,10.8792581377568
107,17,10.789450155584,4,75,10.1485876453076,17.8459053038787,87.2816689900247,73.2633885088993,3.10706494741146
107,18,5.52127067692441e-15,4,90,10.1485876453076,6.90810657040073,82.547376702498,80.2967346600771,9.30585633040667e-16
107,19,0,4,105,10.1485876453076,-3.77872842908871,72.3421007511048,84.591115009379,0
107,20,0,4,120,10.1485876453076,-13.8509119476823,61.4028026765081,88.5650438555562,0
107,21,0,4,135,10.1485876453076,-22.8536098920521,49.0548533009469,91.9713058398263,0
107,22,0,4,150,10.1485876453076,-30.178502927386,34.7044907575179,94.589125337741,0
107,23,0,4,165,10.1485876453076,-35.0687354987037,18.1362622232974,96.2393355212625,0
108,0,0,4,-180,10.5109780638126,-36.4409219361874,-8.57579622752933e-15,96.4409219361874,0
108,1,0,4,-165,10.5109780638126,-34.716111611085,-18.0343808256179,95.8779900985852,0
108,2,0,4,-150,10.5109780638126,-29.8499576340154,-34.5278870660441,94.2306297227753,0
108,3,0,4,-135,10.5109780638126,-22.5534074522113,-48.8348119954533,91.6167087158767,0
108,4,0,4,-120,10.5109780638126,-13.5759681618334,-61.1597973729163,88.2144060500777,0
108,5,0,4,-105,10.5109780638126,-3.52255555105953,-72.0852548083523,84.2435366268343,0
108,6,11.5876610780062,4,-90,10.5109780638126,7.15331279854214,-82.2785202380065,79.9505786787068,2.02201873999229
108,7,22.5018894135929,4,-75,10.5109780638126,18.0888237014513,-87.5643752664997,73.1964348904104,6.50510189371962
108,8,32.1083897275017,4,-60,10.5109780638126,28.9328316021448,-76.6374052889861,58.6608590263126,16.6996603390308
108,9,39.8488671396961,4,-45,10.5109780638126,39.2417628507242,-63.855285840713,44.0711481450932,28.6304801883724
108,10,45.2734732384699,4,-30,10.5109780638126,48.3122111594454,-47.661949580269,29.4605761028512,39.4193557740372
108,11,48.0669496350032,4,-15,10.5109780638126,54.9409261126514,-26.2963048879829,14.898603639427,46.4510515360662
108,12,48.0669496350032,4,0,10.5109780638126,57.4628780638126,0,2.53712193618737,48.0198320506355
108,13,45.2734732384699,4,15,10.5109780638126,54.9409261126514,26.2963048879829,14.898603639427,43.7514852634924
108,14,39.8488671396961,4,30,10.5109780638126,48.3122111594454,47.661949580269,29.4605761028512,34.6961820821218
108,15,32.1083897275017,4,45,10.5109780638126,39.2417628507242,63.855285840713,44.0711481450932,23.0691279817595
108,16,22.5018894135929,4,60,10.5109780638126,28.9328316021448,76.6374052889861,58.6608590263126,11.7032935436053
108,17,11.5876610780062,4,75,10.5109780638126,18.0888237014513,87.5643752664997,73.1964348904104,3.34989274175281
108,18,5.92973806835028e-15,4,90,10.5109780638126,7.15331279854214,82.2785202380065,79.9505786787068,1.03472490407987e-15
108,19,0,4,105,10.5109780638126,-3.52255555105953,72.0852548083523,84.2435366268343,0
108,20,0,4,120,10.5109780638126,-13.5759681618334,61.1597973729163,88.2144060500777,0
108,21,0,4,135,10.5109780638126,-22.5534074522113,48.8348119954533,91.6167087158767,0
108,22,0,4,150,10.5109780638126,-29.8499576340154,34.5278870660441,94.2306297227753,0
108,23,0,4,165,10.5109780638126,-34.716111611085,18.0343808256179,95.8779900985852,0
109,0,0,4,-180,10.8702538526719,-36.0816461473282,-8.52634169655426e-15,96.0816461473282,0
109,1,0,4,-165,10.8702538526719,-34.3664354018507,-17.9342292841542,95.5197489832723,0
109,2,0,4,-150,10.8702538526719,-29.524005618447,-34.3539452820246,93.8752116852421,0
109,3,0,4,-135,10.8702538526719,-22.2554909427917,-48.6176056560444,91.2651565222696,0
109,4,0,4,-120,10.8702538526719,-13.3031558071523,-60.9194361986944,87.8667863635801,0
109,5,0,4,-105,10.8702538526719,-3.26851471893632,-71.8307559499492,83.8989638419712,0
109,6,12.4125769447468,4,-90,10.8702538526719,7.39625753568621,-82.011689379357,79.6074329525743,2.23912393871433
109,7,24.1037800353463,4,-75,10.8702538526719,18.3292467765341,-87.8454250942688,73.1307168931033,6.9946564920204
109,8,34.3941590439671,4,-60,10.8702538526719,29.1806602218855,-76.9349734246729,58.6055310618136,17.91685405681
109,9,42.6856745466339,4,-45,10.8702538526719,39.5089658307125,-64.1659829248383,44.0225392699342,30.6938376090876
109,10,48.4964538007643,4,-30,10.8702538526719,48.6120227013816,-47.9604969091686,29.4128062240604,42.245458144863
109,11,51.4887954374314,4,-15,10.8702538526719,55.2799913091518,-26.5040041155616,14.8323756173393,49.7731317133463
109,12,51.4887954374314,4,0,10.8702538526719,57.8221538526718,0,2.1778461473281,51.4516042903468
109,13,48.4964538007643,4,15,10.8702538526719,55.2799913091518,26.5040041155616,14.8323756173393,46.8804982161391
109,14,42.6856745466339,4,30,10.8702538526719,48.6120227013816,47.9604969091686,29.4128062240604,37.1836647036788
109,15,34.3941590439671,4,45,10.8702538526719,39.5089658307125,64.1659829248383,44.0225392699342,24.7316867686681
109,16,24.1037800353463,4,60,10.8702538526719,29.1806602218855,76.9349734246729,58.6055310618136,12.5563154068889
109,17,12.4125769447468,4,75,10.8702538526719,18.3292467765341,87.8454250942688,73.1307168931033,3.60199569453251
109,18,6.35187114466904e-15,4,90,10.8702538526719,7.39625753568621,82.011689379357,79.6074329525743,1.14582385261076e-15
109,19,0,4,105,10.8702538526719,-3.26851471893632,71.8307559499492,83.8989638419712,0
109,20,0,4,120,10.8702538526719,-13.3031558071523,60.9194361986944,87.8667863635801,0
109,21,0,4,135,10.8702538526719,-22.2554909427917,48.6176056560444,91.2651565222696,0
109,22,0,4,150,10.8702538526719,-29.524005618447,34.3539452820246,93.8752116852421,0
109,23,0,4,165,10.8702538526719,-34.3664354018507,17.9342292841542,95.5197489832723,0
110,0,0,4,-180,11.2263085507152,-35.7255914492848,-8.47777446106278e-15,95.7255914492848,0
110,1,0,4,-165,11.2263085507152,-34.0198144057028,-17.8357971492505,95.1647184475234,0
110,2,0,4,-150,11.2263085507152,-29.200753954588,-34.1826656562228,93.5229769363162,0
110,3,0,4,-135,11.2263085507152,-21.9599618423702,-48.4032571906243,90.9167540842156,0
110,4,0,4,-120,11.2263085507152,-13.03256707199,-60.6817636037467,87.5222885485547,0
110,5,0,4,-105,11.2263085507152,-3.01668802481999,-71.5786659727417,83.5574993841646,0
110,6,13.2639533154313,4,-90,11.2263085507152,7.63686748368205,-81.7469609583983,79.2673995196067,2.47008869847955
110,7,25.7570538766783,4,-75,11.2263085507152,18.567107197498,-88.1247264569829,73.0662397454757,7.50215209873581
110,8,36.7532480896943,4,-60,11.2263085507152,29.4256147720232,-77.2312934605154,58.5520241431474,19.1750574312003
110,9,45.6134771163584,4,-45,11.2263085507152,39.7729510583266,-64.4762573328426,43.9766258161026,32.8245132113116
110,10,51.822816651263,4,-30,11.2263085507152,48.9083759545476,-48.2598816169634,29.3693428676745,45.162359269564
110,11,55.0204024506703,4,-15,11.2263085507152,55.6156629019962,-26.713369153025,14.7748823442185,53.2011682212447
110,12,55.0204024506703,4,0,11.2263085507152,58.1782085507152,0,1.82179144928481,54.9925919228639
110,13,51.822816651263,4,15,11.2263085507152,55.6156629019962,26.713369153025,14.7748823442185,50.1093097026042
110,14,45.6134771163584,4,30,11.2263085507152,48.9083759545476,48.2598816169634,29.3693428676745,39.7510666956928
110,15,36.7532480896943,4,45,11.2263085507152,39.7729510583266,64.4762573328426,43.9766258161026,26.4484874591183
110,16,25.7570538766783,4,60,11.2263085507152,29.4256147720232,77.2312934605154,58.5520241431474,13.4380772588727
110,17,13.2639533154313,4,75,11.2263085507152,18.567107197498,88.1247264569829,73.0662397454757,3.86333761925296
110,18,6.78754481873979e-15,4,90,11.2263085507152,7.63686748368205,81.7469609583983,79.2673995196067,1.26401513549412e-15
110,19,0,4,105,11.2263085507152,-3.01668802481999,71.5786659727417,83.5574993841646,0
110,20,0,4,120,11.2263085507152,-13.03256707199,60.6817636037467,87.5222885485547,0
110,21,0,4,135,11.2263085507152,-21.9599618423702,48.4032571906243,90.9167540842156,0
110,22,0,4,150,11.2263085507152,-29.200753954588,34.1826656562228,93.5229769363162,0
110,23,0,4,165,11.2263085507152,-34.0198144057028,17.8357971492505,95.1647184475234,0
111,0,0,4,-180,11.5790366512515,-35.3728633487485,-8.43008720820574e-15,95.3728633487486,0
111,1,0,4,-165,11.5790366512515,-33.6763551713988,-17.7390742691006,94.8130038081496,0
111,2,0,4,-150,11.5790366512515,-28.8803087419016,-34.0140484303223,93.1740302288696,0
111,3,0,4,-135,11.5790366512515,-21.6669207421745,-48.1917891403913,90.5716052629402,0
111,4,0,4,-120,11.5790366512515,-12.7642933082617,-60.4468236127228,87.1810153838231,0
111,5,0,4,-105,11.5790366512515,-2.76715666839217,-71.3290464240015,83.2192449949752,0
111,6,14.1415379088668,4,-90,11.5790366512515,7.87507040867669,-81.4844118821924,78.9305794133129,2.71514999349967
111,7,27.4612210368691,4,-75,11.5790366512515,18.8023389714415,-88.4021867638948,73.0030076929384,8.02750543296952
111,8,39.1849578156856,4,-60,11.5790366512515,29.6676310198376,-77.5262556357839,58.5003219654396,20.4738964703516
111,9,48.6314072777809,4,-45,11.5790366512515,40.0336490378302,-64.7859846723377,43.9333665958757,35.0217709145921
111,10,55.2515761168646,4,-30,11.5790366512515,49.2011872556815,-48.5599868310325,29.3301094744457,48.168985802284
111,11,58.6607241833438,4,-15,11.5790366512515,55.9478407222707,-26.9243411693481,14.7260110130427,56.7338632667714
111,12,58.6607241833438,4,0,11.5790366512515,58.5309366512515,0,1.46906334874866,58.6414431895569
111,13,55.2515761168646,4,15,11.5790366512515,55.9478407222707,26.9243411693481,14.7260110130427,53.4366973529089
111,14,48.6314072777809,4,30,11.5790366512515,49.2011872556815,48.5599868310325,29.3301094744457,42.397443319151
111,15,39.1849578156857,4,45,11.5790366512515,40.0336490378302,64.7859846723377,43.9333665958757,28.2189369532372
111,16,27.4612210368691,4,60,11.5790366512515,29.6676310198376,77.5262556357839,58.5003219654396,14.3483170022257
111,17,14.1415379088668,4,75,11.5790366512515,18.8023389714415,88.4021867638948,73.0030076929384,4.13387562925773
111,18,7.23662999105032e-15,4,90,11.5790366512515,7.87507040867669,81.4844118821924,78.9305794133129,1.38942001922154e-15
111,19,0,4,105,11.5790366512515,-2.76715666839217,71.3290464240015,83.2192449949752,0
111,20,0,4,120,11.5790366512515,-12.7642933082617,60.4468236127228,87.1810153838231,0
111,21,0,4,135,11.5790366512515,-21.6669207421745,48.1917891403913,90.5716052629402,0
111,22,0,4,150,11.5790366512515,-28.8803087419016,34.0140484303223,93.1740302288696,0
111,23,0,4,165,11.5790366512515,-33.6763551713988,17.7390742691006,94.8130038081496,0
112,0,0,4,-180,11.9283336333319,-35.0235663666681,-8.38327285890181e-15,95.0235663666681,0
112,1,0,4,-165,11.9283336333319,-33.336163230027,-17.6440507957466,94.4647093952732,0
112,2,0,4,-150,11.9283336333319,-28.5627750701974,-33.8480938604386,92.828475326096,0
112,3,0,4,-135,11.9283336333319,-21.3764673076116,-47.9832237060127,90.2298129242653,0
112,4,0,4,-120,11.9283336333319,-12.4984249944679,-60.2146598389248,86.8430686431697,0
112,5,0,4,-105,11.9283336333319,-2.52000092543507,-71.0819585992575,82.8843013969164,0
112,6,15.0450706777985,4,-90,11.9283336333319,8.1107951659049,-81.2241191151775,78.5970726316775,2.97452217283164
112,7,29.2157765344102,4,-75,11.9283336333319,19.0348774640204,-88.6777128829128,72.9410240153438,8.57062036579397
112,8,41.6885676538688,4,-60,11.9283336333319,29.9066464386546,-77.8197488245464,58.4504065448532,21.812975554088
112,9,51.7385707530624,4,-45,11.9283336333319,40.2909923109041,-65.0950377075971,43.8927175126246,37.2848442843138
112,10,58.7817161821407,4,-30,11.9283336333319,49.4903750032301,-48.8606907655023,29.2950234870025,51.2642268493596
112,11,62.4086819295578,4,-15,11.9283336333319,56.2764260595922,-27.1368565160742,14.6856241352664,60.3698771490238
112,12,62.4086819295578,4,0,11.9283336333319,58.8802336333319,0,1.11976636666844,62.396763726945
112,13,58.7817161821407,4,15,11.9283336333319,56.2764260595922,27.1368565160742,14.6856241352664,56.8613993246975
112,14,51.7385707530624,4,30,11.9283336333319,49.4903750032301,48.8606907655023,29.2950234870025,45.1218167861604
112,15,41.6885676538688,4,45,11.9283336333319,40.2909923109041,65.0950377075971,43.8927175126246,30.0424176931594
112,16,29.2157765344102,4,60,11.9283336333319,29.9066464386546,77.8197488245464,58.4504065448532,15.286757382264
112,17,15.0450706777986,4,75,11.9283336333319,19.0348774640204,88.6777128829128,72.9410240153438,4.41356022161788
112,18,7.698993587972e-15,4,90,11.9283336333319,8.1107951659049,81.2241191151775,78.5970726316775,1.52214819234484e-15
112,19,0,4,105,11.9283336333319,-2.52000092543507,71.0819585992575,82.8843013969164,0
112,20,0,4,120,11.9283336333319,-12.4984249944679,60.2146598389248,86.8430686431697,0
112,21,0,4,135,11.9283336333319,-21.3764673076116,47.9832237060127,90.2298129242653,0
112,22,0,4,150,11.9283336333319,-28.5627750701974,33.8480938604386,92.828475326096,0
112,23,0,4,165,11.9283336333319,-33.336163230027,17.6440507957466,94.4647093952732,0
113,0,0,4,-180,12.2740959927222,-34.6778040072778,-8.33732456708576e-15,94.6778040072778,0
113,1,0,4,-165,12.2740959927222,-32.9993430636771,-17.5507171899678,94.1199385213308,0
113,2,0,4,-150,12.2740959927222,-28.2482569851037,-33.6848022385823,92.486414970466,0
113,3,0,4,-135,12.2740959927222,-21.0887002406749,-47.7775827718815,89.8914789075633,0
113,4,0,4,-120,12.2740959927222,-12.2350516996479,-59.9853154966795,86.5085490643929,0
113,5,0,4,-105,12.2740959927222,-2.27530011736971,-70.8374635386397,82.5527682626817,0
113,6,15.9742838859672,4,-90,12.2740959927222,8.34397172321618,-80.9661596594854,78.2669781065473,3.24839662907768
113,7,31.0202004566413,4,-75,12.2740959927222,19.2646594175687,-88.9512111763643,72.880291045904,9.13138809877529
113,8,44.2633357306163,4,-60,12.2740959927222,30.1426002258064,-78.1116605856512,58.4022582702416,23.1918781279346
113,9,54.934046822607,4,-45,12.2740959927222,40.5449154850771,-65.4032864039086,43.854631666567,39.6129378611982
113,10,62.4121907904034,4,-30,12.2740959927222,49.7758597068562,-49.1618666789822,29.2639965902028,54.4469358879386
113,11,66.2631650885446,4,-15,12.2740959927222,56.6013217128335,-27.3508465429946,14.6535602803438,64.1078305685845
113,12,66.2631650885446,4,0,12.2740959927222,59.2259959927222,0,0.774004007277991,66.2571189690034
113,13,62.4121907904034,4,15,12.2740959927222,56.6013217128335,27.3508465429946,14.6535602803438,60.3821164784212
113,14,54.934046822607,4,30,12.2740959927222,49.7758597068562,49.1618666789822,29.2639965902028,47.9231779486805
113,15,44.2633357306164,4,45,12.2740959927222,40.5449154850771,65.4032864039086,43.854631666567,31.918288734277
113,16,31.0202004566413,4,60,12.2740959927222,30.1426002258064,78.1116605856512,58.4022582702416,16.2531064733315
113,17,15.9742838859672,4,75,12.2740959927222,19.2646594175687,88.9512111763643,72.880291045904,4.7023353690659
113,18,8.17449860119245e-15,4,90,12.2740959927222,8.34397172321618,80.9661596594854,78.2669781065473,1.66229759594047e-15
113,19,0,4,105,12.2740959927222,-2.27530011736971,70.8374635386397,82.5527682626817,0
113,20,0,4,120,12.2740959927222,-12.2350516996479,59.9853154966795,86.5085490643929,0
113,21,0,4,135,12.2740959927222,-21.0887002406749,47.7775827718815,89.8914789075633,0
113,22,0,4,150,12.2740959927222,-28.2482569851037,33.6848022385823,92.486414970466,0
113,23,0,4,165,12.2740959927222,-32.9993430636771,17.5507171899678,94.1199385213308,0
114,0,0,4,-180,12.6162212725731,-34.3356787274269,-8.2922357185522e-15,94.3356787274269,0
114,1,0,4,-165,12.6162212725731,-32.6659980745073,-17.4590642251188,93.7787934503879,0
114,2,0,4,-150,12.6162212725731,-27.9368574542157,-33.5241739121441,92.1479508530242,0
114,3,0,4,-135,12.6162212725731,-20.8037172432322,-47.5748879284746,89.5567039950934,0
114,4,0,4,-120,12.6162212725731,-11.974262048275,-59.7588334121643,86.1775563187842,0
114,5,0,4,-105,12.6162212725731,-2.03313258182843,-70.5956220217215,82.224744184846,0
114,6,16.9289021874451,4,-90,12.6162212725731,8.57453118331802,-80.7106105334065,77.9403936735262,3.53694150239314
114,7,32.8739581138115,4,-75,12.6162212725731,19.4916229674798,-89.2225875394764,72.8208101914603,9.70968735721307
114,8,46.9084990865791,4,-60,12.6162212725731,30.3754333182121,-78.4018772172553,58.355855957257,24.6101674161895
114,9,58.2168885978913,4,-45,12.6162212725731,40.7953552592493,-65.7105979800567,43.8190594654693,42.005228512361
114,10,66.1419241536741,4,-30,12.6162212725731,50.0575640346441,-49.463382843661,29.2369349669051,57.7159327072795
114,11,70.2230314937575,4,-15,12.6162212725731,56.9224320404074,-27.5662374167703,14.6296350296903,67.946306959788
114,12,70.2230314937575,4,0,12.6162212725731,59.5681212725731,0,0.431878727427086,70.221036571926
114,13,66.1419241536741,4,15,12.6162212725731,56.9224320404074,27.5662374167703,14.6296350296903,63.9975145740619
114,14,58.2168885978913,4,30,12.6162212725731,50.0575640346441,49.463382843661,29.2369349669051,50.8004880072186
114,15,46.9084990865791,4,45,12.6162212725731,40.7953552592493,65.7105979800567,43.8190594654693,33.8458868338595
114,16,32.8739581138115,4,60,12.6162212725731,30.3754333182121,78.4018772172553,58.355855957257,17.247058178529
114,17,16.9289021874451,4,75,12.6162212725731,19.4916229674798,89.2225875394764,72.8208101914603,5.00013861950723
114,18,8.66300412831401e-15,4,90,12.6162212725731,8.57453118331802,80.7106105334065,77.9403936735262,1.80995427214181e-15
114,19,0,4,105,12.6162212725731,-2.03313258182843,70.5956220217215,82.224744184846,0
114,20,0,4,120,12.6162212725731,-11.974262048275,59.7588334121643,86.1775563187842,0
114,21,0,4,135,12.6162212725731,-20.8037172432322,47.5748879284746,89.5567039950934,0
114,22,0,4,150,12.6162212725731,-27.9368574542157,33.5241739121441,92.1479508530242,0
114,23,0,4,165,12.6162212725731,-32.6659980745073,17.4590642251188,93.7787934503879,0
115,0,0,4,-180,12.9546080937807,-33.9972919062193,-8.24799992942169e-15,93.9972919062193,0
115,1,0,4,-165,12.9546080937807,-32.3362305542147,-17.3690829899753,93.4413753677747,0
115,2,0,4,-150,12.9546080937807,-27.6286783339145,-33.3662093014669,91.8131835830358,0
115,3,0,4,-135,12.9546080937807,-20.5216149811888,-47.3751604928372,89.2255878817307,0
115,4,0,4,-120,12.9546080937807,-11.7161436861009,-59.535256032682,85.8501889810482,0
115,5,0,4,-105,12.9546080937807,-1.79357564427519,-70.3564945608491,81.9003266460515,0
115,6,17.9086427082271,4,-90,12.9546080937807,8.8024058047177,-80.4575487479949,77.6174160423917,3.84030141978817
115,7,34.7765001975198,4,-75,12.9546080937807,19.7157076568211,-89.4917474415652,72.7625819540597,10.3053845971578
115,8,49.6232739027674,4,-60,12.9546080937807,30.6050884055251,-78.6902838159144,58.3111769047952,26.0673871514639
115,9,61.5861233020478,4,-45,12.9546080937807,41.0422504461858,-66.0168369691005,43.7859487399605,44.4608667994055
115,10,69.9698110714631,4,-30,12.9546080937807,50.3354128578001,-49.7651025265323,29.2137395677259,61.07000536644
115,11,74.2871077513199,4,-15,12.9546080937807,57.2396630099968,-27.7829499435853,14.6136421282612,71.8838548384095
115,12,74.2871077513199,4,0,12.9546080937807,59.9065080937807,0,0.0934919062232218,74.2870088536355
115,13,69.9698110714631,4,15,12.9546080937807,57.2396630099968,27.7829499435853,14.6136421282612,67.7062264823822
115,14,61.5861233020478,4,30,12.9546080937807,50.3354128578001,49.7651025265323,29.2137395677259,53.7526802339507
115,15,49.6232739027675,4,45,12.9546080937807,41.0422504461858,66.0168369691005,43.7859487399605,35.8245275534009
115,16,34.7765001975198,4,60,12.9546080937807,30.6050884055251,78.6902838159144,58.3111769047952,18.2682927409824
115,17,17.9086427082272,4,75,12.9546080937807,19.7157076568211,89.4917474415652,72.7625819540597,5.30690120262675
115,18,9.16436541460617e-15,4,90,12.9546080937807,8.8024058047177,80.4575487479949,77.6174160423917,1.96519223073236e-15
115,19,0,4,105,12.9546080937807,-1.79357564427519,70.3564945608491,81.9003266460515,0
115,20,0,4,120,12.9546080937807,-11.7161436861009,59.535256032682,85.8501889810482,0
115,21,0,4,135,12.9546080937807,-20.5216149811888,47.3751604928372,89.2255878817307,0
115,22,0,4,150,12.9546080937807,-27.6286783339145,33.3662093014669,91.8131835830358,0
115,23,0,4,165,12.9546080937807,-32.3362305542147,17.3690829899753,93.4413753677747,0
116,0,0,4,-180,13.2891561850267,-33.6627438149733,-8.20461104425461e-15,93.6627438149733,0
116,1,0,4,-165,13.2891561850267,-32.0101416539103,-17.2807648906403,93.1077843500518,0
116,2,0,4,-150,13.2891561850267,-27.3238203368525,-33.2109089155725,91.4822126579937,0
116,3,0,4,-135,13.2891561850267,-20.2424890495266,-47.1784215272196,88.8982291450974,0
116,4,0,4,-120,13.2891561850267,-11.4607832469549,-59.3146254343829,85.5265444996729,0
116,5,0,4,-105,13.2891561850267,-1.5567055906859,-70.1201413929517,81.5796119896931,0
116,6,18.9132151300526,4,-90,13.2891561850267,9.0275290213473,-80.2070512818176,77.2981407680486,4.1585972696318
116,7,36.7272629434863,4,-75,13.2891561850267,19.9368544491578,-89.7585959699349,72.7056059537996,10.9183342252399
116,8,52.4068557328136,4,-60,13.2891561850267,30.8315099407972,-78.9767643402292,58.268196953652,27.563062318089
116,9,65.0407525581196,4,-45,13.2891561850267,41.2855419918636,-66.3218652875896,43.7552448631099,46.9789783590217
116,10,73.894717258264,4,-30,13.2891561850267,50.6093332926423,-50.0668839835032,29.1943063932869,64.5079121620716
116,11,78.4541895877266,4,-15,13.2891561850267,57.5529222476093,-28.0008993969953,14.6053548128733,75.9189901573457
116,12,78.4541895877266,4,0,13.2891561850267,60.2410561850267,0,0.241056185026636,78.453495240352
116,13,73.894717258264,4,15,13.2891561850267,57.5529222476093,28.0008993969953,14.6053548128733,71.5068544037019
116,14,65.0407525581196,4,30,13.2891561850267,50.6093332926423,50.0668839835032,29.1943063932869,56.7786617047377
116,15,52.4068557328137,4,45,13.2891561850267,41.2855419918636,66.3218652875896,43.7552448631099,37.8535063710432
116,16,36.7272629434863,4,60,13.2891561850267,30.8315099407972,78.9767643402292,58.268196953652,19.3164772648307
116,17,18.9132151300526,4,75,13.2891561850267,19.9368544491578,89.7585959699349,72.7056059537996,5.62254814309275
116,18,9.67843389589956e-15,4,90,13.2891561850267,9.0275290213473,80.2070512818176,77.2981407680486,2.12807333375306e-15
116,19,0,4,105,13.2891561850267,-1.5567055906859,70.1201413929517,81.5796119896931,0
116,20,0,4,120,13.2891561850267,-11.4607832469549,59.3146254343829,85.5265444996729,0
116,21,0,4,135,13.2891561850267,-20.2424890495266,47.1784215272196,88.8982291450974,0
116,22,0,4,150,13.2891561850267,-27.3238203368525,33.2109089155725,91.4822126579937,0
116,23,0,4,165,13.2891561850267,-32.0101416539103,17.2807648906403,93.1077843500518,0
117,0,0,4,-180,13.6197664124916,-33.3321335875084,-8.16206313383675e-15,93.3321335875084,0
117,1,0,4,-165,13.6197664124916,-31.687831354404,-17.1941016515647,92.7781193353144,0
117,2,0,4,-150,13.6197664124916,-27.0223830000999,-33.0582733661095,91.1551364339935,0
117,3,0,4,-135,13.6197664124916,-19.9664339382147,-46.9846918558955,88.5747252161052,0
117,4,0,4,-120,13.6197664124916,-11.2082663205038,-59.0969833284354,85.2067191677605,0
117,5,0,4,-105,13.6197664124916,-1.3225976412983,-69.8866224698318,81.2626953911123,0
117,6,19.9423217764323,4,-90,13.6197664124916,9.24983546085931,-79.9591950538503,76.9826622220311,4.49192601119244
117,7,38.7256682986087,4,-75,13.6197664124916,20.1550057395679,-89.9769621235505,72.6272214915618,11.5629963975766
117,8,55.2584197413468,4,-60,13.6197664124916,31.0546441486155,-79.2612016790356,58.226890547263,29.0966999067878
117,9,68.5797526849012,4,-45,13.6197664124916,41.5251729915618,-66.6255423133317,43.726890873909,49.5586652915739
117,10,77.9154796796673,4,-30,13.6197664124916,50.8792547396721,-50.3685804671226,29.1785267874111,68.0283836000683
117,11,82.7230422066965,4,-15,13.6197664124916,57.8621190858249,-28.2199953522206,14.6045272931036,80.0501986629024
117,12,82.7230422066965,4,0,13.6197664124916,60.5716664124916,0,0.571666412491116,82.718924712579
117,13,77.9154796796673,4,15,13.6197664124916,57.8621190858249,28.2199953522206,14.6045272931036,75.3979720872476
117,14,68.5797526849012,4,30,13.6197664124916,50.8792547396721,50.3685804671226,29.1785267874111,59.877315034534
117,15,55.2584197413468,4,45,13.6197664124916,41.5251729915618,66.6255423133317,43.726890873909,39.9320998004362
117,16,38.7256682986087,4,60,13.6197664124916,31.0546441486155,79.2612016790356,58.226890547263,20.391266244107
117,17,19.9423217764324,4,75,13.6197664124916,20.1550057395679,89.9769621235505,72.6272214915618,5.95452589951782
117,18,1.02050572426087e-14,4,90,13.6197664124916,9.24983546085931,79.9591950538503,76.9826622220311,2.29864719803866e-15
117,19,0,4,105,13.6197664124916,-1.3225976412983,69.8866224698318,81.2626953911123,0
117,20,0,4,120,13.6197664124916,-11.2082663205038,59.0969833284354,85.2067191677605,0
117,21,0,4,135,13.6197664124916,-19.9664339382147,46.9846918558955,88.5747252161052,0
117,22,0,4,150,13.6197664124916,-27.0223830000999,33.0582733661095,91.1551364339935,0
117,23,0,4,165,13.6197664124916,-31.687831354404,17.1941016515647,92.7781193353144,0
118,0,0,4,-180,13.9463408092299,-33.0055591907701,-8.12035049265938e-15,93.0055591907701,0
118,1,0,4,-165,13.9463408092299,-31.3693984369025,-17.109085315731,92.4524780938455,0
118,2,0,4,-150,13.9463408092299,-26.7244646539478,-32.9083033795865,90.8320520964867,0
118,3,0,4,-135,13.9463408092299,-19.6935429989878,-46.7939920801945,88.2551723499196,0
118,4,0,4,-120,13.9463408092299,-10.9586774209749,-58.8823710656532,84.8908080943304,0
118,5,0,4,-105,13.9463408092299,-1.0913259254397,-69.6559974469359,80.9496708293133,0
118,6,20.9956577008572,4,-90,13.9463408092299,9.4692609615828,-79.7140568945341,76.6710735645687,4.84036051897591
118,7,40.7711240922511,4,-75,13.9463408092299,20.3701053638328,-89.7150223732058,72.315215719327,12.3854544101818
118,8,58.1771209484095,4,-60,13.9463408092299,31.274439030675,-79.5434777241048,58.1872307943955,30.6677896780011
118,9,72.2020750002769,4,-45,13.9463408092299,41.7610887025902,-66.9277249717943,43.7008276042945,52.1990075531832
118,10,82.0309068969924,4,-30,13.9463408092299,51.1451089195198,-50.670040248641,29.1662877397007,71.6301243648675
118,11,87.0924006550693,4,-15,13.9463408092299,58.167164611098,-28.4401415282047,14.6108963581635,84.2759382443712
118,12,87.0924006550693,4,0,13.9463408092299,60.8982408092299,0,0.898240809230007,87.0816982429404
118,13,82.0309068969925,4,15,13.9463408092299,58.167164611098,28.4401415282047,14.6108963581635,79.3781270441798
118,14,72.2020750002769,4,30,13.9463408092299,51.1451089195198,50.670040248641,29.1662877397007,63.047500110729
118,15,58.1771209484096,4,45,13.9463408092299,41.7610887025902,66.9277249717943,43.7008276042945,42.0595665124144
118,16,40.7711240922511,4,60,13.9463408092299,31.274439030675,79.5434777241048,58.1872307943955,21.4923020976861
118,17,20.9956577008572,4,75,13.9463408092299,20.3701053638328,89.7150223732058,72.315215719327,6.37806209800266
118,18,1.07440794048704e-14,4,90,13.9463408092299,9.4692609615828,79.7140568945341,76.6710735645687,2.47695111556108e-15
118,19,0,4,105,13.9463408092299,-1.0913259254397,69.6559974469359,80.9496708293133,0
118,20,0,4,120,13.9463408092299,-10.9586774209749,58.8823710656532,84.8908080943304,0
118,21,0,4,135,13.9463408092299,-19.6935429989878,46.7939920801945,88.2551723499196,0
118,22,0,4,150,13.9463408092299,-26.7244646539478,32.9083033795865,90.8320520964867,0
118,23,0,4,165,13.9463408092299,-31.3693984369025,17.109085315731,92.4524780938455,0
119,0,0,4,-180,14.2687826041997,-32.6831173958003,-8.07946763611521e-15,92.6831173958003,0
119,1,0,4,-165,14.2687826041997,-31.0549404541261,-17.0257082440483,92.1309571991239,0
119,2,0,4,-150,14.2687826041997,-26.4301623913642,-32.7609998079558,90.5130556314191,0
119,3,0,4,-135,14.2687826041997,-19.4239084129892,-46.6063425917812,87.9396655973529,0
119,4,0,4,-120,14.2687826041997,-10.7120999568451,-58.6708296395872,84.578905176102,0
119,5,0,4,-105,14.2687826041997,-0.86296345743831,-69.4283256706145,80.6406310592098,0
119,6,22.0729107771598,4,-90,14.2687826041997,9.68574258813345,-79.471713515009,76.3634667172264,5.20394946155386
119,7,42.8630242117172,4,-75,14.2687826041997,20.5820986057905,-89.4556805477143,72.0072090692114,13.2402736533781
119,8,61.1620944798433,4,-60,14.2687826041997,31.4908443687538,-79.8234734473066,58.1491895336547,32.2758049312768
119,9,75.9066461319688,4,-45,14.2687826041997,41.9932365535592,-67.2282678311951,43.6769938093411,54.8990643468517
119,10,86.2397794203366,4,-30,14.2687826041997,51.4068299055555,-50.9711066550806,29.1574721959142,75.3118152802682
119,11,91.5609701976382,4,-15,14.2687826041997,58.4679717099644,-28.6612356388377,14.6241830816353,88.5946412696667
119,12,91.5609701976382,4,0,14.2687826041997,61.2206826041997,0,1.22068260419963,91.5401912183956
119,13,86.2397794203367,4,15,14.2687826041997,58.4679717099644,28.6612356388377,14.6241830816353,83.4458427474919
119,14,75.9066461319688,4,30,14.2687826041997,51.4068299055555,50.9711066550806,29.1574721959142,66.2880558190232
119,15,61.1620944798434,4,45,14.2687826041997,41.9932365535592,67.2282678311951,43.6769938093411,44.2351484559005
119,16,42.8630242117172,4,60,14.2687826041997,31.4908443687538,79.8234734473066,58.1491895336547,22.6192157084795
119,17,22.0729107771598,4,75,14.2687826041997,20.5820986057905,89.4556805477143,72.0072090692114,6.81826316250226
119,18,1.1295340658785e-14,4,90,14.2687826041997,9.68574258813345,79.471713515009,76.3634667172264,2.66300999142239e-15
119,19,0,4,105,14.2687826041997,-0.86296345743831,69.4283256706145,80.6406310592098,0
119,20,0,4,120,14.2687826041997,-10.7120999568451,58.6708296395872,84.578905176102,0
119,21,0,4,135,14.2687826041997,-19.4239084129892,46.6063425917812,87.9396655973529,0
119,22,0,4,150,14.2687826041997,-26.4301623913642,32.7609998079558,90.5130556314191,0
119,23,0,4,165,14.2687826041997,-31.0549404541261,17.0257082440483,92.1309571991239,0
120,0,0,4,-180,14.5869962509383,-32.3649037490617,-8.03940929743065e-15,92.3649037490617,0
120,1,0,4,-165,14.5869962509383,-30.7445537018464,-16.9439631140047,91.813651999198,0
120,2,0,4,-150,14.5869962509383,-26.139572038097,-32.6163636376114,90.198241796765,0
120,3,0,4,-135,14.5869962509383,-19.1576211592733,-46.4217635842185,87.6282987766962,0
120,4,0,4,-120,14.5869962509383,-10.4686162014958,-58.4623996880956,84.2711030697673,0
120,5,0,4,-105,14.5869962509383,-0.637582113622454,-69.203666163881,80.3356675844146,0
120,6,23.1737617920046,4,-90,14.5869962509383,9.89921864567288,-79.2322414745459,76.0599323361311,5.582717214508
120,7,45.0007487818547,4,-75,14.5869962509383,20.790932202848,-89.1990325956465,71.7032919412569,14.1274408412528
120,8,64.2124558235699,4,-60,14.5869962509383,31.703811725067,-80.1010689821754,58.1127373996685,33.9202032781395
120,9,79.6923683355993,4,-45,14.5869962509383,42.2215661501032,-67.5270232063006,43.6553263002516,57.657875508229
120,10,90.5408500699363,4,-30,14.5869962509383,51.6643541529619,-51.2716181219592,29.1519593745692,79.0721152557242
120,11,96.1274267008081,4,-15,14.5869962509383,58.7644551139957,-28.8831692548138,14.6440945953592,93.0047168999105
120,12,96.1274267008081,4,0,14.5869962509383,61.5388962509383,0,1.5388962509382,96.0927558394789
120,13,90.5408500699364,4,15,14.5869962509383,58.7644551139957,28.8831692548138,14.6440945953592,87.5996208120786
120,14,79.6923683355993,4,30,14.5869962509383,51.6643541529619,51.2716181219592,29.1519593745692,69.5978017565189
120,15,64.2124558235699,4,45,14.5869962509383,42.2215661501032,67.5270232063006,43.6553263002516,46.4580719744926
120,16,45.0007487818548,4,60,14.5869962509383,31.703811725067,80.1010689821754,58.1127373996685,23.771626965071
120,17,23.1737617920047,4,75,14.5869962509383,20.790932202848,89.1990325956465,71.7032919412569,7.27512225125103
120,18,1.18586776537457e-14,4,90,14.5869962509383,9.89921864567288,79.2322414745459,76.0599323361311,2.85683629930592e-15
120,19,0,4,105,14.5869962509383,-0.637582113622454,69.203666163881,80.3356675844146,0
120,20,0,4,120,14.5869962509383,-10.4686162014958,58.4623996880956,84.2711030697673,0
120,21,0,4,135,14.5869962509383,-19.1576211592733,46.4217635842185,87.6282987766962,0
120,22,0,4,150,14.5869962509383,-26.139572038097,32.6163636376114,90.198241796765,0
120,23,0,4,165,14.5869962509383,-30.7445537018464,16.9439631140047,91.813651999198,0
121,0,0,5,-180,14.9008874558747,-32.0510125441253,-8.00017042435356e-15,92.0510125441253,0
121,1,0,5,-165,14.9008874558747,-30.4383331908516,-16.8638429176202,91.5006565884332,0
121,2,0,5,-150,14.9008874558747,-25.8527881234221,-32.474395996865,89.8877040944632,0
121,3,0,5,-135,14.9008874558747,-18.8947709841624,-46.2402750628538,87.3211644459981,0
121,4,0,5,-120,14.9008874558747,-10.2283072648351,-58.2571214934112,83.967493164763,0
121,5,0,5,-105,14.9008874558747,-0.415252610409227,-68.9820776106858,80.0348706305813,0
121,6,24.2978845394778,5,-90,14.9008874558747,10.1096286928165,-78.9957171462073,75.7605597857969,5.97666380705324
121,7,47.1836643487378,5,-75,14.9008874558747,20.9965543496481,-88.9451745885099,71.4035534309074,15.0468955195649
121,8,67.3273010916908,5,-60,14.9008874558747,31.9132944399809,-80.3761437097987,58.0778438908081,35.600427415893
121,9,83.5581198199769,5,-45,14.9008874558747,42.4460292769782,-67.8238412709192,43.635760079772,60.4744628816899
121,10,94.9328443457334,5,-30,14.9008874558747,51.9176205240648,-51.5714082622666,29.1496250882131,82.9096632121757
121,11,100.790417024965,5,-15,14.9008874558747,59.0565314433365,-29.1058276776584,14.6703259040488,97.504553375981
121,12,100.790417024965,5,0,14.9008874558747,61.8527874558747,0,1.85278745587459,100.737723489354
121,13,94.9328443457334,5,15,14.9008874558747,59.0565314433365,29.1058276776584,14.6703259040488,91.8379431484
121,14,83.5581198199769,5,30,14.9008874558747,51.9176205240648,51.5714082622666,29.1496250882131,72.9755399268016
121,15,67.3273010916909,5,45,14.9008874558747,42.4460292769782,67.8238412709192,43.635760079772,48.7275489152449
121,16,47.1836643487378,5,60,14.9008874558747,31.9132944399809,80.3761437097987,58.0778438908081,24.9491453040051
121,17,24.2978845394778,5,75,14.9008874558747,20.9965543496481,88.9451745885099,71.4035534309074,7.74860823249635
121,18,1.24339234608432e-14,5,90,14.9008874558747,10.1096286928165,78.9957171462073,75.7605597857969,3.05843005416179e-15
121,19,0,5,105,14.9008874558747,-0.415252610409227,68.9820776106858,80.0348706305813,0
121,20,0,5,120,14.9008874558747,-10.2283072648351,58.2571214934112,83.967493164763,0
121,21,0,5,135,14.9008874558747,-18.8947709841624,46.2402750628538,87.3211644459981,0
121,22,0,5,150,14.9008874558747,-25.8527881234221,32.474395996865,89.8877040944632,0
121,23,0,5,165,14.9008874558747,-30.4383331908516,16.8638429176202,91.5006565884332,0
122,0,0,5,-180,15.2103632062703,-31.7415367937297,-7.96174617561498e-15,91.7415367937297,0
122,1,0,5,-165,15.2103632062703,-30.1363726193419,-16.7853409587429,91.1920637796405,0
122,2,0,5,-150,15.2103632062703,-25.5699038515305,-32.3350981619601,89.581534742766,0
122,3,0,5,-135,15.2103632062703,-18.6354463714526,-46.061896853067,87.0183538757992,0
122,4,0,5,-120,15.2103632062703,-9.99125306588366,-58.0550349807244,83.6681655565494,0
122,5,0,5,-105,15.2103632062703,-0.19604448348305,-68.7636183387251,79.7383291193064,0
122,6,25.4449459177485,5,-90,15.2103632062703,10.3169135531914,-78.7622166807673,75.465437113558,6.38576490184339
122,7,49.4111240673727,5,-75,15.2103632062703,21.1989146998939,-88.6942026613189,71.1080813036627,15.9985301118061
122,8,70.5057072883294,5,-60,15.2103632062703,32.1192476270774,-80.648576348936,58.0444774383031,37.3159058998359
122,9,87.5027550795069,5,-45,15.2103632062703,42.6665798964638,-68.1185701790413,43.6182284796576,63.3478316824741
122,10,99.4144608050369,5,-30,15.2103632062703,52.1665703097264,-51.8703059522403,29.150342067839,86.8230799816094
122,11,105.54855942544,5,-15,15.2103632062703,59.344119248649,-29.3290898275197,14.7025617132951,102.092520270206
122,12,105.54855942544,5,0,15.2103632062703,62.1622632062703,0,2.16226320627015,105.473407065635
122,13,99.4144608050369,5,15,15.2103632062703,59.344119248649,29.3290898275197,14.7025617132951,96.1592740833134
122,14,87.5027550795069,5,30,15.2103632062703,52.1665703097264,51.8703059522403,29.150342067839,76.4200564118967
122,15,70.5057072883294,5,45,15.2103632062703,42.6665798964638,68.1185701790413,43.6182284796576,51.042777726217
122,16,49.4111240673727,5,60,15.2103632062703,32.1192476270774,80.648576348936,58.0444774383031,26.151370250964
122,17,25.4449459177485,5,75,15.2103632062703,21.1989146998939,88.6942026613189,71.1080813036627,8.23866570821817
122,18,1.302090762233e-14,5,90,15.2103632062703,10.3169135531914,78.7622166807673,75.465437113558,3.26777880187286e-15
122,19,0,5,105,15.2103632062703,-0.19604448348305,68.7636183387251,79.7383291193064,0
122,20,0,5,120,15.2103632062703,-9.99125306588366,58.0550349807244,83.6681655565494,0
122,21,0,5,135,15.2103632062703,-18.6354463714526,46.061896853067,87.0183538757992,0
122,22,0,5,150,15.2103632062703,-25.5699038515305,32.3350981619601,89.581534742766,0
122,23,0,5,165,15.2103632062703,-30.1363726193419,16.7853409587429,91.1920637796405,0
123,0,0,5,-180,15.5153317977814,-31.4365682022186,-7.92413191718209e-15,91.4365682022186,0
123,1,0,5,-165,15.5153317977814,-29.8387643457606,-16.7084508497286,90.8879650765947,0
123,2,0,5,-150,15.5153317977814,-25.2910110735518,-32.1984715616893,89.2798246490051,0
123,3,0,5,-135,15.5153317977814,-18.379734513463,-45.8866486069253,86.7199570223284,0
123,4,0,5,-120,15.5153317977814,-9.75753230632186,-57.8561797153072,83.3732090204046,0
123,5,0,5,-105,15.5153317977814,0.0199739319386075,-68.5483463008089,79.4461306426021,0
123,6,26.6146060277749,5,-90,15.5153317977814,10.5210153256496,-78.5318159689333,75.1746510246191,6.80997180740661
123,7,51.6824678933722,5,-75,15.5153317977814,21.3979643663392,-88.4462129507634,70.8169619703785,16.9821900258682
123,8,73.7467325831338,5,-60,15.5153317977814,32.3216281655639,-80.9182450502579,58.0126054766066,39.0660539114208
123,9,91.5251052336299,5,-45,15.5153317977814,42.8831741430123,-68.4110561945419,43.602663299823,66.2769718407333
123,10,103.984371448169,5,-30,15.5153317977814,52.4111472466095,-52.1681354344316,29.1539802889718,90.8109701746809
123,11,110.400443961951,5,-15,15.5153317977814,59.627139051286,-29.5528281463721,14.7404782453987,106.766970696548
123,12,110.400443961951,5,0,15.5153317977814,62.4672317977814,0,2.46723179778138,110.298103268111
123,13,103.984371448169,5,15,15.5153317977814,59.627139051286,29.5528281463721,14.7404782453987,100.562062441813
123,14,91.5251052336299,5,30,15.5153317977814,52.4111472466095,52.1681354344316,29.1539802889718,79.9301230161167
123,15,73.7467325831339,5,45,15.5153317977814,42.8831741430123,68.4110561945419,43.602663299823,53.4029445394456
123,16,51.6824678933722,5,60,15.5153317977814,32.3216281655639,80.9182450502579,58.0126054766066,27.377891959101
123,17,26.6146060277749,5,75,15.5153317977814,21.3979643663392,88.4462129507634,70.8169619703785,8.7452150690593
123,18,1.36194562021308e-14,5,90,15.5153317977814,10.5210153256496,78.5318159689333,75.1746510246191,3.48485762561837e-15
123,19,0,5,105,15.5153317977814,0.0199739319386075,68.5483463008089,79.4461306426021,0
123,20,0,5,120,15.5153317977814,-9.75753230632186,57.8561797153072,83.3732090204046,0
123,21,0,5,135,15.5153317977814,-18.379734513463,45.8866486069253,86.7199570223284,0
123,22,0,5,150,15.5153317977814,-25.2910110735518,32.1984715616893,89.2798246490051,0
123,23,0,5,165,15.5153317977814,-29.8387643457606,16.7084508497286,90.8879650765947,0
124,0,0,5,-180,15.8157028616326,-31.1361971383674,-7.88732321831924e-15,91.1361971383675,0
124,1,0,5,-165,15.8157028616326,-29.5455993620654,-16.6331665075431,90.5884506469517,0
124,2,0,5,-150,15.8157028616326,-25.0162002602099,-32.0645177806719,88.9826633827861,0
124,3,0,5,-135,15.8157028616326,-18.1277212829203,-45.7145498082867,86.4260625011702,0
124,4,0,5,-120,15.8157028616326,-9.52722244499482,-57.6605948982063,83.0827109857416,0
124,5,0,5,-105,15.8157028616326,0.232735519755887,-68.3363190548161,79.158361437946,0
124,6,27.8065182740229,5,-90,15.8157028616326,10.7218773931442,-78.3045906019116,74.888286857734,7.24921152260612
124,7,53.9970227785411,5,-75,15.8157028616326,21.5936559189555,-88.2013015310534,70.5302804632245,17.9976738199241
124,8,77.0494165903623,5,-60,15.8157028616326,32.5203946900363,-81.1850274945802,57.9821945148668,40.8502740199335
124,9,95.6239783731857,5,-45,15.8157028616326,43.0957703140967,-68.7011438293261,43.5889949488092,69.2608593234394
124,10,108.641222111979,5,-30,15.8157028616326,52.6512975301323,-52.4647164384898,29.1604072980079,94.8719240108936
124,11,115.344632916398,5,-15,15.8157028616326,59.9055133815029,-29.7769085183215,14.7837450198005,111.526243472841
124,12,115.344632916398,5,0,15.8157028616326,62.7676028616326,0,2.76760286163252,115.210094835718
124,13,108.641222111979,5,15,15.8157028616326,59.9055133815029,29.7769085183215,14.7837450198005,105.0447435836
124,14,95.6239783731857,5,30,15.8157028616326,52.6512975301323,52.4647164384898,29.1604072980079,83.5044988769502
124,15,77.0494165903624,5,45,15.8157028616326,43.0957703140967,68.7011438293261,43.5889949488092,55.8072242360772
124,16,53.9970227785411,5,60,15.8157028616326,32.5203946900363,81.1850274945802,57.9821945148668,28.6282917428334
124,17,27.806518274023,5,75,15.8157028616326,21.5936559189555,88.2013015310534,70.5302804632245,9.26815257974759
124,18,1.42293918373838e-14,5,90,15.8157028616326,10.7218773931442,78.3045906019116,74.888286857734,3.70962916862574e-15
124,19,0,5,105,15.8157028616326,0.232735519755887,68.3363190548161,79.158361437946,0
124,20,0,5,120,15.8157028616326,-9.52722244499482,57.6605948982063,83.0827109857416,0
124,21,0,5,135,15.8157028616326,-18.1277212829203,45.7145498082867,86.4260625011702,0
124,22,0,5,150,15.8157028616326,-25.0162002602099,32.0645177806719,88.9826633827861,0
124,23,0,5,165,15.8157028616326,-29.5455993620654,16.6331665075431,90.5884506469517,0
125,0,0,5,-180,16.111387391395,-30.840512608605,-7.85131584747273e-15,90.840512608605,0
125,1,0,5,-165,16.111387391395,-29.2569672674436,-16.5594821493238,90.2936092955703,0
125,2,0,5,-150,16.111387391395,-24.7455604751074,-31.9332385613549,88.6901391496171,0
125,3,0,5,-135,16.111387391395,-17.8794912056743,-45.5456197764002,86.1367575614097,0
125,4,0,5,-120,16.111387391395,-9.30039967336843,-57.4683193605353,82.796757510955,0
125,5,0,5,-105,16.111387391395,0.442174400560365,-68.1275937422697,78.8751063639161,0
125,6,29.0203294671706,5,-90,16.111387391395,10.9194444302806,-78.0806158303673,74.6064285615178,7.70338681247366
125,7,56.3541028703148,5,-75,16.111387391395,21.7859433812936,-87.9595643475269,70.248120412309,19.0447334260412
125,8,80.4127806534657,5,-60,16.111387391395,32.7155075776046,-81.4488009949544,57.9532102093583,42.6679569353307
125,9,99.7981599136021,5,-45,16.111387391395,43.3043288572237,-68.9886759897607,43.5771525852134,72.2984574302268
125,10,113.383632871112,5,-30,16.111387391395,52.8869698229395,-52.7598643200197,29.169488537458,99.0045191060073
125,11,120.379661218888,5,-15,16.111387391395,60.1791668145161,-30.0011902087366,14.8320265776269,116.368665228821
125,12,120.379661218889,5,0,16.111387391395,63.063287391395,0,3.06328739139502,120.207652726319
125,13,113.383632871112,5,15,16.111387391395,60.1791668145161,30.0011902087366,14.8320265776269,109.605741388609
125,14,99.7981599136022,5,30,16.111387391395,52.8869698229395,52.7598643200197,29.169488537458,87.1419320383056
125,15,80.4127806534657,5,45,16.111387391395,43.3043288572237,68.9886759897607,43.5771525852134,58.2547814904989
125,16,56.3541028703148,5,60,16.111387391395,32.7155075776046,81.4488009949544,57.9532102093583,29.9021426054386
125,17,29.0203294671706,5,75,16.111387391395,21.7859433812936,87.9595643475269,70.248120412309,9.8073504942492
125,18,1.48505337909967e-14,5,90,16.111387391395,10.9194444302806,78.0806158303673,74.6064285615178,3.94204367297669e-15
125,19,0,5,105,16.111387391395,0.442174400560365,68.1275937422697,78.8751063639161,0
125,20,0,5,120,16.111387391395,-9.30039967336843,57.4683193605353,82.796757510955,0
125,21,0,5,135,16.111387391395,-17.8794912056743,45.5456197764002,86.1367575614097,0
125,22,0,5,150,16.111387391395,-24.7455604751074,31.9332385613549,88.6901391496171,0
125,23,0,5,165,16.111387391395,-29.2569672674436,16.5594821493238,90.2936092955703,0
126,0,0,5,-180,16.4022977693611,-30.5496022306389,-7.81610576799469e-15,90.5496022306389,0
126,1,0,5,-165,16.4022977693611,-28.9729562424775,-16.4873922874378,90.0035284382485,0
126,2,0,5,-150,16.4022977693611,-24.4791793486347,-31.8046358047953,88.4023387649784,0
126,3,0,5,-135,16.4022977693611,-17.6351274342347,-45.3798776680495,85.8521280602616,0
126,4,0,5,-120,16.4022977693611,-9.0771388919307,-57.2793915564015,82.5154332588049,0
126,5,0,5,-105,16.4022977693611,0.648225948139869,-67.92222706557,78.5964488764184,0
126,6,30.255679928765,5,-90,16.4022977693611,11.1136624095552,-77.8599665218359,74.3291586714027,8.172376314718
126,7,58.753009714992,5,-75,16.4022977693611,21.9747822250624,-87.7210971481174,69.9705640229819,20.1230744299743
126,8,83.8358281350847,5,-60,16.4022977693611,32.9069289324056,-81.7094426024575,57.9256174367309,44.5184822499401
126,9,104.046412954803,5,-45,16.4022977693611,43.5088123530905,-69.2734941311977,43.5670642597278,75.3887180593737
126,10,118.21019844691,5,-30,16.4022977693611,53.1181152587323,-53.0533902177955,29.1810876688236,103.207322211537
126,11,125.504036881872,5,-15,16.4022977693611,60.4480260042084,-30.2255258239492,14.8849841328833,121.292552453977
126,12,125.504036881872,5,0,16.4022977693611,63.3541977693611,0,3.35419776936114,125.289038233115
126,13,118.21019844691,5,15,16.4022977693611,60.4480260042084,30.2255258239492,14.8849841328833,114.243470185842
126,14,104.046412954803,5,30,16.4022977693611,53.1181152587323,53.0533902177955,29.1810876688236,90.8411609815856
126,15,83.8358281350847,5,45,16.4022977693611,43.5088123530905,69.2734941311977,43.5670642597278,60.7447717904078
126,16,58.753009714992,5,60,16.4022977693611,32.9069289324056,81.7094426024575,57.9256174367309,31.1990097588459
126,17,30.255679928765,5,75,16.4022977693611,21.9747822250624,87.7210971481174,69.9705640229819,10.3626571998517
126,18,1.54826980052034e-14,5,90,16.4022977693611,11.1136624095552,77.8599665218359,74.3291586714027,4.18203903411072e-15
126,19,0,5,105,16.4022977693611,0.648225948139869,67.92222706557,78.5964488764184,0
126,20,0,5,120,16.4022977693611,-9.0771388919307,57.2793915564015,82.5154332588049,0
126,21,0,5,135,16.4022977693611,-17.6351274342347,45.3798776680495,85.8521280602616,0
126,22,0,5,150,16.4022977693611,-24.4791793486347,31.8046358047953,88.4023387649784,0
126,23,0,5,165,16.4022977693611,-28.9729562424775,16.4873922874378,90.0035284382485,0
127,0,0,5,-180,16.6883477925076,-30.2635522074924,-7.78168913372056e-15,90.2635522074924,0
127,1,0,5,-165,16.6883477925076,-28.6936530237617,-16.416891724071,89.7182940758802,0
127,2,0,5,-150,16.6883477925076,-24.2171430525005,-31.6787115702832,88.1193476288419,0
127,3,0,5,-135,16.6883477925076,-17.3947117221218,-45.2173424782906,85.5722584381909,0
127,4,0,5,-120,16.6883477925076,-8.85751368752975,-57.0938495545034,82.2388214723422,0
127,5,0,5,-105,16.6883477925076,0.850826804925088,-67.720275263925,78.322471005511,0
127,6,31.5122035978035,5,-90,16.6883477925076,11.3044786063017,-77.6427171166446,74.0565582872417,8.65603467617202
127,7,61.1930324647022,5,-75,16.6883477925076,22.1601293629507,-87.4859954127675,69.6976920538167,21.2323564055226
127,8,87.3175447123752,5,-60,16.6883477925076,33.0946225675296,-81.966829215513,57.8993803679293,46.4012191668021
127,9,108.367478647726,5,-45,16.6883477925076,43.7091854948764,-69.5554384203613,43.5586570574512,78.5305829402716
127,10,123.119488623829,5,-30,16.6883477925076,53.3446874413087,-53.3451012295296,29.1950668919208,107.478890901418
127,11,130.716241442247,5,-15,16.6883477925076,60.7120197142819,-30.4497612932758,14.9422771359744,126.296213479443
127,12,130.716241442247,5,0,16.6883477925076,63.6402477925076,0,3.64024779250766,130.452505031735
127,13,123.119488623829,5,15,16.6883477925076,60.7120197142819,30.4497612932758,14.9422771359744,118.956336620075
127,14,108.367478647726,5,30,16.6883477925076,53.3446874413087,53.3451012295296,29.1950668919208,94.6009161102577
127,15,87.3175447123752,5,45,16.6883477925076,43.7091854948764,69.5554384203613,43.5586570574512,63.2763424298784
127,16,61.1930324647022,5,60,16.6883477925076,33.0946225675296,81.966829215513,57.8993803679293,32.5184511340647
127,17,31.5122035978035,5,75,16.6883477925076,22.1601293629507,87.4859954127675,69.6976920538167,10.9338973893457
127,18,1.61256971561038e-14,5,90,16.6883477925076,11.3044786063017,77.6427171166446,74.0565582872417,4.42954087064902e-15
127,19,0,5,105,16.6883477925076,0.850826804925088,67.720275263925,78.322471005511,0
127,20,0,5,120,16.6883477925076,-8.85751368752975,57.0938495545034,82.2388214723422,0
127,21,0,5,135,16.6883477925076,-17.3947117221218,45.2173424782906,85.5722584381909,0
127,22,0,5,150,16.6883477925076,-24.2171430525005,31.6787115702832,88.1193476288419,0
127,23,0,5,165,16.6883477925076,-28.6936530237617,16.416891724071,89.7182940758802,0
128,0,0,5,-180,16.9694526980391,-29.9824473019609,-7.74806228441422e-15,89.9824473019609,0
128,1,0,5,-165,16.9694526980391,-28.4191428789805,-16.3479755453812,89.4379907690416,0
128,2,0,5,-150,16.9694526980391,-23.9595362748801,-31.5554680738635,87.8412497006462,0
128,3,0,5,-135,16.9694526980391,-17.1583243990246,-45.0580330398333,85.2972316945302,0
128,4,0,5,-120,16.9694526980391,-8.64159631163989,-56.9117310284416,81.9670039513833,0
128,5,0,5,-105,16.9694526980391,1.0499148963899,-67.5217940880252,78.0532533328327,0
128,6,32.7895281392048,5,-90,16.9694526980391,11.4918416023639,-77.4289415824122,73.7887070515674,9.15419271840466
128,7,63.6734480880444,5,-75,16.9694526980391,22.341943139726,-87.2543542809139,69.4295837952858,22.3721933017631
128,8,90.8568986775736,5,-60,16.9694526980391,33.2785539844012,-82.2208376925585,57.8744625426421,48.3155272125091
128,9,112.760076567352,5,-45,16.9694526980391,43.9054150636764,-69.8343479053299,43.5518572401414,81.7229848288813
128,10,128.110048673237,5,-30,16.9694526980391,53.5666424386834,-53.6348006063104,29.2112872595549,111.81777520112
128,11,136.014730411313,5,-15,16.9694526980391,60.971078846652,-30.6737358751044,15.0035647383834,131.377950388452
128,12,136.014730411313,5,0,16.9694526980391,63.9213526980391,0,3.92135269803904,135.696301152368
128,13,128.110048673237,5,15,16.9694526980391,60.971078846652,30.6737358751044,15.0035647383834,123.742741451295
128,14,112.760076567352,5,30,16.9694526980391,53.5666424386834,53.6348006063104,29.2112872595549,98.4199211837726
128,15,90.8568986775737,5,45,16.9694526980391,43.9054150636764,69.8343479053299,43.5518572401414,65.8486334726063
128,16,63.6734480880444,5,60,16.9694526980391,33.2785539844012,82.2208376925585,57.8744625426421,33.8600178807507
128,17,32.7895281392049,5,75,16.9694526980391,22.341943139726,87.2543542809139,69.4295837952858,11.5208722604364
128,18,1.67793407091727e-14,5,90,16.9694526980391,11.4918416023639,77.4289415824122,73.7887070515674,4.68446260914277e-15
128,19,0,5,105,16.9694526980391,1.0499148963899,67.5217940880252,78.0532533328327,0
128,20,0,5,120,16.9694526980391,-8.64159631163989,56.9117310284416,81.9670039513833,0
128,21,0,5,135,16.9694526980391,-17.1583243990246,45.0580330398333,85.2972316945302,0
128,22,0,5,150,16.9694526980391,-23.9595362748801,31.5554680738635,87.8412497006462,0
128,23,0,5,165,16.9694526980391,-28.4191428789805,16.3479755453812,89.4379907690416,0
129,0,0,5,-180,17.2455291885055,-29.7063708114945,-7.7152217410941e-15,89.7063708114946,0
129,1,0,5,-165,17.2455291885055,-28.1495095824467,-16.2806391152495,89.1627016130125,0
129,2,0,5,-150,17.2455291885055,-23.7064421961785,-31.434907685814,87.5681274747335,0
129,3,0,5,-135,17.2455291885055,-16.9260443467547,-44.901968021121,85.0271293636,0
129,4,0,5,-120,17.2455291885055,-8.42945765954492,-56.733073245785,81.7000610295368,0
129,5,0,5,-105,17.2455291885055,1.24542944442031,-67.3268387735101,77.7888749696376,0
129,6,34.0872750541405,5,-90,17.2455291885055,11.675701288519,-77.2187133671953,73.5256831285091,9.66665763169295
129,7,66.1935215843379,5,-75,17.2455291885055,22.5201833216462,-87.0262684771441,69.166317049128,23.54215388144
129,8,94.4528412437147,5,-60,17.2455291885055,33.4586903496606,-82.4713449678627,57.8508269441379,50.2607569324911
129,9,117.222905092116,5,-45,17.2455291885055,44.0974699000962,-70.1100606928135,43.5465903880918,84.9648486628436
129,10,133.180399784486,5,-30,17.2455291885055,53.7839387721736,-53.922287965731,29.229608986545,116.222519154751
129,11,141.397933732438,5,-15,17.2455291885055,61.225136466879,-30.8972821887687,15.0685071503948,136.536060850151
129,12,141.397933732438,5,0,17.2455291885055,64.1974291885055,0,4.19742918850544,141.018670871566
129,13,133.180399784486,5,15,17.2455291885055,61.225136466879,30.8972821887687,15.0685071503948,128.601081281928
129,14,117.222905092116,5,30,17.2455291885055,53.7839387721736,53.922287965731,29.229608986545,102.296894696895
129,15,94.4528412437147,5,45,17.2455291885055,44.0974699000962,70.1100606928135,43.5465903880918,68.4607786826432
129,16,66.1935215843379,5,60,17.2455291885055,33.4586903496606,82.4713449678627,57.8508269441379,35.2232548544684
129,17,34.0872750541406,5,75,17.2455291885055,22.5201833216462,87.0262684771441,69.166317049128,12.1233597414981
129,18,1.74434349757184e-14,5,90,17.2455291885055,11.675701288519,77.2187133671953,73.5256831285091,4.94670558333427e-15
129,19,0,5,105,17.2455291885055,1.24542944442031,67.3268387735101,77.7888749696376,0
129,20,0,5,120,17.2455291885055,-8.42945765954492,56.733073245785,81.7000610295368,0
129,21,0,5,135,17.2455291885055,-16.9260443467547,44.901968021121,85.0271293636,0
129,22,0,5,150,17.2455291885055,-23.7064421961785,31.434907685814,87.5681274747335,0
129,23,0,5,165,17.2455291885055,-28.1495095824467,16.2806391152495,89.1627016130125,0
130,0,0,5,-180,17.5164954564842,-29.4354045435158,-7.68316420125363e-15,89.4354045435158,0
130,1,0,5,-165,17.5164954564842,-27.8848353911081,-16.2148780686599,88.8925082132417,0
130,2,0,5,-150,17.5164954564842,-23.4579424654041,-31.3170329271375,87.3000619562568,0
130,3,0,5,-135,17.5164954564842,-16.6979489759896,-44.74916592316,84.7620314913381,0
130,4,0,5,-120,17.5164954564842,-8.22116725042756,-56.5579130559403,81.4380715517886,0
130,5,0,5,-105,17.5164954564842,1.43731097966797,-67.1354640132815,77.5294135354426,0
130,6,35.405059792192,5,-90,17.5164954564842,11.8560088656794,-77.0121053513609,73.2675631833725,10.1932131965213
130,7,68.7525062014179,5,-75,17.5164954564842,22.6948110842285,-86.801832235157,68.9079681084172,24.7417622087327
130,8,98.1043068554092,5,-60,17.5164954564842,33.6350004695999,-82.7182281702822,57.8284360743482,52.2362505667818
130,9,121.75464178961,5,-45,17.5164954564842,44.2853208720469,-70.3824141323877,43.5427815413283,88.2550926730779
130,10,138.329039503115,5,-30,17.5164954564842,53.9965374003557,-54.2073595236351,29.2498917521939,120.691662325903
130,11,146.864256246299,5,-15,17.5164954564842,61.4741278264341,-31.1202262738879,15.1367668866091,141.768839871852
130,12,146.864256246299,5,0,17.5164954564842,64.4683954564842,0,4.46839545648419,146.417856518661
130,13,138.329039503115,5,15,17.5164954564842,61.4741278264341,31.1202262738879,15.1367668866091,133.529750207266
130,14,121.75464178961,5,30,17.5164954564842,53.9965374003557,54.2073595236351,29.2498917521939,106.230551200726
130,15,98.1043068554092,5,45,17.5164954564842,44.2853208720469,70.3824141323877,43.5427815413283,71.1119064200725
130,16,68.7525062014179,5,60,17.5164954564842,33.6350004695999,82.7182281702822,57.8284360743482,36.6077010902755
130,17,35.4050597921921,5,75,17.5164954564842,22.6948110842285,86.801832235157,68.9079681084172,12.741114742757
130,18,1.81177831702774e-14,5,90,17.5164954564842,11.8560088656794,77.0121053513609,73.2675631833725,5.21615914750441e-15
130,19,0,5,105,17.5164954564842,1.43731097966797,67.1354640132815,77.5294135354426,0
130,20,0,5,120,17.5164954564842,-8.22116725042756,56.5579130559403,81.4380715517886,0
130,21,0,5,135,17.5164954564842,-16.6979489759896,44.74916592316,84.7620314913381,0
130,22,0,5,150,17.5164954564842,-23.4579424654041,31.3170329271375,87.3000619562568,0
130,23,0,5,165,17.5164954564842,-27.8848353911081,16.2148780686599,88.8925082132417,0
131,0,0,5,-180,17.7822712088223,-29.1696287911777,-7.65188653398823e-15,89.1696287911777,0
131,1,0,5,-165,17.7822712088223,-27.6252010210253,-16.1506883047398,88.6274906612619,0
131,2,0,5,-150,17.7822712088223,-23.2141171771496,-31.2018464651234,87.0371326375607,0
131,3,0,5,-135,17.7822712088223,-16.4741142037945,-44.5996450751574,84.502016612442,0
131,4,0,5,-120,17.7822712088223,-8.01679320835209,-56.3862868768739,81.1811128526478,0
131,5,0,5,-105,17.7822712088223,1.62550135290703,-66.9477239287189,77.2749451372879,0
131,6,36.7424918653012,5,-90,17.7822712088223,12.0327168449024,-76.8091897982625,73.0144223628849,10.7336200317523
131,7,71.349643656915,5,-75,17.7822712088223,22.865788998421,-86.5811392201502,68.6546117383315,25.9704981846021
131,8,101.810213504591,5,-60,17.7822712088223,33.8074547622214,-82.9613647447348,57.8072520290607,54.2413427044066
131,9,126.35394380845,5,-45,17.7822712088223,44.468940838788,-70.6512450073159,43.5403553398347,91.59262944889
131,10,143.554442176059,5,-30,17.7822712088223,54.204401697817,-54.4898083443103,29.2719949953994,125.223741228283
131,11,152.412078163562,5,-15,17.7822712088223,61.7179903815998,-31.3423876787946,15.2080098966125,147.074581465123
131,12,152.412078163562,5,0,17.7822712088223,64.7341712088223,0,4.73417120882228,151.892100192054
131,13,143.554442176059,5,15,17.7822712088223,61.7179903815998,31.3423876787946,15.2080098966125,138.527141384722
131,14,126.35394380845,5,30,17.7822712088223,54.204401697817,54.4898083443103,29.2719949953994,110.219602561913
131,15,101.810213504591,5,45,17.7822712088223,44.468940838788,70.6512450073159,43.5403553398347,73.8011404992238
131,16,71.349643656915,5,60,17.7822712088223,33.8074547622214,82.9613647447348,57.8072520290607,38.0128902613242
131,17,36.7424918653013,5,75,17.7822712088223,22.865788998421,86.5811392201502,68.6546117383315,13.3738694319756
131,18,1.8802185468926e-14,5,90,17.7822712088223,12.0327168449024,76.8091897982625,73.0144223628849,5.4927008034688e-15
131,19,0,5,105,17.7822712088223,1.62550135290703,66.9477239287189,77.2749451372879,0
131,20,0,5,120,17.7822712088223,-8.01679320835209,56.3862868768739,81.1811128526478,0
131,21,0,5,135,17.7822712088223,-16.4741142037945,44.5996450751574,84.502016612442,0
131,22,0,5,150,17.7822712088223,-23.2141171771496,31.2018464651234,87.0371326375607,0
131,23,0,5,165,17.7822712088223,-27.6252010210253,16.1506883047398,88.6274906612619,0
132,0,0,5,-180,18.0427776904283,-28.9091223095717,-7.62138577504135e-15,88.9091223095717,0
132,1,0,5,-165,18.0427776904283,-27.3706856243265,-16.08806597949,88.3677275110624,0
132,2,0,5,-150,18.0427776904283,-22.9750448491772,-31.0893511080355,86.7794174750446,0
132,3,0,5,-135,18.0427776904283,-16.2546144319122,-44.4534236290203,84.2471617280294,0
132,4,0,5,-120,18.0427776904283,-7.81640224412667,-56.2182306807386,80.9292607348586,0
132,5,0,5,-105,18.0427776904283,1.80994374541444,-66.763672039858,77.0255443496152,0
132,6,38.0991749634808,5,-90,18.0427776904283,12.205779046241,-76.6100383038071,72.7663342761065,11.2876158685929
132,7,73.9841643629504,5,-75,18.0427776904283,23.0330810152312,-86.3642824497705,68.406321157627,27.2277981278858
132,8,105.569463051141,5,-60,18.0427776904283,33.976025226988,-83.2006325761562,57.7872365730852,56.2753609146302
132,9,131.019448276184,5,-45,18.0427776904283,44.6483046112879,-70.9163897315567,43.5392361625319,94.9763669537937
132,10,148.855059403732,5,-30,18.0427776904283,54.4074974286519,-54.7694246088532,29.2957782016981,129.817290682421
132,11,158.039755544862,5,-15,18.0427776904283,61.9566638088081,-31.563579579591,15.2819065804788,152.451580221421
132,12,158.039755544862,5,0,18.0427776904283,64.9946776904283,0,4.99467769042832,157.439645380969
132,13,148.855059403732,5,15,18.0427776904283,61.9566638088081,31.563579579591,15.2819065804788,143.591648517899
132,14,131.019448276184,5,30,18.0427776904283,54.4074974286519,54.7694246088532,29.2957782016981,114.2627591568
132,15,105.569463051141,5,45,18.0427776904283,44.6483046112879,70.9163897315567,43.5392361625319,76.5276010071759
132,16,73.9841643629505,5,60,18.0427776904283,33.976025226988,83.2006325761562,57.7872365730852,39.4383511212465
132,17,38.0991749634809,5,75,18.0427776904283,23.0330810152312,86.3642824497705,68.406321157627,14.0213335336952
132,18,1.94964390684925e-14,5,90,18.0427776904283,12.205779046241,76.6100383038071,72.7663342761065,5.77619634077412e-15
132,19,0,5,105,18.0427776904283,1.80994374541444,66.763672039858,77.0255443496152,0
132,20,0,5,120,18.0427776904283,-7.81640224412667,56.2182306807386,80.9292607348586,0
132,21,0,5,135,18.0427776904283,-16.2546144319122,44.4534236290203,84.2471617280294,0
132,22,0,5,150,18.0427776904283,-22.9750448491772,31.0893511080355,86.7794174750446,0
132,23,0,5,165,18.0427776904283,-27.3706856243265,16.08806597949,88.3677275110624,0
133,0,0,5,-180,18.2979377076097,-28.6539622923903,-7.59165912178133e-15,88.6539622923903,0
133,1,0,5,-165,18.2979377076097,-27.1213667666415,-16.0270074982334,88.1132957559244,0
133,2,0,5,-150,18.2979377076097,-22.7408024006048,-30.9795497989818,86.5269928665115,0
133,3,0,5,-135,18.2979377076097,-16.0395225258132,-44.3105195527773,83.9975422838218,0
133,4,0,5,-120,18.2979377076097,-7.62005963803032,-56.0537799784597,80.6825894486783,0
133,5,0,5,-105,18.2979377076097,1.99058267839611,-66.5833612345969,76.7812841947625,0
133,6,39.4747070722492,5,-90,18.2979377076097,12.3751505964728,-76.4147217450026,72.5233709760093,11.8549158494665
133,7,76.6552876541813,5,-75,18.2979377076097,23.1966524488688,-86.1513542137698,68.1631680208162,28.5130554002952
133,8,109.380941548286,5,-60,18.2979377076097,34.1406854123498,-83.4359101156955,57.7683512152633,58.3376263534158
133,9,135.74977270315,5,-45,18.2979377076097,44.8233889089842,-71.1776845525231,43.5393482647481,98.4052094894518
133,10,154.229320498854,5,-30,18.2979377076097,54.6057927146722,-55.0459959013343,29.3211011816353,134.470845095016
133,11,163.745620787934,5,-15,18.2979377076097,62.1900900162307,-31.783608931275,15.3581326907785,157.898132793313
133,12,163.745620787934,5,0,18.2979377076097,65.2498377076097,0,5.24983770760966,163.058738488608
133,13,154.229320498854,5,15,18.2979377076097,62.1900900162307,31.783608931275,15.3581326907785,148.721667251726
133,14,135.74977270315,5,30,18.2979377076097,54.6057927146722,55.0459959013343,29.3211011816353,118.358730997487
133,15,109.380941548286,5,45,18.2979377076097,44.8233889089842,71.1776845525231,43.5393482647481,79.2904050804559
133,16,76.6552876541813,5,60,18.2979377076097,34.1406854123498,83.4359101156955,57.7683512152633,40.8836079291668
133,17,39.4747070722492,5,75,18.2979377076097,23.1966524488688,86.1513542137698,68.1631680208162,14.6831946510877
133,18,2.02003382466522e-14,5,90,18.2979377076097,12.3751505964728,76.4147217450026,72.5233709760093,6.0664999896395e-15
133,19,0,5,105,18.2979377076097,1.99058267839611,66.5833612345969,76.7812841947625,0
133,20,0,5,120,18.2979377076097,-7.62005963803032,56.0537799784597,80.6825894486783,0
133,21,0,5,135,18.2979377076097,-16.0395225258132,44.3105195527773,83.9975422838218,0
133,22,0,5,150,18.2979377076097,-22.7408024006048,30.9795497989818,86.5269928665115,0
133,23,0,5,165,18.2979377076097,-27.1213667666415,16.0270074982334,88.1132957559244,0
134,0,0,5,-180,18.5476756509464,-28.4042243490536,-7.56270392812065e-15,88.4042243490536,0
134,1,0,5,-165,18.5476756509464,-26.8773204050209,-15.9675095078131,87.864270805728,0
134,2,0,5,-150,18.5476756509464,-22.5114651306884,-30.8724456090204,86.2799336290106,0
134,3,0,5,-135,18.5476756509464,-15.8289097944919,-44.1709506229801,83.7532321488548,0
134,4,0,5,-120,18.5476756509464,-7.42782922338898,-55.8929698033396,80.4411716717265,0
134,5,0,5,-105,18.5476756509464,2.16736402148271,-66.406843736997,76.5422361240785,0
134,6,40.868680591756,5,-90,18.5476756509464,12.5407879257445,-76.2233102275798,72.285602941722,12.4352128508881
134,7,79.3622220191288,5,-75,18.5476756509464,23.3564699584635,-85.9424459925127,67.9252224010509,29.8256210734633
134,8,113.24351957269,5,-60,18.5476756509464,34.3014103811354,-83.6670765088971,57.750557283189,60.4274543435581
134,9,140.543515392131,5,-45,18.5476756509464,44.9941723130431,-71.4349657591339,43.540615913936,101.878058605342
134,10,159.675632951874,5,-30,18.5476756509464,54.7992579983284,-55.3193075122799,29.3478243399454,139.1829396578
134,11,169.527983121765,5,-15,18.5476756509464,62.4182131514411,-32.0022766522547,15.4363701244334,163.412539277669
134,12,169.527983121765,5,0,18.5476756509464,65.4995756509464,0,5.49957565094638,168.74763025298
134,13,159.675632951874,5,15,18.5476756509464,62.4182131514411,32.0022766522547,15.4363701244334,153.915596475263
134,14,140.543515392131,5,30,18.5476756509464,54.7992579983284,55.3193075122799,29.3478243399454,122.506228787042
134,15,113.24351957269,5,45,18.5476756509464,44.9941723130431,71.4349657591339,43.540615913936,82.088667638006
134,16,79.3622220191289,5,60,18.5476756509464,34.3014103811354,83.6670765088971,57.750557283189,42.3481808562649
134,17,40.8686805917561,5,75,18.5476756509464,23.3564699584635,85.9424459925127,67.9252224010509,15.3591186094603
134,18,2.09136744228872e-14,5,90,18.5476756509464,12.5407879257445,76.2233102275798,72.285602941722,6.36345458618101e-15
134,19,0,5,105,18.5476756509464,2.16736402148271,66.406843736997,76.5422361240785,0
134,20,0,5,120,18.5476756509464,-7.42782922338898,55.8929698033396,80.4411716717265,0
134,21,0,5,135,18.5476756509464,-15.8289097944919,44.1709506229801,83.7532321488548,0
134,22,0,5,150,18.5476756509464,-22.5114651306884,30.8724456090204,86.2799336290106,0
134,23,0,5,165,18.5476756509464,-26.8773204050209,15.9675095078131,87.864270805728,0
135,0,0,5,-180,18.7919175176962,-28.1599824823038,-7.5345176993888e-15,88.1599824823039,0
135,1,0,5,-165,18.7919175176962,-26.6386208663442,-15.909568888564,87.6207264647348,0
135,2,0,5,-150,18.7919175176962,-22.2871066981986,-30.7680417295569,86.0383129771765,0
135,3,0,5,-135,18.7919175176962,-15.6228459710014,-44.0347344161437,83.5143035947173,0
135,4,0,5,-120,18.7919175176962,-7.23977337098347,-55.7358346937386,80.205078489405,0
135,5,0,5,-105,18.7919175176962,2.34023500032141,-66.2341710747496,76.3084699996546,0
135,6,42.2806824575632,5,-90,18.7919175176962,12.7026487631767,-76.0358730327854,72.0530990614408,13.0281778294348
135,7,82.1041653347203,5,-75,18.7919175176962,23.5125015284273,-85.7376483744834,67.6925527737051,31.1648046361884
135,8,117.156052559122,5,-60,18.7919175176962,34.4581766739084,-83.894011725602,57.7338159975164,62.544154927073
135,9,145.399255853711,5,-45,18.7919175176962,45.1606352162325,-71.6880698946677,43.5429635234065,105.39381395196
135,10,165.192382902874,5,-30,18.7919175176962,54.9878660003663,-55.5891427588892,29.3758089351231,143.952111463035
135,11,175.385129107602,5,-15,18.7919175176962,62.6409796049845,-32.2193778434286,15.5163076090995,168.99310449754
135,12,175.385129107602,5,0,18.7919175176962,65.7438175176962,0,5.74381751769614,174.504577062056
135,13,165.192382902874,5,15,18.7919175176962,62.6409796049845,32.2193778434286,15.5163076090995,159.171839529085
135,14,145.399255853711,5,30,18.7919175176962,54.9878660003663,55.5891427588892,29.3758089351231,126.703964901348
135,15,117.156052559122,5,45,18.7919175176962,45.1606352162325,71.6880698946677,43.5429635234065,84.921502068657
135,16,82.1041653347203,5,60,18.7919175176962,34.4581766739084,83.894011725602,57.7338159975164,43.8315863728967
135,17,42.2806824575632,5,75,18.7919175176962,23.5125015284273,85.7376483744834,67.6925527737051,16.0487498204608
135,18,2.16362362202934e-14,5,90,18.7919175176962,12.7026487631767,76.0358730327854,72.0530990614408,6.6668917494547e-15
135,19,0,5,105,18.7919175176962,2.34023500032141,66.2341710747496,76.3084699996546,0
135,20,0,5,120,18.7919175176962,-7.23977337098347,55.7358346937386,80.205078489405,0
135,21,0,5,135,18.7919175176962,-15.6228459710014,44.0347344161437,83.5143035947173,0
135,22,0,5,150,18.7919175176962,-22.2871066981986,30.7680417295569,86.0383129771765,0
135,23,0,5,165,18.7919175176962,-26.6386208663442,15.909568888564,87.6207264647348,0
136,0,0,5,-180,19.0305909337226,-27.9213090662774,-7.50709808717005e-15,87.9213090662774,0
136,1,0,5,-165,19.0305909337226,-26.4053408262211,-15.85318274609,87.3827349098538,0
136,2,0,5,-150,19.0305909337226,-22.0677991013871,-30.666341464087,85.8022025020704,0
136,3,0,5,-135,19.0305909337226,-15.4213991937126,-43.90188829929,83.2808272753257,0
136,4,0,5,-120,19.0305909337226,-7.05595297427175,-55.5824086748956,79.97437937589,0
136,5,0,5,-105,19.0305909337226,2.50914420329074,-66.0653940458817,76.0800540766735,0
136,6,43.7102942630442,5,-90,19.0305909337226,12.860692131471,-75.8524785634503,71.825926616001,13.6334601898995
136,7,84.8803051039753,5,-75,19.0305909337226,23.6647164475305,-85.5370509729547,67.4652260006587,32.529874740024
136,8,121.117381139619,5,-60,19.0305909337226,34.6109622703928,-84.1165966913042,57.7180885457321,64.6870333885437
136,9,150.315555227196,5,-45,19.0305909337226,45.32275976954,-71.9368339739082,43.5463157838648,108.951374075597
136,10,170.77793561978,5,-30,19.0305909337226,55.1715916722662,-55.8552833213008,29.404917329053,148.776900533124
136,11,181.315323146681,5,-15,19.0305909337226,62.8583380097035,-32.4347020428422,15.5976412897936,174.638139179812
136,12,181.315323146681,5,0,19.0305909337226,65.9824909337226,0,5.98249093372262,180.327842160245
136,13,170.77793561978,5,15,19.0305909337226,62.8583380097035,32.4347020428422,15.5976412897936,164.488805314489
136,14,150.315555227196,5,30,19.0305909337226,55.1715916722662,55.8552833213008,29.404917329053,130.950654295341
136,15,121.117381139619,5,45,19.0305909337226,45.32275976954,71.9368339739082,43.5463157838648,87.788020871521
136,16,84.8803051039753,5,60,19.0305909337226,34.6109622703928,84.1165966913042,57.7180885457321,45.3333376153604
136,17,43.7102942630442,5,75,19.0305909337226,23.6647164475305,85.5370509729547,67.4652260006587,16.7517116660296
136,18,2.23678095282161e-14,5,90,19.0305909337226,12.860692131471,75.8524785634503,71.825926616001,6.97663206985122e-15
136,19,0,5,105,19.0305909337226,2.50914420329074,66.0653940458817,76.0800540766735,0
136,20,0,5,120,19.0305909337226,-7.05595297427175,55.5824086748956,79.97437937589,0
136,21,0,5,135,19.0305909337226,-15.4213991937126,43.90188829929,83.2808272753257,0
136,22,0,5,150,19.0305909337226,-22.0677991013871,30.666341464087,85.8022025020704,0
136,23,0,5,165,19.0305909337226,-26.4053408262211,15.85318274609,87.3827349098538,0
137,0,0,5,-180,19.2636251749416,-27.6882748250584,-7.48044288411657e-15,87.6882748250584,0
137,1,0,5,-165,19.2636251749416,-26.1775512883888,-15.7983484028688,87.1503666693961,0
137,2,0,5,-150,19.2636251749416,-21.8536126585393,-30.5673482193383,85.5716721505302,0
137,3,0,5,-135,19.2636251749416,-15.2246359882881,-43.7724294196521,83.0528722072322,0
137,4,0,5,-120,19.2636251749416,-6.87642743540663,-55.432725239953,79.749142175698,0
137,5,0,5,-105,19.2636251749416,2.67404158736815,-65.9005626847778,75.8570549863739,0
137,6,45.1570923833676,5,-90,19.2636251749416,13.0148783405685,-75.6731942894356,71.6041512631088,14.2506881747147
137,7,87.6898186967662,5,-75,19.2636251749416,23.8130852867689,-85.3407423419731,67.2433073152743,33.9200599813867
137,8,125.126331487031,5,-60,19.2636251749416,34.7597465490858,-84.3347134196811,57.7033361552722,66.8553907482519
137,9,155.290956706978,5,-45,19.2636251749416,45.4805298256827,-72.1810957040475,43.550597792552,112.549637152928
137,10,176.430635982777,5,-30,19.2636251749416,55.350412143546,-56.1175095941186,29.4350132264484,153.655850762055
137,11,187.316807994525,5,-15,19.2636251749416,63.0702392356862,-32.6480335167415,15.6800752222322,180.345961026065
137,12,187.316807994525,5,0,19.2636251749416,66.2155251749416,0,6.21552517494158,186.215696743584
137,13,176.430635982777,5,15,19.2636251749416,63.0702392356862,32.6480335167415,15.6800752222322,169.864909302126
137,14,155.290956706978,5,30,19.2636251749416,55.350412143546,56.1175095941186,29.4350132264484,135.245015331655
137,15,125.126331487031,5,45,19.2636251749416,45.4805298256827,72.1810957040475,43.550597792552,90.6873362478904
137,16,87.6898186967662,5,60,19.2636251749416,34.7597465490858,84.3347134196811,57.7033361552722,46.8529447314878
137,17,45.1570923833677,5,75,19.2636251749416,23.8130852867689,85.3407423419731,67.2433073152743,17.4676069011571
137,18,2.31081775656955e-14,5,90,19.2636251749416,13.0148783405685,75.6731942894356,71.6041512631088,7.29248530837551e-15
137,19,0,5,105,19.2636251749416,2.67404158736815,65.9005626847778,75.8570549863739,0
137,20,0,5,120,19.2636251749416,-6.87642743540663,55.432725239953,79.749142175698,0
137,21,0,5,135,19.2636251749416,-15.2246359882881,43.7724294196521,83.0528722072322,0
137,22,0,5,150,19.2636251749416,-21.8536126585393,30.5673482193383,85.5716721505302,0
137,23,0,5,165,19.2636251749416,-26.1775512883888,15.7983484028688,87.1503666693961,0
138,0,0,5,-180,19.4909511882782,-27.4609488117218,-7.45455001874784e-15,87.4609488117218,0
138,1,0,5,-165,19.4909511882782,-25.9553215646108,-15.745063389714,86.9236906023248,0
138,2,0,5,-150,19.4909511882782,-21.6446159891098,-30.4710654958646,85.3467902050313,0
138,3,0,5,-135,19.4909511882782,-15.0326212503571,-43.6463746936056,82.8305057504735,0
138,4,0,5,-120,19.4909511882782,-6.7012546520293,-55.2868173302513,79.5294330858235,0
138,5,0,5,-105,19.4909511882782,2.83487848318089,-65.739726227598,75.6395377196266,0
138,6,46.620648101026,5,-90,19.4909511882782,13.1651689804098,-75.4980866925666,71.3878370222248,14.8794692737425
138,7,90.5318735935812,5,-75,19.4909511882782,23.9575798761011,-85.148809891828,67.0268603080618,35.3345497183668
138,8,129.181715662849,5,-60,19.4909511882782,34.9045102451758,-84.5482451460147,57.6895201658707,69.0485242240482
138,9,160.323985974222,5,-45,19.4909511882782,45.6339308796703,-72.4206937087931,43.5557351798094,116.187501663886
138,10,182.148808974752,5,-30,19.4909511882782,55.5243066640355,-56.3756010523122,29.4659619039322,158.587510766765
138,11,193.387805281651,5,-15,19.4909511882782,63.2766363807232,-32.8591515876405,15.7633217798512,186.114895674446
138,12,193.387805281651,5,0,19.4909511882782,66.4428511882782,0,6.4428511882782,192.16642094139
138,13,182.148808974752,5,15,19.4909511882782,63.2766363807232,32.8591515876405,15.7633217798512,175.298574437968
138,14,160.323985974222,5,30,19.4909511882782,55.5243066640355,56.3756010523122,29.4659619039322,139.585770529973
138,15,129.181715662849,5,45,19.4909511882782,45.6339308796703,72.4206937087931,43.5557351798094,93.6185606434095
138,16,90.5318735935812,5,60,19.4909511882782,34.9045102451758,84.5482451460147,57.6895201658707,48.389915204328
138,17,46.620648101026,5,75,19.4909511882782,23.9575798761011,85.148809891828,67.0268603080618,18.1960180745114
138,18,2.38571209457036e-14,5,90,19.4909511882782,13.1651689804098,75.4980866925666,71.3878370222248,7.61425060634762e-15
138,19,0,5,105,19.4909511882782,2.83487848318089,65.739726227598,75.6395377196266,0
138,20,0,5,120,19.4909511882782,-6.7012546520293,55.2868173302513,79.5294330858235,0
138,21,0,5,135,19.4909511882782,-15.0326212503571,43.6463746936056,82.8305057504735,0
138,22,0,5,150,19.4909511882782,-21.6446159891098,30.4710654958646,85.3467902050313,0
138,23,0,5,165,19.4909511882782,-25.9553215646108,15.745063389714,86.9236906023248,0
139,0,0,5,-180,19.7125016121285,-27.2393983878715,-7.42941755024657e-15,87.2393983878715,0
139,1,0,5,-165,19.7125016121285,-25.7387192550809,-15.6933254371193,86.7027738780044,0
139,2,0,5,-150,19.7125016121285,-21.4408759954372,-30.3774968781449,85.1276232640629,0
139,3,0,5,-135,19.7125016121285,-14.8454182288808,-43.5237407948883,82.613793589958,0
139,4,0,5,-120,19.7125016121285,-6.53049100481817,-55.1447173149624,79.3153166384489,0
139,5,0,5,-105,19.7125016121285,2.99160759927281,-65.5829330771722,75.42756561112,0
139,6,48.100527732874,5,-90,19.7125016121285,13.3115269128479,-75.3272212111642,71.1770462600959,15.5193906535272
139,7,93.4056276322177,5,-75,19.7125016121285,24.0981732801413,-84.9613398041697,66.8159469130249,36.7724949204617
139,8,133.282331969219,5,-60,19.7125016121285,35.0452354068982,-84.7570764612213,57.676602101028,71.2657276610421
139,9,165.413151633734,5,-45,19.7125016121285,45.7829500065985,-72.6554677551105,43.5616542329002,119.863867001515
139,10,187.930760177639,5,-30,19.7125016121285,55.6932565412576,-56.6293366305108,29.497630428663,163.570434646761
139,11,199.526516040538,5,-15,19.7125016121285,63.4774847561829,-33.0678309997827,15.8471019817483,191.943277550728
139,12,199.526516040539,5,0,19.7125016121285,66.6644016121285,0,6.66440161212849,198.178304682508
139,13,187.930760177639,5,15,19.7125016121285,63.4774847561829,33.0678309997827,15.8471019817483,180.788231944906
139,14,165.413151633734,5,30,19.7125016121285,55.6932565412576,56.6293366305108,29.497630428663,143.971647235639
139,15,133.282331969219,5,45,19.7125016121285,45.7829500065985,72.6554677551105,43.5616542329002,96.5808072394664
139,16,93.4056276322177,5,60,19.7125016121285,35.0452354068982,84.7570764612213,57.676602101028,49.9437541532785
139,17,48.100527732874,5,75,19.7125016121285,24.0981732801413,84.9613398041697,66.8159469130249,18.9365079660205
139,18,2.46144177401534e-14,5,90,19.7125016121285,13.3115269128479,75.3272212111642,71.1770462600959,7.9417167050638e-15
139,19,0,5,105,19.7125016121285,2.99160759927281,65.5829330771722,75.42756561112,0
139,20,0,5,120,19.7125016121285,-6.53049100481817,55.1447173149624,79.3153166384489,0
139,21,0,5,135,19.7125016121285,-14.8454182288808,43.5237407948883,82.613793589958,0
139,22,0,5,150,19.7125016121285,-21.4408759954372,30.3774968781449,85.1276232640629,0
139,23,0,5,165,19.7125016121285,-25.7387192550809,15.6933254371193,86.7027738780044,0
140,0,0,5,-180,19.9282107963205,-27.0236892036795,-7.40504366326148e-15,87.0236892036795,0
140,1,0,5,-165,19.9282107963205,-25.5278102293343,-15.6431324665088,86.4876819564576,0
140,2,0,5,-150,19.9282107963205,-21.2424578450339,-30.2866460242397,84.9142362230261,0
140,3,0,5,-135,19.9282107963205,-14.663088510194,-43.4045441421727,82.4027997173968,0
140,4,0,5,-120,19.9282107963205,-6.36419134577195,-55.0064569701306,79.106855684226,0
140,5,0,5,-105,19.9282107963205,3.14418302562041,-65.4302307674566,75.2212003241495,0
140,6,49.5962927586382,5,-90,19.9282107963205,13.4539162627692,-75.1606621842893,70.9718396769282,16.1700196051239
140,7,96.3102292573335,5,-75,19.9282107963205,24.2348397728933,-84.7784169469481,66.6106273946795,38.2330090494823
140,8,137.426965305032,5,-60,19.9282107963205,35.1819053504636,-84.9610934461931,57.6645437384943,73.5062919283314
140,9,170.556945655896,5,-45,19.9282107963205,45.9275757968637,-72.885258982017,43.5682820169379,123.577634017729
140,10,193.774776274512,5,-30,19.9282107963205,55.8572450730873,-56.8784951146164,29.5298878664798,168.603182650713
140,11,205.731121238707,5,-15,19.9282107963205,63.6727418682401,-33.2738423221324,15.9311457488862,197.829450607084
140,12,205.731121238707,5,0,19.9282107963205,66.8801107963205,0,6.88011079632053,204.249648444687
140,13,193.774776274512,5,15,19.9282107963205,63.6727418682401,33.2738423221324,15.9311457488862,186.332322018595
140,14,170.556945655896,5,30,19.9282107963205,55.8572450730873,56.8784951146164,29.5298878664798,148.401378206371
140,15,137.426965305032,5,45,19.9282107963205,45.9275757968637,72.885258982017,43.5682820169379,99.5731903929371
140,16,96.3102292573335,5,60,19.9282107963205,35.1819053504636,84.9610934461931,57.6645437384943,51.5139646121173
140,17,49.5962927586383,5,75,19.9282107963205,24.2348397728933,84.7784169469481,66.6106273946795,19.6886200405073
140,18,2.5379843545661e-14,5,90,19.9282107963205,13.4539162627692,75.1606621842893,70.9718396769282,8.27466217496339e-15
140,19,0,5,105,19.9282107963205,3.14418302562041,65.4302307674566,75.2212003241495,0
140,20,0,5,120,19.9282107963205,-6.36419134577195,55.0064569701306,79.106855684226,0
140,21,0,5,135,19.9282107963205,-14.663088510194,43.4045441421727,82.4027997173968,0
140,22,0,5,150,19.9282107963205,-21.2424578450339,30.2866460242397,84.9142362230261,0
140,23,0,5,165,19.9282107963205,-25.5278102293343,15.6431324665088,86.4876819564576,0
141,0,0,5,-180,20.1380148215676,-26.8138851784324,-7.38142666272706e-15,86.8138851784324,0
141,1,0,5,-165,20.1380148215676,-25.3226586076717,-15.5944825814208,86.2784785691319,0
141,2,0,5,-150,20.1380148215676,-21.0494249534476,-30.1985166550575,84.7066922556535,0
141,3,0,5,-135,20.1380148215676,-14.4856920027115,-43.288800886056,82.1975864137765,0
141,4,0,5,-120,20.1380148215676,-6.2024089872047,-54.872067457193,78.9041113761248,0
141,5,0,5,-105,20.1380148215676,3.29256023643385,-65.2816659276383,75.0205018360065,0
141,6,51.1074999508605,5,-90,20.1380148215676,13.5923024084798,-74.9984727958136,70.7722762931906,16.8309040096287
141,7,99.2448177727806,5,-75,20.1380148215676,24.3675548116193,-84.6001247893423,66.4109603357347,39.7151689699256
141,8,141.614387525981,5,-60,20.1380148215676,35.3145046137006,-85.1601838061626,57.6533071796629,75.7695052821162
141,9,175.753843823527,5,-45,20.1380148215676,46.0677982890054,-73.109910130834,43.5755464927847,127.327705504108
141,10,199.679125557278,5,-30,20.1380148215676,56.0162574758821,-57.1228555445818,29.5626054796007,173.684321748994
141,11,211.999782317729,5,-15,20.1380148215676,63.8623673944201,-33.4769523887592,16.0151920958237,203.771768947502
141,12,211.999782317729,5,0,20.1380148215676,67.0899148215676,0,7.08991482156754,210.378763885979
141,13,199.679125557278,5,15,20.1380148215676,63.8623673944201,33.4769523887592,16.0151920958237,191.929294416516
141,14,175.753843823527,5,30,20.1380148215676,56.0162574758821,57.1228555445818,29.5626054796007,152.873702116206
141,15,141.614387525982,5,45,20.1380148215676,46.0677982890054,73.109910130834,43.5755464927847,102.594826023595
141,16,99.2448177727807,5,60,20.1380148215676,35.3145046137006,85.1601838061626,57.6533071796629,53.1000477834764
141,17,51.1074999508605,5,75,20.1380148215676,24.3675548116193,84.6001247893423,66.4109603357347,20.4518789164987
141,18,2.61531715500408e-14,5,90,20.1380148215676,13.5923024084798,74.9984727958136,70.7722762931906,8.61285565385354e-15
141,19,0,5,105,20.1380148215676,3.29256023643385,65.2816659276383,75.0205018360065,0
141,20,0,5,120,20.1380148215676,-6.2024089872047,54.872067457193,78.9041113761248,0
141,21,0,5,135,20.1380148215676,-14.4856920027115,43.288800886056,82.1975864137765,0
141,22,0,5,150,20.1380148215676,-21.0494249534476,30.1985166550575,84.7066922556535,0
141,23,0,5,165,20.1380148215676,-25.3226586076717,15.5944825814208,86.2784785691319,0
142,0,0,5,-180,20.341851518409,-26.610048481591,-7.35856496871005e-15,86.610048481591,0
142,1,0,5,-165,20.341851518409,-25.1233267430984,-15.5473740586475,86.0752257001845,0
142,2,0,5,-150,20.341851518409,-20.8618389676901,-30.113112543281,84.5050527959579,0
142,3,0,5,-135,20.341851518409,-14.3132869222846,-43.1765268955315,81.9982142323772,0
142,4,0,5,-120,20.341851518409,-6.04519569143064,-54.7415793010526,78.7071431538499,0
142,5,0,5,-105,20.341851518409,3.43669609227845,-65.1372842459744,74.8255284239604,0
142,6,52.633701506235,5,-90,20.341851518409,13.7266519714148,-74.8407150184373,70.5784134370434,17.5015728205506
142,7,102.208523596648,5,-75,20.341851518409,24.4962950099355,-84.4265453168548,66.2170026254263,41.2180158871529
142,8,145.843357808491,5,-60,20.341851518409,35.4430189085625,-85.354237004795,57.64285491778,78.0546536946784
142,9,181.002306183541,5,-45,20.341851518409,46.2036089003918,-73.3292657762948,43.5833766318014,131.112986607138
142,10,205.642058439817,5,-30,20.341851518409,56.1702808083151,-57.3621976271157,29.5956569139663,178.812426111494
142,11,218.330641738039,5,-15,20.341851518409,64.0463231554521,-33.6769247761966,16.098989265056,209.768597339122
142,12,218.330641738039,5,0,20.341851518409,67.293751518409,0,7.293751518409,216.56397435745
142,13,205.642058439817,5,15,20.341851518409,64.0463231554521,33.6769247761966,16.098989265056,197.5776089396
142,14,181.002306183541,5,30,20.341851518409,56.1702808083151,57.3621976271157,29.5956569139663,157.387363976064
142,15,145.843357808491,5,45,20.341851518409,46.2036089003918,73.3292657762948,43.5833766318014,105.644831948686
142,16,102.208523596648,5,60,20.341851518409,35.4430189085625,85.354237004795,57.64285491778,54.7015032693951
142,17,52.6337015062351,5,75,20.341851518409,24.4962950099355,84.4265453168548,66.2170026254263,21.2257908493534
142,18,2.69341725995155e-14,5,90,20.341851518409,13.7266519714148,74.8407150184373,70.5784134370434,8.95605609375312e-15
142,19,0,5,105,20.341851518409,3.43669609227845,65.1372842459744,74.8255284239604,0
142,20,0,5,120,20.341851518409,-6.04519569143064,54.7415793010526,78.7071431538499,0
142,21,0,5,135,20.341851518409,-14.3132869222846,43.1765268955315,81.9982142323772,0
142,22,0,5,150,20.341851518409,-20.8618389676901,30.113112543281,84.5050527959579,0
142,23,0,5,165,20.341851518409,-25.1233267430984,15.5473740586475,86.0752257001845,0
143,0,0,5,-180,20.5396604856325,-26.4122395143675,-7.33645711129277e-15,86.4122395143675,0
143,1,0,5,-165,20.5396604856325,-24.9298752037823,-15.5018053393552,85.877983568287,0
143,2,0,5,-150,20.5396604856325,-20.6797597502306,-30.030437502005,84.3093775207106,0
143,3,0,5,-135,20.5396604856325,-14.1459297781969,-43.0677377440083,81.8047419823347,0
143,4,0,5,-120,20.5396604856325,-5.89260166111513,-54.6150223677756,78.5160087288201,0
143,5,0,5,-105,20.5396604856325,3.5765488415547,-64.9971304334574,74.6363366518273,0
143,6,54.1744451783029,5,-90,20.5396604856325,13.8569328052323,-74.6874495577709,70.3903067323787,18.1815365621894
143,7,105.200468518939,5,-75,20.5396604856325,24.6210381102335,-84.2577589467464,66.0288094484882,42.7405563117635
143,8,150.112623017399,5,-60,20.5396604856325,35.567435072651,-85.5431443977131,57.6331499048736,80.3610211488491
143,9,186.300777503271,5,-45,20.5396604856325,46.3350003559824,-73.543172557902,43.5917025273401,134.932385177483
143,10,211.661807976426,5,-30,20.5396604856325,56.3193038911641,-57.5963021570071,29.6289183763694,183.986077490334
143,11,224.721823529359,5,-15,20.5396604856325,64.224573082458,-33.8735203170547,16.1822948107576,215.818311609152
143,12,224.721823529359,5,0,20.5396604856325,67.4915604856325,0,7.49156048563249,222.803615296885
143,13,211.661807976426,5,15,20.5396604856325,64.224573082458,33.8735203170547,16.1822948107576,203.275735806072
143,14,186.300777503271,5,30,20.5396604856325,56.3193038911641,57.5963021570071,29.6289183763694,161.941115470599
143,15,150.112623017399,5,45,20.5396604856325,46.3350003559824,73.543172557902,43.5917025273401,108.72232816436
143,16,105.200468518939,5,60,20.5396604856325,35.567435072651,85.5431443977131,57.6331499048736,56.3178292776847
143,17,54.174445178303,5,75,20.5396604856325,24.6210381102335,84.2577589467464,66.0288094484882,22.0098442278797
143,18,2.77226152666187e-14,5,90,20.5396604856325,13.8569328052323,74.6874495577709,70.3903067323787,9.3040130159267e-15
143,19,0,5,105,20.5396604856325,3.5765488415547,64.9971304334574,74.6363366518273,0
143,20,0,5,120,20.5396604856325,-5.89260166111513,54.6150223677756,78.5160087288201,0
143,21,0,5,135,20.5396604856325,-14.1459297781969,43.0677377440083,81.8047419823347,0
143,22,0,5,150,20.5396604856325,-20.6797597502306,30.030437502005,84.3093775207106,0
143,23,0,5,165,20.5396604856325,-24.9298752037823,15.5018053393552,85.877983568287,0
144,0,0,5,-180,20.7313831081719,-26.2205168918281,-7.3151017255027e-15,86.2205168918281,0
144,1,0,5,-165,20.7313831081719,-24.742362756034,-15.4577750202099,85.6868106089579,0
144,2,0,5,-150,20.7313831081719,-20.5032453635478,-29.950495373137,84.1197243324537,0
144,3,0,5,-135,20.7313831081719,-13.9836753597831,-42.9624486949416,81.6172267127482,0
144,4,0,5,-120,20.7313831081719,-5.74467553026833,-54.4924258419908,78.3307640697081,0
144,5,0,5,-105,20.7313831081719,3.71207812137469,-64.8612481873965,74.4529813571181,0
144,6,55.7292744114622,5,-90,20.7313831081719,13.9831139843528,-74.5387357966028,70.2080100874638,18.8702878432019
144,7,108.2197659618,5,-75,20.7313831081719,24.7417629555264,-84.0938444439851,65.8464342747514,44.2817630486105
144,8,154.420918077283,5,-60,20.7313831081719,35.6877410199157,-85.7267993651619,57.6241556173157,82.6878898977095
144,9,191.647687731313,5,-45,20.7313831081719,46.4619666154065,-73.7514794109259,43.6004555028871,138.784812053136
144,10,217.7365903854,5,-30,20.7313831081719,56.463317223345,-57.8249514456958,29.6622688015566,189.203865507427
144,11,231.171433846591,5,-15,20.7313831081719,64.397083179536,-34.0664976488578,16.2648756383674,221.919298927382
144,12,231.171433846591,5,0,20.7313831081719,67.6832831081718,0,7.6832831081718,229.096034503537
144,13,217.7365903854,5,15,20.7313831081719,64.397083179536,34.0664976488578,16.2648756383674,209.022155917553
144,14,191.647687731313,5,30,20.7313831081719,56.463317223345,57.8249514456958,29.6622688015566,166.533715211314
144,15,154.420918077283,5,45,20.7313831081719,46.4619666154065,73.7514794109259,43.6004555028871,111.826437073818
144,16,108.219765961801,5,60,20.7313831081719,35.6877410199157,85.7267993651619,57.6241556173157,57.9485228039301
144,17,55.7292744114622,5,75,20.7313831081719,24.7417629555264,84.0938444439851,65.8464342747514,22.8035100836427
144,18,2.85182659187721e-14,5,90,20.7313831081719,13.9831139843528,74.5387357966028,70.2080100874638,9.65646677369123e-15
144,19,0,5,105,20.7313831081719,3.71207812137469,64.8612481873965,74.4529813571181,0
144,20,0,5,120,20.7313831081719,-5.74467553026833,54.4924258419908,78.3307640697081,0
144,21,0,5,135,20.7313831081719,-13.9836753597831,42.9624486949416,81.6172267127482,0
144,22,0,5,150,20.7313831081719,-20.5032453635478,29.950495373137,84.1197243324537,0
144,23,0,5,165,20.7313831081719,-24.742362756034,15.4577750202099,85.6868106089579,0
145,0,0,5,-180,20.9169625744764,-26.0349374255236,-7.29449754629792e-15,86.0349374255236,0
145,1,0,5,-165,20.9169625744764,-24.5608463478121,-15.4152818445295,85.5017634574255,0
145,2,0,5,-150,20.9169625744764,-20.3323520552387,-29.8732900156078,83.9361493430478,0
145,3,0,5,-135,20.9169625744764,-13.8265767236594,-42.860674687142,81.4357236973318,0
145,4,0,5,-120,20.9169625744764,-5.60146435585729,-54.3738182040627,78.1514633885367,0
145,5,0,5,-105,20.9169625744764,3.8432449578744,-64.7296801550068,74.2755156387575,0
145,6,57.297728476255,5,-90,20.9169625744764,14.1051657920085,-74.3946317394747,70.0315756841737,19.5673018845662
145,7,111.265521242239,5,-75,20.9169625744764,24.858449460822,-83.9348788378849,65.6699288493532,45.8405762089669
145,8,158.766966347338,5,-60,20.9169625744764,35.8039256906923,-85.9050974435213,57.6158361199307,85.0345406894185
145,9,197.041452462771,5,-45,20.9169625744764,46.584502798612,-73.9540377964346,43.609568216777,142.669181276518
145,10,223.864605577607,5,-30,20.9169625744764,56.6023128945013,-58.0479297556607,29.6955900095261,194.464387847144
145,11,237.677561531004,5,-15,20.9169625744764,64.5638214818383,-34.2556137967559,16.3465080060455,228.069957974716
145,12,237.677561531004,5,0,20.9169625744764,67.8688625744764,0,7.8688625744764,235.439592294361
145,13,223.864605577607,5,15,20.9169625744764,64.5638214818383,34.2556137967559,16.3465080060455,214.815361017792
145,14,197.041452462772,5,30,20.9169625744764,56.6023128945013,58.0479297556607,29.6955900095261,171.163928906133
145,15,158.766966347338,5,45,20.9169625744764,46.584502798612,73.9540377964346,43.609568216777,114.956283662245
145,16,111.265521242239,5,60,20.9169625744764,35.8039256906923,85.9050974435213,57.6158361199307,59.5930797890512
145,17,57.2977284762551,5,75,20.9169625744764,24.858449460822,83.9348788378849,65.6699288493532,23.6062426121935
145,18,2.9320888787516e-14,5,90,20.9169625744764,14.1051657920085,74.3946317394747,70.0315756841737,1.00131488225904e-14
145,19,0,5,105,20.9169625744764,3.8432449578744,64.7296801550068,74.2755156387575,0
145,20,0,5,120,20.9169625744764,-5.60146435585729,54.3738182040627,78.1514633885367,0
145,21,0,5,135,20.9169625744764,-13.8265767236594,42.860674687142,81.4357236973318,0
145,22,0,5,150,20.9169625744764,-20.3323520552387,29.8732900156078,83.9361493430478,0
145,23,0,5,165,20.9169625744764,-24.5608463478121,15.4152818445295,85.5017634574255,0
146,0,0,5,-180,21.0963438933451,-25.8555561066549,-7.27464340361784e-15,85.8555561066549,0
146,1,0,5,-165,21.0963438933451,-24.3853810927566,-15.3743246934878,85.3228969320266,0
146,2,0,5,-150,21.0963438933451,-20.1671342436786,-29.7988252934441,83.75870685776,0
146,3,0,5,-135,21.0963438933451,-13.6746851815507,-42.7624303198261,81.2602864196114,0
146,4,0,5,-120,21.0963438933451,-5.46301361001186,-54.2592272071179,77.9781591273262,0
146,5,0,5,-105,21.0963438933451,3.97001176600168,-64.6024678970993,74.1039908453655,0
146,6,58.8793426058921,5,-90,21.0963438933451,14.2230597078659,-74.2551939576848,69.8610539678021,20.2720370611789
146,7,114.336831837232,5,-75,21.0963438933451,24.9710785841263,-83.78093733961,65.4993431835426,47.4159042444123
146,8,163.149479999666,5,-60,21.0963438933451,35.9159790012464,-86.0779364553779,57.6081561285729,87.4002529571828
146,9,202.48047340875,5,-45,21.0963438933451,46.7026051103442,-74.1507019297529,43.6189747634084,146.584410245821
146,10,230.044037689892,5,-30,21.0963438933451,56.7362844944896,-58.2650237391462,29.7287668532791,199.766250354657
146,11,244.238278676552,5,-15,21.0963438933451,64.7247580092763,-34.4406247884361,16.4269774935998,234.26869899845
146,12,244.238278676552,5,0,21.0963438933451,68.0482438933451,0,8.04824389334509,241.832661542545
146,13,230.044037689892,5,15,21.0963438933451,64.7247580092763,34.4406247884361,16.4269774935998,220.653853744734
146,14,202.48047340875,5,30,21.0963438933451,56.7362844944896,58.2650237391462,29.7287668532791,175.830529445967
146,15,163.149479999666,5,45,21.0963438933451,46.7026051103442,74.1507019297529,43.6189747634084,118.11099561875
146,16,114.336831837232,5,60,21.0963438933451,35.9159790012464,86.0779364553779,57.6081561285729,61.2509952524362
146,17,58.8793426058921,5,75,21.0963438933451,24.9710785841263,83.78093733961,65.4993431835426,24.4174797054838
146,18,3.01302460383722e-14,5,90,21.0963438933451,14.2230597078659,74.2551939576848,69.8610539678021,1.03737819975456e-14
146,19,0,5,105,21.0963438933451,3.97001176600168,64.6024678970993,74.1039908453655,0
146,20,0,5,120,21.0963438933451,-5.46301361001186,54.2592272071179,77.9781591273262,0
146,21,0,5,135,21.0963438933451,-13.6746851815507,42.7624303198261,81.2602864196114,0
146,22,0,5,150,21.0963438933451,-20.1671342436786,29.7988252934441,83.75870685776,0
146,23,0,5,165,21.0963438933451,-24.3853810927566,15.3743246934878,85.3228969320266,0
147,0,0,5,-180,21.2694739102218,-25.6824260897782,-7.25553821750843e-15,85.6824260897782,0
147,1,0,5,-165,21.2694739102218,-24.2160202547535,-15.3349025773908,85.1502640181446,0
147,2,0,5,-150,21.2694739102218,-20.0076445042289,-29.727105063749,83.5874493598923,0
147,3,0,5,-135,21.2694739102218,-13.5280502887017,-42.6677298374751,81.0909665586644,0
147,4,0,5,-120,21.2694739102218,-5.32936717279959,-54.148679853998,77.8109019452896,0
147,5,0,5,-105,21.2694739102218,4.09234234882052,-64.4796518519653,73.9384565640921,0
147,6,60.4736481339727,5,-90,21.2694739102218,14.3367683952892,-74.1204775348437,69.696493637435,20.9839354563488
147,7,117.432787651166,5,-75,21.2694739102218,25.0796322971847,-83.6320932607164,65.334725546065,49.0066250010804
147,8,167.567160400889,5,-60,21.2694739102218,36.0238917929923,-86.2452166378707,57.6010810710946,89.78430497453
147,9,207.963138869958,5,-45,21.2694739102218,46.8162707637268,-74.3413290067512,43.6286107709056,150.529419801107
147,10,236.273055623157,5,-30,21.2694739102218,56.865227020127,-58.4760228797118,29.7616873573098,205.10806704082
147,11,250.851641201152,5,-15,21.2694739102218,64.879864716028,-34.6212862992287,16.506078944027,240.513943755439
147,12,250.851641201152,5,0,21.2694739102218,68.2213739102218,0,8.22137391022176,248.273627599513
147,13,236.273055623157,5,15,21.2694739102218,64.879864716028,34.6212862992287,16.506078944027,226.536147576988
147,14,207.963138869958,5,30,21.2694739102218,56.865227020127,58.4760228797118,29.7616873573098,180.532296909009
147,15,167.567160400889,5,45,21.2694739102218,46.8162707637268,74.3413290067512,43.6286107709056,121.289703405745
147,16,117.432787651166,5,60,21.2694739102218,36.0238917929923,86.2452166378707,57.6010810710946,62.9217634007575
147,17,60.4736481339728,5,75,21.2694739102218,25.0796322971847,83.6320932607164,65.334725546065,25.2366434947647
147,18,3.09460978413202e-14,5,90,21.2694739102218,14.3367683952892,74.1204775348437,69.696493637435,1.07380807966059e-14
147,19,0,5,105,21.2694739102218,4.09234234882052,64.4796518519653,73.9384565640921,0
147,20,0,5,120,21.2694739102218,-5.32936717279959,54.148679853998,77.8109019452896,0
147,21,0,5,135,21.2694739102218,-13.5280502887017,42.6677298374751,81.0909665586644,0
147,22,0,5,150,21.2694739102218,-20.0076445042289,29.727105063749,83.5874493598923,0
147,23,0,5,165,21.2694739102218,-24.2160202547535,15.3349025773908,85.1502640181446,0
148,0,0,5,-180,21.4363013229461,-25.5155986770539,-7.2371809933311e-15,85.5155986770539,0
148,1,0,5,-165,21.4363013229461,-24.0528152330331,-15.2970146270486,84.9839158526926,0
148,2,0,5,-150,21.4363013229461,-19.8539335559887,-29.65813316464,83.4224274959532,0
148,3,0,5,-135,21.4363013229461,-13.3867198328567,-42.5765871145653,80.9278139754021,0
148,4,0,5,-120,21.4363013229461,-5.20056732554459,-54.0422023742171,77.6497407065699,0
148,5,0,5,-105,21.4363013229461,4.21020189637248,-64.3612712995474,73.7789606099961,0
148,6,62.0801726333609,5,-90,21.4363013229461,14.4462656883074,-73.9905360131028,69.5379416368742,21.7024234284811
148,7,120.552471285517,5,-75,21.4363013229461,25.1840935560642,-83.4884179329042,65.1761224551077,50.6115867929774
148,8,172.018698496963,5,-60,21.4363013229461,36.1276557815592,-86.406840769032,57.594577146635,92.1859739761653
148,9,213.487824214293,5,-45,21.4363013229461,46.925497903219,-74.525779427374,43.638413495182,154.503134245914
148,10,242.549813584956,5,-30,21.4363013229461,56.9891367795879,-58.6807199350582,29.7942428471415,210.488459994794
148,11,257.515689422761,5,-15,21.4363013229461,65.029115436062,-34.7973543250819,16.5836163823604,246.804125344616
148,12,257.515689422761,5,0,21.4363013229461,68.3882013229461,0,8.38820132294603,254.760888101973
148,13,242.549813584956,5,15,21.4363013229461,65.029115436062,34.7973543250819,16.5836163823604,232.460766676082
148,14,213.487824214293,5,30,21.4363013229461,56.9891367795879,58.6807199350582,29.7942428471415,185.268018483825
148,15,172.018698496963,5,45,21.4363013229461,46.925497903219,74.525779427374,43.638413495182,124.491540276348
148,16,120.552471285517,5,60,21.4363013229461,36.1276557815592,86.406840769032,57.594577146635,64.6048777126709
148,17,62.080172633361,5,75,21.4363013229461,25.1840935560642,83.4884179329042,65.1761224551077,26.0631409033076
148,18,3.1768202441863e-14,5,90,21.4363013229461,14.4462656883074,73.9905360131028,69.5379416368742,1.11057516709372e-14
148,19,0,5,105,21.4363013229461,4.21020189637248,64.3612712995474,73.7789606099961,0
148,20,0,5,120,21.4363013229461,-5.20056732554459,54.0422023742171,77.6497407065699,0
148,21,0,5,135,21.4363013229461,-13.3867198328567,42.5765871145653,80.9278139754021,0
148,22,0,5,150,21.4363013229461,-19.8539335559887,29.65813316464,83.4224274959532,0
148,23,0,5,165,21.4363013229461,-24.0528152330331,15.2970146270486,84.9839158526926,0
149,0,0,5,-180,21.5967766969551,-25.3551233030449,-7.2195708170641e-15,85.3551233030449,0
149,1,0,5,-165,21.5967766969551,-23.8958155478052,-15.2606600852644,84.8239017091435,0
149,2,0,5,-150,21.5967766969551,-19.7060502490855,-29.5919134031897,83.2636900613758,0
149,3,0,5,-135,21.5967766969551,-13.2507398237957,-42.4890156402336,80.7708766993936,0
149,4,0,5,-120,21.5967766969551,-5.07665474466496,-53.9398202009999,77.4947224685128,0
149,5,0,5,-105,21.5967766969551,4.32355698413676,-64.2473643259923,73.6255490159553,0
149,6,63.698440056176,5,-90,21.5967766969551,14.5515265783556,-73.8654213401775,69.3854431460952,22.4269121892775
149,7,123.694958310696,5,-75,21.5967766969551,25.2844462716879,-83.3499806291503,65.0235786707896,52.2296094931522
149,8,176.502775201078,5,-60,21.5967766969551,36.2272635058782,-86.5627142918453,57.5886113831621,94.6045362448361
149,9,219.052892358257,5,-45,21.5967766969551,47.0302855272348,-74.7039170158314,43.6483219103667,158.504481305317
149,10,248.87245163644,5,-30,21.5967766969551,57.1080112948596,-58.8789113795593,29.8263280702343,215.906059205854
149,11,264.228448640069,5,-15,21.5967766969551,65.1724858249312,-34.968585880752,16.6594029160715,253.137687930692
149,12,264.228448640069,5,0,21.5967766969551,68.5486766969551,0,8.54867669695506,261.292852665894
149,13,248.87245163644,5,15,21.5967766969551,65.1724858249312,34.968585880752,16.6594029160715,238.426245626218
149,14,219.052892358257,5,30,21.5967766969551,57.1080112948596,58.8789113795593,29.8263280702343,190.036488312515
149,15,176.502775201078,5,45,21.5967766969551,47.0302855272348,74.7039170158314,43.6483219103667,127.7156422406
149,16,123.694958310696,5,60,21.5967766969551,36.2272635058782,86.5627142918453,57.5886113831621,66.29983099969
149,17,63.6984400561761,5,75,21.5967766969551,25.2844462716879,83.3499806291503,65.0235786707896,26.8963642083168
149,18,3.25963162326651e-14,5,90,21.5967766969551,14.5515265783556,73.8654213401775,69.3854431460952,1.14764933207029e-14
149,19,0,5,105,21.5967766969551,4.32355698413676,64.2473643259923,73.6255490159553,0
149,20,0,5,120,21.5967766969551,-5.07665474466496,53.9398202009999,77.4947224685128,0
149,21,0,5,135,21.5967766969551,-13.2507398237957,42.4890156402336,80.7708766993936,0
149,22,0,5,150,21.5967766969551,-19.7060502490855,29.5919134031897,83.2636900613758,0
149,23,0,5,165,21.5967766969551,-23.8958155478052,15.2606600852644,84.8239017091435,0
150,0,0,5,-180,21.7508524799322,-25.2010475200678,-7.20270685070538e-15,85.2010475200678,0
150,1,0,5,-165,21.7508524799322,-23.7450688264325,-15.2258382984618,84.6702689831125,0
150,2,0,5,-150,21.7508524799322,-19.5640415525015,-29.5284495434162,83.1112839867815,0
150,3,0,5,-135,21.7508524799322,-13.120154483413,-42.4050285029429,80.6202009162294,0
150,4,0,5,-120,21.7508524799322,-4.95766849600367,-53.8415579484748,77.3458924704712,0
150,5,0,5,-105,21.7508524799322,4.4323755711302,-64.1379677886764,73.4782660231007,0
150,6,65.3279708748555,5,-90,21.7508524799322,14.6525272008546,-73.7451838172864,69.2390415732233,23.156798392808
150,7,126.859317539977,5,-75,21.7508524799322,25.3806752804266,-83.2168484863898,64.8771371881741,53.8594856415766
150,8,181.018061784532,5,-60,21.7508524799322,36.3227082774663,-86.7127454357559,57.5831516932049,97.0392671647439
150,9,224.656694252053,5,-45,21.7508524799322,47.1306334107086,-74.8756092368877,43.658276795571,162.53239202163
150,10,255.239096243502,5,-30,21.7508524799322,57.2218492026876,-59.0703978449251,29.8578413086037,221.359502296179
150,11,270.987929717645,5,-15,21.7508524799322,65.3099532981299,-35.1347397202516,16.7332606208435,259.513086361193
150,12,270.987929717645,5,0,21.7508524799322,68.7027524799322,0,8.70275247993218,267.867942469692
150,13,255.239096243502,5,15,21.7508524799322,65.3099532981299,35.1347397202516,16.7332606208435,244.431129073569
150,14,224.656694252053,5,30,21.7508524799322,57.2218492026876,59.0703978449251,29.8578413086037,194.836507255519
150,15,181.018061784532,5,45,21.7508524799322,47.1306334107086,74.8756092368877,43.658276795571,130.961147981418
150,16,126.859317539977,5,60,21.7508524799322,36.3227082774663,86.7127454357559,57.5831516932049,68.0061154436182
150,17,65.3279708748556,5,75,21.7508524799322,25.3806752804266,83.2168484863898,64.8771371881741,27.7356916114485
150,18,3.34301938257381e-14,5,90,21.7508524799322,14.6525272008546,73.7451838172864,69.2390415732233,1.18499969965097e-14
150,19,0,5,105,21.7508524799322,4.4323755711302,64.1379677886764,73.4782660231007,0
150,20,0,5,120,21.7508524799322,-4.95766849600367,53.8415579484748,77.3458924704712,0
150,21,0,5,135,21.7508524799322,-13.120154483413,42.4050285029429,80.6202009162294,0
150,22,0,5,150,21.7508524799322,-19.5640415525015,29.5284495434162,83.1112839867815,0
150,23,0,5,165,21.7508524799322,-23.7450688264325,15.2258382984618,84.6702689831125,0
151,0,0,5,-180,21.8984830158976,-25.0534169841024,-7.1865883277854e-15,85.0534169841024,0
151,1,0,5,-165,21.8984830158976,-23.6006207901461,-15.1925487084705,84.5230631784946,0
151,2,0,5,-150,21.8984830158976,-19.4279525424312,-29.4677452943687,82.9652543247935,0
151,3,0,5,-135,21.8984830158976,-12.9950062363228,-42.3246383752078,80.4758309554219,0
151,4,0,5,-120,21.8984830158976,-4.84364602962745,-53.7474393890999,77.2032941231332,0
151,5,0,5,-105,21.8984830158976,4.53662699768887,-64.0331172817987,73.3371540717609,0
151,6,66.9682822242496,5,-90,21.8984830158976,14.7492448216967,-73.6298720481243,69.0987785470133,23.8914647348473
151,7,130.044611305427,5,-75,21.8984830158976,25.4727663148568,-83.0890864299088,64.7368392307864,55.4999815686697
151,8,185.563220270463,5,-60,21.8984830158976,36.4139841300812,-86.8568453353708,57.5781669277161,99.489441242178
151,9,230.297569368241,5,-45,21.8984830158976,47.2265420279007,-75.0407274076967,43.6682208179756,166.585800589122
151,10,261.647860831941,5,-30,21.8984830158976,57.3306501544542,-59.2549845574094,29.8886844834983,226.847434166651
151,11,277.792129675366,5,-15,21.8984830158976,65.4414969663466,-35.2955770762952,16.8050204151236,265.928785679342
151,12,277.792129675366,5,0,21.8984830158976,68.8503830158976,0,8.85038301589756,274.484589729226
151,13,261.647860831941,5,15,21.8984830158976,65.4414969663466,35.2955770762952,16.8050204151236,250.473971267465
151,14,230.297569368241,5,30,21.8984830158976,57.3306501544542,59.2549845574094,29.8886844834983,199.666882579856
151,15,185.563220270463,5,45,21.8984830158976,47.2265420279007,75.0407274076967,43.6682208179756,134.227198721419
151,16,130.044611305427,5,60,21.8984830158976,36.4139841300812,86.8568453353708,57.5781669277161,69.7232226110092
151,17,66.9682822242497,5,75,21.8984830158976,25.4727663148568,83.0890864299088,64.7368392307864,28.5804878173849
151,18,3.42695881251547e-14,5,90,21.8984830158976,14.7492448216967,73.6298720481243,69.0987785470133,1.22259468061046e-14
151,19,0,5,105,21.8984830158976,4.53662699768887,64.0331172817987,73.3371540717609,0
151,20,0,5,120,21.8984830158976,-4.84364602962745,53.7474393890999,77.2032941231332,0
151,21,0,5,135,21.8984830158976,-12.9950062363228,42.3246383752078,80.4758309554219,0
151,22,0,5,150,21.8984830158976,-19.4279525424312,29.4677452943687,82.9652543247935,0
151,23,0,5,165,21.8984830158976,-23.6006207901461,15.1925487084705,84.5230631784946,0
152,0,0,6,-180,22.0396245587374,-24.9122754412626,-7.17121454899845e-15,84.9122754412626,0
152,1,0,6,-165,22.0396245587374,-23.4625152413046,-15.1607908444919,84.3823278941617,0
152,2,0,6,-150,22.0396245587374,-19.2978263911658,-29.4098042983504,82.8256442374,0
152,3,0,6,-135,22.0396245587374,-12.8753357009806,-42.2478574984444,80.3378092788433,0
152,4,0,6,-120,22.0396245587374,-4.73462317506877,-53.6574874313936,77.0669689983688,0
152,5,0,6,-105,22.0396245587374,4.63628198297245,-63.9328471026298,73.2022537929064,0
152,6,68.6188880447048,6,-90,22.0396245587374,14.8416578237046,-73.5195328889875,68.9646939098144,24.6302805618987
152,7,133.249895735761,6,-75,22.0396245587374,25.560705974792,-82.9667570996123,64.6027242446145,57.149838533473
152,8,190.136903830318,6,-60,22.0396245587374,36.5010857699241,-86.9949281460942,57.5736269280113,101.954332094166
152,9,235.973846193783,6,-45,22.0396245587374,47.3180124757315,-75.1991469046541,43.6780986122284,170.663644129339
152,10,268.096846346496,6,-30,22.0396245587374,57.4344147154522,-59.4324817699913,29.9187632524896,232.368506558002
152,11,284.639032281937,6,-15,22.0396245587374,65.5670975679827,-35.4508624152037,16.8745219264794,272.383260535594
152,12,284.639032281937,6,0,22.0396245587374,68.9915245587375,0,8.99152455873746,281.141237067545
152,13,268.096846346496,6,15,22.0396245587374,65.5670975679827,35.4508624152037,16.8745219264794,256.553335506133
152,14,235.973846193783,6,30,22.0396245587374,57.4344147154522,59.4324817699913,29.9187632524896,204.526427572853
152,15,190.136903830319,6,45,22.0396245587374,47.3180124757315,75.1991469046541,43.6780986122284,137.512938041889
152,16,133.249895735761,6,60,22.0396245587374,36.5010857699241,86.9949281460942,57.5736269280113,71.4506434452125
152,17,68.6188880447049,6,75,22.0396245587374,25.560705974792,82.9667570996123,64.6027242446145,29.4301046199535
152,18,3.51142504002682e-14,6,90,22.0396245587374,14.8416578237046,73.5195328889875,68.9646939098144,1.260402002603e-14
152,19,0,6,105,22.0396245587374,4.63628198297245,63.9328471026298,73.2022537929064,0
152,20,0,6,120,22.0396245587374,-4.73462317506877,53.6574874313936,77.0669689983688,0
152,21,0,6,135,22.0396245587374,-12.8753357009806,42.2478574984444,80.3378092788433,0
152,22,0,6,150,22.0396245587374,-19.2978263911658,29.4098042983504,82.8256442374,0
152,23,0,6,165,22.0396245587374,-23.4625152413046,15.1607908444919,84.3823278941617,0
153,0,0,6,-180,22.1742352851665,-24.7776647148335,-7.15658487796076e-15,84.7776647148335,0
153,1,0,6,-165,22.1742352851665,-23.3307940511986,-15.1305643152634,84.2481048112211,0
153,2,0,6,-150,22.1742352851665,-19.1737043565012,-29.3546301193245,82.692494983868,0
153,3,0,6,-135,22.1742352851665,-12.7611816813058,-42.1746976680019,80.2061764696962,0
153,4,0,6,-120,22.1742352851665,-4.63063413698576,-53.5717240980453,76.9369568195877,0
153,5,0,6,-105,22.1742352851665,4.73131262223263,-63.8371902185103,73.073604000082,0
153,6,70.2792992260934,6,-90,22.1742352851665,14.92974569313,-73.4142114001673,68.8368257110048,25.3726024893654
153,7,136.474221036025,6,-75,22.1742352851665,25.6444816986942,-82.8499207783228,64.4748298925736,58.8077738755663
153,8,194.737757182952,6,-60,22.1742352851665,36.5840085265623,-87.1269111564551,57.5695025757318,104.433212406052
153,9,241.683842725353,6,-45,22.1742352851665,47.4050463979413,-75.3507473647507,43.68785685615,174.764862408824
153,10,274.58414181358,6,-30,22.1742352851665,57.5331442640262,-59.6027051879666,29.9479870993324,237.921377529913
153,11,291.526608652347,6,-15,22.1742352851665,65.6867373993422,-35.6003642034729,16.9416133524248,278.874994500985
153,12,291.526608652347,6,0,22.1742352851665,69.1261352851665,0,9.12613528516652,287.836336782656
153,13,274.58414181358,6,15,22.1742352851665,65.6867373993422,35.6003642034729,16.9416133524248,262.667793489949
153,14,241.683842725353,6,30,22.1742352851665,57.5331442640262,59.6027051879666,29.9479870993324,209.413961083659
153,15,194.737757182952,6,45,22.1742352851665,47.4050463979413,75.3507473647507,43.68785685615,140.817511655328
153,16,136.474221036025,6,60,22.1742352851665,36.5840085265623,87.1269111564551,57.5695025757318,73.1878682366451
153,17,70.2792992260935,6,75,22.1742352851665,25.6444816986942,82.8499207783228,64.4748298925736,30.2838814953221
153,18,3.59639303594174e-14,6,90,22.1742352851665,14.92974569313,73.4142114001673,68.8368257110048,1.29838874179599e-14
153,19,0,6,105,22.1742352851665,4.73131262223263,63.8371902185103,73.073604000082,0
153,20,0,6,120,22.1742352851665,-4.63063413698576,53.5717240980453,76.9369568195877,0
153,21,0,6,135,22.1742352851665,-12.7611816813058,42.1746976680019,80.2061764696962,0
153,22,0,6,150,22.1742352851665,-19.1737043565012,29.3546301193245,82.692494983868,0
153,23,0,6,165,22.1742352851665,-23.3307940511986,15.1305643152634,84.2481048112211,0
154,0,0,6,-180,22.3022753071213,-24.6496246928786,-7.14269873710328e-15,84.6496246928786,0
154,1,0,6,-165,22.3022753071213,-23.2054971484034,-15.1018688014411,84.1204336808401,0
154,2,0,6,-150,22.3022753071213,-19.0556257716648,-29.3022262315426,82.5658459092109,0
154,3,0,6,-135,22.3022753071213,-12.6525811587916,-42.105170218438,80.0809712220161,0
154,4,0,6,-120,22.3022753071213,-4.53171149121547,-53.4901705044779,76.8132954526019,0
154,5,0,6,-105,22.3022753071213,4.8216923838861,-63.7461782346853,72.9512416818147,0
154,6,71.9490237527478,6,-90,22.3022753071213,15.0134890062558,-73.3139507987245,68.715210200879,26.1177750283607
154,7,139.716631769046,6,-75,22.3022753071213,25.7240817355713,-82.7386353222637,64.3531920494116,60.4724821798846
154,8,199.364416996221,6,-60,22.3022753071213,36.662748304746,-87.2527148968888,57.5657658407849,106.925353859042
154,9,247.425866967745,6,-45,22.3022753071213,47.4876459103643,-75.4954128809356,43.6974443427492,178.888397501202
154,10,281.107824907538,6,-30,22.3022753071213,57.6268408910605,-59.7654763864164,29.9762694169482,243.504710860914
154,11,298.452817849073,6,-15,22.3022753071213,65.8004002429309,-35.7438556819731,17.0061513180552,285.402479285714
154,12,298.452817849073,6,0,22.3022753071213,69.2541753071213,0,9.25417530712133,294.568350016904
154,13,281.107824907538,6,15,22.3022753071213,65.8004002429309,35.7438556819731,17.0061513180552,268.815924585431
154,14,247.425866967745,6,30,22.3022753071213,57.6268408910605,59.7654763864164,29.9762694169482,214.328306995044
154,15,199.364416996221,6,45,22.3022753071213,47.4876459103643,75.4954128809356,43.6974443427492,144.140067133177
154,16,139.716631769046,6,60,22.3022753071213,36.662748304746,87.2527148968888,57.5657658407849,74.9343865720124
154,17,71.9490237527479,6,75,22.3022753071213,25.7240817355713,82.7386353222637,64.3531920494116,31.1411462018373
154,18,3.68183762240926e-14,6,90,22.3022753071213,15.0134890062558,73.3139507987245,68.715210200879,1.33652135494565e-14
154,19,0,6,105,22.3022753071213,4.8216923838861,63.7461782346853,72.9512416818147,0
154,20,0,6,120,22.3022753071213,-4.53171149121547,53.4901705044779,76.8132954526019,0
154,21,0,6,135,22.3022753071213,-12.6525811587916,42.105170218438,80.0809712220161,0
154,22,0,6,150,22.3022753071213,-19.0556257716648,29.3022262315426,82.5658459092109,0
154,23,0,6,165,22.3022753071213,-23.2054971484034,15.1018688014411,84.1204336808401,0
155,0,0,6,-180,22.4237066835802,-24.5281933164198,-7.12955560370725e-15,84.5281933164198,0
155,1,0,6,-165,22.4237066835802,-23.0866625076813,-15.0747040482196,83.9993523126381,0
155,2,0,6,-150,22.4237066835802,-18.9436280357568,-29.2525960084382,82.4457344332075,0
155,3,0,6,-135,22.4237066835802,-12.5495692850907,-42.0392860090927,79.9622303307028,0
155,4,0,6,-120,22.4237066835802,-4.43788618119627,-53.4128468379323,76.6960208969866,0
155,5,0,6,-105,22.4237066835802,4.90739610643228,-63.6598413630615,72.8352019944871,0
155,6,73.627566849255,6,-90,22.4237066835802,15.0928694161685,-73.2187924127549,68.5998818249691,26.8651312206856
155,7,142.976167138548,6,-75,22.4237066835802,25.7994951174632,-82.6329560938753,64.2378447970363,62.1426364536781
155,8,204.01551229097,6,-60,22.4237066835802,36.7373015372892,-87.3722632447488,57.5623898272164,109.430027028846
155,9,253.198217435255,6,-45,22.4237066835802,47.5658135276087,-75.6330321910163,43.7068120485581,183.033193395813
155,10,287.665962520276,6,-30,22.4237066835802,57.7155073003027,-59.9206232180467,30.0035275838842,249.117175372207
155,11,305.415607486848,6,-15,22.4237066835802,65.9080712943357,-35.8811156435482,17.0680007325277,291.964213866722
155,12,305.415607486848,6,0,22.4237066835802,69.3756066835802,0,9.37560668358017,301.335745831833
155,13,287.665962520276,6,15,22.4237066835802,65.9080712943357,35.8811156435482,17.0680007325277,274.996315003525
155,14,253.198217435255,6,30,22.4237066835802,57.7155073003027,59.9206232180467,30.0035275838842,219.268293628248
155,15,204.01551229097,6,45,22.4237066835802,47.5658135276087,75.6330321910163,43.7068120485581,147.479753590475
155,16,142.976167138548,6,60,22.4237066835802,36.7373015372892,87.3722632447488,57.5623898272164,76.6896872632784
155,17,73.6275668492551,6,75,22.4237066835802,25.7994951174632,82.6329560938753,64.2378447970363,32.0012153861171
155,18,3.76773348035437e-14,6,90,22.4237066835802,15.0928694161685,73.2187924127549,68.5998818249691,1.37476571189063e-14
155,19,0,6,105,22.4237066835802,4.90739610643228,63.6598413630615,72.8352019944871,0
155,20,0,6,120,22.4237066835802,-4.43788618119627,53.4128468379323,76.6960208969866,0
155,21,0,6,135,22.4237066835802,-12.5495692850907,42.0392860090927,79.9622303307028,0
155,22,0,6,150,22.4237066835802,-18.9436280357568,29.2525960084382,82.4457344332075,0
155,23,0,6,165,22.4237066835802,-23.0866625076813,15.0747040482196,83.9993523126381,0
156,0,0,6,-180,22.5384934318054,-24.4134065681945,-7.11715500608989e-15,84.4134065681945,0
156,1,0,6,-165,22.5384934318054,-22.9743261394356,-15.0490698582063,83.8848965636505,0
156,2,0,6,-150,22.5384934318054,-18.837746604704,-29.205742711823,82.3321960399761,0
156,3,0,6,-135,22.5384934318054,-12.4521793750631,-41.9770554100189,79.8499886820781,0
156,4,0,6,-120,22.5384934318054,-4.34918751473549,-53.3397723371438,76.585167277931,0
156,5,0,6,-105,22.5384934318054,4.98839999525498,-63.5782083919741,72.7255182556609,0
156,6,75.3144311270698,6,-90,22.5384934318054,15.1678696397629,-73.1287756372549,68.4908732187846,27.6139932815341
156,7,146.251861273853,6,-75,22.5384934318054,25.8707116326198,-82.5329358971069,64.1288204202402,63.8168893149281
156,8,208.689664847285,6,-60,22.5384934318054,36.8076651391802,-87.4854835253266,57.5593488169742,111.94650125669
156,9,258.999183655861,6,-45,22.5384934318054,47.6395520914282,-75.7634988596488,43.7159131982984,187.198195555235
156,10,294.256611334085,6,-30,22.5384934318054,57.7991467100106,-60.0679802099322,30.0296830345937,254.757444178768
156,11,312.412914340835,6,-15,22.5384934318054,66.009737088179,-36.0119292096076,17.1270346461557,298.558703528277
156,12,312.412914340835,6,0,22.5384934318054,69.4903934318054,0,9.49039343180543,308.137000192739
156,13,294.256611334085,6,15,22.5384934318054,66.009737088179,36.0119292096076,17.1270346461557,281.207556895945
156,14,258.999183655861,6,30,22.5384934318054,57.7991467100106,60.0679802099322,30.0296830345937,224.23275308381
156,15,208.689664847285,6,45,22.5384934318054,47.6395520914282,75.7634988596488,43.7159131982984,150.835721329327
156,16,146.251861273853,6,60,22.5384934318054,36.8076651391802,87.4854835253266,57.5593488169742,78.4532582572676
156,17,75.3144311270699,6,75,22.5384934318054,25.8707116326198,82.5329358971069,64.1288204202402,32.8633951950414
156,18,3.85405515698059e-14,6,90,22.5384934318054,15.1678696397629,73.1287756372549,68.4908732187846,1.41308712844107e-14
156,19,0,6,105,22.5384934318054,4.98839999525498,63.5782083919741,72.7255182556609,0
156,20,0,6,120,22.5384934318054,-4.34918751473549,53.3397723371438,76.585167277931,0
156,21,0,6,135,22.5384934318054,-12.4521793750631,41.9770554100189,79.8499886820781,0
156,22,0,6,150,22.5384934318054,-18.837746604704,29.205742711823,82.3321960399761,0
156,23,0,6,165,22.5384934318054,-22.9743261394356,15.0490698582063,83.8848965636505,0
157,0,0,6,-180,22.6466015380063,-24.3052984619937,-7.10549651994778e-15,84.3052984619937,0
157,1,0,6,-165,22.6466015380063,-22.8685220797177,-15.024966084569,83.777100327866,0
157,2,0,6,-150,22.6466015380063,-18.7380149827197,-29.1616694814259,82.2252642681032,0
157,3,0,6,-135,22.6466015380063,-12.3604429002738,-41.9184882883236,79.7442792449676,0
157,4,0,6,-120,22.6466015380063,-4.26564316109918,-53.2709652726769,76.4807668385745,0
157,5,0,6,-105,22.6466015380063,5.06468161934651,-63.5013066570433,72.6222219378419,0
157,6,77.009116731901,6,-90,22.6466015380063,15.2384734450408,-73.0439378916904,68.3882152029524,28.3636732495179
157,7,149.542743516094,6,-75,22.6466015380063,25.9377217994693,-82.4386249153245,64.0261494028042,65.493874191604
157,8,213.385489612887,6,-60,22.6466015380063,36.8738364630871,-87.5923066086792,57.5566183115263,114.474044494041
157,9,264.827046678076,6,-45,22.6466015380063,47.7088647010661,-75.886711452991,43.7247033258961,191.382350424209
157,10,300.877818397482,6,-30,22.6466015380063,57.8777627564135,-60.2073889477478,30.0546613238729,260.424193871324
157,11,319.442664957998,6,-15,22.6466015380063,66.1053854236667,-36.1360886011693,17.183134109637,305.184458819872
157,12,319.442664957998,6,0,22.6466015380063,69.5985015380063,0,9.59850153800632,314.97059486735
157,13,300.877818397482,6,15,22.6466015380063,66.1053854236667,36.1360886011693,17.183134109637,287.448247373633
157,14,264.827046678076,6,30,22.6466015380063,57.8777627564135,60.2073889477478,30.0546613238729,229.220520521557
157,15,213.385489612887,6,45,22.6466015380063,47.7088647010661,75.886711452991,43.7247033258961,154.207121443219
157,16,149.542743516094,6,60,22.6466015380063,36.8738364630871,87.5923066086792,57.5566183115263,80.2245865268452
157,17,77.0091167319011,6,75,22.6466015380063,25.9377217994693,82.4386249153245,64.0261494028042,33.7269818933266
157,18,3.94077707331215e-14,6,90,22.6466015380063,15.2384734450408,73.0439378916904,68.3882152029524,1.45145039964229e-14
157,19,0,6,105,22.6466015380063,5.06468161934651,63.5013066570433,72.6222219378419,0
157,20,0,6,120,22.6466015380063,-4.26564316109918,53.2709652726769,76.4807668385745,0
157,21,0,6,135,22.6466015380063,-12.3604429002738,41.9184882883236,79.7442792449676,0
157,22,0,6,150,22.6466015380063,-18.7380149827197,29.1616694814259,82.2252642681032,0
157,23,0,6,165,22.6466015380063,-22.8685220797177,15.024966084569,83.777100327866,0
158,0,0,6,-180,22.7479989674178,-24.2039010325822,-7.09457976486492e-15,84.2039010325822,0
158,1,0,6,-165,22.7479989674178,-22.7692823807895,-15.0023926244718,83.6759955263406,0
158,2,0,6,-150,22.7479989674178,-18.644464714268,-29.120379324809,82.1249707013264,0
158,3,0,6,-135,22.7479989674178,-12.2743894829287,-41.8635939949707,79.6451330623039,0
158,4,0,6,-120,22.7479989674178,-4.18727914840124,-53.2064429279844,76.382849932819,0
158,5,0,6,-105,22.7479989674178,5.13621990799169,-63.4291620132027,72.5253426626726,0
158,6,78.7111214918297,6,-90,22.7479989674178,15.3046656387648,-72.9643145793698,68.2919367787404,29.1134736436403
158,7,152.84783870584,6,-75,22.7479989674178,26.0005168414745,-82.3500706519639,63.9298604239573,67.1722065312249
158,8,218.101595113555,6,-60,22.7479989674178,36.9358132564161,-87.6926670020648,57.5541750712984,117.011923122501
158,9,270.680079580312,6,-45,22.7479989674178,47.7737546458478,-76.0025737056179,43.7331403318651,195.584604892663
158,10,307.527621703918,6,-30,22.7479989674178,57.951359399472,-60.3386984461156,30.0783921857809,266.116103633
158,11,326.502776271515,6,-15,22.7479989674178,66.195005290269,-36.2533938997147,17.2361880367228,311.839994435996
158,12,326.502776271515,6,0,22.7479989674178,69.6998989674178,0,9.69989896741784,321.835016243392
158,13,307.527621703918,6,15,22.7479989674178,66.195005290269,36.2533938997147,17.2361880367228,293.716987451636
158,14,270.680079580312,6,30,22.7479989674178,57.951359399472,60.3386984461156,30.0783921857809,234.230433383101
158,15,218.101595113555,6,45,22.7479989674178,47.7737546458478,76.0025737056179,43.7331403318651,157.59310538435
158,16,152.84783870584,6,60,22.7479989674178,36.9358132564161,87.6926670020648,57.5541750712984,82.0031579447014
158,17,78.7111214918298,6,75,22.7479989674178,26.0005168414745,82.3500706519639,63.9298604239573,34.5912624864058
158,18,4.02787353177363e-14,6,90,22.7479989674178,15.3046656387648,72.9643145793698,68.2919367787404,1.48981983339394e-14
158,19,0,6,105,22.7479989674178,5.13621990799169,63.4291620132027,72.5253426626726,0
158,20,0,6,120,22.7479989674178,-4.18727914840124,53.2064429279844,76.382849932819,0
158,21,0,6,135,22.7479989674178,-12.2743894829287,41.8635939949707,79.6451330623039,0
158,22,0,6,150,22.7479989674178,-18.644464714268,29.120379324809,82.1249707013264,0
158,23,0,6,165,22.7479989674178,-22.7692823807895,15.0023926244718,83.6759955263406,0
159,0,0,6,-180,22.8426556737933,-24.1092443262067,-7.08440440099224e-15,84.1092443262067,0
159,1,0,6,-165,22.8426556737933,-22.6766371022414,-14.9813494128172,83.5816120978897,0
159,2,0,6,-150,22.8426556737933,-18.5571253765279,-29.0818751076978,82.0313449597741,0
159,3,0,6,-135,22.8426556737933,-12.1940468902364,-41.8123813520982,79.5525792432477,0
159,4,0,6,-120,22.8426556737933,-4.11411986127023,-53.1462215812523,76.2914450186115,0
159,5,0,6,-105,22.8426556737933,5.20299514744783,-63.3617988079741,72.4349081955406,0
159,6,80.4199410661132,6,-90,22.8426556737933,15.366432054525,-72.8899390487183,68.2020651239473,29.8626881268713
159,7,156.166167472056,6,-75,22.8426556737933,26.0590886629695,-82.2673178740593,63.8399803551722,68.850485020245
159,8,222.836583865445,6,-60,22.8426556737933,36.9935936200759,-87.7865029377986,57.5519971528985,119.559401750442
159,9,276.5565479826,6,-45,22.8426556737933,47.8342253402869,-76.1109946793224,43.7411845370819,199.803905715673
159,10,314.204050773157,6,-30,22.8426556737933,58.019940831418,-60.4617655037615,30.1008095873568,271.831854294694
159,11,333.591156218033,6,-15,22.8426556737933,66.2785867940834,-36.3636537931579,17.286093071438,318.523828022577
159,12,333.591156218033,6,0,22.8426556737933,69.7945556737933,0,9.79455567379325,328.728754070007
159,13,314.204050773157,6,15,22.8426556737933,66.2785867940834,36.3636537931579,17.286093071438,300.012380924911
159,14,276.5565479826,6,30,22.8426556737933,58.019940831418,60.4617655037615,30.1008095873568,239.26133056039
159,15,222.836583865445,6,45,22.8426556737933,47.8342253402869,76.1109946793224,43.7411845370819,160.992824496259
159,16,156.166167472056,6,60,22.8426556737933,36.9935936200759,87.7865029377986,57.5519971528985,83.788457140828
159,17,80.4199410661133,6,75,22.8426556737933,26.0590886629695,82.2673178740593,63.8399803551722,35.4555153483689
159,18,4.11531872380469e-14,6,90,22.8426556737933,15.366432054525,72.8899390487183,68.2020651239473,1.52815928440711e-14
159,19,0,6,105,22.8426556737933,5.20299514744783,63.3617988079741,72.4349081955406,0
159,20,0,6,120,22.8426556737933,-4.11411986127023,53.1462215812523,76.2914450186115,0
159,21,0,6,135,22.8426556737933,-12.1940468902364,41.8123813520982,79.5525792432477,0
159,22,0,6,150,22.8426556737933,-18.5571253765279,29.0818751076978,82.0313449597741,0
159,23,0,6,165,22.8426556737933,-22.6766371022414,14.9813494128172,83.5816120978897,0
160,0,0,6,-180,22.9305436083077,-24.0213563916924,-7.07497012590518e-15,84.0213563916924,0
160,1,0,6,-165,22.9305436083077,-22.5906143026682,-14.9618364163076,83.493977990361,0
160,2,0,6,-150,22.9305436083077,-18.4760245723539,-29.0461595447575,81.9444146917602,0
160,3,0,6,-135,22.9305436083077,-12.1194410291857,-41.7648586408964,79.4666449558251,0
160,4,0,6,-120,22.9305436083077,-4.04618803877256,-53.0903164880918,76.2065786516905,0
160,5,0,6,-105,22.9305436083077,5.26498897765564,-63.2992398560648,72.350944440593,0
160,6,82.1350690946323,6,-90,22.9305436083077,15.4237595412737,-72.8208425565449,68.1186255891432,30.6106021760137
160,7,159.496746522313,6,-75,22.9305436083077,26.1134298260677,-82.1904085587629,63.7565342572755,70.527292812862
160,8,227.589052789202,6,-60,22.9305436083077,37.0471759690981,-87.8737564563607,57.5500639441013,122.11574298801
160,9,282.45471056053,6,-45,22.9305436083077,47.8902802619662,-76.2118889134499,43.7487987329767,204.039198893351
160,10,320.905127235179,6,-30,22.9305436083077,58.0835113885423,-60.57645504223,30.1218517774343,277.570127333376
160,11,340.705704357596,6,-15,22.9305436083077,66.3561210854394,-36.4666863022149,17.3327534607931,325.234478915143
160,12,340.705704357596,6,0,22.9305436083077,69.8824436083077,0,9.88244360830763,335.650300128275
160,13,320.905127235179,6,15,22.9305436083077,66.3561210854394,36.4666863022149,17.3327534607931,306.333033179825
160,14,282.45471056053,6,30,22.9305436083077,58.0835113885423,60.57645504223,30.1218517774343,244.312051514033
160,15,227.589052789202,6,45,22.9305436083077,47.8902802619662,76.2118889134499,43.7487987329767,164.405429514173
160,16,159.496746522313,6,60,22.9305436083077,37.0471759690981,87.8737564563607,57.5500639441013,85.5799673448381
160,17,82.1350690946324,6,75,22.9305436083077,26.1134298260677,82.1904085587629,63.7565342572755,36.3190108547537
160,18,4.20308673750771e-14,6,90,22.9305436083077,15.4237595412737,72.8208425565449,68.1186255891432,1.56643218848325e-14
160,19,0,6,105,22.9305436083077,5.26498897765564,63.2992398560648,72.350944440593,0
160,20,0,6,120,22.9305436083077,-4.04618803877256,53.0903164880918,76.2065786516905,0
160,21,0,6,135,22.9305436083077,-12.1194410291857,41.7648586408964,79.4666449558251,0
160,22,0,6,150,22.9305436083077,-18.4760245723539,29.0461595447575,81.9444146917602,0
160,23,0,6,165,22.9305436083077,-22.5906143026682,14.9618364163076,83.493977990361,0
161,0,0,6,-180,23.0116367278692,-23.9402632721308,-7.06627667164542e-15,83.9402632721308,0
161,1,0,6,-165,23.0116367278692,-22.5112400319049,-14.9438536278433,83.4131191524908,0
161,2,0,6,-150,23.0116367278692,-18.4011879237299,-29.0132351908481,81.8642055661349,0
161,3,0,6,-135,23.0116367278692,-12.0505959417271,-41.721033590093,79.3873554200778,0
161,4,0,6,-120,23.0116367278692,-3.98350477257232,-53.0387418651351,76.1282754797898,0
161,5,0,6,-105,23.0116367278692,5.32218438901444,-63.2415064153564,72.2734754361431,0
161,6,83.8559973479366,6,-90,23.0116367278692,15.4766359523838,-72.7570542333914,68.0416416942441,31.356493757573
161,7,162.83858893416,6,-75,23.0116367278692,26.1635335287272,-82.1193818429748,63.6795453778535,72.2011987688954
161,8,232.357593625717,6,-60,23.0116367278692,37.0965589952534,-87.9543734845871,57.5483561965641,124.680207202228
161,9,288.372819561235,6,-45,23.0116367278692,47.9419228924393,-76.3051765664372,43.755948228165,208.289429013794
161,10,327.628865416405,6,-30,23.0116367278692,58.1420754666886,-60.6826404269789,30.1414613308382,283.329603817752
161,11,347.844312496044,6,-15,23.0116367278692,66.4276002883083,-36.5623194824891,17.3760809337812,331.970466813975
161,12,347.844312496044,6,0,23.0116367278692,69.9635367278692,0,9.96353672786925,342.598146836273
161,13,327.628865416405,6,15,23.0116367278692,66.4276002883083,36.5623194824891,17.3760809337812,312.677549946297
161,14,288.372819561235,6,30,23.0116367278692,58.1420754666886,60.6826404269789,30.1414613308382,249.381435345293
161,15,232.357593625717,6,45,23.0116367278692,47.9419228924393,76.3051765664372,43.755948228165,167.83007003558
161,16,162.83858893416,6,60,23.0116367278692,37.0965589952534,87.9543734845871,57.5483561965641,87.3771702143436
161,17,83.8559973479367,6,75,23.0116367278692,26.1635335287272,82.1193818429748,63.6795453778535,37.1810120200093
161,18,4.29115156532604e-14,6,90,23.0116367278692,15.4766359523838,72.7570542333914,68.0416416942441,1.6046015971004e-14
161,19,0,6,105,23.0116367278692,5.32218438901444,63.2415064153564,72.2734754361431,0
161,20,0,6,120,23.0116367278692,-3.98350477257232,53.0387418651351,76.1282754797898,0
161,21,0,6,135,23.0116367278692,-12.0505959417271,41.721033590093,79.3873554200778,0
161,22,0,6,150,23.0116367278692,-18.4011879237299,29.0132351908481,81.8642055661349,0
161,23,0,6,165,23.0116367278692,-22.5112400319049,14.9438536278433,83.4131191524908,0
162,0,0,6,-180,23.0859110028366,-23.8659889971634,-7.05832380195269e-15,83.8659889971634,0
162,1,0,6,-165,23.0859110028366,-22.4385383238208,-14.9274010612687,83.3390595263446,0
162,2,0,6,-150,23.0859110028366,-18.332639065713,-28.9831044327871,81.7907412651923,0
162,3,0,6,-135,23.0859110028366,-11.9875338003492,-41.6809133650898,79.3147339017244,0
162,4,0,6,-120,23.0859110028366,-3.92608950530807,-52.9915108745894,76.0565582372912,0
162,5,0,6,-105,23.0859110028366,5.37456571925347,-63.1886181643521,72.202523350461,0
162,6,85.5822158778441,6,-90,23.0859110028366,15.5250501352802,-72.6986010510459,67.9711351254051,32.0996340093725
162,7,166.190704447565,6,-75,23.0859110028366,26.2093935840551,-82.0542739761846,63.6090351489338,73.8707587004509
162,8,237.140793353426,6,-60,23.0859110028366,37.1417416318005,-88.0283039087941,57.5468560562534,127.252052254022
162,9,294.309121321297,6,-45,23.0859110028366,47.9891566613907,-76.3907835482557,43.7626008915493,212.553538562359
162,10,334.373272928103,6,-30,23.0859110028366,58.1956374408933,-60.7802037697415,30.1595851882331,289.108963305873
162,11,355.004865309723,6,-15,23.0859110028366,66.4930174320756,-36.6503920976562,17.4159945873226,338.730310401696
162,12,355.004865309723,6,0,23.0859110028366,70.0378110028365,0,10.0378110028365,349.570785794371
162,13,334.373272928103,6,15,23.0859110028366,66.4930174320756,36.6503920976562,17.4159945873226,319.044535995731
162,14,294.309121321297,6,30,23.0859110028366,58.1956374408933,60.7802037697415,30.1595851882331,254.468319825783
162,15,237.140793353426,6,45,23.0859110028366,47.9891566613907,76.3907835482557,43.7626008915493,171.265893963676
162,16,166.190704447565,6,60,23.0859110028366,37.1417416318005,88.0283039087941,57.5468560562534,89.1795456506549
162,17,85.5822158778442,6,75,23.0859110028366,26.2093935840551,82.0542739761846,63.6090351489338,38.0407751394831
162,18,4.37948711175061e-14,6,90,23.0859110028366,15.5250501352802,72.6986010510459,67.9711351254051,1.64263021229335e-14
162,19,0,6,105,23.0859110028366,5.37456571925347,63.1886181643521,72.202523350461,0
162,20,0,6,120,23.0859110028366,-3.92608950530807,52.9915108745894,76.0565582372912,0
162,21,0,6,135,23.0859110028366,-11.9875338003492,41.6809133650898,79.3147339017244,0
162,22,0,6,150,23.0859110028366,-18.332639065713,28.9831044327871,81.7907412651923,0
162,23,0,6,165,23.0859110028366,-22.4385383238208,14.9274010612687,83.3390595263446,0
163,0,0,6,-180,23.153344424139,-23.798555575861,-7.05111130969215e-15,83.798555575861,0
163,1,0,6,-165,23.153344424139,-22.3725311896769,-14.9124787464799,83.2718210403442,0
163,2,0,6,-150,23.153344424139,-18.270399640865,-28.95576948165,81.7240434781343,0
163,3,0,6,-135,23.153344424139,-11.9302749040396,-41.6445045577911,79.2488017063288,0
163,4,0,6,-120,23.153344424139,-3.87396002916899,-52.9486356098009,75.9914477403241,0
163,5,0,6,-105,23.153344424139,5.42211865042925,-63.1405931811461,72.1381084779364,0
163,6,87.3132131685495,6,-90,23.153344424139,15.5689919216931,-72.6455077922988,67.9071257322181,32.8392879276778
163,7,169.552099758359,6,-75,23.153344424139,26.2510044009288,-81.9951182766294,63.5450231849247,75.5345166271339
163,8,241.93723460702,6,-60,23.153344424139,37.1827230204937,-88.0955016426926,57.5455470915564,129.830533219037
163,9,300.261856786387,6,-45,23.153344424139,48.0319848942802,-76.4686416434778,43.7687271919151,216.830467200646
163,10,341.136351256771,6,-30,23.153344424139,58.2442015895953,-60.8690362111215,30.176174691875,294.906882699458
163,11,362.185240972296,6,-15,23.153344424139,66.552366386228,-36.73075425925,17.4524207797061,345.51252590899
163,12,362.185240972296,6,0,23.153344424139,70.105244424139,0,10.1052444241389,356.566706276618
163,13,341.136351256771,6,15,23.153344424139,66.552366386228,36.73075425925,17.4524207797061,325.432593790092
163,14,300.261856786387,6,30,23.153344424139,58.2442015895953,60.8690362111215,30.176174691875,259.571540389063
163,15,241.93723460702,6,45,23.153344424139,48.0319848942802,76.4686416434778,43.7687271919151,174.712046926404
163,16,169.552099758359,6,60,23.153344424139,37.1827230204937,88.0955016426926,57.5455470915564,90.9865716031308
163,17,87.3132131685496,6,75,23.153344424139,26.2510044009288,81.9951182766294,63.5450231849247,38.8975504358101
163,18,4.46806720105258e-14,6,90,23.153344424139,15.5689919216931,72.6455077922988,67.9071257322181,1.68048042181582e-14
163,19,0,6,105,23.153344424139,5.42211865042925,63.1405931811461,72.1381084779364,0
163,20,0,6,120,23.153344424139,-3.87396002916899,52.9486356098009,75.9914477403241,0
163,21,0,6,135,23.153344424139,-11.9302749040396,41.6445045577911,79.2488017063288,0
163,22,0,6,150,23.153344424139,-18.270399640865,28.95576948165,81.7240434781343,0
163,23,0,6,165,23.153344424139,-22.3725311896769,14.9124787464799,83.2718210403442,0
164,0,0,6,-180,23.2139170097984,-23.7379829902016,-7.04463901448239e-15,83.7379829902016,0
164,1,0,6,-165,23.2139170097984,-22.3132386120436,-14.8990867249068,83.2114236028823,0
164,2,0,6,-150,23.2139170097984,-18.214489294167,-28.931232365632,81.6641318950903,0
164,3,0,6,-135,23.2139170097984,-11.8788376746215,-41.6118131771615,79.1895781739748,0
164,4,0,6,-120,23.2139170097984,-3.82713248465293,-52.9101270818762,75.9329628823014,0
164,5,0,6,-105,23.2139170097984,5.46483020607749,-63.0974479239727,72.0802492356038,0
164,6,89.0484762881975,6,-90,23.2139170097984,15.6084521185784,-72.5977970230143,67.8496315251995,33.5747150596202
164,7,172.921778812566,6,-75,23.2139170097984,26.2883609660059,-81.9419450908572,63.4875272807945,77.191006039627
164,8,246.74549609744,6,-60,23.2139170097984,37.2195024809701,-88.1559246899667,57.5444143190629,132.414902094205
164,9,306.229262032517,6,-45,23.2139170097984,48.0704107636803,-76.5386886247152,43.7743002340494,221.119151018691
164,10,347.916096356341,6,-30,23.2139170097984,58.2877720238153,-60.9490381824588,30.1911856175022,300.72203505984
164,11,369.383311783489,6,-15,23.2139170097984,66.605641798489,-36.803268028708,17.4852930319825,352.315625634271
164,12,369.383311783489,6,0,23.2139170097984,70.1658170097984,0,10.1658170097984,363.584393674274
164,13,347.916096356341,6,15,23.2139170097984,66.605641798489,36.803268028708,17.4852930319825,331.840322087601
164,14,306.229262032517,6,30,23.2139170097984,58.2877720238153,60.9490381824588,30.1911856175022,264.689929088453
164,15,246.74549609744,6,45,23.2139170097984,48.0704107636803,76.5386886247152,43.7743002340494,178.167671673905
164,16,172.921778812566,6,60,23.2139170097984,37.2195024809701,88.1559246899667,57.5444143190629,92.7977238635371
164,17,89.0484762881976,6,75,23.2139170097984,26.2883609660059,81.9419450908572,63.4875272807945,39.7505827096102
164,18,4.55686558503976e-14,6,90,23.2139170097984,15.6084521185784,72.5977970230143,67.8496315251995,1.71811433457371e-14
164,19,0,6,105,23.2139170097984,5.46483020607749,63.0974479239727,72.0802492356038,0
164,20,0,6,120,23.2139170097984,-3.82713248465293,52.9101270818762,75.9329628823014,0
164,21,0,6,135,23.2139170097984,-11.8788376746215,41.6118131771615,79.1895781739748,0
164,22,0,6,150,23.2139170097984,-18.214489294167,28.931232365632,81.6641318950903,0
164,23,0,6,165,23.2139170097984,-22.3132386120436,14.8990867249068,83.2114236028823,0
165,0,0,6,-180,23.2676108108505,-23.6842891891495,-7.03890676052902e-15,83.6842891891495,0
165,1,0,6,-165,23.2676108108505,-22.2606785392826,-14.8872250453798,83.1578850965284,0
165,2,0,6,-150,23.2676108108505,-18.1649256684161,-28.9094949234978,81.6110242016943,0
165,3,0,6,-135,23.2676108108505,-11.8332386534585,-41.5828446405499,79.1370806744436,0
165,4,0,6,-120,23.2676108108505,-3.78562135949102,-52.8759952074063,75.8811206298904,0
165,5,0,6,-105,23.2676108108505,5.50268874854528,-63.0591972133911,72.0289621600218,0
165,6,90.7874910408757,6,-90,23.2676108108505,15.6434224997478,-72.5554890665864,67.7986686735544,34.3051702007244
165,7,176.298743101559,6,-75,23.2676108108505,26.3214588271916,-81.8947817567846,63.436563410474,78.8387511714905
165,8,251.564153033036,6,-60,23.2676108108505,37.2520794826264,-88.209535201394,57.5434442269977,135.004407492086
165,9,312.209568788725,6,-45,23.2676108108505,48.1044372445055,-76.6008683561975,43.7792957914075,225.418521763968
165,10,354.71049924202,6,-30,23.2676108108505,58.3263526216817,-61.0201196460848,30.2045782025801,306.553088390583
165,11,376.596944799574,6,-15,23.2676108108505,66.6528390369196,-36.8678079775388,17.5145519376821,359.138116423313
165,12,376.596944799574,6,0,23.2676108108505,70.2195108108505,0,10.2195108108505,370.622327897719
165,13,354.71049924202,6,15,23.2676108108505,66.6528390369196,36.8678079775388,17.5145519376821,338.266314510728
165,14,312.209568788725,6,30,23.2676108108505,58.3263526216817,61.0201196460848,30.2045782025801,269.822313525525
165,15,251.564153033036,6,45,23.2676108108505,48.1044372445055,76.6008683561975,43.7792957914075,181.631907457283
165,16,176.298743101559,6,60,23.2676108108505,37.2520794826264,88.209535201394,57.5434442269977,94.6124758518348
165,17,90.7874910408758,6,75,23.2676108108505,26.3214588271916,81.8947817567846,63.436563410474,40.5991119944193
165,18,4.64585595083455e-14,6,90,23.2676108108505,15.6434224997478,72.5554890665864,67.7986686735544,1.75549381631959e-14
165,19,0,6,105,23.2676108108505,5.50268874854528,63.0591972133911,72.0289621600218,0
165,20,0,6,120,23.2676108108505,-3.78562135949102,52.8759952074063,75.8811206298904,0
165,21,0,6,135,23.2676108108505,-11.8332386534585,41.5828446405499,79.1370806744436,0
165,22,0,6,150,23.2676108108505,-18.1649256684161,28.9094949234978,81.6110242016943,0
165,23,0,6,165,23.2676108108505,-22.2606785392826,14.8872250453798,83.1578850965284,0
166,0,0,6,-180,23.3144099166632,-23.6374900833368,-7.03391441466797e-15,83.6374900833368,0
166,1,0,6,-165,23.3144099166632,-22.2148668805924,-14.8768937603919,83.1112213728228,0
166,2,0,6,-150,23.3144099166632,-18.1217244001018,-28.89055879864,81.5647360742177,0
166,3,0,6,-135,23.3144099166632,-11.793492498518,-41.5576037658109,79.0913246028928,0
166,4,0,6,-120,23.3144099166632,-3.74943948772382,-52.8462487973327,75.835936019411,0
166,5,0,6,-105,23.3144099166632,5.53568397652817,-63.0258542161545,71.9842619044973,0
166,6,92.529742118982,6,-90,23.3144099166632,15.6738957982463,-72.518601980838,67.7542515032063,35.0299040973664
166,7,179.681991957936,6,-75,23.3144099166632,26.3502940786238,-81.8536525703232,63.3921457254683,80.4762682790845
166,8,256.391777541762,6,-60,23.3144099166632,37.2804536190886,-88.2562995264056,57.5426247962898,137.598294325031
166,9,318.201004961053,6,-45,23.3144099166632,48.1340670733138,-76.6551308872845,43.7836923353524,229.727506050903
166,10,361.5175465856,6,-30,23.3144099166632,58.3599469686528,-61.0822003131628,30.2163171710974,312.39870439196
166,11,383.824002465406,6,-15,23.3144099166632,66.6939541364709,-36.9242617017106,17.5401450811559,365.978498114993
166,12,383.824002465406,6,0,23.3144099166632,70.2663099166632,0,10.2663099166632,377.678981743108
166,13,361.5175465856,6,15,23.3144099166632,66.6939541364709,36.9242617017106,17.5401450811559,344.709158082264
166,14,318.201004961053,6,30,23.3144099166632,58.3599469686528,61.0822003131628,30.2163171710974,274.967515753804
166,15,256.391777541762,6,45,23.3144099166632,48.1340670733138,76.6551308872845,43.7836923353524,185.103889391664
166,16,179.681991957937,6,60,23.3144099166632,37.2804536190886,88.2562995264056,57.5426247962898,96.4302983948416
166,17,92.5297421189821,6,75,23.3144099166632,26.3502940786238,81.8536525703232,63.3921457254683,41.442374215803
166,18,4.73501192867101e-14,6,90,23.3144099166632,15.6738957982463,72.518601980838,67.7542515032063,1.79258052559951e-14
166,19,0,6,105,23.3144099166632,5.53568397652817,63.0258542161545,71.9842619044973,0
166,20,0,6,120,23.3144099166632,-3.74943948772382,52.8462487973327,75.835936019411,0
166,21,0,6,135,23.3144099166632,-11.793492498518,41.5576037658109,79.0913246028928,0
166,22,0,6,150,23.3144099166632,-18.1217244001018,28.89055879864,81.5647360742177,0
166,23,0,6,165,23.3144099166632,-22.2148668805924,14.8768937603919,83.1112213728228,0
167,0,0,6,-180,23.3543004596513,-23.5975995403487,-7.0296618646226e-15,83.5975995403487,0
167,1,0,6,-165,23.3543004596513,-22.1758175016181,-14.8680929227647,83.0714462476653,0
167,2,0,6,-150,23.3543004596513,-18.0848991157578,-28.8744254337667,81.5252811752591,0
167,3,0,6,-135,23.3543004596513,-11.7596119817891,-41.5360947642537,79.0523233760335,0
167,4,0,6,-120,23.3543004596513,-3.71859804891634,-52.8208955469944,75.7974221536577,0
167,5,0,6,-105,23.3543004596513,5.56380692283376,-62.9974304308105,71.9461612366464,0
167,6,94.2747132559209,6,-90,23.3543004596513,15.6998656995135,-72.487151537423,67.7163924950801,35.7481641540033
167,7,183.070522852048,6,-75,23.3543004596513,26.3748633472344,-81.8185787556487,63.3542865536621,82.102066929541
167,8,261.226939094288,6,-60,23.3543004596513,37.3046245853674,-88.2961882589766,57.5419455192615,140.195803481328
167,9,324.201795157658,6,-45,23.3543004596513,48.1593027118456,-76.701432535729,43.7874710609911,234.045024554664
167,10,368.335221312042,6,-30,23.3543004596513,58.3885583037568,-61.1352098383948,30.2263717550916,318.257537192565
167,11,391.062343247825,6,-15,23.3543004596513,66.7289837504447,-36.9725302866475,17.5620269647868,372.835261959433
167,12,391.062343247825,6,0,23.3543004596513,70.3062004596514,0,10.3062004596513,384.752819230281
167,13,368.335221312043,6,15,23.3543004596513,66.7289837504447,36.9725302866475,17.5620269647868,351.167431735387
167,14,324.201795157658,6,30,23.3543004596513,58.3885583037568,61.1352098383948,30.2263717550916,280.124351162372
167,15,261.226939094288,6,45,23.3543004596513,48.1593027118456,76.701432535729,43.7874710609911,188.582747806596
167,16,183.070522852048,6,60,23.3543004596513,37.3046245853674,88.2961882589766,57.5419455192615,98.2506594992705
167,17,94.2747132559211,6,75,23.3543004596513,26.3748633472344,81.8185787556487,63.3542865536621,42.2796018546158
167,18,4.82430709970875e-14,6,90,23.3543004596513,15.6998656995135,72.487151537423,67.7163924950801,1.82933594994393e-14
167,19,0,6,105,23.3543004596513,5.56380692283376,62.9974304308105,71.9461612366464,0
167,20,0,6,120,23.3543004596513,-3.71859804891634,52.8208955469944,75.7974221536577,0
167,21,0,6,135,23.3543004596513,-11.7596119817891,41.5360947642537,79.0523233760335,0
167,22,0,6,150,23.3543004596513,-18.0848991157578,28.8744254337667,81.5252811752591,0
167,23,0,6,165,23.3543004596513,-22.1758175016181,14.8680929227647,83.0714462476653,0
168,0,0,6,-180,23.3872706193862,-23.5646293806137,-7.02614901747822e-15,83.5646293806138,0
168,1,0,6,-165,23.3872706193862,-22.1435422206265,-14.8608225827272,83.0385714972948,0
168,2,0,6,-150,23.3872706193862,-18.0544614287906,-28.8610960662364,81.4926711499902,0
168,3,0,6,-135,23.3872706193862,-11.7316079870457,-41.5183212344443,79.0200884288058,0
168,4,0,6,-120,23.3872706193862,-3.69310656749949,-52.799942027388,75.7655901991405,0
168,5,0,6,-105,23.3872706193862,5.5870499523917,-62.9739356750715,71.9146710362857,0
168,6,96.0218873790852,6,-90,23.3872706193862,15.7213268353584,-72.4611512037784,67.6851022836283,36.4591951450243
168,7,186.463331689057,6,-75,23.3872706193862,26.3951637809354,-81.7895784391729,63.3229963983071,83.7146512967507
168,8,266.068204927895,6,-60,23.3872706193862,37.324592157782,-88.3291762777883,57.5413974159348,142.796171495446
168,9,330.210161214898,6,-45,23.3872706193862,48.1801463149486,-76.7397359605297,43.7906159096285,238.369991193095
168,10,375.16150319719,6,-30,23.3872706193862,58.4121894721384,-61.1790879909516,30.2347157130631,324.128232063468
168,11,398.309822270241,6,-15,23.3872706193862,66.7579251072822,-37.0125287195344,17.5801589452615,379.706889014932
168,12,398.309822270241,6,0,23.3872706193862,70.3391706193863,0,10.3391706193862,391.842293918564
168,13,375.16150319719,6,15,23.3872706193862,66.7579251072822,37.0125287195344,17.5801589452615,357.639704803769
168,14,330.210161214898,6,30,23.3872706193862,58.4121894721384,61.1790879909516,30.2347157130631,285.29162734408
168,15,266.068204927895,6,45,23.3872706193862,48.1801463149486,76.7397359605297,43.7906159096285,192.067607586885
168,16,186.463331689057,6,60,23.3872706193862,37.324592157782,88.3291762777883,57.5413974159348,100.073024120634
168,17,96.0218873790854,6,75,23.3872706193862,26.3951637809354,81.7895784391729,63.3229963983071,43.1100246143877
168,18,4.91371500386145e-14,6,90,23.3872706193862,15.7213268353584,72.4611512037784,67.6851022836283,1.86572144229525e-14
168,19,0,6,105,23.3872706193862,5.5870499523917,62.9739356750715,71.9146710362857,0
168,20,0,6,120,23.3872706193862,-3.69310656749949,52.799942027388,75.7655901991405,0
168,21,0,6,135,23.3872706193862,-11.7316079870457,41.5183212344443,79.0200884288058,0
168,22,0,6,150,23.3872706193862,-18.0544614287906,28.8610960662364,81.4926711499902,0
168,23,0,6,165,23.3872706193862,-22.1435422206265,14.8608225827272,83.0385714972948,0
169,0,0,6,-180,23.413310626098,-23.538589373902,-7.02337579837691e-15,83.538589373902,0
169,1,0,6,-165,23.413310626098,-22.1180508052473,-14.8550827854145,83.0126068548641,0
169,2,0,6,-150,23.413310626098,-18.0304209367795,-28.8505717240562,81.4669156229579,0
169,3,0,6,-135,23.413310626098,-11.709489507952,-41.5042861568847,78.994629211549,0
169,4,0,6,-120,23.413310626098,-3.67297291222824,-52.78339367767,75.7404493837419,0
169,5,0,6,-105,23.413310626098,5.6054067605271,-62.955378074993,71.8898002936478,0
169,6,97.770746763075,6,-90,23.413310626098,15.7382747787783,-72.4406121276714,67.6603896555925,37.1622399310889
169,7,189.859413106485,6,-75,23.413310626098,26.4111930384752,-81.7666666272735,63.2982839371799,85.3125214653403
169,8,270.914140471033,6,-60,23.413310626098,37.3403561767262,-88.3552427805548,57.5409730479322,145.39863021464
169,9,336.224322724238,6,-45,23.413310626098,48.1965997030186,-76.7700102242331,43.7931135878587,242.701312300702
169,10,381.994369466397,6,-30,23.413310626098,58.4308428841681,-61.2137848010702,30.2413273454131,330.009424120381
169,11,405.564291948207,6,-15,23.413310626098,66.7807759730531,-37.0441862459806,17.5945091790574,386.5918485302
169,12,405.564291948207,6,0,23.413310626098,70.365210626098,0,10.365210626098,398.945847207191
169,13,381.994369466397,6,15,23.413310626098,66.7807759730531,37.0441862459806,17.5945091790574,364.124535497819
169,14,336.224322724238,6,30,23.413310626098,58.4308428841681,61.2137848010702,30.2413273454131,290.468142953221
169,15,270.914140471033,6,45,23.413310626098,48.1965997030186,76.7700102242331,43.7931135878587,195.557587507028
169,16,189.859413106485,6,60,23.413310626098,37.3403561767262,88.3552427805548,57.5409730479322,101.896853929594
169,17,97.7707467630751,6,75,23.413310626098,26.4111930384752,81.7666666272735,63.2982839371799,43.9328700928251
169,18,5.00320914763753e-14,6,90,23.413310626098,15.7382747787783,72.4406121276714,67.6603896555925,1.90169825766479e-14
169,19,0,6,105,23.413310626098,5.6054067605271,62.955378074993,71.8898002936478,0
169,20,0,6,120,23.413310626098,-3.67297291222824,52.78339367767,75.7404493837419,0
169,21,0,6,135,23.413310626098,-11.709489507952,41.5042861568847,78.994629211549,0
169,22,0,6,150,23.413310626098,-18.0304209367795,28.8505717240562,81.4669156229579,0
169,23,0,6,165,23.413310626098,-22.1180508052473,14.8550827854145,83.0126068548641,0
170,0,0,6,-180,23.4324127635706,-23.5194872364294,-7.02134214943548e-15,83.5194872364294,0
170,1,0,6,-165,23.4324127635706,-22.0993509697797,-14.8508735687923,82.9935600076088,0
170,2,0,6,-150,23.4324127635706,-18.0127852192494,-28.8428532225554,81.4480221954428,0
170,3,0,6,-135,23.4324127635706,-11.6932636465031,-41.4939918895887,78.9759531876664,0
170,4,0,6,-120,23.4324127635706,-3.6582032957467,-52.7712547989264,75.7220069947857,0
170,5,0,6,-105,23.4324127635706,5.6188723715127,-62.9417640559883,71.8715561079145,0
170,6,99.5207731831113,6,-90,23.4324127635706,15.7507060396429,-72.4255431243801,67.6422615489911,37.856540179819
170,7,193.257760772112,6,-75,23.4324127635706,26.4229492810039,-81.7498551878295,63.2801560219,86.8941747426428
170,8,275.763309768416,6,-60,23.4324127635706,37.3519165323399,-88.3743713124796,57.5406665299767,148.002406464098
170,9,342.242497559826,6,-45,23.4324127635706,48.2086643390687,-76.7922308445691,43.7949535833105,247.037885798648
170,10,388.831795393922,6,-30,23.4324127635706,58.4445204813376,-61.2392606818432,30.2461895070274,335.899737019371
170,11,412.823602625792,6,-15,23.4324127635706,66.7975346199776,-37.0674466684778,17.6050525772613,393.488596318465
170,12,412.823602625792,6,0,23.4324127635706,70.3843127635706,0,10.3843127635706,406.061906627167
170,13,388.831795393922,6,15,23.4324127635706,66.7975346199776,37.0674466684778,17.6050525772613,370.620469373288
170,14,342.242497559826,6,30,23.4324127635706,58.4445204813376,61.2392606818432,30.2461895070274,295.652686557524
170,15,275.763309768416,6,45,23.4324127635706,48.2086643390687,76.7922308445691,43.7949535833105,199.051799562439
170,16,193.257760772112,6,60,23.4324127635706,37.3519165323399,88.3743713124796,57.5406665299767,103.721607077301
170,17,99.5207731831114,6,75,23.4324127635706,26.4229492810039,81.7498551878295,63.2801560219,44.7473644574284
170,18,5.09276301199075e-14,6,90,23.4324127635706,15.7507060396429,72.4255431243801,67.6422615489911,1.93722759001274e-14
170,19,0,6,105,23.4324127635706,5.6188723715127,62.9417640559883,71.8715561079145,0
170,20,0,6,120,23.4324127635706,-3.6582032957467,52.7712547989264,75.7220069947857,0
170,21,0,6,135,23.4324127635706,-11.6932636465031,41.4939918895887,78.9759531876664,0
170,22,0,6,150,23.4324127635706,-18.0127852192494,28.8428532225554,81.4480221954428,0
170,23,0,6,165,23.4324127635706,-22.0993509697797,14.8508735687923,82.9935600076088,0
171,0,0,6,-180,23.4445713714284,-23.5073286285716,-7.02004802888881e-15,83.5073286285716,0
171,1,0,6,-165,23.4445713714284,-22.0874483730662,-14.848194962013,82.9814365946117,0
171,2,0,6,-150,23.4445713714284,-18.0015598359134,-28.8379411617478,81.435996443374,0
171,3,0,6,-135,23.4445713714284,-11.6829356117998,-41.4874401645698,78.9640658317831,0
171,4,0,6,-120,23.4445713714284,-3.64880227425352,-52.7635285492308,75.7102683775158,0
171,5,0,6,-105,23.4445713714284,5.62744313741165,-62.9330983357071,71.8599436860642,0
171,6,101.271448068597,6,-90,23.4445713714284,15.7586180612645,-72.4159506665367,67.6307230523276,38.5413370907165
171,7,196.657367682184,6,-75,23.4445713714284,26.4304311653776,-81.7391528356008,63.268617677402,88.4581069786629
171,8,280.614275906528,6,-60,23.4445713714284,37.3592731531374,-88.3865497887791,57.5404735389765,150.606721712919
171,9,348.262902406577,6,-45,23.4445713714284,48.2163413105211,-76.8063798353224,43.796128177062,251.378600364787
171,10,395.671754902898,6,-30,23.4445713714284,58.453223709124,-61.2554865258067,30.2492896170999,341.797781651744
171,11,420.085603212574,6,-15,23.4445713714284,66.8081998012562,-37.0822685844913,17.6117707698103,400.395573130112
171,12,420.085603212574,6,0,23.4445713714284,70.3964713714284,0,10.3964713714284,413.18888413146
171,13,395.671754902898,6,15,23.4445713714284,66.8081998012562,37.0822685844913,17.6117707698103,377.126037798481
171,14,348.262902406577,6,30,23.4445713714284,58.453223709124,61.2554865258067,30.2492896170999,300.844035489413
171,15,280.614275906528,6,45,23.4445713714284,48.2163413105211,76.8063798353224,43.796128177062,202.549348300697
171,16,196.657367682184,6,60,23.4445713714284,37.3592731531374,88.3865497887791,57.5404735389765,105.546737961298
171,17,101.271448068597,6,75,23.4445713714284,26.4304311653776,81.7391528356008,63.268617677402,45.5527331252267
171,18,5.18235006017836e-14,6,90,23.4445713714284,15.7586180612645,72.4159506665367,67.6307230523276,1.97227060934427e-14
171,19,0,6,105,23.4445713714284,5.62744313741165,62.9330983357071,71.8599436860642,0
171,20,0,6,120,23.4445713714284,-3.64880227425352,52.7635285492308,75.7102683775158,0
171,21,0,6,135,23.4445713714284,-11.6829356117998,41.4874401645698,78.9640658317831,0
171,22,0,6,150,23.4445713714284,-18.0015598359134,28.8379411617478,81.435996443374,0
171,23,0,6,165,23.4445713714284,-22.0874483730662,14.848194962013,82.9814365946117,0
172,0,0,6,-180,23.4497828468137,-23.5021171531863,-7.01949341046007e-15,83.5021171531863,0
172,1,0,6,-165,23.4497828468137,-22.0823466169326,-14.8470469842062,82.9762402051629,0
172,2,0,6,-150,23.4497828468137,-17.9967483253853,-28.8358359243895,81.4308419158,0
172,3,0,6,-135,23.4497828468137,-11.6785087191512,-41.4846320852563,78.9589706283955,0
172,4,0,6,-120,23.4497828468137,-3.64477274726105,-52.7602169400072,75.705236933982,0
172,5,0,6,-105,23.4497828468137,5.63111673722116,-62.9293839187961,71.8549663420296,0
172,6,103.022252656781,6,-90,23.4497828468137,15.7620092178712,-72.4118388766601,67.6257774040143,39.2158721241839
172,7,200.057226459803,6,-75,23.4497828468137,26.4336378392284,-81.7345651214809,63.2636721015519,90.0028138940533
172,8,285.465601439411,6,-60,23.4497828468137,37.3624259976356,-88.3917705112252,57.5403913206893,153.210791743201
172,9,354.283753288602,6,-45,23.4497828468137,48.2196313157943,-76.8124457363646,43.7966324527346,255.722334607752
172,10,402.512221165706,6,-30,23.4497828468137,58.4569534969729,-61.2624437760179,30.250619666276,347.70215484373
172,11,427.348141821053,6,-15,23.4497828468137,66.8127707324316,-37.0886255624542,17.6146520792196,407.311203030548
172,12,427.348141821053,6,0,23.4497828468137,70.4016828468137,0,10.4016828468136,420.32517439047
172,13,402.512221165706,6,15,23.4497828468137,66.8127707324316,37.0886255624542,17.6146520792196,383.639756426396
172,14,354.283753288602,6,30,23.4497828468137,58.4569534969729,61.2624437760179,30.250619666276,306.040954701493
172,15,285.465601439411,6,45,23.4497828468137,48.2196313157943,76.8124457363646,43.7966324527346,206.049330156063
172,16,200.057226459803,6,60,23.4497828468137,37.3624259976356,88.3917705112252,57.5403913206893,107.371696993624
172,17,103.022252656782,6,75,23.4497828468137,26.4336378392284,81.7345651214809,63.2636721015519,46.3482014466372
172,18,5.27194374562454e-14,6,90,23.4497828468137,15.7620092178712,72.4118388766601,67.6257774040143,2.00678849901555e-14
172,19,0,6,105,23.4497828468137,5.63111673722116,62.9293839187961,71.8549663420296,0
172,20,0,6,120,23.4497828468137,-3.64477274726105,52.7602169400072,75.705236933982,0
172,21,0,6,135,23.4497828468137,-11.6785087191512,41.4846320852563,78.9589706283955,0
172,22,0,6,150,23.4497828468137,-17.9967483253853,28.8358359243895,81.4308419158,0
172,23,0,6,165,23.4497828468137,-22.0823466169326,14.8470469842062,82.9762402051629,0
173,0,0,6,-180,23.4480456454536,-23.5038543545464,-7.01967828295952e-15,83.5038543545464,0
173,1,0,6,-165,23.4480456454536,-22.084047245196,-14.8474296437081,82.9779723777158,0
173,2,0,6,-150,23.4480456454536,-17.9983522043598,-28.8365376747406,81.4325601339151,0
173,3,0,6,-135,23.4480456454536,-11.6799843895059,-41.4855681248413,78.9606690710125,0
173,4,0,6,-120,23.4480456454536,-3.64611595744422,-52.7613208337095,75.7069141223319,0
173,5,0,6,-105,23.4480456454536,5.62989217632403,-62.9306220935585,71.856625496163,0
173,6,104.772668146479,6,-90,23.4480456454536,15.760878812992,-72.4132095223952,67.627425992007,39.8793877345138
173,7,203.456329653438,6,-75,23.4480456454536,26.4325689378187,-81.7360944256488,63.2653206649067,91.5267924161036
173,8,290.315848814608,6,-60,23.4480456454536,37.3613750490115,-88.390030178694,57.5404186939682,155.813826324507
173,9,360.303266097846,6,-45,23.4480456454536,48.2185346557418,-76.8104236327922,43.7964643022768,260.067956249174
173,10,409.351167204562,6,-30,23.4480456454536,58.4557102455073,-61.2601244713941,30.250176221171,353.61143806665
173,11,434.6090664043,6,-15,23.4480456454536,66.811247079448,-37.0865062543817,17.6136915038444,414.233891790034
173,12,434.6090664043,6,0,23.4480456454536,70.3999456454536,0,10.3999456454536,427.469153099737
173,13,409.351167204562,6,15,23.4480456454536,66.811247079448,37.0865062543817,17.6136915038444,390.16012367813
173,14,360.303266097846,6,30,23.4480456454536,58.4557102455073,61.2601244713941,30.250176221171,311.242195631268
173,15,290.315848814608,6,45,23.4480456454536,48.2185346557418,76.8104236327922,43.7964643022768,209.550832790551
173,16,203.456329653438,6,60,23.4480456454536,37.3613750490115,88.390030178694,57.5404186939682,109.19593037267
173,17,104.772668146479,6,75,23.4480456454536,26.4325689378187,81.7360944256488,63.2653206649067,47.1329953934518
173,18,5.36151751978671e-14,6,90,23.4480456454536,15.760878812992,72.4132095223952,67.627425992007,2.04074249324296e-14
173,19,0,6,105,23.4480456454536,5.62989217632403,62.9306220935585,71.856625496163,0
173,20,0,6,120,23.4480456454536,-3.64611595744422,52.7613208337095,75.7069141223319,0
173,21,0,6,135,23.4480456454536,-11.6799843895059,41.4855681248413,78.9606690710125,0
173,22,0,6,150,23.4480456454536,-17.9983522043598,28.8365376747406,81.4325601339151,0
173,23,0,6,165,23.4480456454536,-22.084047245196,14.8474296437081,82.9779723777158,0
174,0,0,6,-180,23.4393602821185,-23.5125397178815,-7.02060265011229e-15,83.5125397178815,0
174,1,0,6,-165,23.4393602821185,-22.0925497432389,-14.8493429377306,82.9866325994402,0
174,2,0,6,-150,23.4393602821185,-18.0063709672624,-28.8400463580328,81.441150590643,0
174,3,0,6,-135,23.4393602821185,-11.6873621492074,-41.4902481255739,78.9691606617877,0
174,4,0,6,-120,23.4393602821185,-3.65283149057626,-52.7668399428253,75.715299456508,0
174,5,0,6,-105,23.4393602821185,5.62376978625275,-62.9368124305199,71.8649206750072,0
174,6,106.522175851804,6,-90,23.4393602821185,15.7552270787648,-72.4200620144702,67.6356683536495,40.5311281067173
174,7,206.853670035456,6,-75,23.4393602821185,26.4272245826901,-81.7437399546299,63.2735629106113,93.0285420227436
174,8,295.163580799145,6,-60,23.4393602821185,37.3561203128091,-88.3813298916848,57.5405560525789,158.415028896022
174,9,366.31965712275,6,-45,23.4393602821185,48.2130512299771,-76.8003151631343,43.795624428441,264.414321318085
174,10,416.186566492158,6,-30,23.4393602821185,58.4494938210334,-61.2485312661704,30.2479604263001,359.52419616325
174,11,441.866225393658,6,-15,23.4393602821185,66.8036289535144,-37.0759144442817,17.6088907107,421.162025292219
174,12,441.866225393658,6,0,23.4393602821185,70.3912602821185,0,10.3912602821185,434.619175306896
174,13,416.186566492158,6,15,23.4393602821185,66.8036289535144,37.0759144442817,17.6088907107,396.685619243909
174,14,366.31965712275,6,30,23.4393602821185,58.4494938210334,61.2485312661704,30.2479604263001,316.446495080076
174,15,295.163580799145,6,45,23.4393602821185,48.2130512299771,76.8003151631343,43.795624428441,213.052934444819
174,16,206.853670035456,6,60,23.4393602821185,37.3561203128091,88.3813298916848,57.5405560525789,111.018879860431
174,17,106.522175851804,6,75,23.4393602821185,26.4272245826901,81.7437399546299,63.2735629106113,47.90634225095
174,18,5.45104484002242e-14,6,90,23.4393602821185,15.7552270787648,72.4200620144702,67.6356683536495,2.07409391480871e-14
174,19,0,6,105,23.4393602821185,5.62376978625275,62.9368124305199,71.8649206750072,0
174,20,0,6,120,23.4393602821185,-3.65283149057626,52.7668399428253,75.715299456508,0
174,21,0,6,135,23.4393602821185,-11.6873621492074,41.4902481255739,78.9691606617877,0
174,22,0,6,150,23.4393602821185,-18.0063709672624,28.8400463580328,81.441150590643,0
174,23,0,6,165,23.4393602821185,-22.0925497432389,14.8493429377306,82.9866325994402,0
175,0,0,6,-180,23.423729330469,-23.528170669531,-7.02226653061581e-15,83.528170669531,0
175,1,0,6,-165,23.423729330469,-22.1078515381511,-14.8527868524722,83.0022183063711,0
175,2,0,6,-150,23.423729330469,-18.0208020863655,-28.8463617006474,81.4566107507753,0
175,3,0,6,-135,23.423729330469,-11.7006396300763,-41.4986712989962,78.9844429116416,0
175,4,0,6,-120,23.423729330469,-3.66491727555013,-52.7767728302084,75.7303905063482,0
175,5,0,6,-105,23.423729330469,5.61275122476824,-62.947952782907,71.8798495113721,0
175,6,108.270257355865,6,-90,23.423729330469,15.7450551761665,-72.4323934073779,67.6505021757252,41.170339897046
175,7,210.248240900579,6,-75,23.423729330469,26.4176053821141,-81.7574977422759,63.2883965544325,94.5065660945404
175,8,300.007360905413,6,-60,23.423729330469,37.3466618177038,-88.3656751508162,57.5408053645953,161.013596258663
175,9,372.331143576811,6,-45,23.423729330469,48.2031805380986,-76.7821285166168,43.7941163439587,268.760273361586
175,10,423.016393552165,6,-30,23.423729330469,58.4383035573731,-61.2276774234115,30.2439780034352,365.438976095892
175,11,449.117468336296,6,-15,23.423729330469,66.7899169128183,-37.0568690320077,17.600258037856,428.093967968149
175,12,449.117468336296,6,0,23.423729330469,70.375629330469,0,10.375629330469,441.77357376486
175,13,423.016393552165,6,15,23.423729330469,66.7899169128183,37.0568690320077,17.600258037856,403.214702608101
175,14,372.331143576811,6,30,23.423729330469,58.4383035573731,61.2276774234115,30.2439780034352,321.652574111275
175,15,300.007360905413,6,45,23.423729330469,48.2031805380986,76.7821285166168,43.7941163439587,216.554703302151
175,16,210.248240900579,6,60,23.423729330469,37.3466618177038,88.3656751508162,57.5408053645953,112.839982566738
175,17,108.270257355865,6,75,23.423729330469,26.4176053821141,81.7574977422759,63.2883965544325,48.6674713141286
175,18,5.54049917745452e-14,6,90,23.423729330469,15.7450551761665,72.4323934073779,67.6505021757252,2.10680421295545e-14
175,19,0,6,105,23.423729330469,5.61275122476824,62.947952782907,71.8798495113721,0
175,20,0,6,120,23.423729330469,-3.66491727555013,52.7767728302084,75.7303905063482,0
175,21,0,6,135,23.423729330469,-11.7006396300763,41.4986712989962,78.9844429116416,0
175,22,0,6,150,23.423729330469,-18.0208020863655,28.8463617006474,81.4566107507753,0
175,23,0,6,165,23.423729330469,-22.1078515381511,14.8527868524722,83.0022183063711,0
176,0,0,6,-180,23.4011574222934,-23.5507425777066,-7.02466995842658e-15,83.5507425777065,0
176,1,0,6,-165,23.4011574222934,-22.1299479994391,-14.8577613636679,83.0247248841544,0
176,2,0,6,-150,23.4011574222934,-18.0416410123742,-28.8554832110005,81.478936051667,0
176,3,0,6,-135,23.4011574222934,-11.719812569816,-41.5108362271222,79.0065113408755,0
176,4,0,6,-120,23.4011574222934,-3.68236958448592,-52.7911169107373,75.752182898092,0
176,5,0,6,-105,23.4011574222934,5.59683947625237,-62.964039289035,71.901407744716,0
176,6,110.016394664385,6,-90,23.4011574222934,15.730365196168,-72.450198402778,67.6719232947175,41.7962729770536
176,7,213.6390363642,6,-75,23.4011574222934,26.4037124333416,-81.7773606546599,63.3098174849313,95.9593732746472
176,8,304.845753816828,6,-60,23.4011574222934,37.3329996193223,-88.3430758492891,57.5411701693668,163.608718279459
176,9,378.335944126852,6,-45,23.4011574222934,48.1889216858116,-76.7558784194855,43.7919463674099,273.104642675813
176,10,429.838624559426,6,-30,23.4011574222934,58.4221382650122,-61.1975867826013,30.2382392483845,371.354305722264
176,11,456.360646532435,6,-15,23.4011574222934,66.7701119710737,-37.0294039526734,17.5878085063973,435.028061262461
176,12,456.360646532435,6,0,23.4011574222934,70.3530574222934,0,10.3530574222934,448.930657318212
176,13,429.838624559426,6,15,23.4011574222934,66.7701119710737,37.0294039526734,17.5878085063973,409.745811604551
176,14,378.335944126852,6,30,23.4011574222934,58.4221382650122,61.1975867826013,30.2382392483845,326.859136972649
176,15,304.845753816828,6,45,23.4011574222934,48.1889216858116,76.7558784194855,43.7919463674099,220.055196868816
176,16,213.6390363642,6,60,23.4011574222934,37.3329996193223,88.3430758492891,57.5411701693668,114.658670742082
176,17,110.016394664385,6,75,23.4011574222934,26.4037124333416,81.7773606546599,63.3098174849313,49.4156145880264
176,18,5.62985402483226e-14,6,90,23.4011574222934,15.730365196168,72.450198402778,67.6719232947175,2.13883500146208e-14
176,19,0,6,105,23.4011574222934,5.59683947625237,62.964039289035,71.901407744716,0
176,20,0,6,120,23.4011574222934,-3.68236958448592,52.7911169107373,75.752182898092,0
176,21,0,6,135,23.4011574222934,-11.719812569816,41.5108362271222,79.0065113408755,0
176,22,0,6,150,23.4011574222934,-18.0416410123742,28.8554832110005,81.478936051667,0
176,23,0,6,165,23.4011574222934,-22.1299479994391,14.8577613636679,83.0247248841544,0
177,0,0,6,-180,23.3716512461353,-23.5802487538647,-7.02781298327584e-15,83.5802487538647,0
177,1,0,6,-165,23.3716512461353,-22.1588324403015,-14.8642664375805,83.0541456693887,0
177,2,0,6,-150,23.3716512461353,-18.0688811754791,-28.8674101811342,81.5081199044872,0
177,3,0,6,-135,23.3716512461353,-11.7448748127459,-41.526740864557,79.0353594802757,0
177,4,0,6,-120,23.3716512461353,-3.7051830329264,-52.8098684542957,75.7806703152907,0
177,5,0,6,-105,23.3716512461353,5.57603885241115,-62.9850663765994,71.9295892218344,0
177,6,111.760070359197,6,-90,23.3716512461353,15.7111601618056,-72.4734693556135,67.6999256972798,42.4081811810291
177,7,217.025051660443,6,-75,23.3716512461353,26.3855473266423,-81.8033183988765,63.3378197637738,97.3854788366351
177,8,309.677325813151,6,-60,23.3716512461353,37.3151338071026,-88.313546259335,57.5416555720619,166.199577610429
177,9,384.332279420878,6,-45,23.3716512461353,48.1702733959207,-76.7215861104162,43.7891236157851,277.446245561245
177,10,436.651237939657,6,-30,23.3716512461353,58.4009962475165,-61.1582937014109,30.2307590251671,377.268692604257
177,11,463.593613672055,6,-15,23.3716512461353,66.7442156128278,-36.993568032216,17.5715638419337,441.962622138466
177,12,463.593613672055,6,0,23.3716512461353,70.3235512461353,0,10.3235512461353,456.088709329742
177,13,436.651237939657,6,15,23.3716512461353,66.7442156128278,36.993568032216,17.5715638419337,416.277361008546
177,14,384.332279420878,6,30,23.3716512461353,58.4009962475165,61.1582937014109,30.2307590251671,332.064870047996
177,15,309.677325813151,6,45,23.3716512461353,48.1702733959207,76.7215861104162,43.7891236157851,223.553461374023
177,16,217.025051660443,6,60,23.3716512461353,37.3151338071026,88.313546259335,57.5416555720619,116.4743715806
177,17,111.760070359197,6,75,23.3716512461353,26.3855473266423,81.8033183988765,63.3378197637738,50.1500074921082
177,18,5.71908290438591e-14,6,90,23.3716512461353,15.7111601618056,72.4734693556135,67.6999256972798,2.17014809689198e-14
177,19,0,6,105,23.3716512461353,5.57603885241115,62.9850663765994,71.9295892218344,0
177,20,0,6,120,23.3716512461353,-3.7051830329264,52.8098684542957,75.7806703152907,0
177,21,0,6,135,23.3716512461353,-11.7448748127459,41.526740864557,79.0353594802757,0
177,22,0,6,150,23.3716512461353,-18.0688811754791,28.8674101811342,81.5081199044872,0
177,23,0,6,165,23.3716512461353,-22.1588324403015,14.8642664375805,83.0541456693887,0
178,0,0,6,-180,23.3352195453114,-23.6166804546886,-7.03169567141291e-15,83.6166804546886,0
178,1,0,6,-165,23.3352195453114,-22.1944961194727,-14.8723020324268,83.090471951563,0
178,2,0,6,-150,23.3352195453114,-18.102513986879,-28.8821416890073,81.5441536960268,0
178,3,0,6,-135,23.3352195453114,-11.7758183108623,-41.5463825415464,79.0709788727096,0
178,4,0,6,-120,23.3352195453114,-3.73335058012408,-52.8330225900636,75.8158445001256,0
178,5,0,6,-105,23.3352195453114,5.55035499328258,-63.0110267688586,71.9643858978563,0
178,6,113.500767751558,6,-90,23.3352195453114,15.6874440311614,-72.5021962829251,67.7345015209199,43.0053230566132
178,7,220.405283439901,6,-75,23.3352195453114,26.3631121511207,-81.8353575357285,63.3723956261865,98.7834060600997
178,8,314.500645195324,6,-60,23.3352195453114,37.2930645141706,-88.2771050126818,57.5422682357943,168.785349424208
178,9,390.318372615328,6,-45,23.3352195453114,48.1472340241481,-76.6792793050545,43.7856599937325,281.783883606337
178,10,443.452214968486,6,-30,23.3352195453114,58.3748753251232,-61.1098429718322,30.2215567575377,383.180622855599
178,11,470.814226470893,6,-15,23.3352195453114,66.7122298153889,-36.9494247801649,17.5515525056224,448.895941628777
178,12,470.814226470893,6,0,23.3352195453114,70.2871195453114,0,10.2871195453113,463.245986154016
178,13,443.452214968486,6,15,23.3352195453114,66.7122298153889,36.9494247801649,17.5515525056224,422.80774117167
178,14,390.318372615328,6,30,23.3352195453114,58.3748753251232,61.1098429718322,30.2215567575377,337.26844084284
178,15,314.500645195325,6,45,23.3352195453114,48.1472340241481,76.6792793050545,43.7856599937325,227.048531192705
178,16,220.405283439901,6,60,23.3352195453114,37.2930645141706,88.2771050126818,57.5422682357943,118.286507034798
178,17,113.500767751559,6,75,23.3352195453114,26.3631121511207,81.8353575357285,63.3723956261865,50.8698895686524
178,18,5.80815937567276e-14,6,90,23.3352195453114,15.6874440311614,72.5021962829251,67.7345015209199,2.20070555700425e-14
178,19,0,6,105,23.3352195453114,5.55035499328258,63.0110267688586,71.9643858978563,0
178,20,0,6,120,23.3352195453114,-3.73335058012408,52.8330225900636,75.8158445001256,0
178,21,0,6,135,23.3352195453114,-11.7758183108623,41.5463825415464,79.0709788727096,0
178,22,0,6,150,23.3352195453114,-18.102513986879,28.8821416890073,81.5441536960268,0
178,23,0,6,165,23.3352195453114,-22.1944961194727,14.8723020324268,83.090471951563,0
179,0,0,6,-180,23.2918731153209,-23.6600268846791,-7.03631810657485e-15,83.6600268846791,0
179,1,0,6,-165,23.2918731153209,-22.2369282436324,-14.8818681002386,83.1336929755905,0
179,2,0,6,-150,23.2918731153209,-18.1425288407732,-28.8996766014787,81.5870267910614,0
179,3,0,6,-135,23.2918731153209,-11.8126331252306,-41.5697579679467,79.113359075215,0
179,4,0,6,-120,23.2918731153209,-3.76686352942519,-52.8605733121059,75.8576952551332,0
179,5,0,6,-105,23.2918731153209,5.51979486854055,-63.0419114926901,72.0057878375542,0
179,6,115.237971035266,6,-90,23.2918731153209,15.659221701238,-72.5363668753428,67.7756410548999,43.5869626183928
179,7,223.778730066945,6,-75,23.2918731153209,26.3364095022845,-81.8734614962744,63.4135354815601,100.151687613895
179,8,319.31428270972,6,-60,23.2918731153209,37.2667919301958,-88.2337750750588,57.54301637133,171.365201168635
179,9,396.292449901599,6,-45,23.2918731153209,48.1198015797143,-76.6289921497512,43.7815701794797,286.116343003424
179,10,450.239540369642,6,-30,23.2918731153209,58.3437728653829,-61.0522897109457,30.2106564177945,389.088560033774
179,11,478.020345305542,6,-15,23.2918731153209,66.674157077183,-36.8970521211237,17.5278097346482,455.826283438032
179,12,478.020345305542,6,0,23.2918731153209,70.2437731153209,0,10.2437731153209,470.400715664787
179,13,450.239540369642,6,15,23.2918731153209,66.674157077183,36.8970521211237,17.5278097346482,429.335316705739
179,14,396.292449901599,6,30,23.2918731153209,58.3437728653829,61.0522897109457,30.2106564177945,342.468497009123
179,15,319.31428270972,6,45,23.2918731153209,48.1198015797143,76.6289921497512,43.7815701794797,230.539428294311
179,16,223.778730066945,6,60,23.2918731153209,37.2667919301958,88.2337750750588,57.54301637133,120.09449364357
179,17,115.237971035267,6,75,23.2918731153209,26.3364095022845,81.8734614962744,63.4135354815601,51.5745051950671
179,18,5.89705704341192e-14,6,90,23.2918731153209,15.659221701238,72.5363668753428,67.7756410548999,2.23046971931729e-14
179,19,0,6,105,23.2918731153209,5.51979486854055,63.0419114926901,72.0057878375542,0
179,20,0,6,120,23.2918731153209,-3.76686352942519,52.8605733121059,75.8576952551332,0
179,21,0,6,135,23.2918731153209,-11.8126331252306,41.5697579679467,79.113359075215,0
179,22,0,6,150,23.2918731153209,-18.1425288407732,28.8996766014787,81.5870267910614,0
179,23,0,6,165,23.2918731153209,-22.2369282436324,14.8818681002386,83.1336929755905,0
180,0,0,6,-180,23.2416248006465,-23.7102751993535,-7.04168039118034e-15,83.7102751993535,0
180,1,0,6,-165,23.2416248006465,-22.286115970382,-14.8929645891515,83.1837959449364,0
180,2,0,6,-150,23.2416248006465,-18.1889131168247,-28.920013577973,81.6367265352716,0
180,3,0,6,-135,23.2416248006465,-11.8553074277111,-41.5968632381001,79.1624876615815,0
180,4,0,6,-120,23.2416248006465,-3.80571152875695,-52.8925134862395,75.9062104453426,0
180,5,0,6,-105,23.2416248006465,5.48436677908378,-63.0777098884974,72.0537832169684,0
180,6,116.971165439496,6,-90,23.2416248006465,15.6264990127102,-72.5759665112263,67.8233327413618,44.1523701042388
180,7,227.144391916534,6,-75,23.2416248006465,26.3054424913386,-81.9176106022006,63.4612279142109,101.488866946801
180,8,324.116811971655,6,-60,23.2416248006465,37.2363163171797,-88.1835837147933,57.5439097243846,173.938292342474
180,9,402.252741031659,6,-45,23.2416248006465,48.0879737505951,-76.570765164581,43.7768716074168,290.442393900788
180,10,457.011202912126,6,-30,23.2416248006465,58.307685820682,-60.9856992266726,30.1980865127812,394.99094408169
180,11,485.209834847471,6,-15,23.2416248006465,66.630000452285,-36.8365420669134,17.500377592083,462.751882604232
180,12,485.209834847472,6,0,23.2416248006465,70.1935248006465,0,10.1935248006465,477.551095842983
180,13,457.011202912126,6,15,23.2416248006465,66.630000452285,36.8365420669134,17.500377592083,435.858425221928
180,14,402.252741031659,6,30,23.2416248006465,58.307685820682,60.9856992266726,30.1980865127812,347.663665413676
180,15,324.116811971655,6,45,23.2416248006465,48.0879737505951,76.570765164581,43.7768716074168,234.025161720726
180,16,227.144391916534,6,60,23.2416248006465,37.2363163171797,88.1835837147933,57.5439097243846,121.897742375014
180,17,116.971165439496,6,75,23.2416248006465,26.3054424913386,81.9176106022006,63.4612279142109,52.2631043000321
180,18,5.98574956530588e-14,6,90,23.2416248006465,15.6264990127102,72.5759665112263,67.8233327413618,2.25940323981277e-14
180,19,0,6,105,23.2416248006465,5.48436677908378,63.0777098884974,72.0537832169684,0
180,20,0,6,120,23.2416248006465,-3.80571152875695,52.8925134862395,75.9062104453426,0
180,21,0,6,135,23.2416248006465,-11.8553074277111,41.5968632381001,79.1624876615815,0
180,22,0,6,150,23.2416248006465,-18.1889131168247,28.920013577973,81.6367265352716,0
180,23,0,6,165,23.2416248006465,-22.286115970382,14.8929645891515,83.1837959449364,0
181,0,0,6,-180,23.1844894909484,-23.7674105090516,-7.04778264774537e-15,83.7674105090516,0
181,1,0,6,-165,23.1844894909484,-22.3420444117862,-14.9055914461172,83.2407660253412,0
181,2,0,6,-150,23.1844894909484,-18.2416521830956,-28.9431510748159,81.6932382587183,0
181,3,0,6,-135,23.1844894909484,-11.9038275030245,-41.627693836596,79.2183502254282,0
181,4,0,6,-120,23.1844894909484,-3.84988257122663,-52.9288348581548,75.9613760008256,0
181,5,0,6,-105,23.1844894909484,5.44408035889611,-63.11840962194,72.1083583253533,0
181,6,118.699837381338,6,-90,23.1844894909484,15.589282755531,-72.6209782734209,67.8775631766824,44.7008227341352
181,7,230.501271670427,6,-75,23.1844894909484,26.2702147561686,-81.9677820899771,63.5154596843062,102.793499685363
181,8,328.906809888063,6,-60,23.1844894909484,37.2016380281197,-88.1265624655632,57.5449595605201,176.503774294376
181,9,408.197479842614,6,-45,23.1844894909484,48.0517479333545,-76.5046451757481,43.7715844473265,294.760789794703
181,10,463.765196006181,6,-30,23.1844894909484,58.266610772445,-60.9101468589465,30.1838800669775,400.886190324465
181,11,492.380564695768,6,-15,23.1844894909484,66.5797635908248,-36.7680003317421,17.4693050260236,469.670944225044
181,12,492.380564695768,6,0,23.1844894909484,70.1363894909484,0,10.1363894909484,484.695293431878
181,13,463.765196006182,6,15,23.1844894909484,66.5797635908248,36.7680003317421,17.4693050260236,442.375376131104
181,14,408.197479842614,6,30,23.1844894909484,58.266610772445,60.9101468589465,30.1838800669775,352.852551255209
181,15,328.906809888063,6,45,23.1844894909484,48.0517479333545,76.5046451757481,43.7715844473265,237.504727096408
181,16,230.501271670427,6,60,23.1844894909484,37.2016380281197,88.1265624655632,57.5449595605201,123.695658485544
181,17,118.699837381339,6,75,23.1844894909484,26.2702147561686,81.9677820899771,63.5154596843062,52.9349430833389
181,18,6.07421065984627e-14,6,90,23.1844894909484,15.589282755531,72.6209782734209,67.8775631766824,2.28746913176707e-14
181,19,0,6,105,23.1844894909484,5.44408035889611,63.11840962194,72.1083583253533,0
181,20,0,6,120,23.1844894909484,-3.84988257122663,52.9288348581548,75.9613760008256,0
181,21,0,6,135,23.1844894909484,-11.9038275030245,41.627693836596,79.2183502254282,0
181,22,0,6,150,23.1844894909484,-18.2416521830956,28.9431510748159,81.6932382587183,0
181,23,0,6,165,23.1844894909484,-22.3420444117862,14.9055914461172,83.2407660253412,0
182,0,0,7,-180,23.1204841166518,-23.8314158833482,-7.05462502051787e-15,83.8314158833482,0
182,1,0,7,-165,23.1204841166518,-22.4046966384808,-14.9197486200317,83.3045863491364,0
182,2,0,7,-150,23.1204841166518,-18.300729399457,-28.9690873502249,81.7565452798751,0
182,3,0,7,-135,23.1204841166518,-11.9581777511604,-41.662244644899,79.2809303837767,0
182,4,0,7,-120,23.1204841166518,-3.89936299584187,-52.969528062767,76.0231759196649,0
182,5,0,7,-105,23.1204841166518,5.398946577162,-63.1639966974523,72.1694975674506,0
182,6,120.423474617991,7,-90,23.1204841166518,15.5475806753676,-72.6713829685857,67.938317113067,45.2316054712082
182,7,233.848374612704,7,-75,23.1204841166518,26.2307304739733,-82.0239501387442,63.576215728967,104.064155038616
182,8,333.682857079183,7,-60,23.1204841166518,37.1627575284787,-88.0627470833568,57.5461786476447,179.060790047187
182,9,414.124904780056,7,-45,23.1204841166518,48.01112126743,-76.4306852375102,43.7657315802412,299.070266965195
182,10,470.499518297893,7,-30,23.1204841166518,58.2205439817752,-60.8257177968202,30.1680746025476,406.772688526575
182,11,499.53041000842,7,-15,23.1204841166518,66.5234507849118,-36.6915458931645,17.4346479378712,476.581642255368
182,12,499.53041000842,7,0,23.1204841166518,70.0723841166518,0,10.0723841166518,491.83144266595
182,13,470.499518297893,7,15,23.1204841166518,66.5234507849118,36.6915458931645,17.4346479378712,448.884449511271
182,14,414.124904780056,7,30,23.1204841166518,58.2205439817752,60.8257177968202,30.1680746025476,358.033737234434
182,15,333.682857079183,7,45,23.1204841166518,48.01112126743,76.4306852375102,43.7657315802412,240.977106173756
182,16,233.848374612704,7,60,23.1204841166518,37.1627575284787,88.0627470833568,57.5461786476447,125.487641396767
182,17,120.423474617991,7,75,23.1204841166518,26.2307304739733,82.0239501387442,63.576215728967,53.5892847392692
182,18,6.16241411410161e-14,7,90,23.1204841166518,15.5475806753676,72.6713829685857,67.938317113067,2.31463080469534e-14
182,19,0,7,105,23.1204841166518,5.398946577162,63.1639966974523,72.1694975674506,0
182,20,0,7,120,23.1204841166518,-3.89936299584187,52.969528062767,76.0231759196649,0
182,21,0,7,135,23.1204841166518,-11.9581777511604,41.662244644899,79.2809303837767,0
182,22,0,7,150,23.1204841166518,-18.300729399457,28.9690873502249,81.7565452798751,0
182,23,0,7,165,23.1204841166518,-22.4046966384808,14.9197486200317,83.3045863491364,0
183,0,0,7,-180,23.0496276439306,-23.9022723560694,-7.06220767732794e-15,83.9022723560694,0
183,1,0,7,-165,23.0496276439306,-22.4740536843452,-14.9354360652727,83.3752380201534,0
183,2,0,7,-150,23.0496276439306,-18.3661261214744,-28.9978204699389,81.8266289102172,0
183,3,0,7,-135,23.0496276439306,-12.0183406901364,-41.7005099488167,79.3502097811231,0
183,4,0,7,-120,23.0496276439306,-3.95413748836355,-53.0145826347632,76.0915922713437,0
183,5,0,7,-105,23.0496276439306,5.34897774061887,-63.214455473515,72.2371834660952,0
183,6,122.14156639854,7,-90,23.0496276439306,15.5014014808355,-72.7271591490499,68.0055774603923,45.7440117846413
183,7,237.184708924527,7,-75,23.0496276439306,26.1869943754983,-82.0860859018731,63.6434791635574,105.29941720929
183,8,338.443538299159,7,-60,23.0496276439306,37.1196754203843,-87.9921774977377,57.5475812361327,181.608474149592
183,9,420.033259420051,7,-45,23.0496276439306,47.9660906737324,-76.3489445437698,43.7593385709085,303.369543959167
183,10,477.212174262226,7,-30,23.0496276439306,58.1694814462621,-60.7325068721072,30.1507121162002,412.64880201454
183,11,506.657252131956,7,-15,23.0496276439306,66.4610670196836,-36.6073105019555,17.3964692595827,483.482118382262
183,12,506.657252131956,7,0,23.0496276439306,70.0015276439306,0,10.0015276439306,498.957644079773
183,13,477.212174262226,7,15,23.0496276439306,66.4610670196836,36.6073105019555,17.3964692595827,455.38389504788
183,14,420.033259420051,7,30,23.0496276439306,58.1694814462621,60.7325068721072,30.1507121162002,363.205782781863
183,15,338.443538299159,7,45,23.0496276439306,47.9660906737324,76.3489445437698,43.7593385709085,244.441266416632
183,16,237.184708924527,7,60,23.0496276439306,37.1196754203843,87.9921774977377,57.5475812361327,127.273084591509
183,17,122.141566398541,7,75,23.0496276439306,26.1869943754983,82.0860859018731,63.6434791635574,54.2254001833171
183,18,6.25033379148484e-14,7,90,23.0496276439306,15.5014014808355,72.7271591490499,68.0055774603923,2.34085210339206e-14
183,19,0,7,105,23.0496276439306,5.34897774061887,63.214455473515,72.2371834660952,0
183,20,0,7,120,23.0496276439306,-3.95413748836355,53.0145826347632,76.0915922713437,0
183,21,0,7,135,23.0496276439306,-12.0183406901364,41.7005099488167,79.3502097811231,0
183,22,0,7,150,23.0496276439306,-18.3661261214744,28.9978204699389,81.8266289102172,0
183,23,0,7,165,23.0496276439306,-22.4740536843452,14.9354360652727,83.3752380201534,0
184,0,0,7,-180,22.9719410690867,-23.9799589309133,-7.07053081164996e-15,83.9799589309133,0
184,1,0,7,-165,22.9719410690867,-22.5500945517387,-14.9526537456363,83.4527001192235,0
184,2,0,7,-150,22.9719410690867,-18.4378217047708,-29.0293483134664,81.9034684593663,0
184,3,0,7,-135,22.9719410690867,-12.0842969591121,-41.7424834467816,79.4261680940093,0
184,4,0,7,-120,22.9719410690867,-4.0141890823037,-53.0639870203127,76.16660520056,0
184,5,0,7,-105,22.9719410690867,5.29418749612527,-63.2697686796333,72.311396665163,0
184,6,123.853603615313,7,-90,22.9719410690867,15.4507548515002,-72.7882831371426,68.0793252883078,46.2373444141216
184,7,240.509285978036,7,-75,22.9719410690867,26.1390117608169,-82.1541575421334,63.7172312831759,106.497886811068
184,8,343.1874428554,7,-60,22.9719410690867,37.0723924694673,-87.9148977574931,57.5491830365722,184.145952557062
184,9,425.920792989606,7,-45,22.9719410690867,47.9166528974015,-76.2594883295031,43.7524336368405,307.657321124448
184,10,483.901174794347,7,-30,22.9719410690867,58.1134189626488,-60.6306183302376,30.1318390526917,418.512866870114
184,11,513.758979229244,7,-15,22.9719410690867,66.3926180290379,-36.515438144362,17.3548390396748,490.370480983217
184,12,513.758979229244,7,0,22.9719410690867,69.9238410690867,0,9.92384106908673,506.071963403141
184,13,483.901174794347,7,15,22.9719410690867,66.3926180290379,36.515438144362,17.3548390396748,461.871931052647
184,14,425.920792989606,7,30,22.9719410690867,58.1134189626488,60.6306183302376,30.1318390526917,368.367223347676
184,15,343.1874428554,7,45,22.9719410690867,47.9166528974015,76.2594883295031,43.7524336368405,247.896160624913
184,16,240.509285978036,7,60,22.9719410690867,37.0723924694673,87.9148977574931,57.5491830365722,129.051375530384
184,17,123.853603615313,7,75,22.9719410690867,26.1390117608169,82.1541575421334,63.7172312831759,54.8425687820264
184,18,6.33794363949807e-14,7,90,22.9719410690867,15.4507548515002,72.7882831371426,68.0793252883078,2.36609734704991e-14
184,19,0,7,105,22.9719410690867,5.29418749612527,63.2697686796333,72.311396665163,0
184,20,0,7,120,22.9719410690867,-4.0141890823037,53.0639870203127,76.16660520056,0
184,21,0,7,135,22.9719410690867,-12.0842969591121,41.7424834467816,79.4261680940093,0
184,22,0,7,150,22.9719410690867,-18.4378217047708,29.0293483134664,81.9034684593663,0
184,23,0,7,165,22.9719410690867,-22.5500945517387,14.9526537456363,83.4527001192235,0
185,0,0,7,-180,22.887447412329,-24.064452587671,-7.07959464487232e-15,84.064452587671,0
185,1,0,7,-165,22.887447412329,-22.6327962173007,-14.9714016386637,83.5369497102684,0
185,2,0,7,-150,22.887447412329,-18.5157935098712,-29.063668580933,81.9870412407922,0
185,3,0,7,-135,22.887447412329,-12.1560253218683,-41.7881582589141,79.5087830360969,0
185,4,0,7,-120,22.887447412329,-4.07949916008219,-53.1177285898992,76.2481929314731,0
185,5,0,7,-105,22.887447412329,5.23459083342199,-63.3299174349772,72.3921159328675,0
185,6,125.559078954733,7,-90,22.887447412329,15.3956514466066,-72.8547290519371,68.159539828608,46.7109161354314
185,7,243.821120629299,7,-75,22.887447412329,26.0867885165997,-82.2281302703918,63.7974515643624,107.658182291377
185,8,347.913165026604,7,-60,22.887447412329,37.0209096342433,-87.8309559707675,57.5510011951548,186.672342543998
185,9,431.785760885462,7,-45,22.887447412329,47.8628045545467,-76.1623877622256,43.7450476139249,311.932280198173
185,10,490.564537799039,7,-30,22.887447412329,58.0523521950254,-60.5201655790935,30.1115062747843,424.363191198877
185,11,520.833486905278,7,-15,22.887447412329,66.3181103555778,-36.4160844604933,17.3098345377105,497.24480417357
185,12,520.833486905278,7,0,22.887447412329,69.8393474123291,0,9.83934741232908,513.172430548438
185,13,490.564537799039,7,15,22.887447412329,66.3181103555778,36.4160844604933,17.3098345377105,468.346743566325
185,14,431.785760885462,7,30,22.887447412329,58.0523521950254,60.5201655790935,30.1115062747843,373.516569757948
185,15,347.913165026604,7,45,22.887447412329,47.8628045545467,76.1623877622256,43.7450476139249,251.340726602839
185,16,243.821120629299,7,60,22.887447412329,37.0209096342433,87.8309559707675,57.5510011951548,130.821895590222
185,17,125.559078954733,7,75,22.887447412329,26.0867885165997,82.2281302703918,63.7974515643624,55.4400790856744
185,18,6.42521769745258e-14,7,90,22.887447412329,15.3956514466066,72.8547290519371,68.159539828608,2.39033136843732e-14
185,19,0,7,105,22.887447412329,5.23459083342199,63.3299174349772,72.3921159328675,0
185,20,0,7,120,22.887447412329,-4.07949916008219,53.1177285898992,76.2481929314731,0
185,21,0,7,135,22.887447412329,-12.1560253218683,41.7881582589141,79.5087830360969,0
185,22,0,7,150,22.887447412329,-18.5157935098712,29.063668580933,81.9870412407922,0
185,23,0,7,165,22.887447412329,-22.6327962173007,14.9714016386637,83.5369497102684,0
186,0,0,7,-180,22.7961717109515,-24.1557282890485,-7.0893994287704e-15,84.1557282890485,0
186,1,0,7,-165,22.7961717109515,-22.7221336383137,-14.9916797403483,83.6279618469787,0
186,2,0,7,-150,22.7961717109515,-18.6000169075283,-29.1007788005032,82.0773225780708,0
186,3,0,7,-135,22.7961717109515,-12.2335026706568,-41.8375269368335,79.5980303637452,0
186,4,0,7,-120,22.7961717109515,-4.15004745435769,-53.1757936522342,76.3363317723849,0
186,5,0,7,-105,22.7961717109515,5.17020408806086,-63.394881268629,72.4793181654142,0
186,6,127.25748704765,7,-90,22.7961717109515,15.3361029144975,-72.9264688383462,68.2461984778884,47.1640505267574
186,7,247.119231510234,7,-75,22.7961717109515,26.0303311348075,-82.3079663877641,63.8841176670366,108.778941359097
186,8,352.619304479303,7,-60,22.7961717109515,36.9652280979293,-87.7404042398025,57.5530542667277,189.186752648844
186,9,437.626425191055,7,-45,22.7961717109515,47.8045421827815,-76.0577198237088,43.7372139185705,316.193083952836
186,10,497.200288778036,7,-30,22.7961717109515,57.9862767481827,-60.4012709166625,30.0897690294526,430.198054478905
186,11,527.878678830753,7,-15,22.7961717109515,66.2375514142659,-36.3094161228744,17.2615403269331,504.103126948666
186,12,527.878678830753,7,0,22.7961717109515,69.7480717109515,0,9.74807171095145,520.257038696067
186,13,497.200288778036,7,15,22.7961717109515,66.2375514142659,36.3094161228744,17.2615403269331,474.806485550722
186,14,437.626425191055,7,30,22.7961717109515,57.9862767481827,60.4012709166625,30.0897690294526,378.652307641353
186,15,352.619304479303,7,45,22.7961717109515,47.8045421827815,76.0577198237088,43.7372139185705,254.773886873808
186,16,247.119231510234,7,60,22.7961717109515,36.9652280979293,87.7404042398025,57.5530542667277,132.584020025606
186,17,127.25748704765,7,75,22.7961717109515,26.0303311348075,82.3079663877641,63.8841176670366,56.0172295634911
186,18,6.51213010416144e-14,7,90,22.7961717109515,15.3361029144975,72.9264688383462,68.2461984778884,2.4135195531127e-14
186,19,0,7,105,22.7961717109515,5.17020408806086,63.394881268629,72.4793181654142,0
186,20,0,7,120,22.7961717109515,-4.15004745435769,53.1757936522342,76.3363317723849,0
186,21,0,7,135,22.7961717109515,-12.2335026706568,41.8375269368335,79.5980303637452,0
186,22,0,7,150,22.7961717109515,-18.6000169075283,29.1007788005032,82.0773225780708,0
186,23,0,7,165,22.7961717109515,-22.7221336383137,14.9916797403483,83.6279618469787,0
187,0,0,7,-180,22.6981410119143,-24.2537589880857,-7.09994544817759e-15,84.2537589880857,0
187,1,0,7,-165,22.6981410119143,-22.818079759627,-15.0134880702098,83.7257095800811,0
187,2,0,7,-150,22.6981410119143,-18.6904652845354,-29.1406763363524,82.1742858116988,0
187,3,0,7,-135,22.6981410119143,-12.3167040304305,-41.8905814741814,79.6938838820958,0
187,4,0,7,-120,22.6981410119143,-4.2258120495489,-53.2381674692042,76.430996120863,0
187,5,0,7,-105,22.6981410119143,5.10104494447407,-63.4646381413823,72.572978391023,0
187,6,128.948324619091,7,-90,22.6981410119143,15.2721219026771,-73.0034722984963,68.3392768004982,47.5960827352509
187,7,250.402641319409,7,-75,22.6981410119143,25.9696467327385,-82.3936253311257,63.9772054366854,109.858822416507
187,8,357.30446668281,7,-60,22.6981410119143,36.9053493025814,-87.6432985904017,57.5553621855221,191.688282653924
187,9,443.4410551915,7,-45,22.6981410119143,47.7418622953488,-75.9455671821924,43.7289685063623,320.438375903175
187,10,503.806461415111,7,-30,22.6981410119143,57.9151882457394,-60.2740652384347,30.0666869101141,436.015706994039
187,11,534.892467363253,7,-15,22.6981410119143,66.1509495592625,-36.195610179407,17.2100484046355,510.943452426182
187,12,534.892467363253,7,0,22.6981410119143,69.6500410119143,0,9.65004101191429,527.323743483577
187,13,503.806461415112,7,15,22.6981410119143,66.1509495592625,36.195610179407,17.2100484046355,481.249276175055
187,14,443.4410551915,7,30,22.6981410119143,57.9151882457394,60.2740652384347,30.0666869101141,383.772896930347
187,15,357.30446668281,7,45,22.6981410119143,47.7418622953488,75.9455671821924,43.7289685063623,258.194548444202
187,16,250.402641319409,7,60,22.6981410119143,36.9053493025814,87.6432985904017,57.5553621855221,134.337117954739
187,17,128.948324619091,7,75,22.6981410119143,25.9696467327385,82.3936253311257,63.9772054366854,56.5733293410621
187,18,6.59865510560285e-14,7,90,22.6981410119143,15.2721219026771,73.0034722984963,68.3392768004982,2.43562787865149e-14
187,19,0,7,105,22.6981410119143,5.10104494447407,63.4646381413823,72.572978391023,0
187,20,0,7,120,22.6981410119143,-4.2258120495489,53.2381674692042,76.430996120863,0
187,21,0,7,135,22.6981410119143,-12.3167040304305,41.8905814741814,79.6938838820958,0
187,22,0,7,150,22.6981410119143,-18.6904652845354,29.1406763363524,82.1742858116988,0
187,23,0,7,165,22.6981410119143,-22.818079759627,15.0134880702098,83.7257095800811,0
188,0,0,7,-180,22.5933843638293,-24.3585156361707,-7.11123302384927e-15,84.3585156361707,0
188,1,0,7,-165,22.5933843638293,-22.9206055211424,-15.0368266767242,83.8301639651893,0
188,2,0,7,-150,22.5933843638293,-18.7871100500269,-29.1833583971615,82.2779023064641,0
188,3,0,7,-135,22.5933843638293,-12.4056025634633,-41.9473133178153,79.7963154516673,0
188,4,0,7,-120,22.5933843638293,-4.306769383564,-53.3048342718021,76.5321584693115,0
188,5,0,7,-105,22.5933843638293,5.02713243915472,-63.5391644690327,72.6730697743281,0
188,6,130.631090637392,7,-90,22.5933843638293,15.2037220684727,-73.0857071253069,68.4387485318041,48.0063602433306
188,7,253.670377111633,7,-75,22.5933843638293,25.9047430743526,-82.4850637218907,64.076688906817,110.896505994702
188,8,361.967263322451,7,-60,22.5933843638293,36.8412749854285,-87.5396988962517,57.5579462335783,194.176023601619
188,9,449.227927886436,7,-45,22.5933843638293,47.6747614386186,-75.8260180553565,43.7203498271976,324.666780076929
188,10,510.38109815874,7,-30,22.5933843638293,57.8390824126286,-60.1386877255401,30.0423238146391,441.814369356087
188,11,541.872774165867,7,-15,22.5933843638293,66.0583141534046,-36.0748533651637,17.1554583097648,517.763747193781
188,12,541.872774165867,7,0,22.5933843638293,69.5452843638293,0,9.54528436382931,534.370462303836
188,13,510.38109815874,7,15,22.5933843638293,66.0583141534046,36.0748533651637,17.1554583097648,487.673200201524
188,14,449.227927886436,7,30,22.5933843638293,57.8390824126286,60.1386877255401,30.0423238146391,388.876771440617
188,15,361.967263322451,7,45,22.5933843638293,47.6747614386186,75.8260180553565,43.7203498271976,261.601602618674
188,16,253.670377111634,7,60,22.5933843638293,36.8412749854285,87.5396988962517,57.5579462335783,136.080552370784
188,17,130.631090637392,7,75,22.5933843638293,25.9047430743526,82.4850637218907,64.076688906817,57.1076989395138
188,18,6.6847670625515e-14,7,90,22.5933843638293,15.2037220684727,73.0857071253069,68.4387485318041,2.45662295386011e-14
188,19,0,7,105,22.5933843638293,5.02713243915472,63.5391644690327,72.6730697743281,0
188,20,0,7,120,22.5933843638293,-4.306769383564,53.3048342718021,76.5321584693115,0
188,21,0,7,135,22.5933843638293,-12.4056025634633,41.9473133178153,79.7963154516673,0
188,22,0,7,150,22.5933843638293,-18.7871100500269,29.1833583971615,82.2779023064641,0
188,23,0,7,165,22.5933843638293,-22.9206055211424,15.0368266767242,83.8301639651893,0
189,0,0,7,-180,22.4819328083521,-24.4699671916479,-7.12326251551391e-15,84.4699671916479,0
189,1,0,7,-165,22.4819328083521,-23.0296798658585,-15.0616956430956,83.9412940712406,0
189,2,0,7,-150,22.4819328083521,-18.8899206422702,-29.228822045105,82.3881414593734,0
189,3,0,7,-135,22.4819328083521,-12.5001695743695,-42.0077133796329,79.9052949954605,0
189,4,0,7,-120,22.4819328083521,-4.39289424975663,-53.375777276991,76.6397894109955,0
189,5,0,7,-105,22.4819328083521,4.94848696391787,-63.6184351470928,72.7795636211661,0
189,6,132.305286462666,7,-90,22.4819328083521,15.1309180902441,-73.1731389381929,68.5445855817814,48.3942436341748
189,7,256.92147058627,7,-75,22.4819328083521,25.835628592796,-82.5822354179491,64.1825403017002,111.890696191606
189,8,366.606312710949,7,-60,22.4819328083521,36.7730072172714,-87.429668798255,57.5608290068933,196.649057848426
189,9,454.985328500594,7,-45,22.4819328083521,47.6032362527272,-75.6991660643462,43.7113987768786,328.876900852358
189,10,516.922250802163,7,-30,22.4819328083521,57.7579551615136,-59.9952855146999,30.0167478988797,447.592232120091
189,11,548.817530823042,7,-15,22.4819328083521,65.959655639768,-35.9473413875783,17.0978772471587,524.561940767065
189,12,548.817530823042,7,0,22.4819328083521,69.4338328083521,0,9.4338328083521,541.395073717424
189,13,516.922250802163,7,15,22.4819328083521,65.959655639768,35.9473413875783,17.0978772471587,494.076307474757
189,14,454.985328500594,7,30,22.4819328083521,57.7579551615136,59.9952855146999,30.0167478988797,393.962338532442
189,15,366.606312710949,7,45,22.4819328083521,47.6032362527272,75.6991660643462,43.7113987768786,264.993924869228
189,16,256.92147058627,7,60,22.4819328083521,36.7730072172714,87.429668798255,57.5608290068933,137.813680179745
189,17,132.305286462666,7,75,22.4819328083521,25.835628592796,82.5822354179491,64.1825403017002,57.6196710160379
189,18,6.77044045817611e-14,7,90,22.4819328083521,15.1309180902441,73.1731389381929,68.5445855817814,2.47647205794838e-14
189,19,0,7,105,22.4819328083521,4.94848696391787,63.6184351470928,72.7795636211661,0
189,20,0,7,120,22.4819328083521,-4.39289424975663,53.375777276991,76.6397894109955,0
189,21,0,7,135,22.4819328083521,-12.5001695743695,42.0077133796329,79.9052949954605,0
189,22,0,7,150,22.4819328083521,-18.8899206422702,29.228822045105,82.3881414593734,0
189,23,0,7,165,22.4819328083521,-23.0296798658585,15.0616956430956,83.9412940712406,0
190,0,0,7,-180,22.3638193709839,-24.5880806290161,-7.13603432510528e-15,84.588080629016,0
190,1,0,7,-165,22.3638193709839,-23.1452697484735,-15.0880950933562,84.0590669895129,0
190,2,0,7,-150,22.3638193709839,-18.9988645359536,-29.277064205302,82.5049707081347,0
190,3,0,7,-135,22.3638193709839,-12.6003745155325,-42.0717720489799,80.0207905065792,0
190,4,0,7,-120,22.3638193709839,-4.4841597991283,-53.450978705442,76.7538576465255,0
190,5,0,7,-105,22.3638193709839,4.86513026920937,-63.7024235768653,72.8924293837633,0
190,6,133.970415994557,7,-90,22.3638193709839,15.0537256790904,-73.2657313208055,68.6567580389464,48.759107355808
190,7,260.154958374158,7,-75,22.3638193709839,25.7623124140393,-82.6850915686584,64.2947300394088,112.840122111612
190,8,371.220240197851,7,-60,22.3638193709839,36.7005484428082,-87.3132756190265,57.564034379312,199.106459158327
190,9,460.711550991917,7,-45,22.3638193709839,47.5272835351151,-75.5651100791607,43.7021586451321,333.067322865236
190,10,523.427981060682,7,-30,22.3638193709839,57.6718026826819,-59.8440133511396,29.9900315254409,453.347455496544
190,11,555.724679453499,7,-15,22.3638193709839,65.8549856147543,-35.8132781896879,17.0374202176864,531.3359251625
190,12,555.724679453499,7,0,22.3638193709839,69.3157193709839,0,9.31571937098395,548.395416984105
190,13,523.427981060682,7,15,22.3638193709839,65.8549856147543,35.8132781896879,17.0374202176864,500.456612519561
190,14,460.711550991917,7,30,22.3638193709839,57.6718026826819,59.8440133511396,29.9900315254409,399.027978857397
190,15,371.220240197851,7,45,22.3638193709839,47.5272835351151,75.5651100791607,43.7021586451321,268.370374760275
190,16,260.154958374158,7,60,22.3638193709839,36.7005484428082,87.3132756190265,57.564034379312,139.535852265904
190,17,133.970415994557,7,75,22.3638193709839,25.7623124140393,82.6850915686584,64.2947300394088,58.1085911052574
190,18,6.85564990560056e-14,7,90,22.3638193709839,15.0537256790904,73.2657313208055,68.6567580389464,2.49514317963001e-14
190,19,0,7,105,22.3638193709839,4.86513026920937,63.7024235768653,72.8924293837633,0
190,20,0,7,120,22.3638193709839,-4.4841597991283,53.450978705442,76.7538576465255,0
190,21,0,7,135,22.3638193709839,-12.6003745155325,42.0717720489799,80.0207905065792,0
190,22,0,7,150,22.3638193709839,-18.9988645359536,29.277064205302,82.5049707081347,0
190,23,0,7,165,22.3638193709839,-23.1452697484735,15.0880950933562,84.0590669895129,0
191,0,0,7,-180,22.2390790512854,-24.7128209487146,-7.14954890016952e-15,84.7128209487146,0
191,1,0,7,-165,22.2390790512854,-23.2673401445458,-15.1160251987797,84.1834478432223,0
191,2,0,7,-150,22.2390790512854,-19.1139072499711,-29.3280816756974,82.6283555401964,0
191,3,0,7,-135,22.2390790512854,-12.7061849929548,-42.1394792055968,80.1427680563673,0
191,4,0,7,-120,22.2390790512854,-4.58053754279778,-53.5304198000909,76.8743299908091,0
191,5,0,7,-105,22.2390790512854,4.7770854674283,-63.7911016928011,73.0116346663335,0
191,6,135.625985819248,7,-90,22.2390790512854,14.9721615909964,-73.3634458607199,68.7752341746479,49.1003404831356
191,7,263.369882323081,7,-75,22.2390790512854,25.6848043815428,-82.7935806727682,64.4132267351919,113.743539305811
191,8,375.807678576867,7,-60,22.2390790512854,36.6239015227424,-87.1905902727252,57.5675874641934,201.547292836801
191,9,466.404898557098,7,-45,22.2390790512854,47.446900306711,-75.4239540557505,43.6926750600336,337.236610987857
191,10,529.896361146016,7,-30,22.2390790512854,57.5806215369553,-59.685033225677,29.9622512074005,459.078169164263
191,11,562.592173320032,7,-15,22.2390790512854,65.7443169021384,-35.6728751961323,16.9742101534331,538.083554589756
191,12,562.592173320032,7,0,22.2390790512854,69.1909790512854,0,9.19097905128543,555.369291717993
191,13,529.896361146016,7,15,22.2390790512854,65.7443169021384,35.6728751961323,16.9742101534331,506.81209425114
191,14,466.404898557098,7,30,22.2390790512854,57.5806215369553,59.685033225677,29.9622512074005,404.072046193643
191,15,375.807678576868,7,45,22.2390790512854,47.446900306711,75.4239540557505,43.6926750600336,271.729795931724
191,16,263.369882323081,7,60,22.2390790512854,36.6239015227424,87.1905902727252,57.5675874641934,141.246413585737
191,17,135.625985819248,7,75,22.2390790512854,25.6848043815428,82.7935806727682,64.4132267351919,58.5738183608894
191,18,6.94037015542662e-14,7,90,22.2390790512854,14.9721615909964,73.3634458607199,68.7752341746479,2.51260505611807e-14
191,19,0,7,105,22.2390790512854,4.7770854674283,63.7911016928011,73.0116346663335,0
191,20,0,7,120,22.2390790512854,-4.58053754279778,53.5304198000909,76.8743299908091,0
191,21,0,7,135,22.2390790512854,-12.7061849929548,42.1394792055968,80.1427680563673,0
191,22,0,7,150,22.2390790512854,-19.1139072499711,29.3280816756974,82.6283555401964,0
191,23,0,7,165,22.2390790512854,-23.2673401445458,15.1160251987797,84.1834478432223,0
192,0,0,7,-180,22.1077488125054,-24.8441511874946,-7.16380673744031e-15,84.8441511874946,0
192,1,0,7,-165,22.1077488125054,-23.3958540602086,-15.1454861845908,84.3143997976976,0
192,2,0,7,-150,22.1077488125054,-19.2350123557101,-29.3818711373386,82.7582595023413,0
192,3,0,7,-135,22.1077488125054,-12.8175667725392,-42.2108242330527,80.2711918030668,0
192,4,0,7,-120,22.1077488125054,-4.68199735475884,-53.6140808454489,77.001171380476,0
192,5,0,7,-105,22.1077488125054,4.68437703622751,-63.8844399910661,73.1371452310979,0
192,6,137.27150535567,7,-90,22.1077488125054,14.8862436393641,-73.4662421909773,68.8999804477329,49.4173474772403
192,7,266.565289781689,7,-75,22.1077488125054,25.6031150818558,-82.9076486391552,64.537997205189,114.599731211636
192,8,380.367268491001,7,-60,22.1077488125054,36.54306977752,-87.0616871703992,57.571514573878,203.970615906695
192,9,472.063684134382,7,-45,22.1077488125054,47.3620838804973,-75.2758068651836,43.682995928811,341.383310382445
192,10,536.325474337548,7,-30,22.1077488125054,57.4844087511387,-59.5185139972653,29.9334875466701,464.782472187329
192,11,569.417977435994,7,-15,22.1077488125054,65.6276636275222,-35.5263505466197,16.9083780569005,544.802645267598
192,12,569.417977435994,7,0,22.1077488125054,69.0596488125054,0,9.05964881250535,562.314457670723
192,13,536.325474337548,7,15,22.1077488125054,65.6276636275222,35.5263505466197,16.9083780569005,513.140695801686
192,14,472.063684134382,7,30,22.1077488125054,57.4844087511387,59.5185139972653,29.9334875466701,409.092867372822
192,15,380.367268491001,7,45,22.1077488125054,47.3620838804973,75.2758068651836,43.682995928811,275.071016142012
192,16,266.565289781689,7,60,22.1077488125054,36.54306977752,87.0616871703992,57.571514573878,142.944703291167
192,17,137.271505355671,7,75,22.1077488125054,25.6031150818558,82.9076486391552,64.537997205189,59.014726297111
192,18,7.02457610321585e-14,7,90,22.1077488125054,14.8862436393641,73.4662421909773,68.8999804477329,2.52882721198043e-14
192,19,0,7,105,22.1077488125054,4.68437703622751,63.8844399910661,73.1371452310979,0
192,20,0,7,120,22.1077488125054,-4.68199735475884,53.6140808454489,77.001171380476,0
192,21,0,7,135,22.1077488125054,-12.8175667725392,42.2108242330527,80.2711918030668,0
192,22,0,7,150,22.1077488125054,-19.2350123557101,29.3818711373386,82.7582595023413,0
192,23,0,7,165,22.1077488125054,-23.3958540602086,15.1454861845908,84.3143997976976,0
193,0,0,7,-180,21.9698675706279,-24.9820324293721,-7.1788083865752e-15,84.9820324293722,0
193,1,0,7,-165,21.9698675706279,-23.5307725424405,-15.1764783369573,84.4518840711302,0
193,2,0,7,-150,21.9698675706279,-19.3621414858441,-29.4384291650127,82.8946442108354,0
193,3,0,7,-135,21.9698675706279,-12.9344837868152,-42.2857960326167,80.4060240009969,0
193,4,0,7,-120,21.9698675706279,-4.78850747494868,-53.7019411876049,77.1343448817834,0
193,5,0,7,-105,21.9698675706279,4.58703082175553,-63.9824075592403,73.2689250047393,0
193,6,138.906487000872,7,-90,21.9698675706279,14.7959907078682,-73.5740780333802,69.0309615096048,49.7095489412024
193,7,269.74023388179,7,-75,21.9698675706279,25.5172558710563,-83.0272388502412,64.6690064705137,115.407510590664
193,8,384.897658835355,7,-60,21.9698675706279,36.4580570325419,-86.926644121036,57.5758431769925,206.375477327052
193,9,477.686230903475,7,-45,21.9698675706279,47.2728319321867,-75.1207821152724,43.673171375006,345.505946631112
193,10,542.713415550285,7,-30,21.9698675706279,57.3831619155278,-59.3446310023314,29.9038251666785,470.458433039279
193,11,576.200069168314,7,-15,21.9698675706279,65.5050412926495,-35.373928321535,16.8400631430225,551.49097536717
193,12,576.200069168314,7,0,21.9698675706279,68.9217675706279,0,8.92176757062787,569.228634646639
193,13,542.713415550286,7,15,21.9698675706279,65.5050412926495,35.373928321535,16.8400631430225,519.440324466962
193,14,477.686230903475,7,30,21.9698675706279,57.3831619155278,59.3446310023314,29.9038251666785,414.088742301351
193,15,384.897658835355,7,45,21.9698675706279,47.2728319321867,75.1207821152724,43.673171375006,278.392847372819
193,16,269.74023388179,7,60,21.9698675706279,36.4580570325419,86.926644121036,57.5758431769925,144.630054882921
193,17,138.906487000872,7,75,21.9698675706279,25.5172558710563,83.0272388502412,64.6690064705137,59.4307035289753
193,18,7.1082427969286e-14,7,90,21.9698675706279,14.7959907078682,73.5740780333802,69.0309615096048,2.54377999781719e-14
193,19,0,7,105,21.9698675706279,4.58703082175553,63.9824075592403,73.2689250047393,0
193,20,0,7,120,21.9698675706279,-4.78850747494868,53.7019411876049,77.1343448817834,0
193,21,0,7,135,21.9698675706279,-12.9344837868152,42.2857960326167,80.4060240009969,0
193,22,0,7,150,21.9698675706279,-19.3621414858441,29.4384291650127,82.8946442108354,0
193,23,0,7,165,21.9698675706279,-23.5307725424405,15.1764783369573,84.4518840711302,0
194,0,0,7,-180,21.8254761828406,-25.1264238171594,-7.19455445404595e-15,85.1264238171594,0
194,1,0,7,-165,21.8254761828406,-23.6720546898869,-15.2090020102446,84.5958599458963,0
194,2,0,7,-150,21.8254761828406,-19.4952543436345,-29.4977522382065,83.0374693621314,0
194,3,0,7,-135,21.8254761828406,-13.0568981421204,-42.3643830375121,80.5472250102593,0
194,4,0,7,-120,21.8254761828406,-4.90003451265003,-53.7939792548541,77.2738116990096,0
194,5,0,7,-105,21.8254761828406,4.48507404180163,-64.084972107066,73.4069360853021,0
194,6,140.530446274506,7,-90,21.8254761828406,14.7014227635759,-73.68690924344,69.1681402096907,49.9763823716583
194,7,272.893773818926,7,-75,21.8254761828406,25.4272389019307,-83.1522922279562,64.8062177617245,116.165720963219
194,8,389.397507157498,7,-60,21.8254761828406,36.3688676646891,-86.7855422285207,57.5806018536267,208.760918255868
194,9,483.270872782425,7,-45,21.8254761828406,47.1791425727325,-74.9589979650745,43.6632536719754,349.603025944359
194,10,549.058291899386,7,-30,21.8254761828406,57.2768792829851,-59.1635656523035,29.8733526390447,476.104089737472
194,11,582.936438836841,7,-15,21.8254761828406,65.3764668490526,-35.2158377642839,16.7694129825821,558.14628508623
194,12,582.936438836842,7,0,21.8254761828406,68.7773761828406,0,8.77737618284058,576.109502553679
194,13,549.058291899386,7,15,21.8254761828406,65.3764668490526,35.2158377642839,16.7694129825821,525.708851776217
194,14,483.270872782425,7,30,21.8254761828406,57.2768792829851,59.1635656523035,29.8733526390447,419.057944078683
194,15,389.397507157499,7,45,21.8254761828406,47.1791425727325,74.9589979650745,43.6632536719754,281.69408599707
194,16,272.893773818926,7,60,21.8254761828406,36.3688676646891,86.7855422285207,57.5806018536267,146.301796394669
194,17,140.530446274506,7,75,21.8254761828406,25.4272389019307,83.1522922279562,64.8062177617245,59.8211545111798
194,18,7.19134544431786e-14,7,90,21.8254761828406,14.7014227635759,73.68690924344,69.1681402096907,2.5574346287201e-14
194,19,0,7,105,21.8254761828406,4.48507404180163,64.084972107066,73.4069360853021,0
194,20,0,7,120,21.8254761828406,-4.90003451265003,53.7939792548541,77.2738116990096,0
194,21,0,7,135,21.8254761828406,-13.0568981421204,42.3643830375121,80.5472250102593,0
194,22,0,7,150,21.8254761828406,-19.4952543436345,29.4977522382065,83.0374693621314,0
194,23,0,7,165,21.8254761828406,-23.6720546898869,15.2090020102446,84.5958599458963,0
195,0,0,7,-180,21.674617435428,-25.277282564572,-7.2110456071753e-15,85.277282564572,0
195,1,0,7,-165,21.674617435428,-23.8196576642331,-15.2430576345171,84.746284780449,0
195,2,0,7,-150,21.674617435428,-19.6343087127464,-29.5598367523506,83.1866927441255,0
195,3,0,7,-135,21.674617435428,-13.1847701262509,-42.4465732274989,80.6947533069715,0
195,4,0,7,-120,21.674617435428,-5.01654345025024,-53.8901725788829,77.4195311833412,0
195,5,0,7,-105,21.674617435428,4.37853528880551,-64.1920999981624,73.5511387495502,0
195,6,142.142901962391,7,-90,21.674617435428,14.6025608702673,-73.8046898568707,69.3114776013349,50.2173029052674
195,7,276.024975131155,7,-75,21.674617435428,25.3330771517956,-83.2827473021065,64.9495925237057,116.873238038309
195,8,393.865480055257,7,-60,21.674617435428,36.2755066499946,-86.6384657847109,57.585820248422,211.125972357627
195,9,488.815954921317,7,-45,21.674617435428,47.0810144223869,-74.7905769327026,43.6532971727177,353.67303544988
195,10,555.358223261052,7,-30,21.674617435428,57.1655598690947,-58.9755050207709,29.8421624038999,481.717450090242
195,11,589.625090309861,7,-15,21.674617435428,65.2419587705241,-35.0523125048532,16.6965836453913,564.766276857517
195,12,589.625090309861,7,0,21.674617435428,68.626517435428,0,8.62651743542802,582.954701593316
195,13,555.358223261052,7,15,21.674617435428,65.2419587705241,35.0523125048532,16.6965836453913,531.944113688448
195,14,488.815954921317,7,30,21.674617435428,57.1655598690947,58.9755050207709,29.8421624038999,423.998719214855
195,15,393.865480055258,7,45,21.674617435428,47.0810144223869,74.7905769327026,43.6532971727177,284.97351301164
195,16,276.024975131155,7,60,21.674617435428,36.2755066499946,86.6384657847109,57.585820248422,147.959250608555
195,17,142.142901962392,7,75,21.674617435428,25.3330771517956,83.2827473021065,64.9495925237057,60.1855002744336
195,18,7.27385942027569e-14,7,90,21.674617435428,14.6025608702673,73.8046898568707,69.3114776013349,2.56976322247144e-14
195,19,0,7,105,21.674617435428,4.37853528880551,64.1920999981624,73.5511387495502,0
195,20,0,7,120,21.674617435428,-5.01654345025024,53.8901725788829,77.4195311833412,0
195,21,0,7,135,21.674617435428,-13.1847701262509,42.4465732274989,80.6947533069715,0
195,22,0,7,150,21.674617435428,-19.6343087127464,29.5598367523506,83.1866927441255,0
195,23,0,7,165,21.674617435428,-23.8196576642331,15.2430576345171,84.746284780449,0
196,0,0,7,-180,21.5173360310928,-25.4345639689072,-7.22828257831251e-15,85.4345639689072,0
196,1,0,7,-165,21.5173360310928,-23.9735367021255,-15.2786457232668,84.9031140217768,0
196,2,0,7,-150,21.5173360310928,-19.7792604675802,-29.6246790303071,83.3422702479667,0
196,3,0,7,-135,21.5173360310928,-13.3180582165936,-42.532354143728,80.8485654940291,0
196,4,0,7,-120,21.5173360310928,-5.13799764738165,-53.9904978164416,77.5714608422622,0
196,5,0,7,-105,21.5173360310928,4.26744453269164,-64.3037562826205,73.7014914607954,0
196,6,143.743376259108,7,-90,21.5173360310928,14.499427201893,-73.9273721375189,69.4609329481358,50.4317840592076
196,7,279.132909975951,7,-75,21.5173360310928,25.2347844508563,-83.4185402810033,65.0990904209804,117.528971137331
196,8,398.300253571836,7,-60,21.5173360310928,36.1779796122951,-86.4855021588548,57.5915290216145,213.469666156329
196,9,494.319834192641,7,-45,21.5173360310928,46.9784466860212,-74.6156456969067,43.6433582360123,357.714443563226
196,10,561.611342829659,7,-30,21.5173360310928,57.0492035529087,-58.7806414217644,29.81035068351,487.296492059199
196,11,596.264041595588,7,-15,21.5173360310928,65.101537123928,-34.8835897889088,16.6217398413329,571.348615694145
196,12,596.264041595589,7,0,21.5173360310928,68.4692360310928,0,8.46923603109275,589.761832592567
196,13,561.611342829659,7,15,21.5173360310928,65.101537123928,34.8835897889088,16.6217398413329,538.143910917719
196,14,494.319834192641,7,30,21.5173360310928,57.0492035529087,58.7806414217644,29.81035068351,428.90928794937
196,15,398.300253571836,7,45,21.5173360310928,46.9784466860212,74.6156456969067,43.6433582360123,288.229894336014
196,16,279.132909975951,7,60,21.5173360310928,36.1779796122951,86.4855021588548,57.5915290216145,149.601735302596
196,17,143.743376259108,7,75,21.5173360310928,25.2347844508563,83.4185402810033,65.0990904209804,60.5231791586125
196,18,7.35576027413023e-14,7,90,21.5173360310928,14.499427201893,73.9273721375189,69.4609329481358,2.58073883743723e-14
196,19,0,7,105,21.5173360310928,4.26744453269164,64.3037562826205,73.7014914607954,0
196,20,0,7,120,21.5173360310928,-5.13799764738165,53.9904978164416,77.5714608422622,0
196,21,0,7,135,21.5173360310928,-13.3180582165936,42.532354143728,80.8485654940291,0
196,22,0,7,150,21.5173360310928,-19.7792604675802,29.6246790303071,83.3422702479667,0
196,23,0,7,165,21.5173360310928,-23.9735367021255,15.2786457232668,84.9031140217768,0
197,0,0,7,-180,21.3536785757094,-25.5982214242906,-7.24626616913968e-15,85.5982214242906,0
197,1,0,7,-165,21.3536785757094,-24.1336451276406,-15.3157668813511,85.0663012184268,0
197,2,0,7,-150,21.3536785757094,-19.9300635841254,-29.6922753340605,83.5041558804188,0
197,3,0,7,-135,21.3536785757094,-13.4567190887525,-42.6217129038077,81.0086163124018,0
197,4,0,7,-120,21.3536785757094,-5.26435884546753,-54.0949307714324,77.7295563494505,0
197,5,0,7,-105,21.3536785757094,4.15183312348799,-64.4199047303907,73.8579508772076,0
197,6,145.331394909581,7,-90,21.3536785757094,14.3920450561042,-74.0549066266191,69.6164637307441,50.6193184647732
197,7,282.216657405144,7,-75,21.3536785757094,25.1323755109984,-83.5596051241987,65.2546693434747,118.131864609875
197,8,402.700513588131,7,-60,21.3536785757094,36.0762928726904,-86.3267416835783,57.5977597980773,215.791019434602
197,9,499.780879678185,7,-45,21.3536785757094,46.871439229415,-74.4343348929077,43.6334951488688,361.725700441657
197,10,567.815797670925,7,-30,21.3536785757094,56.9278111777996,-58.5791719806756,29.7780173888453,492.839164238712
197,11,602.851325429477,7,-15,21.3536785757094,64.9552236378997,-34.7099097165706,16.5450550570822,577.890929674546
197,12,602.851325429477,7,0,21.3536785757094,68.3055785757094,0,8.30557857570938,596.528457480698
197,13,567.815797670925,7,15,21.3536785757094,64.9552236378997,34.7099097165706,16.5450550570822,544.306009389923
197,14,499.780879678185,7,30,21.3536785757094,56.9278111777996,58.5791719806756,29.7780173888453,433.787844673237
197,15,402.700513588131,7,45,21.3536785757094,46.871439229415,74.4343348929077,43.6334951488688,291.461981177989
197,16,282.216657405144,7,60,21.3536785757094,36.0762928726904,86.3267416835783,57.5977597980773,151.228563530386
197,17,145.331394909581,7,75,21.3536785757094,25.1323755109984,83.5596051241987,65.2546693434747,60.8336475418476
197,18,7.43702373689092e-14,7,90,21.3536785757094,14.3920450561042,74.0549066266191,69.6164637307441,2.5903355101076e-14
197,19,0,7,105,21.3536785757094,4.15183312348799,64.4199047303907,73.8579508772076,0
197,20,0,7,120,21.3536785757094,-5.26435884546753,54.0949307714324,77.7295563494505,0
197,21,0,7,135,21.3536785757094,-13.4567190887525,42.6217129038077,81.0086163124018,0
197,22,0,7,150,21.3536785757094,-19.9300635841254,29.6922753340605,83.5041558804188,0
197,23,0,7,165,21.3536785757094,-24.1336451276406,15.3157668813511,85.0663012184268,0
198,0,0,7,-180,21.1836935645138,-25.7682064354862,-7.26499725510076e-15,85.7682064354862,0
198,1,0,7,-165,21.1836935645138,-24.2999343652978,-15.3544218131196,85.2357980340873,0
198,2,0,7,-150,21.1836935645138,-20.0866701513386,-29.7626218765692,83.672301776772,0
198,3,0,7,-135,21.1836935645138,-13.6007076256837,-42.7146362170236,81.174858652964,0
198,4,0,7,-120,21.1836935645138,-5.39558717269859,-54.2034464173407,77.8937715551902,0
198,5,0,7,-105,21.1836935645138,4.03173379368815,-64.5405078653729,74.0204718606186,0
198,6,146.906487349612,7,-90,21.1836935645138,14.280438867788,-74.1872421932583,69.7780256541382,50.7794185931039
198,7,285.275303637819,7,-75,21.1836935645138,25.0258659549068,-83.7058736171751,65.4162854127562,118.680899239852
198,8,407.064956212134,7,-60,21.1836935645138,35.9704534996358,-86.1622775376855,57.6045451144126,218.089045679324
198,9,505.197473152313,7,-45,21.1836935645138,46.7599926562229,-74.2467789029891,43.623768045283,365.705238522286
198,10,573.969749270977,7,-30,21.1836935645138,56.8013846519416,-58.3712981993665,29.7452660187406,498.343386454311
198,11,609.384989857162,7,-15,21.1836935645138,64.8030417690079,-34.5315144947768,16.4667116860069,584.390810569116
198,12,609.384989857162,7,0,21.1836935645138,68.1355935645139,0,8.13559356451384,603.252099912916
198,13,573.969749270977,7,15,21.1836935645138,64.8030417690079,34.5315144947768,16.4667116860069,550.428140833006
198,14,505.197473152313,7,30,21.1836935645138,56.8013846519416,58.3712981993665,29.7452660187406,438.632558455664
198,15,407.064956212134,7,45,21.1836935645138,46.7599926562229,74.2467789029891,43.623768045283,294.668510467274
198,16,285.275303637819,7,60,21.1836935645138,35.9704534996358,86.1622775376855,57.6045451144126,152.839043933394
198,17,146.906487349612,7,75,21.1836935645138,25.0258659549068,83.7058736171751,65.4162854127562,61.1163805646319
198,18,7.51762572843993e-14,7,90,21.1836935645138,14.280438867788,74.1872421932583,69.7780256541382,2.59852829223438e-14
198,19,0,7,105,21.1836935645138,4.03173379368815,64.5405078653729,74.0204718606186,0
198,20,0,7,120,21.1836935645138,-5.39558717269859,54.2034464173407,77.8937715551902,0
198,21,0,7,135,21.1836935645138,-13.6007076256837,42.7146362170236,81.174858652964,0
198,22,0,7,150,21.1836935645138,-20.0866701513386,29.7626218765692,83.672301776772,0
198,23,0,7,165,21.1836935645138,-24.2999343652978,15.3544218131196,85.2357980340873,0
199,0,0,7,-180,21.0074313677336,-25.9444686322664,-7.28447678994471e-15,85.9444686322664,0
199,1,0,7,-165,21.0074313677336,-24.4723539536148,-15.3946113307096,85.4115542617285,0
199,2,0,7,-150,21.0074313677336,-20.2490303830514,-29.8357148337328,83.8466582143041,0
199,3,0,7,-135,21.0074313677336,-13.749976927351,-42.8111103996509,81.3472435688622,0
199,4,0,7,-120,21.0074313677336,-5.53164114946481,-54.3160189199348,78.0640584973046,0
199,5,0,7,-105,21.0074313677336,3.90718066031578,-64.665527000119,74.189007485832,0
199,6,148.468186845318,7,-90,21.0074313677336,14.1646342225432,-74.3243260859354,69.9455726553945,50.9116174720278
199,7,288.307942331087,7,-75,21.0074313677336,24.9152723454043,-83.8572754478283,65.5838929887659,119.175093640092
199,8,411.392288165304,7,-60,21.0074313677336,35.8604693594954,-85.9922056260234,57.6119183641483,220.362752574063
199,9,510.568009561478,7,-45,21.0074313677336,46.6441083853254,-74.0531156423666,43.6142388213089,369.651473145373
199,10,580.071374081142,7,-30,21.0074313677336,56.6699270479562,-58.1572255170368,29.7122035512916,503.807050481418
199,11,615.863098812866,7,-15,21.0074313677336,64.6450167649941,-34.3486477069133,16.3869011484058,590.845814610365
199,12,615.863098812866,7,0,21.0074313677336,67.9593313677336,0,7.95933136773358,609.930246042927
199,13,580.071374081142,7,15,21.0074313677336,64.6450167649941,34.3486477069133,16.3869011484058,556.508003502363
199,14,510.568009561478,7,30,21.0074313677336,56.6699270479562,58.1572255170368,29.7122035512916,443.441573676681
199,15,411.392288165304,7,45,21.0074313677336,46.6441083853254,74.0531156423666,43.6142388213089,297.848205357722
199,16,288.307942331087,7,60,21.0074313677336,35.8604693594954,85.9922056260234,57.6119183641483,154.432481086068
199,17,148.468186845318,7,75,21.0074313677336,24.9152723454043,83.8572754478283,65.5838929887659,61.3708728479853
199,18,7.59754236466762e-14,7,90,21.0074313677336,14.1646342225432,74.3243260859354,69.9455726553945,2.60529328751402e-14
199,19,0,7,105,21.0074313677336,3.90718066031578,64.665527000119,74.189007485832,0
199,20,0,7,120,21.0074313677336,-5.53164114946481,54.3160189199348,78.0640584973046,0
199,21,0,7,135,21.0074313677336,-13.749976927351,42.8111103996509,81.3472435688622,0
199,22,0,7,150,21.0074313677336,-20.2490303830514,29.8357148337328,83.8466582143041,0
199,23,0,7,165,21.0074313677336,-24.4723539536148,15.3946113307096,85.4115542617285,0
200,0,0,7,-180,20.8249442156616,-26.1269557843384,-7.30470581037455e-15,86.1269557843384,0
200,1,0,7,-165,20.8249442156616,-24.6508515592044,-15.4363363624916,85.5935178382968,0
200,2,0,7,-150,20.8249442156616,-20.4170926304114,-29.9115503564323,84.0271736262903,0
200,3,0,7,-135,20.8249442156616,-13.9044783209176,-42.9111213902965,81.5257202884211,0
200,4,0,7,-120,20.8249442156616,-5.67247769426822,-54.4326216601597,78.2403674126164,0
200,5,0,7,-105,20.8249442156616,3.77820922664973,-64.794922271055,74.3635090504492,0
200,6,150.016030631433,7,-90,20.8249442156616,14.0446578700284,-74.4661039850949,70.1190569119681,51.0154693929596
200,7,291.313674848651,7,-75,20.8249442156616,24.8006122149019,-84.0137382845816,65.7574446770651,119.613505633423
200,8,415.68122716579,7,-60,20.8249442156616,35.7463491673778,-85.8166244566624,57.6199137410917,222.611142538488
200,9,515.890897499837,7,-45,20.8249442156616,46.5237887282731,-73.8534863408786,43.604971046459,373.562803263411
200,10,586.118864058307,7,-30,20.8249442156616,56.5334427012661,-57.937162868428,29.6789403271345,509.228020885509
200,11,622.283732693094,7,-15,20.8249442156616,64.4811757247358,-34.1615536031043,16.3058239988728,597.253463407973
200,12,622.283732693094,7,0,20.8249442156616,67.7768442156616,0,7.7768442156616,616.56034544586
200,13,586.118864058307,7,15,20.8249442156616,64.4811757247358,34.1615536031043,16.3058239988728,562.54326304271
200,14,515.890897499837,7,30,20.8249442156616,56.5334427012661,57.937162868428,29.6789403271345,448.21301076663
200,15,415.681227165791,7,45,20.8249442156616,46.5237887282731,73.8534863408786,43.604971046459,300.999775798674
200,16,291.313674848652,7,60,20.8249442156616,35.7463491673778,85.8166244566624,57.6199137410917,156.008175873863
200,17,150.016030631433,7,75,20.8249442156616,24.8006122149019,84.0137382845816,65.7574446770651,61.5966392046623
200,18,7.67674996454995e-14,7,90,20.8249442156616,14.0446578700284,74.4661039850949,70.1190569119681,2.61060768776162e-14
200,19,0,7,105,20.8249442156616,3.77820922664973,64.794922271055,74.3635090504492,0
200,20,0,7,120,20.8249442156616,-5.67247769426822,54.4326216601597,78.2403674126164,0
200,21,0,7,135,20.8249442156616,-13.9044783209176,42.9111213902965,81.5257202884211,0
200,22,0,7,150,20.8249442156616,-20.4170926304114,29.9115503564323,84.0271736262903,0
200,23,0,7,165,20.8249442156616,-24.6508515592044,15.4363363624916,85.5935178382968,0
201,0,0,7,-180,20.6362861831794,-26.3156138168206,-7.32568544079324e-15,86.3156138168206,0
201,1,0,7,-165,20.6362861831794,-24.8353729914074,-15.4795979616406,85.7816348599581,0
201,2,0,7,-150,20.6362861831794,-20.5908033948603,-29.9901245825966,84.2137946165589,0
201,3,0,7,-135,20.6362861831794,-14.0641613714861,-43.0146547652093,81.7102362285906,0
201,4,0,7,-120,20.6362861831794,-5.81805213014158,-54.553227257149,78.4226467489423,0
201,5,0,7,-105,20.6362861831794,3.64485638356845,-64.9286526741312,74.5439260852238,0
201,6,151.549560048439,7,-90,20.6362861831794,13.9205377371161,-74.6125200565161,70.2984288505008,51.0905506067507
201,7,294.2916105271,7,-75,20.6362861831794,24.6819040948542,-84.1751878559644,65.9368913366154,119.995233618188
201,8,419.930502308405,7,-60,20.6362861831794,35.628102538082,-85.6356350156639,57.6285661809074,224.833213314748
201,9,521.164559680816,7,-45,20.6362861831794,46.3990369665335,-73.6480353210549,43.5960298714555,377.437612236359
201,10,592.110427200675,7,-30,20.6362861831794,56.3919373067216,-57.7113222409482,29.6455899242656,514.604135984444
201,11,628.644988925462,7,-15,20.6362861831794,64.3115476546223,-33.9704764142796,16.2236900171751,603.611245009774
201,12,628.644988925462,7,0,20.6362861831794,67.5881861831794,0,7.58818618317943,623.139812192639
201,13,592.110427200675,7,15,20.6362861831794,64.3115476546223,33.9704764142796,16.2236900171751,568.53155348741
201,14,521.164559680817,7,30,20.6362861831794,56.3919373067216,57.7113222409482,29.6455899242656,452.94496705319
201,15,419.930502308406,7,45,20.6362861831794,46.3990369665335,73.6480353210549,43.5960298714555,304.121919175721
201,16,294.2916105271,7,60,20.6362861831794,35.628102538082,85.6356350156639,57.6285661809074,157.56542590418
201,17,151.549560048439,7,75,20.6362861831794,24.6819040948542,84.1751878559644,65.9368913366154,61.7932153423434
201,18,7.75522505716562e-14,7,90,20.6362861831794,13.9205377371161,74.6125200565161,70.2984288505008,2.61444980851954e-14
201,19,0,7,105,20.6362861831794,3.64485638356845,64.9286526741312,74.5439260852238,0
201,20,0,7,120,20.6362861831794,-5.81805213014158,54.553227257149,78.4226467489423,0
201,21,0,7,135,20.6362861831794,-14.0641613714861,43.0146547652093,81.7102362285906,0
201,22,0,7,150,20.6362861831794,-20.5908033948603,29.9901245825966,84.2137946165589,0
201,23,0,7,165,20.6362861831794,-24.8353729914074,15.4795979616406,85.7816348599581,0
202,0,0,7,-180,20.4415131737336,-26.5103868262664,-7.34741689813782e-15,86.5103868262664,0
202,1,0,7,-165,20.4415131737336,-25.0258622174619,-15.5243973148153,85.9758495978885,0
202,2,0,7,-150,20.4415131737336,-20.7701073416537,-30.0714336492492,84.4064659745904,0
202,3,0,7,-135,20.4415131737336,-14.228973893401,-43.1216957534935,81.9007370089342,0
202,4,0,7,-120,20.4415131737336,-5.96831819159832,-54.6778075912791,78.610843177626,0
202,5,0,7,-105,20.4415131737336,3.50716041047235,-65.0666761008055,74.7302063649533,0
202,6,153.068320678473,7,-90,20.4415131737336,13.7923029407857,-74.7635170054361,70.48363715617,51.1364600073506
202,7,297.240866939821,7,-75,20.4415131737336,24.5591675451108,-84.3415480314864,66.1221820881108,120.319417916042
202,8,424.138854441217,7,-60,20.4415131737336,35.5057400369758,-85.4493406397025,57.6379113009794,227.027958600683
202,9,526.387433404497,7,-45,20.4415131737336,46.2698574282573,-73.4369097731346,43.5874819323629,381.274268713164
202,10,598.044288078778,7,-30,20.4415131737336,56.2454180130783,-57.4799182322888,29.6122690240685,519.933208933392
202,11,634.944982532458,7,-15,20.4415131737336,64.136163521068,-33.7756596928225,16.1407182786175,609.916615109277
202,12,634.944982532459,7,0,20.4415131737336,67.3934131737336,0,7.39341317373358,629.666026076498
202,13,598.044288078778,7,15,20.4415131737336,64.136163521068,33.7756596928225,16.1407182786175,574.470478395818
202,14,526.387433404497,7,30,20.4415131737336,56.2454180130783,57.4799182322888,29.6122690240685,457.635517716308
202,15,424.138854441217,7,45,20.4415131737336,46.2698574282573,73.4369097731346,43.5874819323629,307.213321020997
202,16,297.240866939821,7,60,20.4415131737336,35.5057400369758,85.4493406397025,57.6379113009794,159.103525950126
202,17,153.068320678473,7,75,20.4415131737336,24.5591675451108,84.3415480314864,66.1221820881108,61.9601585577015
202,18,7.83294438865107e-14,7,90,20.4415131737336,13.7923029407857,74.7635170054361,70.48363715617,2.61679912404231e-14
202,19,0,7,105,20.4415131737336,3.50716041047235,65.0666761008055,74.7302063649533,0
202,20,0,7,120,20.4415131737336,-5.96831819159832,54.6778075912791,78.610843177626,0
202,21,0,7,135,20.4415131737336,-14.228973893401,43.1216957534935,81.9007370089342,0
202,22,0,7,150,20.4415131737336,-20.7701073416537,30.0714336492492,84.4064659745904,0
202,23,0,7,165,20.4415131737336,-25.0258622174619,15.5243973148153,85.9758495978885,0
203,0,0,7,-180,20.2406829027704,-26.7112170972296,-7.36990149679255e-15,86.7112170972296,0
203,1,0,7,-165,20.2406829027704,-25.2222613782043,-15.5707357509204,86.1761045146058,0
203,2,0,7,-150,20.2406829027704,-20.954947313927,-30.1554737044874,84.6051306911608,0
203,3,0,7,-135,20.2406829027704,-14.3988619621283,-43.2322292521622,82.0971664661609,0
203,4,0,7,-120,20.2406829027704,-6.12322803213905,-54.8063338271889,78.8049016066165,0
203,5,0,7,-105,20.2406829027704,3.36516097574273,-65.2089493742688,74.9222959199203,0
203,6,154.571862479984,7,-90,20.2406829027704,13.6599838006891,-74.9190361312857,70.6746287825951,51.1528198021003
203,7,300.16057015849,7,-75,20.2406829027704,24.4324231830575,-84.5127409036365,66.3132643228809,120.585242099785
203,8,428.305036538665,7,-60,20.2406829027704,35.3792732306366,-85.2578468868219,57.6479853386291,229.194368729557
203,9,531.557971020676,7,-45,20.2406829027704,46.1362555642827,-73.2202595276183,43.5793952511428,385.071127599438
203,10,603.918688361575,7,-30,20.2406829027704,56.0938935149281,-57.2431676100956,29.57909726823,525.213028932397
203,11,641.181846690014,7,-15,20.2406829027704,63.9550562989306,-33.5773456822904,16.0571371994239,616.166998399942
203,12,641.181846690014,7,0,20.2406829027704,67.1925829027704,0,7.19258290277039,636.136333991875
203,13,603.918688361575,7,15,20.2406829027704,63.9550562989306,33.5773456822904,16.0571371994239,580.357612128848
203,14,531.557971020676,7,30,20.2406829027704,56.0938935149281,57.2431676100956,29.57909726823,462.282716851079
203,15,428.305036538665,7,45,20.2406829027704,46.1362555642827,73.2202595276183,43.5793952511428,310.272655792885
203,16,300.16057015849,7,60,20.2406829027704,35.3792732306366,85.2578468868219,57.6479853386291,160.621768426878
203,17,154.571862479984,7,75,20.2406829027704,24.4324231830575,84.5127409036365,66.3132643228809,62.0970484201897
203,18,7.90988492909105e-14,7,90,20.2406829027704,13.6599838006891,74.9190361312857,70.6746287825951,2.61763630159751e-14
203,19,0,7,105,20.2406829027704,3.36516097574273,65.2089493742688,74.9222959199203,0
203,20,0,7,120,20.2406829027704,-6.12322803213905,54.8063338271889,78.8049016066165,0
203,21,0,7,135,20.2406829027704,-14.3988619621283,43.2322292521622,82.0971664661609,0
203,22,0,7,150,20.2406829027704,-20.954947313927,30.1554737044874,84.6051306911608,0
203,23,0,7,165,20.2406829027704,-25.2222613782043,15.5707357509204,86.1761045146058,0
204,0,0,7,-180,20.0338548806334,-26.9180451193665,-7.39314065357201e-15,86.9180451193666,0
204,1,0,7,-165,20.0338548806334,-25.4245108043006,-15.6186147499316,86.3823402808394,0
204,2,0,7,-150,20.0338548806334,-21.14526434731,-30.2422409193472,84.8097299745233,0
204,3,0,7,-135,20.0338548806334,-14.5737699267248,-43.3462398409655,82.2994666692006,0
204,4,0,7,-120,20.0338548806334,-6.28273223233942,-54.9387764366901,79.0047651940952,0
204,5,0,7,-105,20.0338548806334,3.21889913669666,-65.355428285816,75.1201390478907,0
204,6,156.059739921085,7,-90,20.0338548806334,13.523611851322,-75.0790173829151,70.871348962314,51.1392761674434
204,7,303.04985501203,7,-75,20.0338548806334,24.3016927124405,-84.6886868708327,66.5100837123817,120.791934298926
204,8,432.42781407108,7,-60,20.0338548806334,35.2487147370809,-85.0612614056054,57.6588250877627,231.331431395864
204,9,536.674640387468,7,-45,20.0338548806334,45.9982380231048,-72.998236825948,43.5718391326813,388.826531110899
204,10,609.731887337482,7,-30,20.0338548806334,55.9373741417053,-57.001288875223,29.5461971062496,530.441362556319
204,11,647.353733280676,7,-15,20.0338548806334,63.7682610156386,-33.3757747183733,15.9731845522161,622.359790076004
204,12,647.353733280676,7,0,20.0338548806334,66.9857548806335,0,6.98575488063342,642.548051465532
204,13,609.731887337482,7,15,20.0338548806334,63.7682610156386,33.3757747183733,15.9731845522161,586.190501262579
204,14,536.674640387468,7,30,20.0338548806334,55.9373741417053,57.001288875223,29.5461971062496,466.884598638328
204,15,432.42781407108,7,45,20.0338548806334,45.9982380231048,72.998236825948,43.5718391326813,313.298587724834
204,16,303.049855012031,7,60,20.0338548806334,35.2487147370809,85.0612614056054,57.6588250877627,162.119443900337
204,17,156.059739921085,7,75,20.0338548806334,24.3016927124405,84.6886868708327,66.5100837123817,62.2034874443573
204,18,7.98602387934293e-14,7,90,20.0338548806334,13.523611851322,75.0790173829151,70.871348962314,2.61694323502033e-14
204,19,0,7,105,20.0338548806334,3.21889913669666,65.355428285816,75.1201390478907,0
204,20,0,7,120,20.0338548806334,-6.28273223233942,54.9387764366901,79.0047651940952,0
204,21,0,7,135,20.0338548806334,-14.5737699267248,43.3462398409655,82.2994666692006,0
204,22,0,7,150,20.0338548806334,-21.14526434731,30.2422409193472,84.8097299745233,0
204,23,0,7,165,20.0338548806334,-25.4245108043006,15.6186147499316,86.3823402808394,0
205,0,0,7,-180,19.8210903949293,-27.1308096050707,-7.41713589276474e-15,87.1308096050707,0
205,1,0,7,-165,19.8210903949293,-25.632549033004,-15.6680359517595,86.5944957929335,0
205,2,0,7,-150,19.8210903949293,-21.3409976850965,-30.3317314995034,85.020203267129,0
205,3,0,7,-135,19.8210903949293,-14.7536404229118,-43.4637117969288,82.5075779348247,0
205,4,0,7,-120,19.8210903949293,-6.44677980854426,-55.0751052214897,79.2103753626581,0
205,5,0,7,-105,19.8210903949293,3.06841733899758,-65.5060676312732,75.3236783266792,0
205,6,157.531512111581,7,-90,19.8210903949293,13.3832198537386,-75.243399414188,71.0737412178434,51.0954998888082
205,7,305.907865342985,7,-75,19.8210903949293,24.1669989517703,-84.8693047211507,66.7125842182892,120.938768480558
205,8,436.505965370502,7,-60,19.8210903949293,35.1140782754165,-84.8596938030533,57.6704678340262,233.438132426595
205,9,541.735925325313,7,-45,19.8210903949293,45.8558127245438,-72.770996089917,43.5648840583513,392.538809911929
205,10,615.482162430185,7,-30,19.8210903949293,55.7758719434164,-56.7545018300735,29.5136936332703,535.61595520648
205,11,653.458813441247,7,-15,19.8210903949293,63.5758147908755,-33.1711846629306,15.8891074462209,628.492357479208
205,12,653.458813441247,7,0,19.8210903949293,66.7729903949293,0,6.77299039492932,648.898464339284
205,13,615.482162430185,7,15,19.8210903949293,63.5758147908755,33.1711846629306,15.8891074462209,591.966666139284
205,14,541.735925325313,7,30,19.8210903949293,55.7758719434164,56.7545018300735,29.5136936332703,471.439178622334
205,15,436.505965370503,7,45,19.8210903949293,45.8558127245438,72.770996089917,43.5648840583513,316.289771742757
205,16,305.907865342985,7,60,19.8210903949293,35.1140782754165,84.8596938030533,57.6704678340262,163.59584162764
205,17,157.531512111581,7,75,19.8210903949293,24.1669989517703,84.8693047211507,66.7125842182892,62.2791017494561
205,18,8.06133867779252e-14,7,90,19.8210903949293,13.3832198537386,75.243399414188,71.0737412178434,2.61470307745819e-14
205,19,0,7,105,19.8210903949293,3.06841733899758,65.5060676312732,75.3236783266792,0
205,20,0,7,120,19.8210903949293,-6.44677980854426,55.0751052214897,79.2103753626581,0
205,21,0,7,135,19.8210903949293,-14.7536404229118,43.4637117969288,82.5075779348247,0
205,22,0,7,150,19.8210903949293,-21.3409976850965,30.3317314995034,85.020203267129,0
205,23,0,7,165,19.8210903949293,-25.632549033004,15.6680359517595,86.5944957929335,0
206,0,0,7,-180,19.602452492367,-27.349447507633,-7.44188885122802e-15,87.349447507633,0
206,1,0,7,-165,19.602452492367,-25.8463128254364,-15.7190011651295,86.8125081907787,0
206,2,0,7,-150,19.602452492367,-21.5420847939707,-30.4239416967573,85.2364882628818,0
206,3,0,7,-135,19.602452492367,-14.9384143867659,-43.5846291085359,82.7214388438111,0
206,4,0,7,-120,19.602452492367,-6.61531822219223,-55.2152893356518,79.421671814055,0
206,5,0,7,-105,19.602452492367,2.91375941548197,-65.6608212473852,75.5328546272899,0
206,6,158.986742933607,7,-90,19.602452492367,13.238841806742,-75.412119639822,71.2817473733358,51.0211869833861
206,7,308.73375426121,7,-75,19.602452492367,24.0283658622003,-85.0545117166538,66.9207081032129,121.025065703094
206,8,440.538281992688,7,-60,19.602452492367,34.9753787147506,-84.6532555114495,57.6829512885478,235.513456597208
206,9,546.740326066252,7,-45,19.602452492367,45.7089889318559,-72.5386936904167,43.5586015761836,396.206284338325
206,10,621.16780970907,7,-30,19.602452492367,55.609400772766,-56.5030271534747,29.4817144179885,540.734532683023
206,11,659.495278104717,7,-15,19.602452492367,63.3777568717031,-32.9638103726167,15.8051622663863,634.562041890418
206,12,659.495278104717,7,0,19.602452492367,66.554352492367,0,6.554352492367,655.184830603299
206,13,621.167809709071,7,15,19.602452492367,63.3777568717031,32.9638103726167,15.8051622663863,597.68360255492
206,14,546.740326066253,7,30,19.602452492367,55.609400772766,56.5030271534747,29.4817144179885,475.944455094775
206,15,440.538281992689,7,45,19.602452492367,45.7089889318559,72.5386936904167,43.5586015761836,319.244854450267
206,16,308.733754261211,7,60,19.602452492367,34.9753787147506,84.6532555114495,57.6829512885478,165.050250128994
206,17,158.986742933608,7,75,19.602452492367,24.0283658622003,85.0545117166538,66.9207081032129,62.3235417050682
206,18,8.13580700703962e-14,7,90,19.602452492367,13.238841806742,75.412119639822,71.2817473733358,2.61090027324011e-14
206,19,0,7,105,19.602452492367,2.91375941548197,65.6608212473852,75.5328546272899,0
206,20,0,7,120,19.602452492367,-6.61531822219223,55.2152893356518,79.421671814055,0
206,21,0,7,135,19.602452492367,-14.9384143867659,43.5846291085359,82.7214388438111,0
206,22,0,7,150,19.602452492367,-21.5420847939707,30.4239416967573,85.2364882628818,0
206,23,0,7,165,19.602452492367,-25.8463128254364,15.7190011651295,86.8125081907787,0
207,0,0,7,-180,19.3780059600757,-27.5738940399243,-7.46740128352415e-15,87.5738940399243,0
207,1,0,7,-165,19.3780059600757,-26.0657371843898,-15.7715123764551,87.036312876268,0
207,2,0,7,-150,19.3780059600757,-21.7484613802958,-30.51886782026,85.4585209249252,0
207,3,0,7,-135,19.3780059600757,-15.1280310690417,-43.7089754894919,82.940986257654,0
207,4,0,7,-120,19.3780059600757,-6.78829338979493,-55.3592973077207,79.6385925444919,0
207,5,0,7,-105,19.3780059600757,2.75497058436333,-65.8196420480748,75.7476071276402,0
207,6,160.425001170866,7,-90,19.3780059600757,13.0905129574905,-75.5851142913534,71.4953075668435,50.9160593045036
207,7,311.526684394834,7,-75,19.3780059600757,23.8858185747805,-85.2442236781503,67.1343959420416,121.05019534032
207,8,444.523569075198,7,-60,19.3780059600757,34.8326321221944,-84.442059654517,57.6963135203584,237.556388491361
207,9,551.686359698343,7,-45,19.3780059600757,45.5577773220386,-72.3014877161268,43.5530641877337,399.827265703078
207,10,626.787144394145,7,-30,19.3780059600757,55.43797636338,-56.2470859834967,29.4503893204379,545.794802876595
207,11,665.46133853633,7,-15,19.3780059600757,63.174128663046,-32.753883203287,15.721614565168,640.566160464618
207,12,665.46133853633,7,0,19.3780059600757,66.3299059600757,0,6.32990596007565,661.404382378484
207,13,626.787144394145,7,15,19.3780059600757,63.174128663046,32.753883203287,15.721614565168,603.33878358167
207,14,551.686359698343,7,30,19.3780059600757,55.43797636338,56.2470859834967,29.4503893204379,480.398410583732
207,15,444.523569075199,7,45,19.3780059600757,45.5577773220386,72.3014877161268,43.5530641877337,322.162475180812
207,16,311.526684394834,7,60,19.3780059600757,34.8326321221944,84.442059654517,57.6963135203584,166.481957790197
207,17,160.425001170866,7,75,19.3780059600757,23.8858185747805,85.2442236781503,67.1343959420416,62.3364825614482
207,18,8.20940680051111e-14,7,90,19.3780059600757,13.0905129574905,75.5851142913534,71.4953075668435,2.60552058880414e-14
207,19,0,7,105,19.3780059600757,2.75497058436333,65.8196420480748,75.7476071276402,0
207,20,0,7,120,19.3780059600757,-6.78829338979493,55.3592973077207,79.6385925444919,0
207,21,0,7,135,19.3780059600757,-15.1280310690417,43.7089754894919,82.940986257654,0
207,22,0,7,150,19.3780059600757,-21.7484613802958,30.51886782026,85.4585209249252,0
207,23,0,7,165,19.3780059600757,-26.0657371843898,15.7715123764551,87.036312876268,0
208,0,0,7,-180,19.1478173064067,-27.8040826935933,-7.49367506708858e-15,87.8040826935933,0
208,1,0,7,-165,19.1478173064067,-26.2907553726456,-15.8255717586789,87.2658435322717,0
208,2,0,7,-150,19.1478173064067,-21.9600614069684,-30.6165062474232,85.6862355039589,0
208,3,0,7,-135,19.1478173064067,-15.3224280501383,-43.8367343920002,83.1661553358191,0
208,4,0,7,-120,19.1478173064067,-6.96564969359426,-55.5070970624345,79.8610738604973,0
208,5,0,7,-105,19.1478173064067,2.59209744677539,-65.9824820604818,75.9678733268747,0
208,6,161.8458606364,7,-90,19.1478173064067,12.9382698114572,-75.7623184731084,71.7143602632011,50.7798651262656
208,7,314.28582813838,7,-75,19.1478173064067,23.7393834169873,-85.4383550702023,67.3535866339343,121.013576273165
208,8,448.46064569146,7,-60,19.1478173064067,34.6858558098073,-84.226220913153,57.7105928875774,239.565913403352
208,9,556.572560605075,7,-45,19.1478173064067,45.4021900540941,-72.0595377427603,43.5483452317428,403.400057683718
208,10,632.338501355265,7,-30,19.1478173064067,55.2616164038538,-55.9868995095514,29.4198502994834,550.794457577634
208,11,671.35522686362,7,-15,19.1478173064067,62.9649737534938,-32.5416305510549,15.6387389003629,646.502008307382
208,12,671.35522686362,7,0,19.1478173064067,66.0997173064067,0,6.0997173064067,667.554328046014
208,13,632.338501355265,7,15,19.1478173064067,62.9649737534938,32.5416305510549,15.6387389003629,608.929661523743
208,14,556.572560605075,7,30,19.1478173064067,55.2616164038538,55.9868995095514,29.4198502994834,484.799013446178
208,15,448.46064569146,7,45,19.1478173064067,45.4021900540941,72.0595377427603,43.5483452317428,325.041267115537
208,16,314.28582813838,7,60,19.1478173064067,34.6858558098073,84.226220913153,57.7105928875774,167.890253495065
208,17,161.8458606364,7,75,19.1478173064067,23.7393834169873,85.4383550702023,67.3535866339343,62.3176250632454
208,18,8.28211624899978e-14,7,90,19.1478173064067,12.9382698114572,75.7623184731084,71.7143602632011,2.59855114261522e-14
208,19,0,7,105,19.1478173064067,2.59209744677539,65.9824820604818,75.9678733268747,0
208,20,0,7,120,19.1478173064067,-6.96564969359426,55.5070970624345,79.8610738604973,0
208,21,0,7,135,19.1478173064067,-15.3224280501383,43.8367343920002,83.1661553358191,0
208,22,0,7,150,19.1478173064067,-21.9600614069684,30.6165062474232,85.6862355039589,0
208,23,0,7,165,19.1478173064067,-26.2907553726456,15.8255717586789,87.2658435322717,0
209,0,0,7,-180,18.9119547412261,-28.0399452587739,-7.5207122074199e-15,88.0399452587739,0
209,1,0,7,-165,18.9119547412261,-26.5212989318074,-15.8811816800589,87.5010321421262,0
209,2,0,7,-150,18.9119547412261,-22.1768171108422,-30.7168534344641,85.91956455708,0
209,3,0,7,-135,18.9119547412261,-15.5215412557236,-43.9678890194896,83.396879553541,0
209,4,0,7,-120,18.9119547412261,-7.14732999292037,-55.6586559419524,80.0890503953571,0
209,5,0,7,-105,18.9119547412261,2.42518798361829,-66.1492924606938,76.1935890602746,0
209,6,163.248900298886,7,-90,18.9119547412261,12.7821501416839,-75.9436662180596,71.9388422675367,50.6123797071264
209,7,317.01036789801,7,-75,18.9119547412261,23.5890879384341,-85.6368190862144,67.5782174149696,120.914678046565
209,8,452.348345200704,7,-60,18.9119547412261,34.5350683803292,-84.0058553910378,57.7258279674617,241.54101828202
209,9,561.397480899667,7,-45,18.9119547412261,45.2422408350284,-71.8130046034654,43.544518764709,406.922957789513
209,10,637.820235605556,7,-30,18.9119547412261,55.0803406073842,-55.7226885750472,29.3902312099074,555.731174401133
209,11,677.175196600276,7,-15,18.9119547412261,62.7503379364123,-32.3272754305699,15.5568186120416,652.366860690497
209,12,677.175196600276,7,0,18.9119547412261,65.8638547412261,0,5.8638547412261,673.631854521646
209,13,637.820235605556,7,15,18.9119547412261,62.7503379364123,32.3272754305699,15.5568186120416,614.453670004221
209,14,561.397480899667,7,30,18.9119547412261,55.0803406073842,55.7226885750472,29.3902312099074,489.144219562124
209,15,452.348345200704,7,45,18.9119547412261,45.2422408350284,71.8130046034654,43.544518764709,327.879858465484
209,16,317.01036789801,7,60,18.9119547412261,34.5350683803292,84.0058553910378,57.7258279674617,169.274427286937
209,17,163.248900298886,7,75,18.9119547412261,23.5890879384341,85.6368190862144,67.5782174149696,62.2666960452417
209,18,8.35391380712685e-14,7,90,18.9119547412261,12.7821501416839,75.9436662180596,71.9388422675367,2.58998043400477e-14
209,19,0,7,105,18.9119547412261,2.42518798361829,66.1492924606938,76.1935890602746,0
209,20,0,7,120,18.9119547412261,-7.14732999292037,55.6586559419524,80.0890503953571,0
209,21,0,7,135,18.9119547412261,-15.5215412557236,43.9678890194896,83.396879553541,0
209,22,0,7,150,18.9119547412261,-22.1768171108422,30.7168534344641,85.91956455708,0
209,23,0,7,165,18.9119547412261,-26.5212989318074,15.8811816800589,87.5010321421262,0
210,0,0,7,-180,18.6704881557023,-28.2814118442977,-7.54851484328176e-15,88.2814118442977,0
210,1,0,7,-165,18.6704881557023,-26.7572977016434,-15.938344712874,87.7418090096317,0
210,2,0,7,-150,18.6704881557023,-22.3986590207253,-30.8199059265341,86.1584389671469,0
210,3,0,7,-135,18.6704881557023,-15.7253049730295,-44.1024223387262,83.633090720165,0
210,4,0,7,-120,18.6704881557023,-7.33327563627317,-55.8139407265269,80.322455126119,0
210,5,0,7,-105,18.6704881557023,2.25429155167124,-66.320023609081,76.4246885147705,0
210,6,164.633704407392,7,-90,18.6704881557023,12.6221929972702,-76.1290905434527,72.1686887394179,50.4134058310332
210,7,319.699496333793,7,-75,18.6704881557023,23.4349609356684,-85.8395277334267,67.8082238714623,120.753021988699
210,8,456.18551559366,7,-60,18.6704881557023,34.3802897715563,-83.7810804804143,57.7420574854175,243.480692714715
210,9,566.159690854106,7,-45,18.6704881557023,45.0779449833709,-71.5620501609841,43.5416594384938,410.394258906563
210,10,643.230722788854,7,-30,18.6704881557023,54.8941707767723,-55.4546732917962,29.3616675890249,560.602618824425
210,11,682.91952316366,7,-15,18.6704881557023,62.5302692263848,-32.1110360907915,15.4761455313912,658.157975403928
210,12,682.91952316366,7,0,18.6704881557023,65.6223881557023,0,5.62238815570229,679.634129671971
210,13,643.230722788854,7,15,18.6704881557023,62.5302692263848,32.1110360907915,15.4761455313912,619.908226180353
210,14,566.159690854106,7,30,18.6704881557023,54.8941707767723,55.4546732917962,29.3616675890249,493.431974128239
210,15,456.18551559366,7,45,18.6704881557023,45.0779449833709,71.5620501609841,43.5416594384938,330.676873716558
210,16,319.699496333793,7,60,18.6704881557023,34.3802897715563,83.7810804804143,57.7420574854175,170.633771058248
210,17,164.633704407392,7,75,18.6704881557023,23.4349609356684,85.8395277334267,67.8082238714623,62.1834490087229
210,18,8.42477819972631e-14,7,90,18.6704881557023,12.6221929972702,76.1290905434527,72.1686887394179,2.57979837086248e-14
210,19,0,7,105,18.6704881557023,2.25429155167124,66.320023609081,76.4246885147705,0
210,20,0,7,120,18.6704881557023,-7.33327563627317,55.8139407265269,80.322455126119,0
210,21,0,7,135,18.6704881557023,-15.7253049730295,44.1024223387262,83.633090720165,0
210,22,0,7,150,18.6704881557023,-22.3986590207253,30.8199059265341,86.1584389671469,0
210,23,0,7,165,18.6704881557023,-26.7572977016434,15.938344712874,87.7418090096317,0
211,0,0,7,-180,18.4234891015959,-28.5284108984041,-7.57708525190646e-15,88.5284108984041,0
211,1,0,7,-165,18.4234891015959,-26.9986798399363,-15.9970636420248,87.9881027795534,0
211,2,0,7,-150,18.4234891015959,-22.6255159759549,-30.9256603673787,86.4027879626604,0
211,3,0,7,-135,18.4234891015959,-15.9336518678302,-44.2403170912458,83.8747189980291,0
211,4,0,7,-120,18.4234891015959,-7.52342647414845,-55.9729176545481,80.5612193911681,0
211,5,0,7,-105,18.4234891015959,2.07945887893789,-66.4946250851508,76.6611042450606,0
211,6,165.999862614573,7,-90,18.4234891015959,12.4584387110449,-76.318523506088,72.4038332076439,50.182774324774
211,7,322.352416598937,7,-75,18.4234891015959,23.277032475968,-86.0463919176418,68.0435399539565,120.528182289911
211,8,459.97101983393,7,-60,18.4234891015959,34.2215412992209,-83.552014728326,57.7593202430779,245.383929949815
211,9,570.857779322805,7,-45,18.4234891015959,44.9093194900197,-71.3068370821547,43.5398423751099,413.812250918507
211,10,648.568359661038,7,-30,18.4234891015959,54.7031308646147,-55.1830726672883,29.3342964328224,565.406446335145
211,11,688.586504385839,7,-15,18.4234891015959,62.3048178710362,-31.8931256682572,15.3970196141499,663.87259524096
211,12,688.586504385839,7,0,18.4234891015959,65.3753891015959,0,5.37538910159591,685.558304869344
211,13,648.568359661038,7,15,18.4234891015959,62.3048178710362,31.8931256682572,15.3970196141499,625.290733084255
211,14,570.857779322805,7,30,18.4234891015959,54.7031308646147,55.1830726672883,29.3342964328224,497.660213548449
211,15,459.97101983393,7,45,18.4234891015959,44.9093194900197,71.3068370821547,43.5398423751099,333.430934935419
211,16,322.352416598937,7,60,18.4234891015959,34.2215412992209,83.552014728326,57.7593202430779,171.967579267115
211,17,165.999862614573,7,75,18.4234891015959,23.277032475968,86.0463919176418,68.0435399539565,62.0676646770808
211,18,8.49468842814926e-14,7,90,18.4234891015959,12.4584387110449,76.318523506088,72.4038332076439,2.56799629611055e-14
211,19,0,7,105,18.4234891015959,2.07945887893789,66.4946250851508,76.6611042450606,0
211,20,0,7,120,18.4234891015959,-7.52342647414845,55.9729176545481,80.5612193911681,0
211,21,0,7,135,18.4234891015959,-15.9336518678302,44.2403170912458,83.8747189980291,0
211,22,0,7,150,18.4234891015959,-22.6255159759549,30.9256603673787,86.4027879626604,0
211,23,0,7,165,18.4234891015959,-26.9986798399363,15.9970636420248,87.9881027795534,0
212,0,0,7,-180,18.1710307700571,-28.7808692299429,-7.60642585419007e-15,88.7808692299429,0
212,1,0,7,-165,18.1710307700571,-27.2453718428351,-16.0573414735024,88.2398404586195,0
212,2,0,7,-150,18.1710307700571,-22.8573151455524,-31.0341135084763,86.6525391381594,0
212,3,0,7,-135,18.1710307700571,-16.1465130021161,-44.3815558040441,84.1216929218858,0
212,4,0,7,-120,18.1710307700571,-7.71772087262979,-56.1355524418928,80.8052729083752,0
212,5,0,7,-105,18.1710307700571,1.90074205919109,-66.6730457218376,76.9027671903399,0
212,6,167.346970098269,7,-90,18.1710307700571,12.2909289063623,-76.5118962571438,72.6442075856867,49.9203445501584
212,7,324.968342575913,7,-75,18.1710307700571,23.1153339200489,-86.2573215275178,68.284097991904,120.239787038533
212,8,463.703736194909,7,-60,18.1710307700571,34.0588456982412,-83.318777703604,57.7776550455556,247.249727956083
212,9,575.490354160758,7,-45,18.1710307700571,44.7363830762266,-71.0475286153367,43.5391430388459,417.175222400388
212,10,653.831564565108,7,-30,18.1710307700571,54.5072470285301,-54.908104245861,29.308255961682,570.140304686167
212,11,694.174461017972,7,-15,18.1710307700571,62.0740363583175,-31.6737518775849,15.3197484913206,669.50795061285
212,12,694.174461017972,7,0,18.1710307700571,65.1229307700571,0,5.12293077005707,691.40151768178
212,13,653.831564565108,7,15,18.1710307700571,62.0740363583175,31.6737518775849,15.3197484913206,630.598582085614
212,14,575.490354160758,7,30,18.1710307700571,54.5072470285301,54.908104245861,29.308255961682,501.826867418683
212,15,463.703736194909,7,45,18.1710307700571,44.7363830762266,71.0475286153367,43.5391430388459,336.140663134321
212,16,324.968342575913,7,60,18.1710307700571,34.0588456982412,83.318777703604,57.7776550455556,173.275149679754
212,17,167.346970098269,7,75,18.1710307700571,23.1153339200489,86.2573215275178,68.284097991904,61.9191515292271
212,18,8.56362377648625e-14,7,90,18.1710307700571,12.2909289063623,76.5118962571438,72.6442075856867,2.55456701288997e-14
212,19,0,7,105,18.1710307700571,1.90074205919109,66.6730457218376,76.9027671903399,0
212,20,0,7,120,18.1710307700571,-7.71772087262979,56.1355524418928,80.8052729083752,0
212,21,0,7,135,18.1710307700571,-16.1465130021161,44.3815558040441,84.1216929218858,0
212,22,0,7,150,18.1710307700571,-22.8573151455524,31.0341135084763,86.6525391381594,0
212,23,0,7,165,18.1710307700571,-27.2453718428351,16.0573414735024,88.2398404586195,0
213,0,0,8,-180,17.9131879699382,-29.0387120300618,-7.63653921986825e-15,89.0387120300618,0
213,1,0,8,-165,17.9131879699382,-27.4972985657064,-16.1191814427017,88.4969474370122,0
213,2,0,8,-150,17.9131879699382,-23.0939820479635,-31.1452622176026,86.9076184751258,0
213,3,0,8,-135,17.9131879699382,-16.3638178524756,-44.52612079946,84.373939418861,0
213,4,0,8,-120,17.9131879699382,-7.91609572776609,-56.3018103005095,81.0545437938178,0
213,5,0,8,-105,17.9131879699382,1.71819454568544,-66.8552336391492,77.1496066916434,0
213,6,168.67462768146,8,-90,17.9131879699382,12.1197065029759,-76.7091390964327,72.8897421877892,49.6260048696579
213,7,327.546499109398,8,-75,17.9131879699382,22.9498979436034,-86.4722255182626,68.5298287090335,119.887519210864
213,8,467.38255859218,8,-60,17.9131879699382,33.8922271622175,-83.0814898648912,57.7971006279844,249.077090517032
213,9,580.056042636061,8,-45,17.9131879699382,44.5591562485521,-70.7842883713189,43.5396371059043,420.481462382867
213,10,659.01877789986,8,-30,17.9131879699382,54.3065476812998,-54.6299837646992,29.2836853758209,574.801836253964
213,11,699.681737227912,8,-15,17.9131879699382,61.8379794193537,-31.4531167387083,15.2446469300335,675.061262288946
213,12,699.681737227912,8,0,17.9131879699382,64.8650879699382,0,4.86508796993823,697.16089469365
213,13,659.01877789986,8,15,17.9131879699382,61.8379794193537,31.4531167387083,15.2446469300335,635.829155472562
213,14,580.056042636061,8,30,17.9131879699382,54.3065476812998,54.6299837646992,29.2836853758209,505.929860602665
213,15,467.38255859218,8,45,17.9131879699382,44.5591562485521,70.7842883713189,43.5396371059043,338.804679692632
213,16,327.546499109398,8,60,17.9131879699382,33.8922271622175,83.0814898648912,57.7971006279844,174.555784137414
213,17,168.67462768146,8,75,17.9131879699382,22.9498979436034,86.4722255182626,68.5298287090335,61.7377463093946
213,18,8.63156381770579e-14,8,90,17.9131879699382,12.1197065029759,76.7091390964327,72.8897421877892,2.53950480838864e-14
213,19,0,8,105,17.9131879699382,1.71819454568544,66.8552336391492,77.1496066916434,0
213,20,0,8,120,17.9131879699382,-7.91609572776609,56.3018103005095,81.0545437938178,0
213,21,0,8,135,17.9131879699382,-16.3638178524756,44.52612079946,84.373939418861,0
213,22,0,8,150,17.9131879699382,-23.0939820479635,31.1452622176026,86.9076184751258,0
213,23,0,8,165,17.9131879699382,-27.4972985657064,16.1191814427017,88.4969474370122,0
214,0,0,8,-180,17.6500371056256,-29.3018628943744,-7.66742807266234e-15,89.3018628943744,0
214,1,0,8,-165,17.6500371056256,-27.7543832444802,-16.1825870225494,88.7593475103437,0
214,2,0,8,-150,17.6500371056256,-23.3354405713862,-31.2591034867673,87.1679503633947,0
214,3,0,8,-135,17.6500371056256,-16.5854943291973,-44.6739942041923,84.631383828948,0
214,4,0,8,-120,17.6500371056256,-8.11848648075428,-56.4716559561758,81.3089585810744,0
214,5,0,8,-105,17.6500371056256,1.53187114400749,-67.0411362770895,77.4015505098057,0
214,6,169.982441950549,8,-90,17.6500371056256,11.9448157219381,-76.9101815259841,73.1403657457231,49.2996730841344
214,7,330.08612223597,8,-75,17.6500371056256,22.7807585575902,-86.6910119945658,68.7806612394175,119.471117612506
214,8,471.006396911271,8,-60,17.6500371056256,33.7217113810546,-82.8402724299774,57.8176955814639,250.865028358326
214,9,584.553491836683,8,-45,17.6500371056256,44.377661350637,-70.5172801082537,43.5414003317405,423.729262183805
214,10,664.128462582036,8,-30,17.6500371056256,54.1010635358279,-54.3489248255006,29.260724600655,579.388680496467
214,11,705.106701090861,8,-15,17.6500371056256,61.5967040269779,-31.2314163401233,15.1720361978089,680.52974425779
214,12,705.106701090861,8,0,17.6500371056256,64.6019371056256,0,4.60193710562558,702.833554452592
214,13,664.128462582036,8,15,17.6500371056256,61.5967040269779,31.2314163401233,15.1720361978089,640.9798291465
214,14,584.553491836683,8,30,17.6500371056256,54.1010635358279,54.3489248255006,29.260724600655,509.967115395272
214,15,471.006396911272,8,45,17.6500371056256,44.377661350637,70.5172801082537,43.5414003317405,341.421607832642
214,16,330.08612223597,8,60,17.6500371056256,33.7217113810546,82.8402724299774,57.8176955814639,175.808789346476
214,17,169.98244195055,8,75,17.6500371056256,22.7807585575902,86.6910119945658,68.7806612394175,61.5233145118942
214,18,8.69848841970743e-14,8,90,17.6500371056256,11.9448157219381,76.9101815259841,73.1403657457231,2.52280547624124e-14
214,19,0,8,105,17.6500371056256,1.53187114400749,67.0411362770895,77.4015505098057,0
214,20,0,8,120,17.6500371056256,-8.11848648075428,56.4716559561758,81.3089585810744,0
214,21,0,8,135,17.6500371056256,-16.5854943291973,44.6739942041923,84.631383828948,0
214,22,0,8,150,17.6500371056256,-23.3354405713862,31.2591034867673,87.1679503633947,0
214,23,0,8,165,17.6500371056256,-27.7543832444802,16.1825870225494,88.7593475103437,0
215,0,0,8,-180,17.3816561543996,-29.5702438456004,-7.69909529538468e-15,89.5702438456004,0
215,1,0,8,-165,17.3816561543996,-28.0165475174873,-16.2475619314235,89.0269629021124,0
215,2,0,8,-150,17.3816561543996,-23.5816129946912,-31.375634439469,87.4334576230642,0
215,3,0,8,-135,17.3816561543996,-16.8114687961028,-44.8251579573855,84.8939499260329,0
215,4,0,8,-120,17.3816561543996,-8.32482713394511,-56.6450536653631,81.5684422410895,0
215,5,0,8,-105,17.3816561543996,1.34182800403534,-67.2307004277841,77.6585248440376,0
215,6,171.270025371946,8,-90,17.3816561543996,11.7663020894811,-77.1149523028486,73.3960054262115,48.9412968412973
215,7,332.586459410486,8,-75,17.3816561543996,22.607951127203,-86.9135882926089,69.0365231442375,118.990377768308
215,8,474.574177330681,8,-60,17.3816561543996,33.5473255766012,-82.5952472467245,57.8394782785293,252.612560306082
215,9,588.981369071363,8,-45,17.3816561543996,44.191922611652,-70.2466675211418,43.5445084163097,426.916917303927
215,10,669.159104501787,8,-30,17.3816561543996,53.8908276448569,-54.065138582547,29.2395140223763,583.898476506175
215,11,710.447745072945,8,-15,17.3816561543996,61.3502693900957,-31.0088406372281,15.1022433240956,685.910606704314
215,12,710.447745072946,8,0,17.3816561543996,64.3335561543996,0,4.33355615439956,708.416610537628
215,13,669.159104501787,8,15,17.3816561543996,61.3502693900957,31.0088406372281,15.1022433240956,646.047975426271
215,14,588.981369071364,8,30,17.3816561543996,53.8908276448569,54.065138582547,29.2395140223763,513.936553769735
215,15,474.574177330681,8,45,17.3816561543996,44.191922611652,70.2466675211418,43.5445084163097,343.990074147003
215,16,332.586459410486,8,60,17.3816561543996,33.5473255766012,82.5952472467245,57.8394782785293,177.033477690204
215,17,171.270025371946,8,75,17.3816561543996,22.607951127203,86.9135882926089,69.0365231442375,61.2757508394012
215,18,8.76437775128723e-14,8,90,17.3816561543996,11.7663020894811,77.1149523028486,73.3960054262115,2.50446633743111e-14
215,19,0,8,105,17.3816561543996,1.34182800403534,67.2307004277841,77.6585248440376,0
215,20,0,8,120,17.3816561543996,-8.32482713394511,56.6450536653631,81.5684422410895,0
215,21,0,8,135,17.3816561543996,-16.8114687961028,44.8251579573855,84.8939499260329,0
215,22,0,8,150,17.3816561543996,-23.5816129946912,31.375634439469,87.4334576230642,0
215,23,0,8,165,17.3816561543996,-28.0165475174873,16.2475619314235,89.0269629021124,0
216,0,0,8,-180,17.1081246433281,-29.8437753566719,-7.73154393499199e-15,89.8437753566719,0
216,1,0,8,-165,17.1081246433281,-28.2837114477823,-16.3141101408331,89.2997142866329,0
216,2,0,8,-150,17.1081246433281,-23.8324200089366,-31.4948523372148,87.7040615269004,0
216,3,0,8,-135,17.1081246433281,-17.041666091122,-44.9795938177264,85.1615599394483,0
216,4,0,8,-120,17.1081246433281,-8.53505026768956,-56.8219672311489,81.832918202611,0
216,5,0,8,-105,17.1081246433281,1.14812261098079,-67.4238722667356,77.9204543511213,0
216,6,172.536996406893,8,-90,17.1081246433281,11.5842124398349,-77.3233794910262,73.6565868490162,48.5508540135415
216,7,335.046769729081,8,-75,17.1081246433281,22.4315123894483,-87.1398610610049,69.297340429255,118.445152758118
216,8,478.084842640071,8,-60,17.1081246433281,33.3690985362025,-82.3465366658461,57.862486798271,254.318714473828
216,9,593.338362264516,8,-45,17.1081246433281,44.0019661913011,-69.9726140363685,43.5490368674437,430.042729383067
216,10,674.109212971342,8,-30,17.1081246433281,53.6758754354029,-53.7788334478144,29.220194214119,588.328865653903
216,11,715.703286507565,8,-15,17.1081246433281,61.0987369440371,-30.7855732846592,15.0356002538476,691.201059097826
216,12,715.703286507565,8,0,17.1081246433281,64.0600246433281,0,4.0600246433281,713.907174743031
216,13,674.109212971343,8,15,17.1081246433281,61.0987369440371,30.7855732846592,15.0356002538476,651.030965956685
216,14,593.338362264516,8,30,17.1081246433281,53.6758754354029,53.7788334478144,29.220194214119,517.836099704615
216,15,478.084842640071,8,45,17.1081246433281,44.0019661913011,69.9726140363685,43.5490368674437,346.508710174976
216,16,335.046769729081,8,60,17.1081246433281,33.3690985362025,82.3465366658461,57.862486798271,178.22916806057
216,17,172.536996406893,8,75,17.1081246433281,22.4315123894483,87.1398610610049,69.297340429255,60.9949796333389
216,18,8.82921228801423e-14,8,90,17.1081246433281,11.5842124398349,77.3233794910262,73.6565868490162,2.48448625962531e-14
216,19,0,8,105,17.1081246433281,1.14812261098079,67.4238722667356,77.9204543511213,0
216,20,0,8,120,17.1081246433281,-8.53505026768956,56.8219672311489,81.832918202611,0
216,21,0,8,135,17.1081246433281,-17.041666091122,44.9795938177264,85.1615599394483,0
216,22,0,8,150,17.1081246433281,-23.8324200089366,31.4948523372148,87.7040615269004,0
216,23,0,8,165,17.1081246433281,-28.2837114477823,16.3141101408331,89.2997142866329,0
217,0,0,8,-180,16.8295236257013,-30.1223763742987,-7.76477720757539e-15,90.1223763742987,0
217,1,0,8,-165,16.8295236257013,-28.5557935459504,-16.3822358828322,89.5775208124321,0
217,2,0,8,-150,16.8295236257013,-24.0877807394825,-31.6167545852479,87.9796818232322,0
217,3,0,8,-135,16.8295236257013,-17.276009547622,-45.1372833694904,85.4341345760516,0
217,4,0,8,-120,16.8295236257013,-8.74908705804225,-57.0023600181171,82.1023083731946,0
217,5,0,8,-105,16.8295236257013,0.95081377548902,-67.620597383139,78.1872621652245,0
217,6,173.782979624529,8,-90,16.8295236257013,11.3985949169429,-77.5353905124198,73.922034105693,48.1283530438372
217,7,337.466324148709,8,-75,16.8295236257013,22.2514804692671,-87.369736340511,69.5630375629841,117.835353995632
217,8,481.537352553544,8,-60,16.8295236257013,33.1870606440727,-82.0942634158003,57.88675885123,255.982529475715
217,9,597.623180345027,8,-45,16.8295236257013,43.8078202212726,-69.6952826117632,43.555060862594,433.105008213249
217,10,678.977321166731,8,-30,16.8295236257013,53.4562447379005,-53.4902148136548,29.2029056531829,592.677494318233
217,11,720.871768064369,8,-15,16.8295236257013,60.8421703370697,-30.5617915013734,14.9724428890899,696.398313385096
217,12,720.871768064369,8,0,16.8295236257013,63.7814236257013,0,3.78142362570131,719.302360372104
217,13,678.977321166731,8,15,16.8295236257013,60.8421703370697,30.5617915013734,14.9724428890899,655.926174716029
217,14,597.623180345027,8,30,16.8295236257013,53.4562447379005,53.4902148136548,29.2029056531829,521.663681586217
217,15,481.537352553544,8,45,16.8295236257013,43.8078202212726,69.6952826117632,43.555060862594,348.976154024486
217,16,337.466324148709,8,60,16.8295236257013,33.1870606440727,82.0942634158003,57.88675885123,179.395186708497
217,17,173.782979624529,8,75,16.8295236257013,22.2514804692671,87.369736340511,69.5630375629841,60.6809552749572
217,18,8.89297281801597e-14,8,90,16.8295236257013,11.3985949169429,77.5353905124198,73.922034105693,2.46286567487481e-14
217,19,0,8,105,16.8295236257013,0.95081377548902,67.620597383139,78.1872621652245,0
217,20,0,8,120,16.8295236257013,-8.74908705804225,57.0023600181171,82.1023083731946,0
217,21,0,8,135,16.8295236257013,-17.276009547622,45.1372833694904,85.4341345760516,0
217,22,0,8,150,16.8295236257013,-24.0877807394825,31.6167545852479,87.9796818232322,0
217,23,0,8,165,16.8295236257013,-28.5557935459504,16.3822358828322,89.5775208124321,0
218,0,0,8,-180,16.5459356570133,-30.4059643429867,-7.79879850327537e-15,90.4059643429867,0
218,1,0,8,-165,16.5459356570133,-28.8327107933915,-16.4519436571389,89.8603001261068,0
218,2,0,8,-150,16.5459356570133,-24.347612768707,-31.7413387374299,88.2602367593299,0
218,3,0,8,-135,16.5459356570133,-17.5144210165001,-45.2982080274804,85.7115930428244,0
218,4,0,8,-120,16.5459356570133,-8.96686729533727,-57.1861949661907,82.3765331607764,0
218,5,0,8,-105,16.5459356570133,0.749961622772633,-67.8208208091927,78.4588699183308,0
218,6,175.007605813136,8,-90,16.5459356570133,11.209498975035,-77.7509121967248,74.1922697790134,47.6738332583673
218,7,339.844405703176,8,-75,16.5459356570133,22.0678948941421,-87.6031196423768,69.8335374955706,117.160951947597
218,8,484.930684017901,8,-60,16.5459356570133,33.0012439103996,-81.8385504800439,57.9123317042016,257.60305566349
218,9,601.834553628823,8,-45,16.5459356570133,43.6095148430464,-69.4148355426331,43.5626551091966,436.10207380463
218,10,683.761986562431,8,-30,16.5459356570133,53.2319758100737,-53.1994847934759,29.1877884298736,596.94201669541
218,11,725.951658210726,8,-15,16.5459356570133,60.5806354132551,-30.3376659670925,14.9131100159247,701.499587282458
218,12,725.951658210726,8,0,16.5459356570133,63.4978356570133,0,3.49783565701326,724.599285634618
218,13,683.761986562431,8,15,16.5459356570133,60.5806354132551,30.3376659670925,14.9131100159247,660.730981116853
218,14,601.834553628823,8,30,16.5459356570133,53.2319758100737,53.1994847934759,29.1877884298736,525.417234681807
218,15,484.930684017902,8,45,16.5459356570133,43.6095148430464,69.4148355426331,43.5626551091966,351.391052036757
218,16,339.844405703176,8,60,16.5459356570133,33.0012439103996,81.8385504800439,57.9123317042016,180.530868110728
218,17,175.007605813136,8,75,16.5459356570133,22.0678948941421,87.6031196423768,69.8335374955706,60.3336625556969
218,18,8.95564044767133e-14,8,90,16.5459356570133,11.209498975035,77.7509121967248,74.1922697790134,2.43960659561304e-14
218,19,0,8,105,16.5459356570133,0.749961622772633,67.8208208091927,78.4588699183308,0
218,20,0,8,120,16.5459356570133,-8.96686729533727,57.1861949661907,82.3765331607764,0
218,21,0,8,135,16.5459356570133,-17.5144210165001,45.2982080274804,85.7115930428244,0
218,22,0,8,150,16.5459356570133,-24.347612768707,31.7413387374299,88.2602367593299,0
218,23,0,8,165,16.5459356570133,-28.8327107933915,16.4519436571389,89.8603001261068,0
219,0,0,8,-180,16.2574447704996,-30.6944552295004,-7.83361139110962e-15,90.6944552295004,0
219,1,0,8,-165,16.2574447704996,-29.1143786660787,-16.5232382379287,90.1479683966344,0
219,2,0,8,-150,16.2574447704996,-24.6118321593285,-31.8686025002213,88.5456431052618,0
219,3,0,8,-135,16.2574447704996,-17.7568208890498,-45.4623490408006,85.9938530699868,0
219,4,0,8,-120,16.2574447704996,-9.18831940365034,-57.3734346033423,82.6555114958069,0
219,5,0,8,-105,16.2574447704996,0.545627580758965,-68.0244870483417,78.7351977612863,0
219,6,176.210512089545,8,-90,16.2574447704996,11.0169753780267,-77.9698708301654,74.4672149630524,47.1873651446379
219,7,342.180309715597,8,-75,16.2574447704996,21.8807966071331,-87.8399160251896,70.1087616783741,116.421976790717
219,8,488.263831515796,8,-60,16.2574447704996,32.8116819981071,-81.57952097689,57.9392421050807,259.179356384564
219,9,605.971234195113,8,-45,16.2574447704996,43.4070822419831,-69.131434274187,43.5718937039251,439.032258500099
219,10,688.461791358826,8,-30,16.2574447704996,53.0031113555737,-52.9068419807448,29.1749819486175,601.120097684116
219,11,730.941451665554,8,-15,16.2574447704996,60.3142001918415,-30.1133607486179,14.8579421162615,706.50210766047
219,12,730.941451665554,8,0,16.2574447704996,63.2093447704996,0,3.20934477049961,729.795077141267
219,13,688.461791358826,8,15,16.2574447704996,60.3142001918415,30.1133607486179,14.8579421162615,665.442773193917
219,14,605.971234195113,8,30,16.2574447704996,53.0031113555737,52.9068419807448,29.1749819486175,529.094703678738
219,15,488.263831515796,8,45,16.2574447704996,43.4070822419831,69.131434274187,43.5718937039251,353.752060490169
219,16,342.180309715597,8,60,16.2574447704996,32.8116819981071,81.57952097689,57.9392421050807,181.635555851509
219,17,176.210512089545,8,75,16.2574447704996,21.8807966071331,87.8399160251896,70.1087616783741,59.9531170154716
219,18,9.01719660720917e-14,8,90,16.2574447704996,11.0169753780267,77.9698708301654,74.4672149630524,2.41471262888756e-14
219,19,0,8,105,16.2574447704996,0.545627580758965,68.0244870483417,78.7351977612863,0
219,20,0,8,120,16.2574447704996,-9.18831940365034,57.3734346033423,82.6555114958069,0
219,21,0,8,135,16.2574447704996,-17.7568208890498,45.4623490408006,85.9938530699868,0
219,22,0,8,150,16.2574447704996,-24.6118321593285,31.8686025002213,88.5456431052618,0
219,23,0,8,165,16.2574447704996,-29.1143786660787,16.5232382379287,90.1479683966344,0
220,0,0,8,-180,15.964136452236,-30.987763547764,-7.86921962370139e-15,90.987763547764,0
220,1,0,8,-165,15.964136452236,-29.4007111587857,-16.596124680273,90.4404403401299,0
220,2,0,8,-150,15.964136452236,-24.8803534783369,-31.9985437357033,88.8358161782233,0
220,3,0,8,-135,15.964136452236,-18.0031281206112,-45.629687495408,86.2808309346234,0
220,4,0,8,-120,15.964136452236,-9.41337046116112,-57.5640410571322,82.9391608539462,0
220,5,0,8,-105,15.964136452236,0.337874367230932,-68.2315401023943,79.016164385459,0
220,6,177.391342006666,8,-90,15.964136452236,10.8210761977097,-78.1921922029948,74.7467892839407,46.6690505938227
220,7,344.473344007197,8,-75,15.964136452236,21.6902279782931,-88.0800301700771,70.3886300842483,115.618519003646
220,8,491.53580736369,8,-60,15.964136452236,32.6184102472028,-81.3172980421928,57.9675262078838,260.710509258464
220,9,610.031996256168,8,-45,15.964136452236,43.2005566776341,-68.8452392207347,43.5828499911165,441.893909134147
220,10,693.075342902323,8,-30,15.964136452236,52.7696965374469,-52.6124812265343,29.1646246221072,605.20941583923
220,11,735.839669845363,8,-15,15.964136452236,60.0429348433891,-29.8890332544299,14.8072800657121,711.403114014321
220,12,735.839669845363,8,0,15.964136452236,62.916036452236,0,2.91603645223602,734.886873488121
220,13,693.075342902323,8,15,15.964136452236,60.0429348433891,29.8890332544299,14.8072800657121,670.058950872914
220,14,610.031996256168,8,30,15.964136452236,52.7696965374469,52.6124812265343,29.1646246221072,532.69404528429
220,15,491.53580736369,8,45,15.964136452236,43.2005566776341,68.8452392207347,43.5828499911165,356.057847339763
220,16,344.473344007197,8,60,15.964136452236,32.6184102472028,81.3172980421928,57.9675262078838,182.708603517126
220,17,177.391342006666,8,75,15.964136452236,21.6902279782931,88.0800301700771,70.3886300842483,59.5393652475224
220,18,9.07762305621093e-14,8,90,15.964136452236,10.8210761977097,78.1921922029948,74.7467892839407,2.38818898876158e-14
220,19,0,8,105,15.964136452236,0.337874367230932,68.2315401023943,79.016164385459,0
220,20,0,8,120,15.964136452236,-9.41337046116112,57.5640410571322,82.9391608539462,0
220,21,0,8,135,15.964136452236,-18.0031281206112,45.629687495408,86.2808309346234,0
220,22,0,8,150,15.964136452236,-24.8803534783369,31.9985437357033,88.8358161782233,0
220,23,0,8,165,15.964136452236,-29.4007111587857,16.596124680273,90.4404403401299,0
221,0,0,8,-180,15.6660976158074,-31.2858023841926,-7.90562714189548e-15,91.2858023841926,0
221,1,0,8,-165,15.6660976158074,-29.69162080978,-16.6706083261909,90.7376292450438,0
221,2,0,8,-150,15.6660976158074,-25.1530898215379,-32.131160463585,89.1306698673315,0
221,3,0,8,-135,15.6660976158074,-18.2532602550136,-45.8002043153891,86.5724414848154,0
221,4,0,8,-120,15.6660976158074,-9.64194622142702,-57.757976065026,83.2273972793138,0
221,5,0,8,-105,15.6660976158074,0.126765975944396,-68.4419234974582,79.3016870450075,0
221,6,178.54974565911,8,-90,15.6660976158074,10.6218548107071,-78.4178016556813,75.0309109212768,46.1190231061395
221,7,346.72282910243,8,-75,15.6660976158074,21.4962328144175,-88.3233664541553,70.6730612285231,114.750729891482
221,8,494.745642004523,8,-60,15.6660976158074,32.4214656966539,-81.0520047150809,57.9972194980905,262.195607468782
221,9,614.015636520551,8,-45,15.6660976158074,42.9899745102312,-68.5564095920176,43.595596420668,444.685389231375
221,10,697.601274098032,8,-30,15.6660976158074,52.5317789865192,-52.3165934357375,29.1568535593335,609.207666388428
221,11,740.644861302394,8,-15,15.6660976158074,59.7669116628317,-29.6648342159205,14.7614637215591,716.199862012811
221,12,740.644861302394,8,0,15.6660976158074,62.6179976158074,0,2.61799761580733,739.871828923716
221,13,697.601274098032,8,15,15.6660976158074,59.7669116628317,29.6648342159205,14.7614637215591,674.576929313202
221,14,614.015636520551,8,30,15.6660976158074,52.5317789865192,52.3165934357375,29.1568535593335,536.213230880832
221,15,494.745642004523,8,45,15.6660976158074,42.9899745102312,68.5564095920176,43.595596420668,358.307093988712
221,16,346.722829102431,8,60,15.6660976158074,32.4214656966539,81.0520047150809,57.9972194980905,183.749375601322
221,17,178.54974565911,8,75,15.6660976158074,21.4962328144175,88.3233664541553,70.6730612285231,59.0924851685162
221,18,9.13690188901567e-14,8,90,15.6660976158074,10.6218548107071,78.4178016556813,75.0309109212768,2.36004250682361e-14
221,19,0,8,105,15.6660976158074,0.126765975944396,68.4419234974582,79.3016870450075,0
221,20,0,8,120,15.6660976158074,-9.64194622142702,57.757976065026,83.2273972793138,0
221,21,0,8,135,15.6660976158074,-18.2532602550136,45.8002043153891,86.5724414848154,0
221,22,0,8,150,15.6660976158074,-25.1530898215379,32.131160463585,89.1306698673315,0
221,23,0,8,165,15.6660976158074,-29.69162080978,16.6706083261909,90.7376292450438,0
222,0,0,8,-180,15.363416576553,-31.588483423447,-7.94283807924868e-15,91.588483423447,0
222,1,0,8,-165,15.363416576553,-29.9870187259757,-16.7466948102823,91.0394469977908,0
222,2,0,8,-150,15.363416576553,-25.4299528387124,-32.2664508621385,89.430116658879,0
222,3,0,8,-135,15.363416576553,-18.5071334498207,-45.9738802629064,86.8685981642721,0
222,4,0,8,-120,15.363416576553,-9.87397113558004,-57.955200983445,83.520135408289,0
222,5,0,8,-105,15.363416576553,-0.0876323382936734,-68.6555803086435,79.5916815797553,0
222,6,179.685379786873,8,-90,15.363416576553,10.4193658941665,-78.6466241237064,75.319496630197,45.5374479581074
222,7,348.928098430314,8,-75,15.363416576553,21.2988563670881,-88.5698290220921,70.9619721906748,113.818822040331
222,8,497.892384295018,8,-60,15.363416576553,32.2208871037385,-80.7837638269386,58.0283567184397,263.63376106768
222,9,617.920974549676,8,-45,15.363416576553,42.7753742233255,-68.2651032269893,43.6102044057147,447.405081239861
222,10,702.038243814861,8,-30,15.363416576553,52.2894088048003,-52.0193653819727,29.1518042484545,613.112564305175
222,11,745.355602154715,8,-15,15.363416576553,59.4862050396781,-29.4409076935559,14.7208304074548,720.889627118427
222,12,745.355602154715,8,0,15.363416576553,62.3153165765531,0,2.31531657655302,744.74711709105
222,13,702.038243814862,8,15,15.363416576553,59.4862050396781,29.4409076935559,14.7208304074548,678.994142317482
222,14,617.920974549676,8,30,15.363416576553,52.2894088048003,52.0193653819727,29.1518042484545,539.650249230603
222,15,497.892384295018,8,45,15.363416576553,42.7753742233255,68.2651032269893,43.6102044057147,360.498497087855
222,16,348.928098430314,8,60,15.363416576553,32.2208871037385,80.7837638269386,58.0283567184397,184.757248419511
222,17,179.685379786874,8,75,15.363416576553,21.2988563670881,88.5698290220921,70.9619721906748,58.6125862526257
222,18,9.19501554002587e-14,8,90,15.363416576553,10.4193658941665,78.6466241237064,75.319496630197,2.33028164074652e-14
222,19,0,8,105,15.363416576553,-0.0876323382936734,68.6555803086435,79.5916815797553,0
222,20,0,8,120,15.363416576553,-9.87397113558004,57.955200983445,83.520135408289,0
222,21,0,8,135,15.363416576553,-18.5071334498207,45.9738802629064,86.8685981642721,0
222,22,0,8,150,15.363416576553,-25.4299528387124,32.2664508621385,89.430116658879,0
222,23,0,8,165,15.363416576553,-29.9870187259757,16.7466948102823,91.0394469977908,0
223,0,0,8,-180,15.0561830253974,-31.8957169746026,-7.98085676638084e-15,91.8957169746026,0
223,1,0,8,-165,15.0561830253974,-30.2868146085425,-16.8243900649086,91.3458041088045,0
223,2,0,8,-150,15.0561830253974,-25.7108527593969,-32.404413268003,89.7340676620399,0
223,3,0,8,-135,15.0561830253974,-18.7646625023849,-46.1506959367642,87.1692130374569,0
223,4,0,8,-120,15.0561830253974,-10.1093683754559,-58.1556767955095,83.8172884938571,0
223,5,0,8,-105,15.0561830253974,-0.305254075599386,-68.872453183486,79.8860624386659,0
223,6,180.797907877056,8,-90,15.0561830253974,10.2136654201704,-78.8785841809062,75.612461764096,44.9245223305806
223,7,351.088498521953,8,-75,15.0561830253974,21.098145338977,-88.8193218556762,71.2552786366838,112.82306969951
223,8,500.975101787522,8,-60,15.0561830253974,32.0167149608307,-80.5126978938286,58.0609717953284,265.024098289905
223,9,621.746853107603,8,-45,15.0561830253974,42.556796442563,-67.9714764353285,43.6267441804125,450.051388794391
223,10,706.384937282927,8,-30,15.0561830253974,52.0426385640311,-51.7209795411117,29.1496102355531,616.921847431407
223,11,749.970496508143,8,-15,15.0561830253974,59.2008914255576,-29.2173911062348,14.6857133044719,725.469708270683
223,12,749.970496508143,8,0,15.0561830253974,62.0080830253974,0,2.00808302539731,749.509934836437
223,13,706.384937282927,8,15,15.0561830253974,59.2008914255576,29.2173911062348,14.6857133044719,683.308045801087
223,14,621.746853107603,8,30,15.0561830253974,52.0426385640311,51.7209795411117,29.1496102355531,543.00310922425
223,15,500.975101787522,8,45,15.0561830253974,42.556796442563,67.9714764353285,43.6267441804125,362.630770359308
223,16,351.088498521953,8,60,15.0561830253974,32.0167149608307,80.5126978938286,58.0609717953284,185.731611029646
223,17,180.797907877056,8,75,15.0561830253974,21.098145338977,88.8193218556762,71.2552786366838,58.0998097283533
223,18,9.25194678891256e-14,8,90,15.0561830253974,10.2136654201704,78.8785841809062,75.612461764096,2.29891648083939e-14
223,19,0,8,105,15.0561830253974,-0.305254075599386,68.872453183486,79.8860624386659,0
223,20,0,8,120,15.0561830253974,-10.1093683754559,58.1556767955095,83.8172884938571,0
223,21,0,8,135,15.0561830253974,-18.7646625023849,46.1506959367642,87.1692130374569,0
223,22,0,8,150,15.0561830253974,-25.7108527593969,32.404413268003,89.7340676620399,0
223,23,0,8,165,15.0561830253974,-30.2868146085425,16.8243900649086,91.3458041088045,0
224,0,0,8,-180,14.7444880022723,-32.2074119977277,-8.01968773517247e-15,92.2074119977277,0
224,1,0,8,-165,14.7444880022723,-30.5909167789666,-16.9037003248871,91.6566097390094,0
224,2,0,8,-150,14.7444880022723,-25.995698419286,-32.5450461748012,90.0424326350216,0
224,3,0,8,-135,14.7444880022723,-19.0257608767211,-46.3306317695428,87.4741968152011,0
224,4,0,8,-120,14.7444880022723,-10.3480598576645,-58.3593641174333,84.1187684304953,0
224,5,0,8,-105,14.7444880022723,-0.52603150805024,-69.092484364049,80.1847427039121,0
224,6,181.887000263574,8,-90,14.7444880022723,10.0048106488424,-79.1136060812932,75.9097202979936,44.2804753965112
224,7,353.203389204175,8,-75,14.7444880022723,20.8941478883793,-89.0717488412982,71.5528948420743,111.763809089093
224,8,503.992881006311,8,-60,14.7444880022723,31.8089915095838,-80.2389290125315,58.0950977659535,266.365766873176
224,9,625.492138503945,8,-45,14.7444880022723,42.3342839505983,-67.6756838469353,43.6452846581603,452.622739004423
224,10,710.640066483145,8,-30,14.7444880022723,51.7915232995142,-51.4216139432742,29.1504028004233,620.633279642972
224,11,754.488176869886,8,-15,14.7444880022723,58.9110492993125,-28.9944152820911,14.6564397612464,729.937431624646
224,12,754.488176869886,8,0,14.7444880022723,61.6963880022723,0,1.69638800227209,754.157506076881
224,13,710.640066483145,8,15,14.7444880022723,58.9110492993125,28.9944152820911,14.6564397612464,687.516121313231
224,14,625.492138503945,8,30,14.7444880022723,51.7915232995142,51.4216139432742,29.1504028004233,546.269842666979
224,15,503.992881006312,8,45,14.7444880022723,42.3342839505983,67.6756838469353,43.6452846581603,364.702646440005
224,16,353.203389204175,8,60,14.7444880022723,31.8089915095838,80.2389290125315,58.0950977659535,186.671866157563
224,17,181.887000263574,8,75,14.7444880022723,20.8941478883793,89.0717488412982,71.5528948420743,57.5543287369047
224,18,9.307678765718e-14,8,90,14.7444880022723,10.0048106488424,79.1136060812932,75.9097202979936,2.26595875453857e-14
224,19,0,8,105,14.7444880022723,-0.52603150805024,69.092484364049,80.1847427039121,0
224,20,0,8,120,14.7444880022723,-10.3480598576645,58.3593641174333,84.1187684304953,0
224,21,0,8,135,14.7444880022723,-19.0257608767211,46.3306317695428,87.4741968152011,0
224,22,0,8,150,14.7444880022723,-25.995698419286,32.5450461748012,90.0424326350216,0
224,23,0,8,165,14.7444880022723,-30.5909167789666,16.9037003248871,91.6566097390094,0
225,0,0,8,-180,14.4284238691401,-32.5234761308599,-8.05933572279368e-15,92.5234761308599,0
225,1,0,8,-165,14.4284238691401,-30.8992322055575,-16.9846321316637,91.9717717267019,0
225,2,0,8,-150,14.4284238691401,-26.2843972872618,-32.688348230507,90.3551200116548,0
225,3,0,8,-135,14.4284238691401,-19.2903407312053,-46.5136680232526,87.783458880799,0
225,4,0,8,-120,14.4284238691401,-10.5899662686087,-58.5662232035356,84.4244857795912,0
225,5,0,8,-105,14.4284238691401,-0.749895697796364,-69.3156157076612,80.4876341155345,0
225,6,182.952334224849,8,-90,14.4284238691401,9.79286012013598,-79.3516137992996,76.2111848525409,43.6055683674575
225,7,355.272143789227,8,-75,14.4284238691401,20.6869136319509,-89.3270138352306,71.8547337156224,110.641438630633
225,8,506.944827718275,8,-60,14.4284238691401,31.5977607524888,-79.9625787603649,58.1307667063416,267.657935381737
225,9,629.15572092981,8,-45,14.4284238691401,42.1078816981598,-67.3778782696206,43.6658932906079,455.117584761476
225,10,714.8023705289,8,-30,14.4284238691401,51.5361204993799,-51.1214420430471,29.1543106306149,624.244654050652
225,11,758.907304553751,8,-15,14.4284238691401,58.6167591298387,-28.7721045289928,14.6333295391128,734.29015433625
225,12,758.907304553751,8,0,14.4284238691401,61.3803238691401,0,1.38032386913999,758.687085717319
225,13,714.8023705289,8,15,14.4284238691401,58.6167591298387,28.7721045289928,14.6333295391128,691.61587960234
225,14,629.15572092981,8,30,14.4284238691401,51.5361204993799,51.1214420430471,29.1543106306149,549.448507096044
225,15,506.944827718275,8,45,14.4284238691401,42.1078816981598,67.3778782696206,43.6658932906079,366.712878740879
225,16,355.272143789227,8,60,14.4284238691401,31.5977607524888,79.9625787603649,58.1307667063416,187.577431124543
225,17,182.952334224849,8,75,14.4284238691401,20.6869136319509,89.3270138352306,71.8547337156224,56.9763484510028
225,18,9.36219495585467e-14,8,90,14.4284238691401,9.79286012013598,79.3516137992996,76.2111848525409,2.23142182878767e-14
225,19,0,8,105,14.4284238691401,-0.749895697796364,69.3156157076612,80.4876341155345,0
225,20,0,8,120,14.4284238691401,-10.5899662686087,58.5662232035356,84.4244857795912,0
225,21,0,8,135,14.4284238691401,-19.2903407312053,46.5136680232526,87.783458880799,0
225,22,0,8,150,14.4284238691401,-26.2843972872618,32.688348230507,90.3551200116548,0
225,23,0,8,165,14.4284238691401,-30.8992322055575,16.9846321316637,91.9717717267019,0
226,0,0,8,-180,14.1080842826244,-32.8438157173756,-8.09980567554931e-15,92.8438157173756,0
226,1,0,8,-165,14.1080842826244,-31.2116665303976,-17.0671923369269,92.2911966148343,0
226,2,0,8,-150,14.1080842826244,-26.5768554930543,-32.8343182335058,90.6720369284132,0
226,3,0,8,-135,14.1080842826244,-19.5583129471068,-46.6997847834602,88.0969073165765,0
226,4,0,8,-120,14.1080842826244,-10.8350070904577,-58.7762139498361,84.7343497953881,0
226,5,0,8,-105,14.1080842826244,-0.976776516252363,-69.5417887062598,80.7946470966813,0
226,6,183.993594079437,8,-90,14.1080842826244,9.57787364429029,-79.59253106839,76.5167667186562,42.9000944979191
226,7,357.294149260479,8,-75,14.1080842826244,20.4764936456321,-89.5850207266288,72.1607068237266,109.45641909897
226,8,509.830067197893,8,-60,14.1080842826244,31.3830684617887,-79.6837680989303,58.1680096604132,268.899794529803
226,9,632.736514786657,8,-45,14.1080842826244,41.8776368112965,-67.0782105551651,43.6886359278015,457.53440706051
226,10,718.870616039673,8,-30,14.1080842826244,51.2764900894546,-50.8206326076088,29.1614594950482,627.75379622939
226,11,763.226570076835,8,-15,14.1080842826244,58.3181033368694,-28.5505767230011,14.6166930112328,738.525268385779
226,12,763.226570076835,8,0,14.1080842826244,61.0599842826244,0,1.05998428262433,763.095963608829
226,13,718.870616039674,8,15,14.1080842826244,58.3181033368694,28.5505767230011,14.6166930112328,695.604864217324
226,14,632.736514786657,8,30,14.1080842826244,51.2764900894546,50.8206326076088,29.1614594950482,552.537188623045
226,15,509.830067197893,8,45,14.1080842826244,41.8776368112965,67.0782105551651,43.6886359278015,368.660243317329
226,16,357.294149260479,8,60,14.1080842826244,31.3830684617887,79.6837680989303,58.1680096604132,188.447738774793
226,17,183.993594079437,8,75,14.1080842826244,20.4764936456321,89.5850207266288,72.1607068237266,56.3661061530635
226,18,9.41547920499889e-14,8,90,14.1080842826244,9.57787364429029,79.59253106839,76.5167667186562,2.19532071025938e-14
226,19,0,8,105,14.1080842826244,-0.976776516252363,69.5417887062598,80.7946470966813,0
226,20,0,8,120,14.1080842826244,-10.8350070904577,58.7762139498361,84.7343497953881,0
226,21,0,8,135,14.1080842826244,-19.5583129471068,46.6997847834602,88.0969073165765,0
226,22,0,8,150,14.1080842826244,-26.5768554930543,32.8343182335058,90.6720369284132,0
226,23,0,8,165,14.1080842826244,-31.2116665303976,17.0671923369269,92.2911966148343,0
227,0,0,8,-180,13.7835641662585,-33.1683358337415,-8.14110275252363e-15,93.1683358337415,0
227,1,0,8,-165,13.7835641662585,-31.5281240967294,-17.1513881056249,92.6147896786916,0
227,2,0,8,-150,13.7835641662585,-26.872977855535,-32.9829551272866,90.9930892518579,0
227,3,0,8,-135,13.7835641662585,-19.8295871579601,-46.8889619518429,88.4144489309265,0
227,4,0,8,-120,13.7835641662585,-11.0831006280796,-58.9892958962042,85.0482684514495,0
227,5,0,8,-105,13.7835641662585,-1.2066026643747,-69.7709445043049,81.1056907794218,0
227,6,185.01047127957,8,-90,13.7835641662585,9.35991229094594,-79.8362814179955,76.8263758827849,42.1643790466501
227,7,359.268806454071,8,-75,13.7835641662585,20.2629404637411,-89.8456734981778,72.4707244154357,108.209273693155
227,8,512.647744486439,8,-60,13.7835641662585,31.1649621857417,-79.4026172819199,58.2068565702246,270.090558501565
227,9,636.233459007988,8,-45,13.7835641662585,41.6435985948461,-66.7768294738851,43.7135766798305,459.87171732973
227,10,722.84359750652,8,-30,13.7835641662585,51.0126944139089,-50.5193496223651,29.1719719185814,631.158567468158
227,11,767.444693547544,8,-15,13.7835641662585,58.0151662498935,-28.3299434130818,14.6068293376162,742.640204430649
227,12,767.444693547544,8,0,13.7835641662585,60.7354641662585,0,0.735464166258198,767.381468538659
227,13,722.84359750652,8,15,13.7835641662585,58.0151662498935,28.3299434130818,14.6068293376162,699.480655136449
227,14,636.233459007989,8,30,13.7835641662585,51.0126944139089,50.5193496223651,29.1719719185814,555.534004794406
227,15,512.64774448644,8,45,13.7835641662585,41.6435985948461,66.7768294738851,43.7135766798305,370.543540746466
227,16,359.268806454071,8,60,13.7835641662585,31.1649621857417,79.4026172819199,58.2068565702246,189.28223840052
227,17,185.01047127957,8,75,13.7835641662585,20.2629404637411,89.8456734981778,72.4707244154357,55.7238712717181
227,18,9.46751572387766e-14,8,90,13.7835641662585,9.35991229094594,79.8362814179955,76.8263758827849,2.15767204337574e-14
227,19,0,8,105,13.7835641662585,-1.2066026643747,69.7709445043049,81.1056907794218,0
227,20,0,8,120,13.7835641662585,-11.0831006280796,58.9892958962042,85.0482684514495,0
227,21,0,8,135,13.7835641662585,-19.8295871579601,46.8889619518429,88.4144489309265,0
227,22,0,8,150,13.7835641662585,-26.872977855535,32.9829551272866,90.9930892518579,0
227,23,0,8,165,13.7835641662585,-31.5281240967294,17.1513881056249,92.6147896786916,0
228,0,0,8,-180,13.4549596823564,-33.4969403176436,-8.1832323290079e-15,93.4969403176436,0
228,1,0,8,-165,13.4549596823564,-31.8485079767757,-17.2372269183459,92.942454953955,0
228,2,0,8,-150,13.4549596823564,-27.1726679116493,-33.1342579937042,91.3181816064955,0
228,3,0,8,-135,13.4549596823564,-20.1040717797827,-47.0811792371266,88.7359892858044,0
228,4,0,8,-120,13.4549596823564,-11.3341640369377,-59.2054282270372,85.3661484676351,0
228,5,0,8,-105,13.4549596823564,-1.43930169402811,-70.0030239152414,81.4206730311257,0
228,6,186.002664502587,8,-90,13.4549596823564,9.1390383769122,-80.0827882087284,77.1399210527713,41.3987791941821
228,7,361.19553023646,8,-75,13.4549596823564,20.046308076229,-89.8911237157094,72.6775871886165,107.545366696638
228,8,515.397024645323,8,-60,13.4549596823564,30.9434912522307,-79.1192457670991,58.2473362075313,271.229466264378
228,9,639.64551737376,8,-45,13.4549596823564,41.4058185321766,-66.4738815978074,43.7407777803404,462.128059763141
228,10,726.720137649288,8,-30,13.4549596823564,50.7447982118713,-50.217752213639,29.1859668589794,634.456868032731
228,11,771.560425044861,8,-15,13.4549596823564,57.7080340653919,-28.1103099403989,14.6040246404901,746.632435678415
228,12,771.560425044861,8,0,13.4549596823564,60.4068596823564,0,0.40685968235583,771.540972242713
228,13,726.720137649288,8,15,13.4549596823564,57.7080340653919,28.1103099403989,14.6040246404901,703.240872415266
228,14,639.64551737376,8,30,13.4549596823564,50.7447982118713,50.217752213639,29.1859668589794,558.437107463206
228,15,515.397024645324,8,45,13.4549596823564,41.4058185321766,66.4738815978074,43.7407777803404,372.36159800658
228,16,361.19553023646,8,60,13.4549596823564,30.9434912522307,79.1192457670991,58.2473362075313,190.080396662226
228,17,186.002664502587,8,75,13.4549596823564,20.046308076229,89.8911237157094,72.6775871886165,55.3819831252809
228,18,9.5182890929474e-14,8,90,13.4549596823564,9.1390383769122,80.0827882087284,77.1399210527713,2.11849410608761e-14
228,19,0,8,105,13.4549596823564,-1.43930169402811,70.0030239152414,81.4206730311257,0
228,20,0,8,120,13.4549596823564,-11.3341640369377,59.2054282270372,85.3661484676351,0
228,21,0,8,135,13.4549596823564,-20.1040717797827,47.0811792371266,88.7359892858044,0
228,22,0,8,150,13.4549596823564,-27.1726679116493,33.1342579937042,91.3181816064955,0
228,23,0,8,165,13.4549596823564,-31.8485079767757,17.2372269183459,92.942454953955,0
229,0,0,8,-180,13.1223682035186,-33.8295317964814,-8.22619999969267e-15,93.8295317964814,0
229,1,0,8,-165,13.1223682035186,-32.172719999989,-17.3247165730209,93.2740952651426,0
229,2,0,8,-150,13.1223682035186,-27.4758279459902,-33.2882260447507,91.6472174030444,0
229,3,0,8,-135,13.1223682035186,-20.3816740421447,-47.2764161443661,89.0614327246725,0
229,4,0,8,-120,13.1223682035186,-11.5881133519514,-59.424569770444,85.6878953375786,0
229,5,0,8,-105,13.1223682035186,-1.67480003044169,-70.237967436484,81.7395004813987,0
229,6,186.969879740224,8,-90,13.1223682035186,8.91531545258356,-80.3319746658391,77.457309684335,40.6036839158662
229,7,363.073749677807,8,-75,13.1223682035186,19.8266519240903,-89.6254665731752,72.7339374818323,107.763664497708
229,8,518.077093003499,8,-60,13.1223682035186,30.7187067697278,-78.8337721325699,58.2894761068189,272.315782871702
229,9,642.97167881744,8,-45,13.1223682035186,41.1643502812672,-66.1695111925198,43.7702994522832,464.302013650089
229,10,730.49908776547,8,-30,13.1223682035186,50.4728685902016,-49.9159945878916,29.2035593877851,637.646640433481
229,11,775.572544988717,8,-15,13.1223682035186,57.396794802571,-27.8917755705678,14.6085502065456,750.499481770755
229,12,775.572544988717,8,0,13.1223682035186,60.0742682035186,0,0.0742682035166534,775.571893430924
229,13,730.49908776547,8,15,13.1223682035186,57.396794802571,27.8917755705678,14.6085502065456,706.88317984486
229,14,642.97167881744,8,30,13.1223682035186,50.4728685902016,49.9159945878916,29.2035593877851,561.244685665432
229,15,518.0770930035,8,45,13.1223682035186,41.1643502812672,66.1695111925198,43.7702994522832,374.113270354179
229,16,363.073749677808,8,60,13.1223682035186,30.7187067697278,78.8337721325699,58.2894761068189,190.841698501826
229,17,186.969879740225,8,75,13.1223682035186,19.8266519240903,89.6254665731752,72.7339374818323,55.4943986156595
229,18,9.56778426696307e-14,8,90,13.1223682035186,8.91531545258356,80.3319746658391,77.457309684335,2.0778068033778e-14
229,19,0,8,105,13.1223682035186,-1.67480003044169,70.237967436484,81.7395004813987,0
229,20,0,8,120,13.1223682035186,-11.5881133519514,59.424569770444,85.6878953375786,0
229,21,0,8,135,13.1223682035186,-20.3816740421447,47.2764161443661,89.0614327246725,0
229,22,0,8,150,13.1223682035186,-27.4758279459902,33.2882260447507,91.6472174030444,0
229,23,0,8,165,13.1223682035186,-32.172719999989,17.3247165730209,93.2740952651426,0
230,0,0,8,-180,12.7858882837783,-34.1660117162217,-8.27001158160619e-15,94.1660117162217,0
230,1,0,8,-165,12.7858882837783,-32.5006607817242,-17.4138651859059,93.6096122544186,0
230,2,0,8,-150,12.7858882837783,-27.7823590210183,-33.4448586127719,91.9800988670989,0
230,3,0,8,-135,12.7858882837783,-20.6623000200957,-47.4746519625282,89.3906824008895,0
230,4,0,8,-120,12.7858882837783,-11.8448635173243,-59.6466789959156,86.0134133566619,0
230,5,0,8,-105,12.7858882837783,-1.91302299575394,-70.47571526291,82.0620785495652,0
230,6,187.911830385732,8,-90,12.7858882837783,8.68880828700481,-80.5837639108868,77.7784480081376,39.7795138098313
230,7,364.902908221157,8,-75,12.7858882837783,19.6040288929298,-89.3574504717711,72.7915394989787,107.956199415166
230,8,520.687155398872,8,-60,12.7858882837783,30.4906616256269,-78.5463139973966,58.3333024999387,273.348800752368
230,9,646.210957725607,8,-45,12.7858882837783,40.9192496672003,-65.8638601177272,43.8021997762793,466.392195695941
230,10,734.179328070589,8,-30,12.7858882837783,50.1969749926237,-49.6142259869034,29.2248603766325,640.725872690182
230,11,779.479864501384,8,-15,12.7858882837783,57.0815382577614,-27.6744336373032,14.6206607440343,754.238912668997
230,12,779.479864501384,8,0,12.7858882837783,59.7377882837783,0,0.262211716222341,779.471701815795
230,13,734.17932807059,8,15,12.7858882837783,57.0815382577614,27.6744336373032,14.6206607440343,710.405288611574
230,14,646.210957725607,8,30,12.7858882837783,50.1969749926237,49.6142259869034,29.2248603766325,563.954968493595
230,15,520.687155398872,8,45,12.7858882837783,40.9192496672003,65.8638601177272,43.8021997762793,375.797443193883
230,16,364.902908221157,8,60,12.7858882837783,30.4906616256269,78.5463139973966,58.3333024999387,191.565648046176
230,17,187.911830385732,8,75,12.7858882837783,19.6040288929298,89.3574504717711,72.7915394989787,55.5935471506192
230,18,9.61598657943642e-14,8,90,12.7858882837783,8.68880828700481,80.5837639108868,77.7784480081376,2.03563165845724e-14
230,19,0,8,105,12.7858882837783,-1.91302299575394,70.47571526291,82.0620785495652,0
230,20,0,8,120,12.7858882837783,-11.8448635173243,59.6466789959156,86.0134133566619,0
230,21,0,8,135,12.7858882837783,-20.6623000200957,47.4746519625282,89.3906824008895,0
230,22,0,8,150,12.7858882837783,-27.7823590210183,33.4448586127719,91.9800988670989,0
230,23,0,8,165,12.7858882837783,-32.5006607817242,17.4138651859059,93.6096122544186,0
231,0,0,8,-180,12.4456196293974,-34.5062803706026,-8.31467311677895e-15,94.5062803706027,0
231,1,0,8,-165,12.4456196293974,-32.8322297523321,-17.504681191798,93.9489064107648,0
231,2,0,8,-150,12.4456196293974,-28.0921610079318,-33.6041551390675,92.3167270681851,0
231,3,0,8,-135,12.4456196293974,-20.9458546669534,-47.675865750341,89.7236403065321,0
231,4,0,8,-120,12.4456196293974,-12.1043284173386,-59.8717140104674,86.3426056504728,0
231,5,0,8,-105,12.4456196293974,-2.15389483364401,-70.7162072988448,82.3883114726888,0
231,6,188.828237318805,8,-90,12.4456196293974,8.45958285158708,-80.8380789915969,78.1032410574324,38.9267208793405
231,7,366.682463847356,8,-75,12.4456196293974,19.3784973046887,-89.0871704978996,72.8503940519853,108.122825088177
231,8,523.226438413624,8,-60,12.4456196293974,30.2594104819661,-78.2569879466672,58.3788402524929,274.327840982686
231,9,649.362394230014,8,-45,12.4456196293974,40.6705746711515,-65.5570677365099,43.8365345619636,468.397262327991
231,10,737.759768030019,8,-30,12.4456196293974,49.917189165421,-49.3125906582916,29.2499761905723,643.692601585718
231,11,783.281225759765,8,-15,12.4456196293974,56.7623559576444,-27.4583716959571,14.6405927233909,757.848352531659
231,12,783.281225759765,8,0,12.4456196293974,59.3975196293974,0,0.602480370602237,783.237922134238
231,13,737.759768030019,8,15,12.4456196293974,56.7623559576444,27.4583716959571,14.6405927233909,713.804960949198
231,14,649.362394230014,8,30,12.4456196293974,49.917189165421,49.3125906582916,29.2499761905723,566.56622796059
231,15,523.226438413625,8,45,12.4456196293974,40.6705746711515,65.5570677365099,43.8365345619636,377.41303393642
231,16,366.682463847356,8,60,12.4456196293974,30.2594104819661,78.2569879466672,58.3788402524929,192.251769498576
231,17,188.828237318805,8,75,12.4456196293974,19.3784973046887,89.0871704978996,72.8503940519853,55.6793533596115
231,18,9.66288174698198e-14,8,90,12.4456196293974,8.45958285158708,80.8380789915969,78.1032410574324,1.99199180162756e-14
231,19,0,8,105,12.4456196293974,-2.15389483364401,70.7162072988448,82.3883114726888,0
231,20,0,8,120,12.4456196293974,-12.1043284173386,59.8717140104674,86.3426056504728,0
231,21,0,8,135,12.4456196293974,-20.9458546669534,47.675865750341,89.7236403065321,0
231,22,0,8,150,12.4456196293974,-28.0921610079318,33.6041551390675,92.3167270681851,0
231,23,0,8,165,12.4456196293974,-32.8322297523321,17.504681191798,93.9489064107648,0
232,0,0,8,-180,12.1016630693218,-34.8502369306782,-8.36019087461365e-15,94.8502369306782,0
232,1,0,8,-165,12.1016630693218,-33.1673251866688,-17.5971733434397,94.2918770995025,0
232,2,0,8,-150,12.1016630693218,-28.405132618191,-33.7661151608082,92.6570019491975,0
232,3,0,8,-135,12.1016630693218,-21.2322418479585,-47.8800363203718,90.0602073016437,0
232,4,0,8,-120,12.1016630693218,-12.3664209081134,-60.099632553241,86.6753742037401,0
232,5,0,8,-105,12.1016630693218,-2.39733873504362,-70.9593831685319,82.718102334118,0
232,6,189.718828988291,8,-90,12.1016630693218,8.22770630248099,-81.0948429098866,78.4315926962815,38.0457882691314
232,7,368.411889235667,8,-75,12.1016630693218,19.1501169075411,-88.8147213789049,72.9105010827119,108.263412887049
232,8,525.694189603397,8,-60,12.1016630693218,30.0250097685689,-77.965909461044,58.4261128021008,275.252254537934
232,9,652.425054492008,8,-45,12.1016630693218,40.4183854159671,-65.2492708332475,43.8733572226866,470.315911980647
232,10,741.239346682126,8,-30,12.1016630693218,49.6335851199028,-49.0112278407039,29.279008389987,646.544915900489
232,11,786.975502338478,8,-15,12.1016630693218,56.4393411114596,-27.2436716855135,14.6685628299049,761.325483574332
232,12,786.975502338478,8,0,12.1016630693218,59.0535630693218,0,0.946436930678242,786.868138152727
232,13,741.239346682126,8,15,12.1016630693218,56.4393411114596,27.2436716855135,14.6685628299049,717.080013774528
232,14,652.425054492008,8,30,12.1016630693218,49.6335851199028,49.0112278407039,29.279008389987,569.076781846556
232,15,525.694189603397,8,45,12.1016630693218,40.4183854159671,65.2492708332475,43.8733572226866,378.958993839923
232,16,368.411889235667,8,60,12.1016630693218,30.0250097685689,77.965909461044,58.4261128021008,192.899608015835
232,17,189.718828988291,8,75,12.1016630693218,19.1501169075411,88.8147213789049,72.9105010827119,55.7517510029865
232,18,9.70845587354951e-14,8,90,12.1016630693218,8.22770630248099,81.0948429098866,78.4315926962815,1.94691195678878e-14
232,19,0,8,105,12.1016630693218,-2.39733873504362,70.9593831685319,82.718102334118,0
232,20,0,8,120,12.1016630693218,-12.3664209081134,60.099632553241,86.6753742037401,0
232,21,0,8,135,12.1016630693218,-21.2322418479585,47.8800363203718,90.0602073016437,0
232,22,0,8,150,12.1016630693218,-28.405132618191,33.7661151608082,92.6570019491975,0
232,23,0,8,165,12.1016630693218,-33.1673251866688,17.5971733434397,94.2918770995025,0
233,0,0,8,-180,11.7541205253034,-35.1977794746966,-8.40657135393839e-15,95.1977794746966,0
233,1,0,8,-165,11.7541205253034,-33.5058442340154,-17.6913507100614,94.6384225921587,0
233,2,0,8,-150,11.7541205253034,-28.721171435702,-33.9307382962069,93.0008223562096,0
233,3,0,8,-135,11.7541205253034,-21.5213643747998,-48.0871422213041,90.4002831438983,0
233,4,0,8,-120,11.7541205253034,-12.6310528503265,-60.3303919885586,87.0116198897335,0
233,5,0,8,-105,11.7541205253034,-2.64327686492318,-71.2051822250828,83.0513530925485,0
233,6,190.583341492658,8,-90,11.7541205253034,7.99324696161489,-81.353978648043,78.7634056483295,37.1372299554104
233,7,370.090671920022,8,-75,11.7541205253034,18.9189488639721,-88.5401974378329,72.9718596394915,108.377852289954
233,8,528.089677720253,8,-60,11.7541205253034,29.7875176736383,-77.6731928508416,58.4751420986852,276.121423519763
233,9,655.398030979258,8,-45,11.7541205253034,40.1627441484322,-64.94060354014,43.9127186539395,472.146887353918
233,10,744.617032952661,8,-30,11.7541205253034,49.3462390918466,-48.7102717629898,29.312053442675,649.280959619282
233,11,790.561599543644,8,-15,11.7541205253034,56.1125885623359,-27.0304100976778,14.7047665559167,764.668049902184
233,12,790.561599543644,8,0,11.7541205253034,58.7060205253034,0,1.29397947469644,790.359996645702
233,13,744.617032952661,8,15,11.7541205253034,56.1125885623359,27.0304100976778,14.7047665559167,720.22832229714
233,14,655.398030979258,8,30,11.7541205253034,49.3462390918466,48.7102717629898,29.312053442675,571.4849965215
233,15,528.089677720253,8,45,11.7541205253034,40.1627441484322,64.94060354014,43.9127186539395,380.434309829719
233,16,370.090671920022,8,60,11.7541205253034,29.7875176736383,77.6731928508416,58.4751420986852,193.508730568439
233,17,190.583341492658,8,75,11.7541205253034,18.9189488639721,88.5401974378329,72.9718596394915,55.8106831659914
233,18,9.75269545454175e-14,8,90,11.7541205253034,7.99324696161489,81.353978648043,78.7634056483295,1.90041842557554e-14
233,19,0,8,105,11.7541205253034,-2.64327686492318,71.2051822250828,83.0513530925485,0
233,20,0,8,120,11.7541205253034,-12.6310528503265,60.3303919885586,87.0116198897335,0
233,21,0,8,135,11.7541205253034,-21.5213643747998,48.0871422213041,90.4002831438983,0
233,22,0,8,150,11.7541205253034,-28.721171435702,33.9307382962069,93.0008223562096,0
233,23,0,8,165,11.7541205253034,-33.5058442340154,17.6913507100614,94.6384225921587,0
234,0,0,8,-180,11.4030949816988,-35.5488050183012,-8.4538212847197e-15,95.5488050183012,0
234,1,0,8,-165,11.4030949816988,-33.8476829484066,-17.7872226750127,94.9884400966667,0
234,2,0,8,-150,11.4030949816988,-29.0401739496634,-34.0980242278773,93.3480860686473,0
234,3,0,8,-135,11.4030949816988,-21.8131240410124,-48.29716171838,90.7437665186713,0
234,4,0,8,-120,11.4030949816988,-12.8981351428926,-60.5639492974245,87.3512425001203,0
234,5,0,8,-105,11.4030949816988,-2.89163039014273,-71.4535435579068,83.3879646115889,0
234,6,191.421518658193,8,-90,11.4030949816988,7.75627429640979,-81.615409193047,79.0985815261202,36.2015903892812
234,7,371.718314440883,8,-75,11.4030949816988,18.6850557370558,-88.2636925508879,73.0344678549146,108.466051239365
234,8,530.412192929365,8,-60,11.4030949816988,29.5469941318454,-77.3789511946588,58.5259485469058,276.93476235605
234,9,658.280442734668,8,-45,11.4030949816988,39.9037152183362,-64.6311972722264,43.9546671158647,473.888977639221
234,10,747.891825960285,8,-30,11.4030949816988,49.0552294981279,-48.4098516566276,29.3492024476581,651.8989351023
234,11,794.038454737267,8,-15,11.4030949816988,55.7821947378843,-26.8186581517773,14.7493769580327,767.87386130529
234,12,794.038454737267,8,0,11.4030949816988,58.3549949816988,0,1.64500501830122,793.711211337102
234,13,747.891825960285,8,15,11.4030949816988,55.7821947378843,26.8186581517773,14.7493769580327,723.247823594147
234,14,658.280442734668,8,30,11.4030949816988,49.0552294981279,48.4098516566276,29.3492024476581,573.789289736387
234,15,530.412192929365,8,45,11.4030949816988,39.9037152183362,64.6311972722264,43.9546671158647,381.838006291777
234,16,371.718314440883,8,60,11.4030949816988,29.5469941318454,77.3789511946588,58.5259485469058,194.07872678143
234,17,191.421518658194,8,75,11.4030949816988,18.6850557370558,88.2636925508879,73.0344678549146,55.8561024423205
234,18,9.79558738081609e-14,8,90,11.4030949816988,7.75627429640979,81.615409193047,79.0985815261202,1.85253906911023e-14
234,19,0,8,105,11.4030949816988,-2.89163039014273,71.4535435579068,83.3879646115889,0
234,20,0,8,120,11.4030949816988,-12.8981351428926,60.5639492974245,87.3512425001203,0
234,21,0,8,135,11.4030949816988,-21.8131240410124,48.29716171838,90.7437665186713,0
234,22,0,8,150,11.4030949816988,-29.0401739496634,34.0980242278773,93.3480860686473,0
234,23,0,8,165,11.4030949816988,-33.8476829484066,17.7872226750127,94.9884400966667,0
235,0,0,8,-180,11.0486904549521,-35.9032095450479,-8.501947629411e-15,95.9032095450479,0
235,1,0,8,-165,11.0486904549521,-34.1927363193618,-17.884798932427,95.3418257878915,0
235,2,0,8,-150,11.0486904549521,-29.3620355880829,-34.2679726843141,93.6986898298192,0
235,3,0,8,-135,11.0486904549521,-22.1074216582521,-48.5100727719823,91.0905550695085,0
235,4,0,8,-120,11.0486904549521,-13.1675777575947,-60.8002610674742,87.6941407752671,0
235,5,0,8,-105,11.0486904549521,-3.14231950835728,-71.7044059986239,83.7278366898182,0
235,6,192.233112114914,8,-90,11.0486904549521,7.51685889818457,-81.8790575590377,79.4370208609427,35.2394440934884
235,7,373.294334492641,8,-75,11.0486904549521,18.4485014749543,-87.9853001075911,73.0983229248988,108.527936476941
235,8,532.661047019353,8,-60,11.0486904549521,29.3035008099588,-77.0832962825687,58.5785509508674,277.691718969794
235,9,661.071435637427,8,-45,11.0486904549521,39.6413650544493,-64.3211806707741,43.9992481202037,475.541020706526
235,10,751.062755313153,8,-30,11.0486904549521,48.760636890741,-48.1100917806581,29.3905408722336,654.397106212087
235,11,797.405037652115,8,-15,11.0486904549521,55.4482576001755,-26.6084819742638,14.8025436019835,770.940797006996
235,12,797.405037652115,8,0,11.0486904549521,58.0005904549521,0,1.99940954504803,796.919566794883
235,13,751.062755313153,8,15,11.0486904549521,55.4482576001755,26.6084819742638,14.8025436019835,726.136520140728
235,14,661.071435637427,8,30,11.0486904549521,48.760636890741,48.1100917806581,29.3905408722336,575.988133375393
235,15,532.661047019353,8,45,11.0486904549521,39.6413650544493,64.3211806707741,43.9992481202037,383.169146835013
235,16,373.294334492641,8,60,11.0486904549521,29.3035008099588,77.0832962825687,58.5785509508674,194.609209753573
235,17,192.233112114914,8,75,11.0486904549521,18.4485014749543,87.9853001075911,73.0983229248988,55.8879711065727
235,18,9.83711894256907e-14,8,90,11.0486904549521,7.51685889818457,81.8790575590377,79.4370208609427,1.80330328736724e-14
235,19,0,8,105,11.0486904549521,-3.14231950835728,71.7044059986239,83.7278366898182,0
235,20,0,8,120,11.0486904549521,-13.1675777575947,60.8002610674742,87.6941407752671,0
235,21,0,8,135,11.0486904549521,-22.1074216582521,48.5100727719823,91.0905550695085,0
235,22,0,8,150,11.0486904549521,-29.3620355880829,34.2679726843141,93.6986898298192,0
235,23,0,8,165,11.0486904549521,-34.1927363193618,17.884798932427,95.3418257878915,0
236,0,0,8,-180,10.6910119627734,-36.2608880372266,-8.55095758390992e-15,96.2608880372266,0
236,1,0,8,-165,10.6910119627734,-34.5408983030173,-17.9840894828653,95.6984748384726,0
236,2,0,8,-150,10.6910119627734,-29.6866507519654,-34.4405834194272,94.0525293777909,0
236,3,0,8,-135,10.6910119627734,-22.4041570934474,-48.7258530143297,91.4405454289819,0
236,4,0,8,-120,10.6910119627734,-13.4392897746607,-61.0392834813747,88.0402124349756,0
236,5,0,8,-105,10.6910119627734,-3.39526347796309,-71.9577081254701,84.0708680913238,0
236,6,193.017881370162,8,-90,10.6910119627734,7.27507245926871,-82.1448468079203,79.7786231331922,34.251395212463
236,7,374.818265066542,8,-75,10.6910119627734,18.2093513936632,-87.7051129736628,73.1634210890911,108.563453855617
236,8,534.835573606215,8,-60,10.6910119627734,29.057101090067,-76.7863385638665,58.632966461224,278.391775913644
236,9,663.770182656104,8,-45,10.6910119627734,39.37576213753,-64.0106795548836,44.0465043220291,477.101905246893
236,10,754.128881396465,8,-30,10.6910119627734,48.4625439084181,-47.8111114583658,29.4361483037377,656.773801388053
236,11,800.660350697016,8,-15,10.6910119627734,55.1108765952219,-26.3999427816945,14.8643917140581,773.866809355515
236,12,800.660350697016,8,0,10.6910119627734,57.6429119627734,0,2.35708803722679,799.98292226838
236,13,754.128881396466,8,15,10.6910119627734,55.1108765952219,26.3999427816945,14.8643917140581,728.892483287173
236,14,663.770182656104,8,30,10.6910119627734,48.4625439084181,47.8111114583658,29.4361483037377,578.080056162049
236,15,534.835573606215,8,45,10.6910119627734,39.37576213753,64.0106795548836,44.0465043220291,384.426836017644
236,16,374.818265066542,8,60,10.6910119627734,29.057101090067,76.7863385638665,58.632966461224,195.099816852447
236,17,193.017881370162,8,75,10.6910119627734,18.2093513936632,87.7051129736628,73.1634210890911,55.9062612749633
236,18,9.87727783310263e-14,8,90,10.6910119627734,7.27507245926871,82.1448468079203,79.7786231331922,1.7527419961475e-14
236,19,0,8,105,10.6910119627734,-3.39526347796309,71.9577081254701,84.0708680913238,0
236,20,0,8,120,10.6910119627734,-13.4392897746607,61.0392834813747,88.0402124349756,0
236,21,0,8,135,10.6910119627734,-22.4041570934474,48.7258530143297,91.4405454289819,0
236,22,0,8,150,10.6910119627734,-29.6866507519654,34.4405834194272,94.0525293777909,0
236,23,0,8,165,10.6910119627734,-34.5408983030173,17.9840894828653,95.6984748384726,0
237,0,0,8,-180,10.3301654930191,-36.6217345069809,-8.60085857809722e-15,96.6217345069809,0
237,1,0,8,-165,10.3301654930191,-34.8920618536531,-18.0851046278803,96.0582814499737,0
237,2,0,8,-150,10.3301654930191,-30.013912850182,-34.6158561900625,94.4094994765966,0
237,3,0,8,-135,10.3301654930191,-22.7032293068321,-48.9444797242634,91.7936332499234,0
237,4,0,8,-120,10.3301654930191,-13.713179419277,-61.2809723036831,88.3893542096429,0
237,5,0,8,-105,10.3301654930191,-3.65038064907089,-72.2133882662077,84.4169565767056,0
237,6,193.775593879871,8,-90,10.3301654930191,7.03098774884095,-82.4127000681243,80.1232868032323,33.2380770157636
237,7,376.289654589069,8,-75,10.3301654930191,17.9676721580322,-87.4232234566144,73.2297576126402,108.572568627714
237,8,536.935128330794,8,-60,10.3301654930191,28.8078600504515,-76.4881870993518,58.6892105247975,279.034451466724
237,9,666.375884093713,8,-45,10.3301654930191,39.1069769704874,-63.6998168811297,44.0964754165895,478.570572864501
237,10,757.08929565089,8,-30,10.3301654930191,48.1610352260453,-47.5130251249333,29.4860982174155,659.027416660381
237,11,803.803429252457,8,-15,10.3301654930191,54.7701526020723,-26.1930970661417,14.9350215536679,776.649927449005
237,12,803.803429252457,8,0,10.3301654930191,57.2820654930191,0,2.71793450698096,802.899215458411
237,13,757.08929565089,8,15,10.3301654930191,54.7701526020723,26.1930970661417,14.9350215536679,731.513856673292
237,14,666.375884093713,8,30,10.3301654930191,48.1610352260453,47.5130251249333,29.4860982174155,580.063646312024
237,15,536.935128330794,8,45,10.3301654930191,39.1069769704874,63.6998168811297,44.0964754165895,385.610221032857
237,16,376.28965458907,8,60,10.3301654930191,28.8078600504515,76.4881870993518,58.6892105247975,195.550210483113
237,17,193.775593879872,8,75,10.3301654930191,17.9676721580322,87.4232234566144,73.2297576126402,55.9109550536913
237,18,9.9160521524708e-14,8,90,10.3301654930191,7.03098774884095,82.4127000681243,80.1232868032323,1.70088760166813e-14
237,19,0,8,105,10.3301654930191,-3.65038064907089,72.2133882662077,84.4169565767056,0
237,20,0,8,120,10.3301654930191,-13.713179419277,61.2809723036831,88.3893542096429,0
237,21,0,8,135,10.3301654930191,-22.7032293068321,48.9444797242634,91.7936332499234,0
237,22,0,8,150,10.3301654930191,-30.013912850182,34.6158561900625,94.4094994765966,0
237,23,0,8,165,10.3301654930191,-34.8920618536531,18.0851046278803,96.0582814499737,0
238,0,0,8,-180,9.96625797228602,-36.985642027714,-8.65165827592756e-15,96.985642027714,0
238,1,0,8,-165,9.96625797228602,-35.2461189556142,-18.187854963439,96.4211388843301,0
238,2,0,8,-150,9.96625797228602,-30.3437143350213,-34.793790731442,94.7694939477774,0
238,3,0,8,-135,9.96625797228602,-23.0045363908571,-49.1659298001059,92.1497132370255,0
238,4,0,8,-120,9.96625797228602,-13.9891540990306,-61.5252828661752,88.7414618718329,0
238,5,0,8,-105,9.96625797228602,-3.90758849548889,-72.4713844995568,84.7659989345342,0
238,6,194.506025117472,8,-90,9.96625797228602,6.78467858751622,-82.6825405515249,80.470909342742,32.2001513551246
238,7,377.708067055751,8,-75,9.96625797228602,17.7235317610925,-87.1397232740444,73.2973267693763,108.555265707929
238,8,538.959089049712,8,-60,9.96625797228602,28.555844444171,-76.1889495181125,58.7472968368183,279.619300690473
238,9,668.887767824683,8,-45,9.96625797228602,38.8350820458255,-63.3887127110349,44.1491980415838,479.946020112343
238,10,759.943120841793,8,-30,9.96625797228602,47.8561975020747,-47.2159423852939,29.5404577617089,661.156418595159
238,11,806.83334195643,8,-15,9.96625797228602,54.4261878816175,-25.9879967820671,15.0145080166923,779.288260684429
238,12,806.833341956431,8,0,9.96625797228602,56.918157972286,0,3.081842027714,805.666466210085
238,13,759.943120841794,8,15,9.96625797228602,54.4261878816175,25.9879967820671,15.0145080166923,733.998859571025
238,14,668.887767824683,8,30,9.96625797228602,47.8561975020747,47.2159423852939,29.5404577617089,581.937554125375
238,15,538.959089049712,8,45,9.96625797228602,38.8350820458255,63.3887127110349,44.1491980415838,386.718493349069
238,16,377.708067055751,8,60,9.96625797228602,28.555844444171,76.1889495181125,58.7472968368183,195.960078828057
238,17,194.506025117472,8,75,9.96625797228602,17.7235317610925,87.1397232740444,73.2973267693763,55.9020446743693
238,18,9.95343041100595e-14,8,90,9.96625797228602,6.78467858751622,82.6825405515249,80.470909342742,1.64777397277809e-14
238,19,0,8,105,9.96625797228602,-3.90758849548889,72.4713844995568,84.7659989345342,0
238,20,0,8,120,9.96625797228602,-13.9891540990306,61.5252828661752,88.7414618718329,0
238,21,0,8,135,9.96625797228602,-23.0045363908571,49.1659298001059,92.1497132370255,0
238,22,0,8,150,9.96625797228602,-30.3437143350213,34.793790731442,94.7694939477774,0
238,23,0,8,165,9.96625797228602,-35.2461189556142,18.187854963439,96.4211388843301,0
239,0,0,8,-180,9.59939723422632,-37.3525027657737,-8.70336457504119e-15,97.3525027657737,0
239,1,0,8,-165,9.59939723422632,-35.6029606556208,-18.2923513721408,96.7869394955849,0
239,2,0,8,-150,9.59939723422632,-30.6759467384315,-34.9743867304528,95.1324057022364,0
239,3,0,8,-135,9.59939723422632,-23.3079756099837,-49.3901797305751,92.5086791787991,0
239,4,0,8,-120,9.59939723422632,-14.2671204422667,-61.7721700516597,89.0964302682477,0
239,5,0,8,-105,9.59939723422632,-4.16680364769731,-72.7316346551701,85.1178910132499,0
239,6,195.208958640424,8,-90,9.59939723422632,6.53621982070455,-82.9542915685437,80.8213872665335,31.1383080754266
239,7,379.073082160362,8,-75,9.59939723422632,17.4769995017287,-86.8547035246255,73.3661218264347,108.511549910092
239,8,540.906856019729,8,-60,9.59939723422632,28.3011226754244,-75.8887319787643,58.8072372958973,280.145916440283
239,9,671.305089523653,8,-45,9.59939723422632,38.5601518105022,-63.0774841861529,44.2047056851679,481.227300465824
239,10,762.689511319179,8,-30,9.59939723422632,47.5481193241237,-46.9199680814046,29.5992875621681,663.159347162652
239,11,809.74919098041,8,-15,9.59939723422632,54.0790860252014,-25.7846895337719,15.102900474027,781.780002220632
239,12,809.74919098041,8,0,9.59939723422632,56.5512972342263,0,3.4487027657737,808.282780118379
239,13,762.68951131918,8,15,9.59939723422632,54.0790860252014,25.7846895337719,15.102900474027,736.345790146255
239,14,671.305089523653,8,30,9.59939723422632,47.5481193241237,46.9199680814046,29.5992875621681,583.700494511149
239,15,540.906856019729,8,45,9.59939723422632,38.5601518105022,63.0774841861529,44.2047056851679,387.750890300168
239,16,379.073082160362,8,60,9.59939723422632,28.3011226754244,75.8887319787643,58.8072372958973,196.329136556154
239,17,195.208958640425,8,75,9.59939723422632,17.4769995017287,86.8547035246255,73.3661218264347,55.8795326159469
239,18,9.98940153272336e-14,8,90,9.59939723422632,6.53621982070455,82.9542915685437,80.8213872665335,1.59343641081575e-14
239,19,0,8,105,9.59939723422632,-4.16680364769731,72.7316346551701,85.1178910132499,0
239,20,0,8,120,9.59939723422632,-14.2671204422667,61.7721700516597,89.0964302682477,0
239,21,0,8,135,9.59939723422632,-23.3079756099837,49.3901797305751,92.5086791787991,0
239,22,0,8,150,9.59939723422632,-30.6759467384315,34.9743867304528,95.1324057022364,0
239,23,0,8,165,9.59939723422632,-35.6029606556208,18.2923513721408,96.7869394955849,0
240,0,0,8,-180,9.22969198759415,-37.7222080124058,-8.75598560586345e-15,97.7222080124059,0
240,1,0,8,-165,9.22969198759415,-35.9624770954651,-18.3986050141636,97.1555747619042,0
240,2,0,8,-150,9.22969198759415,-31.0105007089576,-35.157643796719,95.4981267724015,0
240,3,0,8,-135,9.22969198759415,-23.6134434413562,-49.6172055637409,92.8704239798778,0
240,4,0,8,-120,9.22969198759415,-14.5469843373519,-62.0215882762978,89.4541533520884,0
240,5,0,8,-105,9.22969198759415,-4.42794192679466,-72.9940763121751,85.472527753488,0
240,6,195.884186154355,8,-90,9.22969198759415,6.28568729076804,-83.2278765414523,81.1746161648249,30.0532643800228
240,7,380.384295419466,8,-75,9.22969198759415,17.22814596073,-86.568254661753,73.4361350303537,108.441446156674
240,8,542.777852075454,8,-60,9.22969198759415,28.0437647737606,-75.5876391350861,58.8690419618248,280.613930329799
240,9,673.627132886034,8,-45,9.22969198759415,38.2822626283335,-62.7662455105159,44.2630285999731,482.413526228627
240,10,765.327653268279,8,-30,9.22969198759415,47.2368911529469,-46.6252023681687,29.6626415450791,665.034818520797
240,11,812.550112295402,8,-15,9.22969198759415,53.7289519031176,-25.5832187626107,15.200222844417,784.123432346151
240,12,812.550112295402,8,0,9.22969198759415,56.1815919875942,0,3.81840801240594,810.746352036681
240,13,765.327653268279,8,15,9.22969198759415,53.7289519031176,25.5832187626107,15.200222844417,738.553028630901
240,14,673.627132886034,8,30,9.22969198759415,47.2368911529469,46.6252023681687,29.6626415450791,585.351249437358
240,15,542.777852075454,8,45,9.22969198759415,38.2822626283335,62.7662455105159,44.2630285999731,388.706696621169
240,16,380.384295419466,8,60,9.22969198759415,28.0437647737606,75.5876391350861,58.8690419618248,196.657125498461
240,17,195.884186154356,8,75,9.22969198759415,17.22814596073,86.568254661753,73.4361350303537,55.8434317125973
240,18,1.00239548586034e-13,8,90,9.22969198759415,6.28568729076804,83.2278765414523,81.1746161648249,1.53791161713093e-14
240,19,0,8,105,9.22969198759415,-4.42794192679466,72.9940763121751,85.472527753488,0
240,20,0,8,120,9.22969198759415,-14.5469843373519,62.0215882762978,89.4541533520884,0
240,21,0,8,135,9.22969198759415,-23.6134434413562,49.6172055637409,92.8704239798778,0
240,22,0,8,150,9.22969198759415,-31.0105007089576,35.157643796719,95.4981267724015,0
240,23,0,8,165,9.22969198759415,-35.9624770954651,18.3986050141636,97.1555747619042,0
241,0,0,8,-180,8.85725178403299,-38.094648215967,-8.80952973015703e-15,98.094648215967,0
241,1,0,8,-165,8.85725178403299,-36.3245575450925,-18.5066273168673,97.5269353178626,0
241,2,0,8,-150,8.85725178403299,-31.3472660493798,-35.3435614313838,95.8665483446851,0
241,3,0,8,-135,8.85725178403299,-23.9208356163542,-49.8469828740162,93.2348396936574,0
241,4,0,8,-120,8.85725178403299,-14.8286509728265,-62.2734914704522,89.8145242157917,0
241,5,0,8,-105,8.85725178403299,-4.69091837939309,-73.2586467963141,85.8298032208176,0
241,6,196.53150757478,8,-90,8.85725178403299,6.03315780800476,-83.5032190159053,81.5304907359515,28.9457641509696
241,7,381.641318292277,8,-75,8.85725178403299,16.9770429752659,-86.2804664698293,73.5073575946744,108.344999660038
241,8,544.571522800377,8,-60,8.85725178403299,27.7838423662089,-75.2857741059808,58.9327190162905,281.02301364484
241,9,675.853209840263,8,-45,8.85725178403299,38.0014927400796,-62.4551079401887,44.3241937234001,483.503870365313
241,10,767.856764950696,8,-30,8.85725178403299,46.9226052649627,-46.3317407972462,29.7305667817667,666.781527706088
241,11,815.235275927971,8,-15,8.85725178403299,53.3758916130706,-25.3836239332352,15.3064738954283,786.316921742478
241,12,815.235275927972,8,0,8.85725178403299,55.809151784033,0,4.19084821596707,813.055469478636
241,13,767.856764950696,8,15,8.85725178403299,53.3758916130706,25.3836239332352,15.3064738954283,740.619040396523
241,14,675.853209840264,8,30,8.85725178403299,46.9226052649627,46.3317407972462,29.7305667817667,586.888670299454
241,15,544.571522800377,8,45,8.85725178403299,38.0014927400796,62.4551079401887,44.3241937234001,389.585245924845
241,16,381.641318292278,8,60,8.85725178403299,27.7838423662089,75.2857741059808,58.9327190162905,196.943815288704
241,17,196.53150757478,8,75,8.85725178403299,16.9770429752659,86.2804664698293,73.5073575946744,55.7937652470563
241,18,1.00570801497498e-13,8,90,8.85725178403299,6.03315780800476,83.5032190159053,81.5304907359515,1.48123765829908e-14
241,19,0,8,105,8.85725178403299,-4.69091837939309,73.2586467963141,85.8298032208176,0
241,20,0,8,120,8.85725178403299,-14.8286509728265,62.2734914704522,89.8145242157917,0
241,21,0,8,135,8.85725178403299,-23.9208356163542,49.8469828740162,93.2348396936574,0
241,22,0,8,150,8.85725178403299,-31.3472660493798,35.3435614313838,95.8665483446851,0
241,23,0,8,165,8.85725178403299,-36.3245575450925,18.5066273168673,97.5269353178626,0
242,0,0,8,-180,8.48218698561304,-38.469713014387,-8.86400553898977e-15,98.469713014387,0
242,1,0,8,-165,8.48218698561304,-36.6890904360642,-18.6164299629829,97.9009109869877,0
242,2,0,8,-150,8.48218698561304,-31.6861317550596,-35.532138993537,96.2375607922319,0
242,3,0,8,-135,8.48218698561304,-24.2300471630205,-50.0794867271753,93.6018175552598,0
242,4,0,8,-120,8.48218698561304,-15.1120248784325,-62.5278330580929,90.1774351241296,0
242,5,0,8,-105,8.48218698561304,-4.95564731343963,-73.5252831757145,86.1896106388782,0
242,6,197.150731086391,8,-90,8.48218698561304,5.77870912048995,-83.7802426707342,81.8889048195002,27.8165772248209
242,7,382.84377829579,8,-75,8.48218698561304,16.7237636118286,-85.9914280431441,73.5797796890698,108.222276074531
242,8,546.287336691151,8,-60,8.48218698561304,27.5214286474063,-74.9832384496788,58.9982747266083,281.372878204003
242,9,677.982660751697,8,-45,8.48218698561304,37.7179222213483,-62.1441797796513,44.388224604427,484.497568255286
242,10,770.276096936056,8,-30,8.48218698561304,46.6053556935054,-46.0396744080019,29.8031033543937,668.398251224252
242,11,817.803886206183,8,-15,8.48218698561304,53.0200124286676,-25.1859407182039,15.4216277615073,788.358934633656
242,12,817.803886206183,8,0,8.48218698561304,55.434086985613,0,4.56591301438695,815.208515903868
242,13,770.276096936056,8,15,8.48218698561304,53.0200124286676,25.1859407182039,15.4216277615073,742.542378920881
242,14,677.982660751698,8,30,8.48218698561304,46.6053556935054,46.0396744080019,29.8031033543937,588.311680200585
242,15,546.287336691151,8,45,8.48218698561304,37.7179222213483,62.1441797796513,44.388224604427,390.38592211498
242,16,382.84377829579,8,60,8.48218698561304,27.5214286474063,74.9832384496788,58.9982747266083,197.189003966393
242,17,197.150731086391,8,75,8.48218698561304,16.7237636118286,85.9914280431441,73.5797796890698,55.7305670289424
242,18,1.00887675904239e-13,8,90,8.48218698561304,5.77870912048995,83.7802426707342,81.8889048195002,1.42345392906164e-14
242,19,0,8,105,8.48218698561304,-4.95564731343963,73.5252831757145,86.1896106388782,0
242,20,0,8,120,8.48218698561304,-15.1120248784325,62.5278330580929,90.1774351241296,0
242,21,0,8,135,8.48218698561304,-24.2300471630205,50.0794867271753,93.6018175552598,0
242,22,0,8,150,8.48218698561304,-31.6861317550596,35.532138993537,96.2375607922319,0
242,23,0,8,165,8.48218698561304,-36.6890904360642,18.6164299629829,97.9009109869877,0
243,0,0,8,-180,8.1046087321287,-38.8472912678713,-8.91942185007857e-15,98.8472912678713,0
243,1,0,8,-165,8.1046087321287,-37.0559633953984,-18.7280248773089,98.2773908145547,0
243,2,0,8,-150,8.1046087321287,-32.0269860529996,-35.7233756642147,96.6110537079425,0
243,3,0,8,-135,8.1046087321287,-24.5409724493628,-50.3146916433987,93.971248014811,0
243,4,0,8,-120,8.1046087321287,-15.3970099670002,-62.7845659347931,90.5427775476613,0
243,5,0,8,-105,8.1046087321287,-5.22204233493768,-73.7939222553276,86.5518424229013,0
243,6,197.741673199897,8,-90,8.1046087321287,5.52241988280699,-84.0588713260375,82.2497514298498,26.6664986247667
243,7,383.991319115153,8,-75,8.1046087321287,16.4683821376885,-85.7012277673057,73.6533904300222,108.073361618548
243,8,547.924785315091,8,-60,8.1046087321287,27.2565983478002,-74.6801321420916,59.0657134125223,281.663277163114
243,9,680.014854618074,8,-45,8.1046087321287,37.4316329384506,-61.8335663847241,44.4551413371499,485.393919362872
243,10,772.58493232408,8,-30,8.1046087321287,46.2852381689713,-45.7490898248594,29.8802842439225,669.883849533262
243,11,820.255181995377,8,-15,8.1046087321287,52.6614227480033,-24.990201180363,15.5456346636764,790.248031813328
243,12,820.255181995377,8,0,8.1046087321287,55.0565087321287,0,4.94349126787129,817.203973878324
243,13,772.58493232408,8,15,8.1046087321287,52.6614227480033,24.990201180363,15.5456346636764,744.321688639058
243,14,680.014854618074,8,30,8.1046087321287,46.2852381689713,45.7490898248594,29.8802842439225,589.619276137104
243,15,547.924785315091,8,45,8.1046087321287,37.4316329384506,61.8335663847241,44.4551413371499,391.108160732057
243,16,383.991319115153,8,60,8.1046087321287,27.2565983478002,74.6801321420916,59.0657134125223,197.392518540596
243,17,197.741673199897,8,75,8.1046087321287,16.4683821376885,85.7012277673057,73.6533904300222,55.6538814576185
243,18,1.01190077909533e-13,8,90,8.1046087321287,5.52241988280699,84.0588713260375,82.2497514298498,1.36460111303235e-14
243,19,0,8,105,8.1046087321287,-5.22204233493768,73.7939222553276,86.5518424229013,0
243,20,0,8,120,8.1046087321287,-15.3970099670002,62.7845659347931,90.5427775476613,0
243,21,0,8,135,8.1046087321287,-24.5409724493628,50.3146916433987,93.971248014811,0
243,22,0,8,150,8.1046087321287,-32.0269860529996,35.7233756642147,96.6110537079425,0
243,23,0,8,165,8.1046087321287,-37.0559633953984,18.7280248773089,98.2773908145547,0
244,0,0,9,-180,7.72462890816524,-39.2272710918348,-8.97578770446765e-15,99.2272710918348,0
244,1,0,9,-165,7.72462890816524,-37.4250632797903,-18.8414242118357,98.6562631006227,0
244,2,0,9,-150,7.72462890816524,-32.3697164416228,-35.9172704079071,96.9869159377654,0
244,3,0,9,-135,7.72462890816524,-24.8535052275254,-50.5525715583479,94.3430207710203,0
244,4,0,9,-120,7.72462890816524,-15.6835095771744,-63.0436424443517,90.9104421965232,0
244,5,0,9,-105,7.72462890816524,-5.49001638554187,-74.0645005700756,86.9163902136008,0
244,6,198.304158806398,9,-90,7.72462890816524,5.26436962370249,-84.3390289496096,82.6129227901015,25.4963477500015
244,7,385.083600709256,9,-75,7.72462890816524,16.2109739909122,-85.4099533031762,73.7281778730699,107.898363165796
244,8,549.483383460829,9,-60,7.72462890816524,26.9894277000064,-74.3765535592126,59.1350374161667,281.894005760826
244,9,681.949189256491,9,-45,7.72462890816524,37.1427085023447,-61.5233701717335,44.5249605012468,486.192288818494
244,10,774.782586957011,9,-30,7.72462890816524,45.9623500580152,-45.4600693603482,29.9621352407507,671.237269411481
244,11,822.588436923706,9,-15,7.72462890816524,52.3002320423928,-24.7964339524728,15.6784218116874,791.982873540581
244,12,822.588436923707,9,0,7.72462890816524,54.6765289081653,0,5.32347109183479,819.040428100278
244,13,774.782586957012,9,15,7.72462890816524,52.3002320423928,24.7964339524728,15.6784218116874,745.955707671017
244,14,681.949189256491,9,30,7.72462890816524,45.9623500580152,45.4600693603482,29.9621352407507,590.810531082959
244,15,549.483383460829,9,45,7.72462890816524,37.1427085023447,61.5233701717335,44.5249605012468,391.751450227284
244,16,385.083600709256,9,60,7.72462890816524,26.9894277000064,74.3765535592126,59.1350374161667,197.554215512457
244,17,198.304158806398,9,75,7.72462890816524,16.2109739909122,85.4099533031762,73.7281778730699,55.563763569187
244,18,1.01477917905138e-13,9,90,7.72462890816524,5.26436962370249,84.3390289496096,82.6129227901015,1.30472114121493e-14
244,19,0,9,105,7.72462890816524,-5.49001638554187,74.0645005700756,86.9163902136008,0
244,20,0,9,120,7.72462890816524,-15.6835095771744,63.0436424443517,90.9104421965232,0
244,21,0,9,135,7.72462890816524,-24.8535052275254,50.5525715583479,94.3430207710203,0
244,22,0,9,150,7.72462890816524,-32.3697164416228,35.9172704079071,96.9869159377654,0
244,23,0,9,165,7.72462890816524,-37.4250632797903,18.8414242118357,98.6562631006227,0
245,0,0,9,-180,7.34236010994516,-39.6095398900548,-9.03311236249661e-15,99.6095398900548,0
245,1,0,9,-165,7.34236010994516,-37.7962762102059,-18.9566403292149,99.0374154333,0
245,2,0,9,-150,7.34236010994516,-32.7142097312787,-36.1138219315029,97.3650356142443,0
245,3,0,9,-135,7.34236010994516,-25.1675386788251,-50.793099782276,94.7170248050516,0
245,4,0,9,-120,7.34236010994516,-15.9714265169601,-63.3050143540834,91.2803190545444,0
245,5,0,9,-105,7.34236010994516,-5.75948178099726,-74.3369543767534,87.2831449114185,0
245,6,198.838021229267,9,-90,7.34236010994516,5.00463871270201,-84.6206396617513,82.9783103663824,24.3069675233314
245,7,386.12029941149,9,-75,7.34236010994516,15.9516157489942,-85.1176915732518,73.8041290066356,107.697408305037
245,8,550.962669282099,9,-60,7.34236010994516,26.7199944034071,-74.0725994634547,59.2062470752365,282.064902002786
245,9,683.78509148185,9,-45,7.34236010994516,36.8512342208042,-61.2136906326118,44.5976951095296,486.892108906052
245,10,776.868409622355,9,-30,7.34236010994516,45.6367903019491,-45.1726911231538,30.0486748783618,672.457546203975
245,11,824.802959597382,9,-15,7.34236010994516,51.9365508052997,-24.604664413615,15.8198944664932,793.562222296247
245,12,824.802959597382,9,0,7.34236010994516,54.2942601099451,0,5.70573989005488,820.716568283296
245,13,776.868409622355,9,15,7.34236010994516,51.9365508052997,24.604664413615,15.8198944664932,747.443270417703
245,14,683.78509148185,9,30,7.34236010994516,45.6367903019491,45.1726911231538,30.0486748783618,591.884595966861
245,15,550.962669282099,9,45,7.34236010994516,36.8512342208042,61.2136906326118,44.5976951095296,392.315333161061
245,16,386.12029941149,9,60,7.34236010994516,26.7199944034071,74.0725994634547,59.2062470752365,197.673981354669
245,17,198.838021229268,9,75,7.34236010994516,15.9516157489942,85.1176915732518,73.8041290066356,55.4602790672572
245,18,1.01751110597851e-13,9,90,7.34236010994516,5.00463871270201,84.6206396617513,82.9783103663824,1.24385714838367e-14
245,19,0,9,105,7.34236010994516,-5.75948178099726,74.3369543767534,87.2831449114185,0
245,20,0,9,120,7.34236010994516,-15.9714265169601,63.3050143540834,91.2803190545444,0
245,21,0,9,135,7.34236010994516,-25.1675386788251,50.793099782276,94.7170248050516,0
245,22,0,9,150,7.34236010994516,-32.7142097312787,36.1138219315029,97.3650356142443,0
245,23,0,9,165,7.34236010994516,-37.7962762102059,18.9566403292149,99.0374154333,0
246,0,0,9,-180,6.95791561196334,-39.9939843880367,-9.09140529901151e-15,99.9939843880367,0
246,1,0,9,-165,6.95791561196334,-38.1694876068519,-19.0736857844845,99.4207347222306,0
246,2,0,9,-150,6.95791561196334,-33.0603520854827,-36.3130286406058,97.745300190312,0
246,3,0,9,-135,6.95791561196334,-25.482965459646,-51.0362489571871,95.0931484146726,0
246,4,0,9,-120,6.95791561196334,-16.2606631080683,-63.5686328288219,91.6522974136745,0
246,5,0,9,-105,6.95791561196334,-6.03035025039282,-74.6112196447335,87.6519967111097,0
246,6,199.343102273549,9,-90,6.95791561196334,4.7433083257239,-84.9036277385099,83.3458049025051,23.0992234981344
246,7,387.101108025654,9,-75,6.95791561196334,15.6903850961534,-84.8245287504295,73.8812297474509,107.47064536768
246,8,552.362204434585,9,-60,6.95791561196334,26.4483775870716,-73.768364993803,59.2793406994262,282.175847281934
246,9,685.522017276699,9,-45,6.95791561196334,36.5572970489413,-60.9046243556163,44.6733545627258,487.492880451884
246,10,778.841782245838,9,-30,6.95791561196334,45.3086593544862,-44.887029130504,30.13991439017,673.543805940286
246,11,826.89809380554,9,-15,6.95791561196334,51.5704905015049,-24.4149148619754,15.9699371387854,794.984945391576
246,12,826.89809380554,9,0,6.95791561196334,53.9098156119633,0,6.09018438803667,822.231191887778
246,13,778.841782245839,9,15,6.95791561196334,51.5704905015049,24.4149148619754,15.9699371387854,748.783310018119
246,14,685.5220172767,9,30,6.95791561196334,45.3086593544862,44.887029130504,30.13991439017,592.840701536307
246,15,552.362204434586,9,45,6.95791561196334,36.5572970489413,60.9046243556163,44.6733545627258,392.799407322145
246,16,387.101108025654,9,60,6.95791561196334,26.4483775870716,73.768364993803,59.2793406994262,197.751732946186
246,17,199.343102273549,9,75,6.95791561196334,15.6903850961534,84.8245287504295,73.8812297474509,55.3435043371512
246,18,1.02009575034783e-13,9,90,6.95791561196334,4.7433083257239,84.9036277385099,83.3458049025051,1.18205342738404e-14
246,19,0,9,105,6.95791561196334,-6.03035025039282,74.6112196447335,87.6519967111097,0
246,20,0,9,120,6.95791561196334,-16.2606631080683,63.5686328288219,91.6522974136745,0
246,21,0,9,135,6.95791561196334,-25.482965459646,51.0362489571871,95.0931484146726,0
246,22,0,9,150,6.95791561196334,-33.0603520854827,36.3130286406058,97.745300190312,0
246,23,0,9,165,6.95791561196334,-38.1694876068519,19.0736857844845,99.4207347222306,0
247,0,0,9,-180,6.57140933342163,-40.3804906665784,-9.15067619776904e-15,100.380490666578,0
247,1,0,9,-165,6.57140933342163,-38.5445822245178,-19.192573304961,99.8061072322912,0
247,2,0,9,-150,6.57140933342163,-33.4080290628934,-36.5148885931565,98.1275964733192,0
247,3,0,9,-135,6.57140933342163,-25.7996777481858,-51.281991012061,95.4712792486723,0
247,4,0,9,-120,6.57140933342163,-16.5511212310359,-63.8344484036873,92.0262659087103,0
247,5,0,9,-105,6.57140933342163,-6.30253297619712,-74.8872320455252,88.0228351366516,0
247,6,199.819252272829,9,-90,6.57140933342163,4.4804604097311,-85.1879176134039,83.7152964549667,21.8740029258994
247,7,388.02573591699,9,-75,6.57140933342163,15.4273607893509,-84.5305502490909,73.9594649375826,107.218243422655
247,8,553.681574205818,9,-60,6.57140933342163,26.1746577710856,-73.4639436596571,59.354314550177,282.22676693266
247,9,687.15945195244,9,-45,6.57140933342163,36.260985538219,-60.5962650513438,44.7519446115971,487.994174110882
247,10,780.702120074565,9,-30,6.57140933342163,44.9780591189651,-44.6031534242544,30.2358576895646,674.495267317273
247,11,828.8732187147,9,-15,6.57140933342163,51.2021635165504,-24.2272046836552,16.1284148980919,796.250017421575
247,12,828.8732187147,9,0,6.57140933342163,53.5233093334216,0,6.47669066657839,823.58320669305
247,13,780.702120074565,9,15,6.57140933342163,51.2021635165504,24.2272046836552,16.1284148980919,749.974860660085
247,14,687.15945195244,9,30,6.57140933342163,44.9780591189651,44.6031534242544,30.2358576895646,593.678160102837
247,15,553.681574205819,9,45,6.57140933342163,36.260985538219,60.5962650513438,44.7519446115971,393.203326763935
247,16,388.02573591699,9,60,6.57140933342163,26.1746577710856,73.4639436596571,59.354314550177,197.78741796058
247,17,199.819252272829,9,75,6.57140933342163,15.4273607893509,84.5305502490909,73.9594649375826,55.2135264432675
247,18,1.02253234627341e-13,9,90,6.57140933342163,4.4804604097311,85.1879176134039,83.7152964549667,1.11935538141601e-14
247,19,0,9,105,6.57140933342163,-6.30253297619712,74.8872320455252,88.0228351366516,0
247,20,0,9,120,6.57140933342163,-16.5511212310359,63.8344484036873,92.0262659087103,0
247,21,0,9,135,6.57140933342163,-25.7996777481858,51.281991012061,95.4712792486723,0
247,22,0,9,150,6.57140933342163,-33.4080290628934,36.5148885931565,98.1275964733192,0
247,23,0,9,165,6.57140933342163,-38.5445822245178,19.192573304961,99.8061072322912,0
248,0,0,9,-180,6.18295580447179,-40.7689441955282,-9.21093494498105e-15,100.768944195528,0
248,1,0,9,-165,6.18295580447179,-38.9214441882912,-19.3133157682029,100.193418617488,0
248,2,0,9,-150,6.18295580447179,-33.7571256600378,-36.7193994502966,98.5118106592887,0
248,3,0,9,-135,6.18295580447179,-26.1175672920449,-51.5302971161665,95.8513043415343,0
248,4,0,9,-120,6.18295580447179,-16.8427023710976,-64.1024109556713,92.4021125523091,0
248,5,0,9,-105,6.18295580447179,-6.57594063504304,-75.1649269412461,88.3955490764628,0
248,6,200.266330133585,9,-90,6.18295580447179,4.21617764646135,-85.4734338776847,84.0866744282698,20.6322137856806
248,7,388.893909098297,9,-75,6.18295580447179,15.1626226230832,-84.2358407184339,74.038818343066,106.940392238104
248,8,554.92038763806,9,-60,6.18295580447179,25.8989168263754,-73.1594273382265,59.4311628237713,282.217630716676
248,9,688.696910301838,9,-45,6.18295580447179,35.9623897840797,-60.288703583721,44.8334673264796,488.395631545569
248,10,782.448871850286,9,-30,6.18295580447179,44.6450928851796,-44.3211301900604,30.3365013729953,675.311243540915
248,11,830.727749052724,9,-15,6.18295580447179,50.8316831064928,-24.0415505172134,16.2951747665138,797.356522555634
248,12,830.727749052724,9,0,6.18295580447179,53.1348558044718,0,6.86514419552825,824.771633202309
248,13,782.448871850286,9,15,6.18295580447179,50.8316831064928,24.0415505172134,16.2951747665138,751.017059737735
248,14,688.696910301838,9,30,6.18295580447179,44.6450928851796,44.3211301900604,30.3365013729953,594.396367163156
248,15,554.920387638061,9,45,6.18295580447179,35.9623897840797,60.288703583721,44.8334673264796,393.526802754526
248,16,388.893909098297,9,60,6.18295580447179,25.8989168263754,73.1594273382265,59.4311628237713,197.78101520655
248,17,200.266330133585,9,75,6.18295580447179,15.1626226230832,84.2358407184339,74.038818343066,55.0704431093517
248,18,1.02482017173931e-13,9,90,6.18295580447179,4.21617764646135,85.4734338776847,84.0866744282698,1.05580947436842e-14
248,19,0,9,105,6.18295580447179,-6.57594063504304,75.1649269412461,88.3955490764628,0
248,20,0,9,120,6.18295580447179,-16.8427023710976,64.1024109556713,92.4021125523091,0
248,21,0,9,135,6.18295580447179,-26.1175672920449,51.5302971161665,95.8513043415343,0
248,22,0,9,150,6.18295580447179,-33.7571256600378,36.7193994502966,98.5118106592887,0
248,23,0,9,165,6.18295580447179,-38.9214441882912,19.3133157682029,100.193418617488,0
249,0,0,9,-180,5.79267013227797,-41.159229867722,-9.27219162194385e-15,101.159229867722,0
249,1,0,9,-165,5.79267013227797,-39.2999570296453,-19.4359261779458,100.582553955046,0
249,2,0,9,-150,5.79267013227797,-34.1075263547866,-36.9265584244125,98.8978283673826,0
249,3,0,9,-135,5.79267013227797,-26.4365254566496,-51.7811376304899,96.2331101483535,0
249,4,0,9,-120,5.79267013227797,-17.1353076647818,-64.3724696741001,92.7797247702724,0
249,5,0,9,-105,5.79267013227797,-6.85048343922608,-75.4442393720636,88.7700268189152,0
249,6,200.684203376999,9,-90,5.79267013227797,3.95054341527877,-85.7601012791988,84.4598276105485,19.3747837769051
249,7,389.705370311126,9,-75,5.79267013227797,14.8962513930092,-83.9404840379753,74.1192726541472,106.637302209491
249,8,556.078277644155,9,-60,5.79267013227797,25.6212379331143,-72.8549062753421,59.5098776378001,282.148453238657
249,9,690.133936742804,9,-45,5.79267013227797,35.6616013723175,-59.9820280056405,44.9179210742979,488.696966494232
249,10,784.081519972753,9,-30,5.79267013227797,44.3098652659358,-44.0410218790557,30.4418347457733,675.991144021313
249,11,832.461135282248,9,-15,5.79267013227797,50.4591633479939,-23.8579664136941,16.4700471715387,798.30365665847
249,12,832.461135282248,9,0,5.79267013227797,52.744570132278,0,7.25542986772204,825.795606873174
249,13,784.081519972753,9,15,5.79267013227797,50.4591633479939,23.8579664136941,16.4700471715387,751.909149849206
249,14,690.133936742804,9,30,5.79267013227797,44.3098652659358,44.0410218790557,30.4418347457733,594.994802891047
249,15,556.078277644156,9,45,5.79267013227797,35.6616013723175,59.9820280056405,44.9179210742979,393.769604637357
249,16,389.705370311126,9,60,5.79267013227797,25.6212379331143,72.8549062753421,59.5098776378001,197.732534919201
249,17,200.684203377,9,75,5.79267013227797,14.8962513930092,83.9404840379753,74.1192726541472,54.9143626814757
249,18,1.02695854881346e-13,9,90,5.79267013227797,3.95054341527877,85.7601012791988,84.4598276105485,9.91463179278084e-15
249,19,0,9,105,5.79267013227797,-6.85048343922608,75.4442393720636,88.7700268189152,0
249,20,0,9,120,5.79267013227797,-17.1353076647818,64.3724696741001,92.7797247702724,0
249,21,0,9,135,5.79267013227797,-26.4365254566496,51.7811376304899,96.2331101483535,0
249,22,0,9,150,5.79267013227797,-34.1075263547866,36.9265584244125,98.8978283673826,0
249,23,0,9,165,5.79267013227797,-39.2999570296453,19.4359261779458,100.582553955046,0
250,0,0,9,-180,5.40066796690786,-41.5512320330921,-9.33445649669301e-15,101.551232033092,0
250,1,0,9,-165,5.40066796690786,-39.6800037228993,-19.5604176379092,100.973397779673,0
250,2,0,9,-150,5.40066796690786,-34.4591151505896,-37.1363622242984,99.2855346745734,0
250,3,0,9,-135,5.40066796690786,-26.7564432744968,-52.034482057314,96.6165825799851,0
250,4,0,9,-120,5.40066796690786,-17.4288379472036,-64.6445730300395,93.1589894370898,0
250,5,0,9,-105,5.40066796690786,-7.12607117888029,-75.7251040426703,89.1461560881244,0
250,6,201.072748178211,9,-90,5.40066796690786,3.68364175519004,-86.0478447199086,84.8346442094819,18.1026592770777
250,7,390.459879102006,9,-75,5.40066796690786,14.628328858468,-83.6445633151453,74.2008094871306,106.309204253821
250,8,557.154901116306,9,-60,5.40066796690786,25.3417055377967,-72.5504690895347,59.5904490210203,282.019294289864
250,9,691.470105453391,9,-45,5.40066796690786,35.3587133243173,-59.6763235989204,45.0053005030759,488.897965724447
250,10,785.599580653092,9,-30,5.40066796690786,43.9724821334444,-43.7628873314855,30.5518398701059,676.534475915515
250,11,834.072863763524,9,-15,5.40066796690786,50.0847190887713,-23.6764639919357,16.6528474334118,799.0907292348
250,12,834.072863763524,9,0,5.40066796690786,52.3525679669079,0,7.64743203309215,826.654380166962
250,13,785.599580653092,9,15,5.40066796690786,50.0847190887713,23.6764639919357,16.6528474334118,752.650480628292
250,14,691.470105453391,9,30,5.40066796690786,43.9724821334444,43.7628873314855,30.5518398701059,595.473033495329
250,15,557.154901116306,9,45,5.40066796690786,35.3587133243173,59.6763235989204,45.0053005030759,393.931560599518
250,16,390.459879102006,9,60,5.40066796690786,25.3417055377967,72.5504690895347,59.5904490210203,197.642019000864
250,17,201.072748178211,9,75,5.40066796690786,14.628328858468,83.6445633151453,74.2008094871306,54.7454040735647
250,18,1.02894684384858e-13,9,90,5.40066796690786,3.68364175519004,86.0478447199086,84.8346442094819,9.26364924992542e-15
250,19,0,9,105,5.40066796690786,-7.12607117888029,75.7251040426703,89.1461560881244,0
250,20,0,9,120,5.40066796690786,-17.4288379472036,64.6445730300395,93.1589894370898,0
250,21,0,9,135,5.40066796690786,-26.7564432744968,52.034482057314,96.6165825799851,0
250,22,0,9,150,5.40066796690786,-34.4591151505896,37.1363622242984,99.2855346745734,0
250,23,0,9,165,5.40066796690786,-39.6800037228993,19.5604176379092,100.973397779673,0
251,0,0,9,-180,5.00706546706324,-41.9448345329368,-9.39774001462171e-15,101.944834532937,0
251,1,0,9,-165,5.00706546706324,-40.0614667220511,-19.6868033233663,101.365834117999,0
251,2,0,9,-150,5.00706546706324,-34.8117756214744,-37.3488069973845,99.6748141505064,0
251,3,0,9,-135,5.00706546706324,-27.0772114952091,-52.2902989879872,97.0016070384124,0
251,4,0,9,-120,5.00706546706324,-17.7231938000238,-64.9186687447102,93.5397929117259,0
251,5,0,9,-105,5.00706546706324,-7.40261326479346,-76.0074553078593,89.5238240800022,0
251,6,201.43184940301,9,-90,5.00706546706324,3.41555732607026,-86.3365892521423,85.2110118884778,16.8168042660232
251,7,391.157211893699,9,-75,5.00706546706324,14.3589377039483,-83.3481608848891,74.2834093878265,105.956349669755
251,8,558.149939027741,9,-60,5.00706546706324,25.0604053090694,-72.2462027792335,59.6728649066126,281.830259118132
251,9,692.705020497971,9,-45,5.00706546706324,35.0538200412815,-59.3716729182605,45.0955965339411,488.998489868621
251,10,787.00260405716,9,-30,5.00706546706324,43.6330505556547,-43.4867819017751,30.6664916347333,676.940845513096
251,11,835.562456906618,9,-15,5.00706546706324,49.7084658984307,-23.497052589002,16.8433772641614,799.717165191619
251,12,835.562456906618,9,0,5.00706546706324,51.9589654670632,0,8.04103453293677,827.347324410278
251,13,787.00260405716,9,15,5.00706546706324,49.7084658984307,23.497052589002,16.8433772641614,753.240510404303
251,14,692.705020497971,9,30,5.00706546706324,43.6330505556547,43.4867819017751,30.6664916347333,595.830712439429
251,15,558.149939027742,9,45,5.00706546706324,35.0538200412815,59.3716729182605,45.0955965339411,394.012558344996
251,16,391.157211893699,9,60,5.00706546706324,25.0604053090694,72.2462027792335,59.6728649066126,197.509541210302
251,17,201.431849403011,9,75,5.00706546706324,14.3589377039483,83.3481608848891,74.2834093878265,54.563696695361
251,18,1.03078446766994e-13,9,90,5.00706546706324,3.41555732607026,86.3365892521423,85.2110118884778,8.60564041120464e-15
251,19,0,9,105,5.00706546706324,-7.40261326479346,76.0074553078593,89.5238240800022,0
251,20,0,9,120,5.00706546706324,-17.7231938000238,64.9186687447102,93.5397929117259,0
251,21,0,9,135,5.00706546706324,-27.0772114952091,52.2902989879872,97.0016070384124,0
251,22,0,9,150,5.00706546706324,-34.8117756214744,37.3488069973845,99.6748141505064,0
251,23,0,9,165,5.00706546706324,-40.0614667220511,19.6868033233663,101.365834117999,0
252,0,0,9,-180,4.61197926565939,-42.3399207343406,-9.46205278799655e-15,102.339920734341,0
252,1,0,9,-165,4.61197926565939,-40.4442279979838,-19.8150964503684,101.759746523173,0
252,2,0,9,-150,4.61197926565939,-35.1653909578156,-37.563888268974,100.065550892544,0
252,3,0,9,-135,4.61197926565939,-27.3987206363847,-52.5485560489304,97.3880684523231,0
252,4,0,9,-120,4.61197926565939,-18.0182756000434,-65.1947037569874,93.9220210736386,0
252,5,0,9,-105,4.61197926565939,-7.68001877182276,-76.2912271572687,89.9029174985558,0
252,6,201.761400641954,9,-90,4.61197926565939,3.14637536914422,-86.6262600736376,85.58881780311,15.5181992184021
252,7,391.79716205145,9,-75,4.61197926565939,14.0881614995679,-83.0513583111881,74.3670518365888,105.579009963486
252,8,559.063096527254,9,-60,4.61197926565939,24.7774240924039,-71.9421927329291,59.7571111288381,281.581498622821
252,9,693.838315944567,9,-45,4.61197926565939,34.7470172475595,-59.068155838873,45.1887963605858,488.998474138496
252,10,788.290174438844,9,-30,4.61197926565939,43.2916787326227,-43.2127575845453,30.7857578453948,677.209959459891
252,11,836.929473312934,9,-15,4.61197926565939,49.3305200196935,-23.3197394056128,17.0414262574334,800.182506412386
252,12,836.929473312934,9,0,4.61197926565939,51.5638792656594,0,8.43612073434067,827.873931462985
252,13,788.290174438844,9,15,4.61197926565939,49.3305200196935,23.3197394056128,17.0414262574334,753.678807684766
252,14,693.838315944567,9,30,4.61197926565939,43.2916787326227,43.2127575845453,30.7857578453948,596.067581518476
252,15,559.063096527254,9,45,4.61197926565939,34.7470172475595,59.068155838873,45.1887963605858,394.012545670383
252,16,391.79716205145,9,60,4.61197926565939,24.7774240924039,71.9421927329291,59.7571111288381,197.335207299338
252,17,201.761400641955,9,75,4.61197926565939,14.0881614995679,83.0513583111881,74.3670518365888,54.3693803627563
252,18,1.03247087574995e-13,9,90,4.61197926565939,3.14637536914422,86.6262600736376,85.58881780311,7.94110701358515e-15
252,19,0,9,105,4.61197926565939,-7.68001877182276,76.2912271572687,89.9029174985558,0
252,20,0,9,120,4.61197926565939,-18.0182756000434,65.1947037569874,93.9220210736386,0
252,21,0,9,135,4.61197926565939,-27.3987206363847,52.5485560489304,97.3880684523231,0
252,22,0,9,150,4.61197926565939,-35.1653909578156,37.563888268974,100.065550892544,0
252,23,0,9,165,4.61197926565939,-40.4442279979838,19.8150964503684,101.759746523173,0
253,0,0,9,-180,4.21552643526447,-42.7363735647355,-9.52740558430182e-15,102.736373564736,0
253,1,0,9,-165,4.21552643526447,-40.8281690760478,-19.9453102425096,102.155018109608,0
253,2,0,9,-150,4.21552643526447,-35.5198440128798,-37.7816008784417,100.457628560981,0
253,3,0,9,-135,4.21552643526447,-27.7208610352277,-52.8092198459342,97.7758513128796,0
253,4,0,9,-120,4.21552643526447,-18.3139835684,-65.4726241900633,94.3055593590134,0
253,5,0,9,-105,4.21552643526447,-7.95819648286949,-76.5763531993677,90.2833225924179,0
253,6,202.061304241898,9,-90,4.21552643526447,2.87618166677057,-86.9167825214531,85.9679486377904,14.2078399663271
253,7,392.379539944214,9,-75,4.21552643526447,13.8160846606251,-82.7542363904121,74.4517152549306,105.17747664033
253,8,559.894103026568,9,-60,4.21552643526447,24.492849863698,-71.6385227421446,59.8431714230866,281.273209473481
253,9,694.869655973277,9,-45,4.21552643526447,34.4384019331944,-58.7658496074724,45.2848834561243,488.897928915823
253,10,789.46191026325,9,-30,4.21552643526447,42.9484759330046,-42.9408631411166,30.909599335221,677.341625815622
253,11,838.173507906008,9,-15,4.21552643526447,48.9509983200368,-23.1445296464868,17.2467733506703,800.486413137896
253,12,838.173507906009,9,0,4.21552643526447,51.1674264352645,0,8.83257356473554,828.233815187077
253,13,789.46191026325,9,15,4.21552643526447,48.9509983200368,23.1445296464868,17.2467733506703,753.965052456045
253,14,694.869655973277,9,30,4.21552643526447,42.9484759330046,42.9408631411166,30.909599335221,596.183471790218
253,15,559.894103026569,9,45,4.21552643526447,34.4384019331944,58.7658496074724,45.2848834561243,393.931530940817
253,16,392.379539944214,9,60,4.21552643526447,24.492849863698,71.6385227421446,59.8431714230866,197.119155096013
253,17,202.061304241898,9,75,4.21552643526447,13.8160846606251,82.7542363904121,74.4517152549306,54.1626051904705
253,18,1.0340055683695e-13,9,90,4.21552643526447,2.87618166677057,86.9167825214531,85.9679486377904,7.27055865288166e-15
253,19,0,9,105,4.21552643526447,-7.95819648286949,76.5763531993677,90.2833225924179,0
253,20,0,9,120,4.21552643526447,-18.3139835684,65.4726241900633,94.3055593590134,0
253,21,0,9,135,4.21552643526447,-27.7208610352277,52.8092198459342,97.7758513128796,0
253,22,0,9,150,4.21552643526447,-35.5198440128798,37.7816008784417,100.457628560981,0
253,23,0,9,165,4.21552643526447,-40.8281690760478,19.9453102425096,102.155018109608,0
254,0,0,9,-180,3.81782445340819,-43.1340755465918,-9.59380931333885e-15,103.134075546592,0
254,1,0,9,-165,3.81782445340819,-41.213171074018,-20.0774578951138,102.551531587862,0
254,2,0,9,-150,3.81782445340819,-35.8750173501498,-38.0019389123497,100.850930414413,0
254,3,0,9,-135,3.81782445340819,-28.0435229009388,-53.0722559068102,98.1648397096722,0
254,4,0,9,-120,3.81782445340819,-18.6102178203301,-65.7523753173548,94.6902927972005,0
254,5,0,9,-105,3.81782445340819,-8.23705493337126,-76.8627666447598,90.6649251915907,0
254,6,202.331471334933,9,-90,3.81782445340819,2.6050625015764,-87.2080820648203,86.3482906426597,12.8867365339919
254,7,392.904173000854,9,-75,3.81782445340819,13.5427924062826,-82.456875156407,74.5373770137012,104.7520609621
254,8,560.642712280525,9,-60,3.81782445340819,24.2067716818915,-71.335275017056,59.9310274292972,280.905634151233
254,9,695.798734975795,9,-45,3.81782445340819,34.1280722957947,-58.4648288963083,45.3838375872542,488.696940216776
254,10,790.517464319767,9,-30,3.81782445340819,42.6035524307548,-42.6711442260774,31.0379700940376,677.335754941645
254,11,839.294192051543,9,-15,3.81782445340819,48.5700182437526,-22.97142665554,17.4591882437396,800.628665149143
254,12,839.294192051543,9,0,3.81782445340819,50.7697244534082,0,9.23027554659184,828.426712711505
254,13,790.517464319767,9,15,3.81782445340819,48.5700182437526,22.97142665554,17.4591882437396,754.099037297463
254,14,695.798734975795,9,30,3.81782445340819,42.6035524307548,42.6711442260774,31.0379700940376,596.17830435639
254,15,560.642712280526,9,45,3.81782445340819,34.1280722957947,58.4648288963083,45.3838375872542,393.769583464187
254,16,392.904173000854,9,60,3.81782445340819,24.2067716818915,71.335275017056,59.9310274292972,196.861554533587
254,17,202.331471334933,9,75,3.81782445340819,13.5427924062826,82.456875156407,74.5373770137012,53.9435314671045
254,18,1.03538809076604e-13,9,90,3.81782445340819,2.6050625015764,87.2080820648203,86.3482906426597,6.59451218740339e-15
254,19,0,9,105,3.81782445340819,-8.23705493337126,76.8627666447598,90.6649251915907,0
254,20,0,9,120,3.81782445340819,-18.6102178203301,65.7523753173548,94.6902927972005,0
254,21,0,9,135,3.81782445340819,-28.0435229009388,53.0722559068102,98.1648397096722,0
254,22,0,9,150,3.81782445340819,-35.8750173501498,38.0019389123497,100.850930414413,0
254,23,0,9,165,3.81782445340819,-41.213171074018,20.0774578951138,102.551531587862,0
255,0,0,9,-180,3.41899116777105,-43.5329088322289,-9.66127501300378e-15,103.532908832229,0
255,1,0,9,-165,3.41899116777105,-41.5991147404304,-20.211552536724,102.949169299653,0
255,2,0,9,-150,3.41899116777105,-36.2307932914346,-38.2248956344388,101.245339345262,0
255,3,0,9,-135,3.41899116777105,-28.3665963678488,-53.3376286224623,98.5549173668416,0
255,4,0,9,-120,3.41899116777105,-18.9068784154605,-66.0339015277452,95.0761060473387,0
255,5,0,9,-105,3.41899116777105,-8.51650245626774,-77.1504002888821,91.0476107443893,0
255,6,202.571821864719,9,-90,3.41899116777105,2.33310461499162,-87.5000842970125,86.7297296706782,11.5559119463101
255,7,393.370905761273,9,-75,3.41899116777105,13.2683707174453,-82.1593538872242,74.6240134428051,104.303093670375
255,8,561.308702460046,9,-60,3.41899116777105,23.9192796406797,-71.0325302046006,60.0206586987259,280.479060912003
255,9,696.62527764596,9,-45,3.41899116777105,33.8161276818359,-58.1651658599387,45.4856348356041,488.395670027979
255,10,791.456523824946,9,-30,3.41899116777105,42.2570194421045,-42.4036435135213,31.1708174154576,677.192360215423
255,11,840.291193666638,9,-15,3.41899116777105,48.1876977644373,-22.8004320459141,17.6784327607744,800.609162747932
255,12,840.291193666638,9,0,3.41899116777105,50.370891167771,0,9.62910883222897,828.452485488539
255,13,791.456523824947,9,15,3.41899116777105,48.1876977644373,22.8004320459141,17.6784327607744,754.080668304922
255,14,696.62527764596,9,30,3.41899116777105,42.2570194421045,42.4036435135213,31.1708174154576,596.052090991587
255,15,561.308702460046,9,45,3.41899116777105,33.8161276818359,58.1651658599387,45.4856348356041,393.526833761887
255,16,393.370905761273,9,60,3.41899116777105,23.9192796406797,71.0325302046006,60.0206586987259,196.562607624776
255,17,202.571821864719,9,75,3.41899116777105,13.2683707174453,82.1593538872242,74.6240134428051,53.7123295126377
255,18,1.03661803326834e-13,9,90,3.41899116777105,2.33310461499162,87.5000842970125,86.7297296706782,5.91349112830015e-15
255,19,0,9,105,3.41899116777105,-8.51650245626774,77.1504002888821,91.0476107443893,0
255,20,0,9,120,3.41899116777105,-18.9068784154605,66.0339015277452,95.0761060473387,0
255,21,0,9,135,3.41899116777105,-28.3665963678488,53.3376286224623,98.5549173668416,0
255,22,0,9,150,3.41899116777105,-36.2307932914346,38.2248956344388,101.245339345262,0
255,23,0,9,165,3.41899116777105,-41.5991147404304,20.211552536724,102.949169299653,0
256,0,0,9,-180,3.01914476126302,-43.932755238737,-9.72981383366288e-15,103.932755238737,0
256,1,0,9,-165,3.01914476126302,-41.9858804932991,-20.3476071877689,103.347813252986,0
256,2,0,9,-150,3.01914476126302,-36.5870539657662,-38.4504634124655,101.640737915428,0
256,3,0,9,-135,3.01914476126302,-28.6899715492718,-53.605301186458,98.9459676793601,0
256,4,0,9,-120,3.01914476126302,-19.2038654085902,-66.3171462902529,95.4628834351539,0
256,5,0,9,-105,3.01914476126302,-8.79644722739584,-77.439186494181,91.4312643545667,0
256,6,202.782284610206,9,-90,3.01914476126302,2.06039516523195,-87.7927149263084,87.1121512149005,10.2164010136291
256,7,393.77959992248,9,-75,3.01914476126302,12.9929062938936,-81.8617511133925,74.7115998424402,103.830924675926
256,8,561.891876217867,9,-60,3.01914476126302,23.6304648194085,-70.7303674089097,60.1120427040243,279.99382367102
256,9,697.34903906134,9,-45,3.01914476126302,33.5026685274927,-57.8669301944395,45.5902476261256,487.994356512353
256,10,792.27881051519,9,-30,3.01914476126302,41.9089890628859,-42.1384008225878,31.3080820605566,676.911558568827
256,11,841.164217318199,9,-15,3.01914476126302,47.8041553379154,-22.631545824831,17.9042621446173,800.427927531576
256,12,841.164217318199,9,0,3.01914476126302,49.971044761263,0,10.028955238737,828.311120137761
256,13,792.27881051519,9,15,3.01914476126302,47.8041553379154,22.631545824831,17.9042621446173,753.909965820577
256,14,697.34903906134,9,30,3.01914476126302,41.9089890628859,42.1384008225878,31.3080820605566,595.804934617061
256,15,561.891876217867,9,45,3.01914476126302,33.5026685274927,57.8669301944395,45.5902476261256,393.203473734675
256,16,393.77959992248,9,60,3.01914476126302,23.6304648194085,70.7303674089097,60.1120427040243,196.222548380801
256,17,202.782284610206,9,75,3.01914476126302,12.9929062938936,81.8617511133925,74.7115998424402,53.4691795184904
256,18,1.03769503141791e-13,9,90,3.01914476126302,2.06039516523195,87.7927149263084,87.1121512149005,5.22802501766581e-15
256,19,0,9,105,3.01914476126302,-8.79644722739584,77.439186494181,91.4312643545667,0
256,20,0,9,120,3.01914476126302,-19.2038654085902,66.3171462902529,95.4628834351539,0
256,21,0,9,135,3.01914476126302,-28.6899715492718,53.605301186458,98.9459676793601,0
256,22,0,9,150,3.01914476126302,-36.5870539657662,38.4504634124655,101.640737915428,0
256,23,0,9,165,3.01914476126302,-41.9858804932991,20.3476071877689,103.347813252986,0
257,0,0,9,-180,2.61840371700375,-44.3334962829963,-9.79943702104053e-15,104.333496282996,0
257,1,0,9,-165,2.61840371700375,-42.3733484592164,-20.4856347162793,103.747345157391,0
257,2,0,9,-150,2.61840371700375,-36.9436813590875,-38.6786336418548,102.037008392073,0
257,3,0,9,-135,2.61840371700375,-29.013538592054,-53.8752355331837,99.3378737494548,0
257,4,0,9,-120,2.61840371700375,-19.5010789009204,-66.6020521182243,95.8505089899164,0
257,5,0,9,-105,2.61840371700375,-9.07679731126746,-77.729057171849,91.8157708186059,0
257,6,202.96279720674,9,-90,2.61840371700375,1.787021684782,-88.0858997661327,87.4954404459154,8.86924909466025
257,7,394.130134379576,9,-75,2.61840371700375,12.7164865107352,-81.5641446276344,74.8001104958296,103.3359227146
257,8,562.392060747018,9,-60,2.61840371700375,23.340419233233,-70.4288642139064,60.2051548525873,279.45030180814
257,9,697.969804755809,9,-45,2.61840371700375,33.187796299098,-57.5701891987644,45.6976447623585,487.493314083346
257,10,792.984080729206,9,-30,2.61840371700375,41.5595742062678,-41.8754532419731,31.4496984368514,676.493570847808
257,11,841.913004310475,9,-15,2.61840371700375,47.4195098556021,-22.4647665132967,18.1364262757955,800.085102958524
257,12,841.913004310475,9,0,2.61840371700375,49.5703037170037,0,10.4296962829963,828.002729074371
257,13,792.984080729206,9,15,2.61840371700375,47.4195098556021,22.4647665132967,18.1364262757955,753.587064965595
257,14,697.969804755809,9,30,2.61840371700375,41.5595742062678,41.8754532419731,31.4496984368514,595.437029617302
257,15,562.392060747018,9,45,2.61840371700375,33.187796299098,57.5701891987644,45.6976447623585,392.799756722491
257,16,394.130134379576,9,60,2.61840371700375,23.340419233233,70.4288642139064,60.2051548525873,195.841642674966
257,17,202.962797206741,9,75,2.61840371700375,12.7164865107352,81.5641446276344,74.8001104958296,53.2142713703186
257,18,1.03861876607695e-13,9,90,2.61840371700375,1.787021684782,88.0858997661327,87.4954404459154,4.53864879549422e-15
257,19,0,9,105,2.61840371700375,-9.07679731126746,77.729057171849,91.8157708186059,0
257,20,0,9,120,2.61840371700375,-19.5010789009204,66.6020521182243,95.8505089899164,0
257,21,0,9,135,2.61840371700375,-29.013538592054,53.8752355331837,99.3378737494548,0
257,22,0,9,150,2.61840371700375,-36.9436813590875,38.6786336418548,102.037008392073,0
257,23,0,9,165,2.61840371700375,-42.3733484592164,20.4856347162793,103.747345157391,0
258,0,0,9,-180,2.2168867832133,-44.7350132167867,-9.87015589753089e-15,104.735013216787,0
258,1,0,9,-165,2.2168867832133,-42.7613985128391,-20.6256477905245,104.147646459251,0
258,2,0,9,-150,2.2168867832133,-37.300557364733,-38.9093966661532,102.434032783516,0
258,3,0,9,-135,2.2168867832133,-29.3371877317918,-54.1473922746781,99.7305184231643,0
258,4,0,9,-120,2.2168867832133,-19.7984190916902,-66.8885605331537,96.2388664815414,0
258,5,0,9,-105,2.2168867832133,-9.35746070718296,-78.0199437632085,92.2010146631613,0
258,6,203.113306164545,9,-90,2.2168867832133,1.5130720374285,-88.3795647244535,87.8794822494348,7.51551083983218
258,7,394.422405261635,9,-75,2.2168867832133,12.4391993742347,-81.2666114959249,74.889518683419,102.818474970087
258,8,562.809107832028,9,-60,2.2168867832133,23.0492357826203,-70.128096707902,60.2999685031178,278.848919893813
258,9,698.487390783094,9,-45,2.2168867832133,32.8716134333203,-57.2750078379678,45.8077914683804,486.89293334645
258,10,793.572125480208,9,-30,2.2168867832133,41.2088885409532,-41.6148352531053,31.5955947912457,675.938721991456
258,11,842.537332761722,9,-15,2.2168867832133,47.0338805983078,-22.3000912606955,18.3746708103202,799.580954702323
258,12,842.537332761722,9,0,2.2168867832133,49.1687867832133,0,10.8312132167867,827.527550919037
258,13,793.572125480208,9,15,2.2168867832133,47.0338805983078,22.3000912606955,18.3746708103202,753.112215973539
258,14,698.487390783094,9,30,2.2168867832133,41.2088885409532,41.6148352531053,31.5955947912457,594.948661997637
258,15,562.809107832028,9,45,2.2168867832133,32.8716134333203,57.2750078379678,45.8077914683804,392.315997457326
258,16,394.422405261635,9,60,2.2168867832133,23.0492357826203,70.128096707902,60.2999685031178,195.420188050602
258,17,203.113306164545,9,75,2.2168867832133,12.4391993742347,81.2666114959249,74.889518683419,52.9478044537506
258,18,1.03938896352293e-13,9,90,2.2168867832133,1.5130720374285,88.3795647244535,87.8794822494348,3.84590215661709e-15
258,19,0,9,105,2.2168867832133,-9.35746070718296,78.0199437632085,92.2010146631613,0
258,20,0,9,120,2.2168867832133,-19.7984190916902,66.8885605331537,96.2388664815414,0
258,21,0,9,135,2.2168867832133,-29.3371877317918,54.1473922746781,99.7305184231643,0
258,22,0,9,150,2.2168867832133,-37.300557364733,38.9093966661532,102.434032783516,0
258,23,0,9,165,2.2168867832133,-42.7613985128391,20.6256477905245,104.147646459251,0
259,0,0,9,-180,1.8147129380247,-45.1371870619753,-9.94198184184016e-15,105.137187061975,0
259,1,0,9,-165,1.8147129380247,-43.149910316765,-20.7676588284343,104.548598377222,0
259,2,0,9,-150,1.8147129380247,-37.6575638347007,-39.1427416942676,102.831692875225,0
259,3,0,9,-135,1.8147129380247,-29.66080934869,-54.4217306362481,100.123784327012,0
259,4,0,9,-120,1.8147129380247,-20.0957863301728,-67.176612028238,96.62783945782,0
259,5,0,9,-105,1.8147129380247,-9.63834539563164,-78.3117772208306,92.5868801826331,0
259,6,203.233766884567,9,-90,1.8147129380247,1.2386343748959,-88.6736357925203,88.2641612640118,6.15624891732713
259,7,394.656325962488,9,-75,1.8147129380247,12.161133477085,-80.9692280697891,74.9797966985052,102.278986664073
259,8,563.142893892846,9,-60,1.8147129380247,22.7570082022742,-69.8281395100314,60.3964549853492,278.190147335687
259,9,698.901643771284,9,-45,1.8147129380247,32.5542232771473,-56.9814488080203,45.9206494372248,486.193680907251
259,10,794.042770517846,9,-30,1.8147129380247,40.8570464298929,-41.3565788517049,31.745693415566,675.247441028943
259,11,843.037017669946,9,-15,1.8147129380247,46.6473871904838,-22.1375159543325,18.6187382327556,798.915870791877
259,12,843.037017669946,9,0,1.8147129380247,48.7666129380247,0,11.2333870619753,826.885950687103
259,13,794.042770517846,9,15,1.8147129380247,46.6473871904838,22.1375159543325,18.6187382327556,752.485784322487
259,14,698.901643771284,9,30,1.8147129380247,40.8570464298929,41.3565788517049,31.745693415566,594.340209381549
259,15,563.142893892846,9,45,1.8147129380247,32.5542232771473,56.9814488080203,45.9206494372248,391.752571908565
259,16,394.656325962488,9,60,1.8147129380247,22.7570082022742,69.8281395100314,60.3964549853492,194.958513473414
259,17,203.233766884567,9,75,1.8147129380247,12.161133477085,80.9692280697891,74.9797966985052,52.6699874433323
259,18,1.04000539552974e-13,9,90,1.8147129380247,1.2386343748959,88.6736357925203,88.2641612640118,3.15032889878032e-15
259,19,0,9,105,1.8147129380247,-9.63834539563164,78.3117772208306,92.5868801826331,0
259,20,0,9,120,1.8147129380247,-20.0957863301728,67.176612028238,96.62783945782,0
259,21,0,9,135,1.8147129380247,-29.66080934869,54.4217306362481,100.123784327012,0
259,22,0,9,150,1.8147129380247,-37.6575638347007,39.1427416942676,102.831692875225,0
259,23,0,9,165,1.8147129380247,-43.149910316765,20.7676588284343,104.548598377222,0
260,0,0,9,-180,1.41200135422785,-45.5398986457721,-1.00149262668621e-14,105.539898645772,0
260,1,0,9,-165,1.41200135422785,-43.538763361802,-20.9116799436738,104.950081937726,0
260,2,0,9,-150,1.41200135422785,-38.0145826317175,-39.3786567144941,103.229870265905,0
260,3,0,9,-135,1.41200135422785,-29.9842940240287,-54.6982083909794,100.517553904788,0
260,4,0,9,-120,1.41200135422785,-20.3930811679841,-67.4661460317781,97.0173112817647,0
260,5,0,9,-105,1.41200135422785,-9.91935938492972,-78.6044879894821,92.97325147686,0
260,6,203.324143671695,9,-90,1.41200135422785,0.963797093135821,-88.968039033031,88.6493619188747,4.79253272410962
260,7,394.831827166382,9,-75,1.41200135422785,11.8823779531802,-80.6720699997392,75.0709158642653,101.717880614361
260,8,563.393320021456,9,-60,1.41200135422785,22.4638310095596,-69.5290657983658,60.4945836228601,277.474497946088
260,9,699.212440968279,9,-45,1.41200135422785,32.2357300277584,-56.6895726019529,46.0361768855352,485.396099045649
260,10,794.395876379837,9,-30,1.41200135422785,40.5041628695566,-41.1007136674816,31.899910863287,674.420260893343
260,11,843.411910967722,9,-15,1.41200135422785,46.26014955491,-21.9770353240016,18.8683688229166,798.090361536552
260,12,843.411910967722,9,0,1.41200135422785,48.3639013542278,0,11.6360986457722,826.078419755567
260,13,794.395876379837,9,15,1.41200135422785,46.26014955491,21.9770353240016,18.8683688229166,751.708250664477
260,14,699.212440968279,9,30,1.41200135422785,40.5041628695566,41.1007136674816,31.899910863287,593.612140846792
260,15,563.393320021457,9,45,1.41200135422785,32.2357300277584,56.6895726019529,46.0361768855352,391.109917020482
260,16,394.831827166382,9,60,1.41200135422785,22.4638310095596,69.5290657983658,60.4945836228601,194.456979028356
260,17,203.324143671695,9,75,1.41200135422785,11.8823779531802,80.6720699997392,75.0709158642653,52.3810380749763
260,18,1.04046787943527e-13,9,90,1.41200135422785,0.963797093135821,88.968039033031,88.6493619188747,2.4524762630404e-15
260,19,0,9,105,1.41200135422785,-9.91935938492972,78.6044879894821,92.97325147686,0
260,20,0,9,120,1.41200135422785,-20.3930811679841,67.4661460317781,97.0173112817647,0
260,21,0,9,135,1.41200135422785,-29.9842940240287,54.6982083909794,100.517553904788,0
260,22,0,9,150,1.41200135422785,-38.0145826317175,39.3786567144941,103.229870265905,0
260,23,0,9,165,1.41200135422785,-43.538763361802,20.9116799436738,104.950081937726,0
261,0,0,9,-180,1.00887136395626,-45.9430286360437,-1.00890005956848e-14,105.943028636044,0
261,1,0,9,-165,1.00887136395626,-43.9278370076346,-21.0577228882316,105.351978010503,0
261,2,0,9,-150,1.00887136395626,-38.3714956820935,-39.6171284053412,103.628446403664,0
261,3,0,9,-135,1.00887136395626,-30.307532597204,-54.9767817932651,100.911709454415,0
261,4,0,9,-120,1.00887136395626,-20.6902044116551,-67.7571008705429,97.407165169054,0
261,5,0,9,-105,1.00887136395626,-10.2004107580445,-78.8980059869915,93.3600124889112,0
261,6,203.384409745336,9,-90,1.00887136395626,0.688648788323461,-89.2627005678079,89.0349684718542,3.42543708431591
261,7,394.948856868523,9,-75,1.00887136395626,11.6030224319516,-80.3752122497425,75.1628465521454,101.135596761666
261,8,563.560312011194,9,-60,1.00887136395626,22.1697994525022,-69.2309473395424,60.5943217589065,276.702529430794
261,9,699.419690278162,9,-45,1.00887136395626,31.9162386723658,-56.3994375770761,46.1543286142029,484.500805256192
261,10,794.631338433294,9,-30,1.00887136395626,40.1503534298031,-40.8472670817417,32.0581581760319,673.457818051786
261,11,843.661901566077,9,-15,1.00887136395626,45.872287867823,-21.8186430416656,19.1233015362039,797.105059235217
261,12,843.661901566077,9,0,1.00887136395626,47.9607713639563,0,12.0392286360438,825.105575606816
261,13,794.631338433295,9,15,1.00887136395626,45.872287867823,21.8186430416656,19.1233015362039,750.780210551468
261,14,699.419690278162,9,30,1.00887136395626,40.1503534298031,40.8472670817417,32.0581581760319,592.765016599868
261,15,563.560312011195,9,45,1.00887136395626,31.9162386723658,56.3994375770761,46.1543286142029,390.388530341866
261,16,394.948856868523,9,60,1.00887136395626,22.1697994525022,69.2309473395424,60.5943217589065,193.91597556137
261,17,203.384409745336,9,75,1.00887136395626,11.6030224319516,80.3752122497425,75.1628465521454,52.0811829022744
261,18,1.04077627819555e-13,9,90,1.00887136395626,0.688648788323461,89.2627005678079,89.0349684718542,1.75289426769304e-15
261,19,0,9,105,1.00887136395626,-10.2004107580445,78.8980059869915,93.3600124889112,0
261,20,0,9,120,1.00887136395626,-20.6902044116551,67.7571008705429,97.407165169054,0
261,21,0,9,135,1.00887136395626,-30.307532597204,54.9767817932651,100.911709454415,0
261,22,0,9,150,1.00887136395626,-38.3714956820935,39.6171284053412,103.628446403664,0
261,23,0,9,165,1.00887136395626,-43.9278370076346,21.0577228882316,105.351978010503,0
262,0,0,9,-180,0.605442423326256,-46.3464575766737,-1.01642162356235e-14,106.346457576674,0
262,1,0,9,-165,0.605442423326256,-44.3170105238919,-21.2057989913853,105.754167344223,0
262,2,0,9,-150,0.605442423326256,-38.7281850293616,-39.858142043172,104.027302622238,0
262,3,0,9,-135,0.605442423326256,-30.6304162233049,-55.2574055114842,101.306133164906,0
262,4,0,9,-120,0.605442423326256,-20.9870571754155,-68.0494137332194,97.7972842255619,0
262,5,0,9,-105,0.605442423326256,-10.4814077195529,-79.1922605851303,93.7470470429631,0
262,6,203.414547247353,9,-90,0.605442423326256,0.413278212613361,-89.5575465650761,89.4208650473907,2.05604093739037
262,7,395.007380390485,9,-75,0.605442423326256,11.323156992327,-80.07872911262,75.2555582015718,100.532591665807
262,8,563.643820378729,9,-60,0.605442423326256,21.8750094574355,-68.9338545197554,60.6956347851928,275.874842799773
262,9,699.523330288489,9,-45,0.605442423326256,31.5958549280979,-56.111100023032,46.275056074719,483.508491654886
262,10,794.74908690573,9,-30,0.605442423326256,39.7957341943833,-40.596264342706,32.2203411184388,672.36085195193
262,11,843.786915387401,9,-15,0.605442423326256,45.4839225144817,-21.6623318163487,19.3832747989786,795.960717668932
262,12,843.786915387401,9,0,0.605442423326256,47.5573424233263,0,12.4426575766737,823.968161348722
262,13,794.74908690573,9,15,0.605442423326256,45.4839225144817,21.6623318163487,19.3832747989786,749.702373957503
262,14,699.523330288489,9,30,0.605442423326256,39.7957341943833,40.596264342706,32.2203411184388,591.799487488822
262,15,563.64382037873,9,45,0.605442423326256,31.5958549280979,56.111100023032,46.275056074719,389.588969548057
262,16,395.007380390485,9,60,0.605442423326256,21.8750094574355,68.9338545197554,60.6956347851928,193.335924266416
262,17,203.414547247353,9,75,0.605442423326256,11.323156992327,80.07872911262,75.2555582015718,51.7706570370597
262,18,1.04093050042538e-13,9,90,0.605442423326256,0.413278212613361,89.5575465650761,89.4208650473907,1.05213503695502e-15
262,19,0,9,105,0.605442423326256,-10.4814077195529,79.1922605851303,93.7470470429631,0
262,20,0,9,120,0.605442423326256,-20.9870571754155,68.0494137332194,97.7972842255619,0
262,21,0,9,135,0.605442423326256,-30.6304162233049,55.2574055114842,101.306133164906,0
262,22,0,9,150,0.605442423326256,-38.7281850293616,39.858142043172,104.027302622238,0
262,23,0,9,165,0.605442423326256,-44.3170105238919,21.2057989913853,105.754167344223,0
263,0,0,9,-180,0.201834077039745,-46.7500659229603,-1.02405845501684e-14,106.75006592296,0
263,1,0,9,-165,0.201834077039745,-44.7061631316204,-21.355919094904,106.156530602136,0
263,2,0,9,-150,0.201834077039745,-39.0845328886966,-40.1016814066963,104.426320177285,0
263,3,0,9,-135,0.201834077039745,-30.9528364311867,-55.5400325599737,101.700707153372,0
263,4,0,9,-120,0.201834077039745,-21.2835409341352,-68.3430206340733,98.1875514849562,0
263,5,0,9,-105,0.201834077039745,-10.7622586426815,-79.4871805906067,94.134238882243,0
263,6,203.414547247353,9,-90,0.201834077039745,0.137774229707981,-89.8525032264267,89.8069356746014,0.685426018404413
263,7,395.007380390485,9,-75,0.201834077039745,11.0428721163733,-79.7826942262691,75.3490193409406,99.9093379721934
263,8,563.64382037873,9,-60,0.201834077039745,21.5795575763674,-68.6378563769505,60.7984861734928,274.992081700728
263,9,699.523330288489,9,-45,0.201834077039745,31.2746851819954,-55.8246142304483,46.3983074409578,482.419924253153
263,10,794.74908690573,9,-30,0.201834077039745,39.4404217021065,-40.3477286783622,32.3863604200009,671.130204285204
263,11,843.786915387401,9,-15,0.201834077039745,45.0951740451682,-21.5080934843513,19.6480272215133,794.658211377542
263,12,843.786915387401,9,0,0.201834077039745,47.1537340770398,0,12.8462659229603,822.667045011297
263,13,794.74908690573,9,15,0.201834077039745,45.0951740451682,21.5080934843513,19.6480272215133,748.475564597351
263,14,699.523330288489,9,30,0.201834077039745,39.4404217021065,40.3477286783622,32.3863604200009,590.716294354757
263,15,563.64382037873,9,45,0.201834077039745,31.2746851819954,55.8246142304483,46.3983074409578,388.711851855928
263,16,395.007380390485,9,60,0.201834077039745,21.5795575763674,68.6378563769505,60.7984861734928,192.717276218416
263,17,203.414547247353,9,75,0.201834077039745,11.0428721163733,79.7826942262691,75.3490193409406,51.4497038746623
263,18,1.04093050042538e-13,9,90,0.201834077039745,0.137774229707981,89.8525032264267,89.8069356746014,3.50752125645509e-16
263,19,0,9,105,0.201834077039745,-10.7622586426815,79.4871805906067,94.134238882243,0
263,20,0,9,120,0.201834077039745,-21.2835409341352,68.3430206340733,98.1875514849562,0
263,21,0,9,135,0.201834077039745,-30.9528364311867,55.5400325599737,101.700707153372,0
263,22,0,9,150,0.201834077039745,-39.0845328886966,40.1016814066963,104.426320177285,0
263,23,0,9,165,0.201834077039745,-44.7061631316204,21.355919094904,106.156530602136,0
264,0,0,9,-180,-0.201834077039728,-47.1537340770397,-1.03181168287337e-14,107.15373407704,0
264,1,0,9,-165,-0.201834077039728,-45.0951740451682,-21.5080934843513,106.558948397756,0
264,2,0,9,-150,-0.201834077039728,-39.4404217021065,-40.3477286783622,104.825380282701,0
264,3,0,9,-135,-0.201834077039728,-31.2746851819953,-55.8246142304483,102.095313502093,0
264,4,0,9,-120,-0.201834077039728,-21.5795575763674,-68.6378563769505,98.5778499463513,0
264,5,0,9,-105,-0.201834077039728,-11.0428721163733,-79.7826942262691,94.5214717070228,0
264,6,203.384409745336,9,-90,-0.201834077039728,-0.137774229707964,-89.8525032264267,90.0455677806149,0
264,7,394.948856868523,9,-75,-0.201834077039728,10.7622586426815,-79.4871805906067,75.4431976098425,99.2663238494921
264,8,563.560312011195,9,-60,-0.201834077039728,21.2835409341352,-68.3430206340733,60.9028375100304,274.054931676523
264,9,699.419690278162,9,-45,-0.201834077039728,30.9528364311867,-55.5400325599737,46.5240276860953,481.235942099997
264,10,794.631338433295,9,-30,-0.201834077039728,39.0845328886966,-40.1016814066963,32.5561120225162,669.766818067778
264,11,843.661901566077,9,-15,-0.201834077039728,44.7061631316205,-21.355919094904,19.9172982319572,793.198534721033
264,12,843.661901566077,9,0,-0.201834077039728,46.7500659229603,0,13.2499340770397,821.203218620703
264,13,794.631338433295,9,15,-0.201834077039728,44.7061631316205,21.355919094904,19.9172982319572,747.10071904241
264,14,699.419690278162,9,30,-0.201834077039728,39.0845328886966,40.1016814066963,32.5561120225162,589.516267222928
264,15,563.560312011195,9,45,-0.201834077039728,30.9528364311867,55.5400325599737,46.5240276860953,387.757853332691
264,16,394.948856868523,9,60,-0.201834077039728,21.2835409341352,68.3430206340733,60.9028375100304,192.060511852853
264,17,203.384409745336,9,75,-0.201834077039728,10.7622586426815,79.4871805906067,75.4431976098425,51.1185748043304
264,18,1.04077627819555e-13,9,90,-0.201834077039728,-0.137774229707964,89.8525032264267,90.0455677806149,0
264,19,0,9,105,-0.201834077039728,-11.0428721163733,79.7826942262691,94.5214717070228,0
264,20,0,9,120,-0.201834077039728,-21.5795575763674,68.6378563769505,98.5778499463513,0
264,21,0,9,135,-0.201834077039728,-31.2746851819953,55.8246142304483,102.095313502093,0
264,22,0,9,150,-0.201834077039728,-39.4404217021065,40.3477286783622,104.825380282701,0
264,23,0,9,165,-0.201834077039728,-45.0951740451682,21.5080934843513,106.558948397756,0
265,0,0,9,-180,-0.605442423326238,-47.5573424233262,-1.03968242540895e-14,107.557342423326,0
265,1,0,9,-165,-0.605442423326238,-45.4839225144816,-21.6623318163487,106.96130133056,0
265,2,0,9,-150,-0.605442423326238,-39.7957341943833,-40.596264342706,105.224364146989,0
265,3,0,9,-135,-0.605442423326238,-31.5958549280979,-56.1111000230319,102.489834295622,0
265,4,0,9,-120,-0.605442423326238,-21.8750094574354,-68.9338545197554,98.9680626119985,0
265,5,0,9,-105,-0.605442423326238,-11.323156992327,-80.07872911262,94.9086292126474,0
265,6,203.324143671695,9,-90,-0.605442423326238,-0.413278212613344,-89.5575465650761,90.1366876932745,0
265,7,394.831827166382,9,-75,-0.605442423326238,10.4814077195529,-79.1922605851303,75.5380597824753,98.6040523995132
265,8,563.393320021456,9,-60,-0.605442423326238,20.9870571754155,-68.0494137332194,61.0086485325204,273.064119347772
265,9,699.212440968279,9,-45,-0.605442423326238,30.630416223305,-55.2574055114842,46.652158664355,479.957456293793
265,10,794.395876379837,9,-30,-0.605442423326238,38.7281850293616,-39.858142043172,32.7294873318222,668.271736540716
265,11,843.411910967722,9,-15,-0.605442423326238,44.3170105238919,-21.2057989913852,20.1908286354241,791.582800727102
265,12,843.411910967722,9,0,-0.605442423326238,46.3464575766738,0,13.6535424233263,819.57779705203
265,13,794.395876379837,9,15,-0.605442423326238,44.3170105238919,21.2057989913852,20.1908286354241,745.578885635252
265,14,699.212440968279,9,30,-0.605442423326238,38.7281850293616,39.858142043172,32.7294873318222,588.20032433467
265,15,563.393320021457,9,45,-0.605442423326238,30.630416223305,55.2574055114842,46.652158664355,386.727708099634
265,16,394.831827166382,9,60,-0.605442423326238,20.9870571754155,68.0494137332194,61.0086485325204,191.366140392921
265,17,203.324143671695,9,75,-0.605442423326238,10.4814077195529,79.1922605851303,75.5380597824753,50.777528905342
265,18,1.04046787943527e-13,9,90,-0.605442423326238,-0.413278212613344,89.5575465650761,90.1366876932745,0
265,19,0,9,105,-0.605442423326238,-11.323156992327,80.07872911262,94.9086292126474,0
265,20,0,9,120,-0.605442423326238,-21.8750094574354,68.9338545197554,98.9680626119985,0
265,21,0,9,135,-0.605442423326238,-31.5958549280979,56.1111000230319,102.489834295622,0
265,22,0,9,150,-0.605442423326238,-39.7957341943833,40.596264342706,105.224364146989,0
265,23,0,9,165,-0.605442423326238,-45.4839225144816,21.6623318163487,106.96130133056,0
266,0,0,9,-180,-1.00887136395624,-47.9607713639562,-1.04767178673534e-14,107.960771363956,0
266,1,0,9,-165,-1.00887136395624,-45.872287867823,-21.8186430416656,107.363470021707,0
266,2,0,9,-150,-1.00887136395624,-40.1503534298031,-40.8472670817417,105.623153009627,0
266,3,0,9,-135,-1.00887136395624,-31.9162386723658,-56.3994375770761,102.88415165791,0
266,4,0,9,-120,-1.00887136395624,-22.1697994525022,-69.2309473395424,99.3580725249997,0
266,5,0,9,-105,-1.00887136395624,-11.6030224319516,-80.3752122497425,95.2955951275788,0
266,6,203.233766884567,9,-90,-1.00887136395624,-0.688648788323444,-89.2627005678079,90.2277606706281,0
266,7,394.656325962488,9,-75,-1.00887136395624,10.2004107580445,-78.8980059869915,75.6335717921957,97.9230410403831
266,8,563.142893892846,9,-60,-1.00887136395624,20.6902044116551,-67.7571008705429,61.1158771697674,272.020411522061
266,9,698.901643771284,9,-45,-1.00887136395624,30.307532597204,-54.9767817932651,46.7826391972668,478.585448865449
266,10,794.042770517846,9,-30,-1.00887136395624,38.3714956820935,-39.6171284053413,32.9063734725418,666.646101891237
266,11,843.037017669946,9,-15,-1.00887136395624,43.9278370076346,-21.0577228882316,20.4683611027986,789.812239726932
266,12,843.037017669946,9,0,-1.00887136395624,45.9430286360438,0,14.0569713639562,817.792016662827
266,13,794.042770517846,9,15,-1.00887136395624,43.9278370076346,21.0577228882316,20.4683611027986,743.911223204684
266,14,698.901643771284,9,30,-1.00887136395624,38.3714956820935,39.6171284053413,32.9063734725418,586.76947102188
266,15,563.142893892846,9,45,-1.00887136395624,30.307532597204,54.9767817932651,46.7826391972668,385.622207432229
266,16,394.656325962488,9,60,-1.00887136395624,20.6902044116551,67.7571008705429,61.1158771697674,190.634699225252
266,17,203.233766884567,9,75,-1.00887136395624,10.2004107580445,78.8980059869915,75.6335717921957,50.4268326293615
266,18,1.04000539552974e-13,9,90,-1.00887136395624,-0.688648788323444,89.2627005678079,90.2277606706281,0
266,19,0,9,105,-1.00887136395624,-11.6030224319516,80.3752122497425,95.2955951275788,0
266,20,0,9,120,-1.00887136395624,-22.1697994525022,69.2309473395424,99.3580725249997,0
266,21,0,9,135,-1.00887136395624,-31.9162386723658,56.3994375770761,102.88415165791,0
266,22,0,9,150,-1.00887136395624,-40.1503534298031,40.8472670817417,105.623153009627,0
266,23,0,9,165,-1.00887136395624,-45.872287867823,21.8186430416656,107.363470021707,0
267,0,0,9,-180,-1.41200135422783,-48.3639013542278,-1.0557808530417e-14,108.363901354228,0
267,1,0,9,-165,-1.41200135422783,-46.26014955491,-21.9770353240016,107.765335149744,0
267,2,0,9,-150,-1.41200135422783,-40.5041628695566,-41.1007136674816,106.021628177455,0
267,3,0,9,-135,-1.41200135422783,-32.2357300277584,-56.6895726019529,103.278147789447,0
267,4,0,9,-120,-1.41200135422783,-22.4638310095596,-69.5290657983657,99.7477628070277,0
267,5,0,9,-105,-1.41200135422783,-11.8823779531802,-80.6720699997392,95.6822532514405,0
267,6,203.113306164545,9,-90,-1.41200135422783,-0.963797093135804,-88.968039033031,90.318755457175,0
267,7,394.422405261635,9,-75,-1.41200135422783,9.91935938492973,-78.6044879894821,75.7296987571598,97.2238208641648
267,8,562.809107832028,9,-60,-1.41200135422783,20.3930811679841,-67.4661460317781,61.2244795837144,270.924614231474
267,9,698.487390783094,9,-45,-1.41200135422783,29.9842940240287,-54.6982083909794,46.9154051641141,477.120971535051
267,10,793.572125480208,9,-30,-1.41200135422783,38.0145826317175,-39.3786567144941,33.0866535446237,664.891153797513
267,11,842.537332761723,9,-15,-1.41200135422783,43.538763361802,-20.9116799436738,20.7496405941604,787.88819778177
267,12,842.537332761723,9,0,-1.41200135422783,45.5398986457722,0,14.4601013542279,815.847233709983
267,13,793.572125480208,9,15,-1.41200135422783,43.538763361802,20.9116799436738,20.7496405941604,742.098999583767
267,14,698.487390783094,9,30,-1.41200135422783,38.0145826317175,39.3786567144941,33.0866535446237,585.224798426174
267,15,562.809107832028,9,45,-1.41200135422783,29.9842940240287,54.6982083909794,46.9154051641141,384.442198758289
267,16,394.422405261635,9,60,-1.41200135422783,20.3930811679841,67.4661460317781,61.2244795837144,189.866753225413
267,17,203.113306164545,9,75,-1.41200135422783,9.91935938492973,78.6044879894821,75.7296987571598,50.0667594696371
267,18,1.03938896352293e-13,9,90,-1.41200135422783,-0.963797093135804,88.968039033031,90.318755457175,0
267,19,0,9,105,-1.41200135422783,-11.8823779531802,80.6720699997392,95.6822532514405,0
267,20,0,9,120,-1.41200135422783,-22.4638310095596,69.5290657983657,99.7477628070277,0
267,21,0,9,135,-1.41200135422783,-32.2357300277584,56.6895726019529,103.278147789447,0
267,22,0,9,150,-1.41200135422783,-40.5041628695566,41.1007136674816,106.021628177455,0
267,23,0,9,165,-1.41200135422783,-46.26014955491,21.9770353240016,107.765335149744,0
268,0,0,9,-180,-1.81471293802469,-48.7666129380247,-1.06401068856761e-14,108.766612938025,0
268,1,0,9,-165,-1.81471293802469,-46.6473871904838,-22.1375159543325,108.166777486309,0
268,2,0,9,-150,-1.81471293802469,-40.8570464298929,-41.3565788517049,106.419671061052,0
268,3,0,9,-135,-1.81471293802469,-32.5542232771473,-56.9814488080203,103.671705004394,0
268,4,0,9,-120,-1.81471293802469,-22.7570082022741,-69.8281395100314,100.137016696038,0
268,5,0,9,-105,-1.81471293802469,-12.161133477085,-80.9692280697891,96.0684874930446,0
268,6,202.96279720674,9,-90,-1.81471293802469,-1.23863437489589,-88.6736357925203,90.4096408494008,0
268,7,394.130134379576,9,-75,-1.81471293802469,9.63834539563165,-78.3117772208306,75.8264050070011,96.5069359701495
268,8,562.392060747018,9,-60,-1.81471293802469,20.0957863301728,-67.1766120282381,61.3344102138302,269.777571700308
268,9,697.969804755809,9,-45,-1.81471293802469,29.66080934869,-54.4217306362481,47.0503895962437,475.565144344444
268,10,792.984080729206,9,-30,-1.81471293802469,37.6575638347007,-39.1427416942676,33.2702068805251,663.008227799887
268,11,841.913004310475,9,-15,-1.81471293802469,43.1499103167651,-20.7676588284343,21.034414721887,785.812134903457
268,12,841.913004310475,9,0,-1.81471293802469,45.1371870619753,0,14.8628129380247,813.744922553136
268,13,792.984080729206,9,15,-1.81471293802469,43.1499103167651,20.7676588284343,21.034414721887,740.14358993376
268,14,697.969804755809,9,30,-1.81471293802469,37.6575638347007,39.1427416942676,33.2702068805251,583.567482065266
268,15,562.392060747018,9,45,-1.81471293802469,29.66080934869,54.4217306362481,47.0503895962437,383.18858455617
268,16,394.130134379576,9,60,-1.81471293802469,20.0957863301728,67.1766120282381,61.3344102138302,189.062894034465
268,17,202.962797206741,9,75,-1.81471293802469,9.63834539563165,78.3117772208306,75.8264050070011,49.6975896176702
268,18,1.03861876607695e-13,9,90,-1.81471293802469,-1.23863437489589,88.6736357925203,90.4096408494008,0
268,19,0,9,105,-1.81471293802469,-12.161133477085,80.9692280697891,96.0684874930446,0
268,20,0,9,120,-1.81471293802469,-22.7570082022741,69.8281395100314,100.137016696038,0
268,21,0,9,135,-1.81471293802469,-32.5542232771473,56.9814488080203,103.671705004394,0
268,22,0,9,150,-1.81471293802469,-40.8570464298929,41.3565788517049,106.419671061052,0
268,23,0,9,165,-1.81471293802469,-46.6473871904838,22.1375159543325,108.166777486309,0
269,0,0,9,-180,-2.21688678321329,-49.1687867832133,-1.0723623312933e-14,109.168786783213,0
269,1,0,9,-165,-2.21688678321329,-47.0338805983077,-22.3000912606955,108.567677931803,0
269,2,0,9,-150,-2.21688678321329,-41.2088885409532,-41.6148352531053,106.817163211088,0
269,3,0,9,-135,-2.21688678321329,-32.8716134333203,-57.2750078379677,104.064705767698,0
269,4,0,9,-120,-2.21688678321329,-23.0492357826203,-70.128096707902,100.525717583955,0
269,5,0,9,-105,-2.21688678321329,-12.4391993742347,-81.2666114959249,96.4541819083842,0
269,6,202.782284610206,9,-90,-2.21688678321329,-1.51307203742849,-88.3795647244535,90.5003857164398,0
269,7,393.77959992248,9,-75,-2.21688678321329,9.35746070718297,-78.0199437632085,75.9236541104905,95.7729427751085
269,8,561.891876217867,9,-60,-2.21688678321329,19.7984190916902,-66.8885605331537,61.4456218237199,268.580165245013
269,9,697.34903906134,9,-45,-2.21688678321329,29.3371877317918,-54.1473922746781,47.1875227749071,473.919154168524
269,10,792.27881051519,9,-30,-2.21688678321329,37.300557364733,-38.9093966661532,33.4569093019568,660.998753501891
269,11,841.164217318199,9,-15,-2.21688678321329,42.7613985128392,-20.6256477905244,21.322434058537,783.5856230726
269,12,841.164217318199,9,0,-2.21688678321329,44.7350132167867,0,15.2649867832133,811.486673648347
269,13,792.27881051519,9,15,-2.21688678321329,42.7613985128392,20.6256477905244,21.322434058537,738.046474877471
269,14,697.34903906134,9,30,-2.21688678321329,37.300557364733,38.9093966661532,33.4569093019568,581.798780249531
269,15,561.891876217867,9,45,-2.21688678321329,29.3371877317918,54.1473922746781,47.1875227749071,381.862321155236
269,16,393.77959992248,9,60,-2.21688678321329,19.7984190916902,66.8885605331537,61.4456218237199,188.223739288032
269,17,202.782284610206,9,75,-2.21688678321329,9.35746070718297,78.0199437632085,75.9236541104905,49.31960960802
269,18,1.03769503141791e-13,9,90,-2.21688678321329,-1.51307203742849,88.3795647244535,90.5003857164398,0
269,19,0,9,105,-2.21688678321329,-12.4391993742347,81.2666114959249,96.4541819083842,0
269,20,0,9,120,-2.21688678321329,-23.0492357826203,70.128096707902,100.525717583955,0
269,21,0,9,135,-2.21688678321329,-32.8716134333203,57.2750078379677,104.064705767698,0
269,22,0,9,150,-2.21688678321329,-41.2088885409532,41.6148352531053,106.817163211088,0
269,23,0,9,165,-2.21688678321329,-47.0338805983077,22.3000912606955,108.567677931803,0
270,0,0,9,-180,-2.61840371700377,-49.5703037170038,-1.08083678833345e-14,109.570303717004,0
270,1,0,9,-165,-2.61840371700377,-47.4195098556021,-22.4647665132968,108.967917551034,0
270,2,0,9,-150,-2.61840371700377,-41.5595742062678,-41.8754532419731,107.213986354657,0
270,3,0,9,-135,-2.61840371700377,-33.187796299098,-57.5701891987645,104.457032732178,0
270,4,0,9,-120,-2.61840371700377,-23.340419233233,-70.4288642139065,100.913749054318,0
270,5,0,9,-105,-2.61840371700377,-12.7164865107352,-81.5641446276345,96.8392207385742,0
270,6,202.571821864719,9,-90,-2.61840371700377,-1.78702168478201,-88.0858997661327,90.5909590206064,0
270,7,393.370905761273,9,-75,-2.61840371700377,9.07679731126744,-77.729057171849,76.0214089041253,95.0224093018597
270,8,561.308702460046,9,-60,-2.61840371700377,19.5010789009204,-66.6020521182242,61.5580655498403,267.333312108613
270,9,696.62527764596,9,-45,-2.61840371700377,29.013538592054,-53.8752355331837,47.3267323323014,472.184253108357
270,10,791.456523824946,9,-30,-2.61840371700377,36.9436813590875,-38.6786336418548,33.6466333751854,658.864252604852
270,11,840.291193666638,9,-15,-2.61840371700377,42.3733484592163,-20.4856347162793,21.6134523945518,781.210344058648
270,12,840.291193666638,9,0,-2.61840371700377,44.3334962829962,0,15.6665037170038,809.074191336357
270,13,791.456523824947,9,15,-2.61840371700377,42.3733484592163,20.4856347162793,21.6134523945518,735.809238446022
270,14,696.62527764596,9,30,-2.61840371700377,36.9436813590875,38.6786336418548,33.6466333751854,579.920032352112
270,15,561.308702460046,9,45,-2.61840371700377,29.013538592054,53.8752355331837,47.3267323323014,380.464417441105
270,16,393.370905761273,9,60,-2.61840371700377,19.5010789009204,66.6020521182242,61.5580655498403,187.349931799448
270,17,202.571821864719,9,75,-2.61840371700377,9.07679731126744,77.729057171849,76.0214089041253,48.9331119519409
270,18,1.03661803326834e-13,9,90,-2.61840371700377,-1.78702168478201,88.0858997661327,90.5909590206064,0
270,19,0,9,105,-2.61840371700377,-12.7164865107352,81.5641446276345,96.8392207385742,0
270,20,0,9,120,-2.61840371700377,-23.340419233233,70.4288642139065,100.913749054318,0
270,21,0,9,135,-2.61840371700377,-33.187796299098,57.5701891987645,104.457032732178,0
270,22,0,9,150,-2.61840371700377,-41.5595742062678,41.8754532419731,107.213986354657,0
270,23,0,9,165,-2.61840371700377,-47.4195098556021,22.4647665132968,108.967917551034,0
271,0,0,9,-180,-3.01914476126304,-49.971044761263,-1.08943503102078e-14,109.971044761263,0
271,1,0,9,-165,-3.01914476126304,-47.8041553379154,-22.631545824831,109.367377608811,0
271,2,0,9,-150,-3.01914476126304,-41.908989062886,-42.1384008225878,107.610022431558,0
271,3,0,9,-135,-3.01914476126304,-33.5026685274927,-57.8669301944396,104.848568775551,0
271,4,0,9,-120,-3.01914476126304,-23.6304648194085,-70.7303674089097,101.300994919869,0
271,5,0,9,-105,-3.01914476126304,-12.9929062938937,-81.8617511133925,97.2234884477226,0
271,6,202.331471334933,9,-90,-3.01914476126304,-2.06039516523196,-87.7927149263082,90.6813298377579,0
271,7,392.904173000854,9,-75,-3.01914476126304,8.79644722739582,-77.4391864941809,76.1196315215891,94.2559144475504
271,8,560.642712280525,9,-60,-3.01914476126304,19.2038654085902,-66.3171462902529,61.6716909521992,266.037964232
271,9,695.798734975795,9,-45,-3.01914476126304,28.6899715492718,-53.605301186458,47.4679433554784,470.361756769531
271,10,790.517464319767,9,-30,-3.01914476126304,36.5870539657661,-38.4504634124654,33.8392486639651,656.606336780376
271,11,839.294192051543,9,-15,-3.01914476126304,41.9858804932991,-20.3476071877688,21.9072269506745,778.688087046623
271,12,839.294192051543,9,0,-3.01914476126304,43.932755238737,0,16.067244761263,806.509291430277
271,13,790.517464319767,9,15,-3.01914476126304,41.9858804932991,20.3476071877688,21.9072269506745,733.433565843505
271,14,695.798734975795,9,30,-3.01914476126304,36.5870539657661,38.4504634124654,33.8392486639651,577.932656936308
271,15,560.642712280526,9,45,-3.01914476126304,28.6899715492718,53.605301186458,47.4679433554784,378.995933468428
271,16,392.904173000854,9,60,-3.01914476126304,19.2038654085902,66.3171462902529,61.6716909521992,186.442138698671
271,17,202.331471334933,9,75,-3.01914476126304,8.79644722739582,77.4391864941809,76.1196315215891,48.5383947605744
271,18,1.03538809076604e-13,9,90,-3.01914476126304,-2.06039516523196,87.7927149263082,90.6813298377579,0
271,19,0,9,105,-3.01914476126304,-12.9929062938937,81.8617511133925,97.2234884477226,0
271,20,0,9,120,-3.01914476126304,-23.6304648194085,70.7303674089097,101.300994919869,0
271,21,0,9,135,-3.01914476126304,-33.5026685274927,57.8669301944396,104.848568775551,0
271,22,0,9,150,-3.01914476126304,-41.908989062886,42.1384008225878,107.610022431558,0
271,23,0,9,165,-3.01914476126304,-47.8041553379154,22.631545824831,109.367377608811,0
272,0,0,9,-180,-3.41899116777107,-50.3708911677711,-1.09815798966543e-14,110.370891167771,0
272,1,0,9,-165,-3.41899116777107,-48.1876977644373,-22.8004320459141,109.765939605485,0
272,2,0,9,-150,-3.41899116777107,-42.2570194421045,-42.4036435135214,108.00515363052,0
272,3,0,9,-135,-3.41899116777107,-33.8161276818359,-58.1651658599387,105.239197037414,0
272,4,0,9,-120,-3.41899116777107,-23.9192796406798,-71.0325302046006,101.687339260064,0
272,5,0,9,-105,-3.41899116777107,-13.2683707174453,-82.1593538872242,97.6068697607163,0
272,6,202.061304241898,9,-90,-3.41899116777107,-2.33310461499163,-87.5000842970125,90.7714673774513,0
272,7,392.379539944214,9,-75,-3.41899116777107,8.51650245626772,-77.150400288882,76.2182834240278,93.474047233123
272,8,559.894103026568,9,-60,-3.41899116777107,18.9068784154605,-66.0339015277452,61.7864460669157,264.695106964697
272,9,694.869655973277,9,-45,-3.41899116777107,28.3665963678488,-53.3376286224622,47.6110784927946,468.45304242948
272,10,789.46191026325,9,-30,-3.41899116777107,36.2307932914346,-38.2248956344388,34.0346219792524,654.226705385379
272,11,838.173507906008,9,-15,-3.41899116777107,41.5991147404304,-20.2115525367239,22.2035185497862,776.020746075814
272,12,838.173507906009,9,0,-3.41899116777107,43.5329088322289,0,16.4670911677711,803.793898608116
272,13,789.46191026325,9,15,-3.41899116777107,41.5991147404304,20.2115525367239,22.2035185497862,730.921241034529
272,14,694.869655973277,9,30,-3.41899116777107,36.2307932914346,38.2248956344388,34.0346219792524,575.8381497444
272,15,559.894103026569,9,45,-3.41899116777107,28.3665963678488,53.3376286224622,47.6110784927946,377.457978984202
272,16,392.379539944214,9,60,-3.41899116777107,18.9068784154605,66.0339015277452,61.7864460669157,185.501050528771
272,17,202.061304241898,9,75,-3.41899116777107,8.51650245626772,77.150400288882,76.2182834240278,48.1357613584514
272,18,1.0340055683695e-13,9,90,-3.41899116777107,-2.33310461499163,87.5000842970125,90.7714673774513,0
272,19,0,9,105,-3.41899116777107,-13.2683707174453,82.1593538872242,97.6068697607163,0
272,20,0,9,120,-3.41899116777107,-23.9192796406798,71.0325302046006,101.687339260064,0
272,21,0,9,135,-3.41899116777107,-33.8161276818359,58.1651658599387,105.239197037414,0
272,22,0,9,150,-3.41899116777107,-42.2570194421045,42.4036435135214,108.00515363052,0
272,23,0,9,165,-3.41899116777107,-48.1876977644373,22.8004320459141,109.765939605485,0
273,0,0,9,-180,-3.81782445340822,-50.7697244534082,-1.10700654797606e-14,110.769724453408,0
273,1,0,9,-165,-3.81782445340822,-48.5700182437526,-22.9714266555401,110.163485312421,0
273,2,0,9,-150,-3.81782445340822,-42.6035524307548,-42.6711442260774,108.399262425361,0
273,3,0,9,-135,-3.81782445340822,-34.1280722957947,-58.4648288963084,105.628800956133,0
273,4,0,9,-120,-3.81782445340822,-24.2067716818915,-71.335275017056,102.072666458502,0
273,5,0,9,-105,-3.81782445340822,-13.5427924062826,-82.456875156407,97.9892497009017,0
273,6,201.761400641954,9,-90,-3.81782445340822,-2.60506250157641,-87.2080820648203,90.8613410028586,0
273,7,391.79716205145,9,-75,-3.81782445340822,8.23705493337124,-76.8627666447598,76.3173254310815,92.6774060354696
273,8,559.063096527254,9,-60,-3.81782445340822,18.6102178203301,-65.7523753173548,61.9022774605159,263.305757717816
273,9,693.838315944567,9,-45,-3.81782445340822,28.0435229009388,-53.0722559068102,47.7560580625755,466.459547097794
273,10,788.290174438844,9,-30,-3.81782445340822,35.8750173501498,-38.0019389123497,34.2326176249408,651.727143024789
273,11,836.929473312934,9,-15,-3.81782445340822,41.213171074018,-20.0774578951138,22.5020917526126,773.210317296202
273,12,836.929473312934,9,0,-3.81782445340822,43.1340755465918,0,16.8659244534082,800.930043616037
273,13,788.290174438844,9,15,-3.81782445340822,41.213171074018,20.0774578951138,22.5020917526126,728.274144160096
273,14,693.838315944567,9,30,-3.81782445340822,35.8750173501498,38.0019389123497,34.2326176249408,573.638081552372
273,15,559.063096527254,9,45,-3.81782445340822,28.0435229009388,53.0722559068102,47.7560580625755,375.851711864854
273,16,391.79716205145,9,60,-3.81782445340822,18.6102178203301,65.7523753173548,61.9022774605159,184.527380301908
273,17,201.761400641955,9,75,-3.81782445340822,8.23705493337124,76.8627666447598,76.3173254310815,47.7255198880793
273,18,1.03247087574995e-13,9,90,-3.81782445340822,-2.60506250157641,87.2080820648203,90.8613410028586,0
273,19,0,9,105,-3.81782445340822,-13.5427924062826,82.456875156407,97.9892497009017,0
273,20,0,9,120,-3.81782445340822,-24.2067716818915,71.335275017056,102.072666458502,0
273,21,0,9,135,-3.81782445340822,-34.1280722957947,58.4648288963084,105.628800956133,0
273,22,0,9,150,-3.81782445340822,-42.6035524307548,42.6711442260774,108.399262425361,0
273,23,0,9,165,-3.81782445340822,-48.5700182437526,22.9714266555401,110.163485312421,0
274,0,0,10,-180,-4.21552643526446,-51.1674264352645,-1.11598153712844e-14,111.167426435264,0
274,1,0,10,-165,-4.21552643526446,-48.9509983200368,-23.1445296464868,110.559896807388,0
274,2,0,10,-150,-4.21552643526446,-42.9484759330046,-42.9408631411166,108.792231611064,0
274,3,0,10,-135,-4.21552643526446,-34.4384019331944,-58.7658496074724,106.017264305647,0
274,4,0,10,-120,-4.21552643526446,-24.492849863698,-71.6385227421446,102.456861240238,0
274,5,0,10,-105,-4.21552643526446,-13.8160846606251,-82.7542363904121,98.3705136276445,0
274,6,201.43184940301,10,-90,-4.21552643526446,-2.87618166677056,-86.9167825214531,90.9509202504072,0
274,7,391.1572118937,10,-75,-4.21552643526446,7.9581964828695,-76.5763531993677,76.4167177526147,91.8665978038287
274,8,558.149939027741,10,-60,-4.21552643526446,18.3139835684,-65.4726241900633,62.0191302858393,261.870964562101
274,9,692.705020497971,10,-45,-4.21552643526446,27.7208610352277,-52.8092198459342,47.9028001636753,464.382765473808
274,10,787.00260405716,10,-30,-4.21552643526446,35.5198440128798,-37.7816008784417,34.4330976389279,649.109516967401
274,11,835.562456906618,10,-15,-4.21552643526446,40.8281690760478,-19.9453102425096,22.8027149614826,770.258896048887
274,12,835.562456906619,10,0,-4.21552643526446,42.7363735647355,0,17.2636264352645,797.919860288751
274,13,787.002604057161,10,15,-4.21552643526446,40.8281690760478,19.9453102425096,22.8027149614826,725.494248787695
274,14,692.705020497972,10,30,-4.21552643526446,35.5198440128798,37.7816008784417,34.4330976389279,571.334095895411
274,15,558.149939027742,10,45,-4.21552643526446,27.7208610352277,52.8092198459342,47.9028001636753,374.178336470565
274,16,391.1572118937,10,60,-4.21552643526446,18.3139835684,65.4726241900633,62.0191302858393,183.521862516828
274,17,201.431849403011,10,75,-4.21552643526446,7.9581964828695,76.5763531993677,76.4167177526147,47.3079829064142
274,18,1.03078446766994e-13,10,90,-4.21552643526446,-2.87618166677056,86.9167825214531,90.9509202504072,0
274,19,0,10,105,-4.21552643526446,-13.8160846606251,82.7542363904121,98.3705136276445,0
274,20,0,10,120,-4.21552643526446,-24.492849863698,71.6385227421446,102.456861240238,0
274,21,0,10,135,-4.21552643526446,-34.4384019331944,58.7658496074724,106.017264305647,0
274,22,0,10,150,-4.21552643526446,-42.9484759330046,42.9408631411166,108.792231611064,0
274,23,0,10,165,-4.21552643526446,-48.9509983200368,23.1445296464868,110.559896807388,0
275,0,0,10,-180,-4.61197926565938,-51.5638792656594,-1.12508372946748e-14,111.563879265659,0
275,1,0,10,-165,-4.61197926565938,-49.3305200196935,-23.3197394056128,110.955056509868,0
275,2,0,10,-150,-4.61197926565938,-43.2916787326227,-43.2127575845453,109.183944339757,0
275,3,0,10,-135,-4.61197926565938,-34.7470172475595,-59.068155838873,106.404471232166,0
275,4,0,10,-120,-4.61197926565938,-24.7774240924038,-71.9421927329291,102.839808708972,0
275,5,0,10,-105,-4.61197926565938,-14.0881614995679,-83.0513583111881,98.7505472737491,0
275,6,201.072748178211,10,-90,-4.61197926565938,-3.1463753691442,-86.6262600736376,91.0401748491072,0
275,7,390.459879102006,10,-75,-4.61197926565938,7.68001877182277,-76.2912271572687,76.516420021086,91.0422372620194
275,8,557.154901116306,10,-60,-4.61197926565938,18.0182756000434,-65.1947037569874,62.1369483394279,260.391804774076
275,9,691.470105453391,10,-45,-4.61197926565938,27.3987206363848,-52.5485560489304,48.0512207876191,462.224247806039
275,10,785.599580653092,10,-30,-4.61197926565938,35.1653909578156,-37.563888268974,34.6359220289154,646.375774420807
275,11,834.072863763524,10,-15,-4.61197926565938,40.4442279979838,-19.8150964503684,23.1051604960289,767.168673777226
275,12,834.072863763524,10,0,-4.61197926565938,42.3399207343406,0,17.6600792656594,794.765582393934
275,13,785.599580653092,10,15,-4.61197926565938,40.4442279979838,19.8150964503684,23.1051604960289,722.583619001962
275,14,691.470105453391,10,30,-4.61197926565938,35.1653909578156,37.563888268974,34.6359220289154,568.927906669338
275,15,557.154901116306,10,45,-4.61197926565938,27.3987206363848,52.5485560489304,48.0512207876191,372.439101920497
275,16,390.459879102006,10,60,-4.61197926565938,18.0182756000434,65.1947037569874,62.1369483394279,182.485252139988
275,17,201.072748178211,10,75,-4.61197926565938,7.68001877182277,76.2912271572687,76.516420021086,46.8834669740411
275,18,1.02894684384858e-13,10,90,-4.61197926565938,-3.1463753691442,86.6262600736376,91.0401748491072,0
275,19,0,10,105,-4.61197926565938,-14.0881614995679,83.0513583111881,98.7505472737491,0
275,20,0,10,120,-4.61197926565938,-24.7774240924038,71.9421927329291,102.839808708972,0
275,21,0,10,135,-4.61197926565938,-34.7470172475595,59.068155838873,106.404471232166,0
275,22,0,10,150,-4.61197926565938,-43.2916787326227,43.2127575845453,109.183944339757,0
275,23,0,10,165,-4.61197926565938,-49.3305200196935,23.3197394056128,110.955056509868,0
276,0,0,10,-180,-5.00706546706322,-51.9589654670632,-1.13431383182875e-14,111.958965467063,0
276,1,0,10,-165,-5.00706546706322,-49.7084658984306,-23.497052589002,111.348847216254,0
276,2,0,10,-150,-5.00706546706322,-43.6330505556547,-43.4867819017751,109.574284156588,0
276,3,0,10,-135,-5.00706546706322,-35.0538200412815,-59.3716729182605,106.790306290743,0
276,4,0,10,-120,-5.00706546706322,-25.0604053090694,-72.2462027792335,103.221394384105,0
276,5,0,10,-105,-5.00706546706322,-14.3589377039483,-83.3481608848891,99.1292367827222,0
276,6,200.684203376999,10,-90,-5.00706546706322,-3.41555732607024,-86.3365892521423,91.129074739535,0
276,7,389.705370311126,10,-75,-5.00706546706322,7.40261326479347,-76.0074553078593,76.616391324497,90.2049460981311
276,8,556.078277644156,10,-60,-5.00706546706322,17.7231938000238,-64.9186687447102,62.255674120272,258.86938333348
276,9,690.133936742805,10,-45,-5.00706546706322,27.0772114952091,-52.2902989879872,48.2012339320226,459.985597658284
276,10,784.081519972753,10,-30,-5.00706546706322,34.8117756214744,-37.3488069973845,34.8409490024137,643.527939671617
276,11,832.461135282249,10,-15,-5.00706546706322,40.0614667220511,-19.6868033233663,23.4092046444166,763.941934775851
276,12,832.461135282249,10,0,-5.00706546706322,41.9448345329368,0,18.0551654670632,791.469540307994
276,13,784.081519972754,10,15,-5.00706546706322,40.0614667220511,19.6868033233663,23.4092046444166,719.544406342628
276,14,690.133936742805,10,30,-5.00706546706322,34.8117756214744,37.3488069973845,34.8409490024137,566.421295613487
276,15,556.078277644156,10,45,-5.00706546706322,27.0772114952091,52.2902989879872,48.2012339320226,370.635300292822
276,16,389.705370311126,10,60,-5.00706546706322,17.7231938000238,64.9186687447102,62.255674120272,181.41832355254
276,17,200.684203377,10,75,-5.00706546706322,7.40261326479347,76.0074553078593,76.616391324497,46.4522922378927
276,18,1.02695854881346e-13,10,90,-5.00706546706322,-3.41555732607024,86.3365892521423,91.129074739535,0
276,19,0,10,105,-5.00706546706322,-14.3589377039483,83.3481608848891,99.1292367827222,0
276,20,0,10,120,-5.00706546706322,-25.0604053090694,72.2462027792335,103.221394384105,0
276,21,0,10,135,-5.00706546706322,-35.0538200412815,59.3716729182605,106.790306290743,0
276,22,0,10,150,-5.00706546706322,-43.6330505556547,43.4867819017751,109.574284156588,0
276,23,0,10,165,-5.00706546706322,-49.7084658984306,23.497052589002,111.348847216254,0
277,0,0,10,-180,-5.40066796690784,-52.3525679669078,-1.14367247846562e-14,112.352567966908,0
277,1,0,10,-165,-5.40066796690784,-50.0847190887713,-23.6764639919357,111.741152134941,0
277,2,0,10,-150,-5.40066796690784,-43.9724821334444,-43.7628873314855,109.963135035473,0
277,3,0,10,-135,-5.40066796690784,-35.3587133243173,-59.6763235989205,107.174654481706,0
277,4,0,10,-120,-5.40066796690784,-25.3417055377967,-72.5504690895347,103.601504237629,0
277,5,0,10,-105,-5.40066796690784,-14.628328858468,-83.6445633151453,99.5064687458601,0
277,6,200.266330133585,10,-90,-5.40066796690784,-3.68364175519002,-86.0478447199087,91.2175900924382,0
277,7,388.893909098297,10,-75,-5.40066796690784,7.1260711788803,-75.7251040426703,76.7165902398615,89.3553521433349
277,8,554.92038763806,10,-60,-5.40066796690784,17.4288379472037,-64.6445730300395,62.3752488897847,257.304831375236
277,9,688.696910301838,10,-45,-5.40066796690784,26.7564432744968,-52.034482057314,48.3527517149927,457.668469587432
277,10,782.448871850286,10,-30,-5.40066796690784,34.4591151505896,-37.1363622242984,35.0480351905041,640.568111097581
277,11,830.727749052724,10,-15,-5.40066796690784,39.6800037228993,-19.5604176379092,23.7146276933884,760.581052785126
277,12,830.727749052724,10,0,-5.40066796690784,41.5512320330921,0,18.4487679669078,788.034157530951
277,13,782.448871850287,10,15,-5.40066796690784,39.6800037228993,19.5604176379092,23.7146276933884,716.378846596895
277,14,688.696910301838,10,30,-5.40066796690784,34.4591151505896,37.1363622242984,35.0480351905041,563.816109680837
277,15,554.920387638061,10,45,-5.40066796690784,26.7564432744968,52.034482057314,48.3527517149927,368.768264753601
277,16,388.893909098297,10,60,-5.40066796690784,17.4288379472037,64.6445730300395,62.3752488897847,180.321869465462
277,17,200.266330133585,10,75,-5.40066796690784,7.1260711788803,75.7251040426703,76.7165902398615,46.0147820083671
277,18,1.02482017173931e-13,10,90,-5.40066796690784,-3.68364175519002,86.0478447199087,91.2175900924382,0
277,19,0,10,105,-5.40066796690784,-14.628328858468,83.6445633151453,99.5064687458601,0
277,20,0,10,120,-5.40066796690784,-25.3417055377967,72.5504690895347,103.601504237629,0
277,21,0,10,135,-5.40066796690784,-35.3587133243173,59.6763235989205,107.174654481706,0
277,22,0,10,150,-5.40066796690784,-43.9724821334444,43.7628873314855,109.963135035473,0
277,23,0,10,165,-5.40066796690784,-50.0847190887713,23.6764639919357,111.741152134941,0
278,0,0,10,-180,-5.79267013227796,-52.7445701322779,-1.15316022356882e-14,112.744570132278,0
278,1,0,10,-165,-5.79267013227796,-50.4591633479938,-23.8579664136941,112.131854921297,0
278,2,0,10,-150,-5.79267013227796,-44.3098652659357,-44.0410218790557,110.350381414722,0
278,3,0,10,-135,-5.79267013227796,-35.6616013723175,-59.9820280056405,107.557401286948,0
278,4,0,10,-120,-5.79267013227796,-25.6212379331142,-72.8549062753421,103.980024730841,0
278,5,0,10,-105,-5.79267013227796,-14.8962513930092,-83.9404840379752,99.8821302391437,0
278,6,199.819252272829,10,-90,-5.79267013227796,-3.95054341527876,-85.7601012791988,91.3056913269316,0
278,7,388.02573591699,10,-75,-5.79267013227796,6.85048343922609,-75.4442393720636,76.8169748671349,88.4940885414865
278,8,553.681574205818,10,-60,-5.79267013227796,17.1353076647818,-64.3724696741001,62.4956127328798,255.699304599375
278,9,687.15945195244,10,-45,-5.79267013227796,26.4365254566496,-51.7811376304899,48.5056844902234,455.27456673825
278,10,780.702120074565,10,-30,-5.79267013227796,34.1075263547866,-36.9265584244125,35.2570358649803,637.498458058523
278,11,828.8732187147,10,-15,-5.79267013227796,39.2999570296453,-19.4359261779458,24.0212139401164,757.088487439004
278,12,828.8732187147,10,0,-5.79267013227796,41.1592298677221,0,18.840770132278,784.4619470486
278,13,780.702120074565,10,15,-5.79267013227796,39.2999570296453,19.4359261779458,24.0212139401164,713.089256453731
278,14,687.15945195244,10,30,-5.79267013227796,34.1075263547866,36.9265584244125,35.2570358649803,561.114258301464
278,15,553.681574205819,10,45,-5.79267013227796,26.4365254566496,51.7811376304899,48.5056844902234,366.839367618788
278,16,388.02573591699,10,60,-5.79267013227796,17.1353076647818,64.3724696741001,62.4956127328798,179.196699805208
278,17,199.819252272829,10,75,-5.79267013227796,6.85048343922609,75.4442393720636,76.8169748671349,45.5712623317032
278,18,1.02253234627341e-13,10,90,-5.79267013227796,-3.95054341527876,85.7601012791988,91.3056913269316,0
278,19,0,10,105,-5.79267013227796,-14.8962513930092,83.9404840379752,99.8821302391437,0
278,20,0,10,120,-5.79267013227796,-25.6212379331142,72.8549062753421,103.980024730841,0
278,21,0,10,135,-5.79267013227796,-35.6616013723175,59.9820280056405,107.557401286948,0
278,22,0,10,150,-5.79267013227796,-44.3098652659357,44.0410218790557,110.350381414722,0
278,23,0,10,165,-5.79267013227796,-50.4591633479938,23.8579664136941,112.131854921297,0
279,0,0,10,-180,-6.18295580447177,-53.1348558044718,-1.16277753336556e-14,113.134855804472,0
279,1,0,10,-165,-6.18295580447177,-50.8316831064928,-24.0415505172134,112.520839712493,0
279,2,0,10,-150,-6.18295580447177,-44.6450928851796,-44.3211301900604,110.735908232497,0
279,3,0,10,-135,-6.18295580447177,-35.9623897840797,-60.288703583721,107.938432706028,0
279,4,0,10,-120,-6.18295580447177,-25.8989168263754,-73.1594273382265,104.356842850868,0
279,5,0,10,-105,-6.18295580447177,-15.1626226230832,-84.2358407184338,100.256108859922,0
279,6,199.343102273549,10,-90,-6.18295580447177,-4.21617764646133,-85.4734338776847,91.3933491282517,0
279,7,387.101108025654,10,-75,-6.18295580447177,6.57594063504304,-75.1649269412461,76.9175028635446,87.6217929112257
279,8,552.362204434585,10,-60,-6.18295580447177,16.8427023710976,-64.1024109556713,62.6167046200272,254.053981642403
279,9,685.5220172767,10,-45,-6.18295580447177,26.1175672920449,-51.5302971161665,48.6599409625123,452.805638360645
279,10,778.841782245839,10,-30,-6.18295580447177,33.7571256600378,-36.7193994502967,35.4678051485644,634.321217673308
279,11,826.89809380554,10,-15,-6.18295580447177,38.9214441882912,-19.3133157682029,24.3287516885649,753.466780574613
279,12,826.898093805541,10,0,-6.18295580447177,40.7689441955282,0,19.2310558044718,780.755507550512
279,13,778.841782245839,10,15,-6.18295580447177,38.9214441882912,19.3133157682029,24.3287516885649,709.678030027929
279,14,685.5220172767,10,30,-6.18295580447177,33.7571256600378,36.7193994502967,35.4678051485644,558.317710545686
279,15,552.362204434586,10,45,-6.18295580447177,26.1175672920449,51.5302971161665,48.6599409625123,364.850018353739
279,16,387.101108025654,10,60,-6.18295580447177,16.8427023710976,64.1024109556713,62.6167046200272,178.043640572352
279,17,199.343102273549,10,75,-6.18295580447177,6.57594063504304,75.1649269412461,76.9175028635446,45.1220615584925
279,18,1.02009575034783e-13,10,90,-6.18295580447177,-4.21617764646133,85.4734338776847,91.3933491282517,0
279,19,0,10,105,-6.18295580447177,-15.1626226230832,84.2358407184338,100.256108859922,0
279,20,0,10,120,-6.18295580447177,-25.8989168263754,73.1594273382265,104.356842850868,0
279,21,0,10,135,-6.18295580447177,-35.9623897840797,60.288703583721,107.938432706028,0
279,22,0,10,150,-6.18295580447177,-44.6450928851796,44.3211301900604,110.735908232497,0
279,23,0,10,165,-6.18295580447177,-50.8316831064928,24.0415505172134,112.520839712493,0
280,0,0,10,-180,-6.57140933342161,-53.5233093334216,-1.17252477778589e-14,113.523309333422,0
280,1,0,10,-165,-6.57140933342161,-51.2021635165504,-24.2272046836552,112.907991162192,0
280,2,0,10,-150,-6.57140933342161,-44.9780591189651,-44.6031534242544,111.119600962135,0
280,3,0,10,-135,-6.57140933342161,-36.260985538219,-60.5962650513439,108.317635292107,0
280,4,0,10,-120,-6.57140933342161,-26.1746577710855,-73.463943659657,104.731846146981,0
280,5,0,10,-105,-6.57140933342161,-15.4273607893509,-84.5305502490909,100.628292763367,0
280,6,198.838021229267,10,-90,-6.57140933342161,-4.48046040973108,-85.1879176134039,91.4805344650417,0
280,7,386.12029941149,10,-75,-6.57140933342161,6.30253297619713,-74.8872320455252,77.0181314782621,86.7391065022828
280,8,550.962669282099,10,-60,-6.57140933342161,16.5511212310359,-63.8344484036873,62.7384624701617,252.370062413673
280,9,683.78509148185,10,-45,-6.57140933342161,25.7996777481858,-51.281991012061,48.8154283034332,450.263477255031
280,10,776.868409622355,10,-30,-6.57140933342161,33.4080290628934,-36.5148885931565,35.6801962179523,631.038691490315
280,11,824.802959597382,10,-15,-6.57140933342161,38.5445822245178,-19.192573304961,24.6370332327935,749.718552412212
280,12,824.802959597382,10,0,-6.57140933342161,40.3804906665784,0,19.6195093334216,776.917519512761
280,13,776.868409622355,10,15,-6.57140933342161,38.5445822245178,19.192573304961,24.6370332327935,706.147635262072
280,14,683.78509148185,10,30,-6.57140933342161,33.4080290628934,36.5148885931565,35.6801962179523,555.428492193481
280,15,550.962669282099,10,45,-6.57140933342161,25.7996777481858,51.281991012061,48.8154283034332,362.80166151481
280,16,386.12029941149,10,60,-6.57140933342161,16.5511212310359,63.8344484036873,62.7384624701617,176.863532675697
280,17,198.838021229268,10,75,-6.57140933342161,6.30253297619713,74.8872320455252,77.0181314782621,44.6675099092068
280,18,1.01751110597851e-13,10,90,-6.57140933342161,-4.48046040973108,85.1879176134039,91.4805344650417,0
280,19,0,10,105,-6.57140933342161,-15.4273607893509,84.5305502490909,100.628292763367,0
280,20,0,10,120,-6.57140933342161,-26.1746577710855,73.463943659657,104.731846146981,0
280,21,0,10,135,-6.57140933342161,-36.260985538219,60.5962650513439,108.317635292107,0
280,22,0,10,150,-6.57140933342161,-44.9780591189651,44.6031534242544,111.119600962135,0
280,23,0,10,165,-6.57140933342161,-51.2021635165504,24.2272046836552,112.907991162192,0
281,0,0,10,-180,-6.95791561196333,-53.9098156119633,-1.18240222168524e-14,113.909815611963,0
281,1,0,10,-165,-6.95791561196333,-51.5704905015049,-24.4149148619754,113.293194475078,0
281,2,0,10,-150,-6.95791561196333,-45.3086593544862,-44.887029130504,111.501345647272,0
281,3,0,10,-135,-6.95791561196333,-36.5572970489413,-60.9046243556163,108.694896187668,0
281,4,0,10,-120,-6.95791561196333,-26.4483775870715,-73.768364993803,105.10492276667,0
281,5,0,10,-105,-6.95791561196333,-15.6903850961534,-84.8245287504296,100.998570698682,0
281,6,198.304158806398,10,-90,-6.95791561196333,-4.74330832572389,-84.90362773851,91.5672186061381,0
281,7,385.083600709256,10,-75,-6.95791561196333,6.03035025039283,-74.6112196447335,77.1188175873589,85.8466733477146
281,8,549.483383460829,10,-60,-6.95791561196333,16.2606631080683,-63.5686328288219,62.8608232143227,250.648766400456
281,9,681.949189256492,10,-45,-6.95791561196333,25.4829654596461,-51.0362489571871,48.9720522669147,447.649917151651
281,10,774.782586957012,10,-30,-6.95791561196333,33.0603520854827,-36.3130286406058,35.8940614995119,627.653242059176
281,11,822.588436923707,10,-15,-6.95791561196333,38.169487606852,-19.0736857844845,24.9458548293765,745.846497614509
281,12,822.588436923707,10,0,-6.95791561196333,39.9939843880367,0,20.0060156119633,772.950741154607
281,13,774.782586957012,10,15,-6.95791561196333,38.169487606852,19.0736857844845,24.9458548293765,702.500610214865
281,14,681.949189256492,10,30,-6.95791561196333,33.0603520854827,36.3130286406058,35.8940614995119,552.448682716991
281,15,549.48338346083,10,45,-6.95791561196333,25.4829654596461,51.0362489571871,48.9720522669147,360.69577463774
281,16,385.083600709256,10,60,-6.95791561196333,16.2606631080683,63.5686328288219,62.8608232143227,175.657230744452
281,17,198.304158806398,10,75,-6.95791561196333,6.03035025039283,74.6112196447335,77.1188175873589,44.2079390376308
281,18,1.01477917905138e-13,10,90,-6.95791561196333,-4.74330832572389,84.90362773851,91.5672186061381,0
281,19,0,10,105,-6.95791561196333,-15.6903850961534,84.8245287504296,100.998570698682,0
281,20,0,10,120,-6.95791561196333,-26.4483775870715,73.768364993803,105.10492276667,0
281,21,0,10,135,-6.95791561196333,-36.5572970489413,60.9046243556163,108.694896187668,0
281,22,0,10,150,-6.95791561196333,-45.3086593544862,44.887029130504,111.501345647272,0
281,23,0,10,165,-6.95791561196333,-51.5704905015049,24.4149148619754,113.293194475078,0
282,0,0,10,-180,-7.34236010994514,-54.2942601099451,-1.19241001561267e-14,114.294260109945,0
282,1,0,10,-165,-7.34236010994514,-51.9365508052997,-24.604664413615,113.676335441226,0
282,2,0,10,-150,-7.34236010994514,-45.636790301949,-45.1726911231538,111.881028936798,0
282,3,0,10,-135,-7.34236010994514,-36.8512342208042,-61.2136906326119,109.070103160028,0
282,4,0,10,-120,-7.34236010994514,-26.719994403407,-74.0725994634547,105.475961491491,0
282,5,0,10,-105,-7.34236010994514,-15.9516157489942,-85.1176915732518,101.366832045038,0
282,6,197.741673199897,10,-90,-7.34236010994514,-5.00463871270199,-84.6206396617514,91.6533731368308,0
282,7,383.991319115153,10,-75,-7.34236010994514,5.75948178099727,-74.3369543767534,77.2195177289864,84.9451394137948
282,8,547.924785315091,10,-60,-7.34236010994514,15.9714265169601,-63.3050143540834,62.9837228599047,248.891330945424
282,9,680.014854618074,10,-45,-7.34236010994514,25.1675386788251,-50.793099782276,49.129717304485,444.966830029833
282,10,772.58493232408,10,-30,-7.34236010994514,32.7142097312787,-36.1138219315029,36.1092528575062,624.167289411746
282,11,820.255181995377,10,-15,-7.34236010994514,37.7962762102059,-18.9566403292149,25.2550166608668,741.853381234573
282,12,820.255181995377,10,0,-7.34236010994514,39.6095398900549,0,20.3904601099451,768.858004278657
282,13,772.58493232408,10,15,-7.34236010994514,37.7962762102059,18.9566403292149,25.2550166608668,698.739559244544
282,14,680.014854618074,10,30,-7.34236010994514,32.7142097312787,36.1138219315029,36.1092528575062,549.380412183139
282,15,547.924785315091,10,45,-7.34236010994514,25.1675386788251,50.793099782276,49.129717304485,358.533866077626
282,16,383.991319115153,10,60,-7.34236010994514,15.9714265169601,63.3050143540834,62.9837228599047,174.425601921073
282,17,197.741673199897,10,75,-7.34236010994514,5.75948178099727,74.3369543767534,77.2195177289864,43.743681593086
282,18,1.01190077909533e-13,10,90,-7.34236010994514,-5.00463871270199,84.6206396617514,91.6533731368308,0
282,19,0,10,105,-7.34236010994514,-15.9516157489942,85.1176915732518,101.366832045038,0
282,20,0,10,120,-7.34236010994514,-26.719994403407,74.0725994634547,105.475961491491,0
282,21,0,10,135,-7.34236010994514,-36.8512342208042,61.2136906326119,109.070103160028,0
282,22,0,10,150,-7.34236010994514,-45.636790301949,45.1726911231538,111.881028936798,0
282,23,0,10,165,-7.34236010994514,-51.9365508052997,24.604664413615,113.676335441226,0
283,0,0,10,-180,-7.72462890816523,-54.6765289081652,-1.20254818611589e-14,114.676528908165,0
283,1,0,10,-165,-7.72462890816523,-52.3002320423927,-24.7964339524728,114.057300470278,0
283,2,0,10,-150,-7.72462890816523,-45.9623500580152,-45.4600693603482,112.258538119597,0
283,3,0,10,-135,-7.72462890816523,-37.1427085023447,-61.5233701717334,109.443144636605,0
283,4,0,10,-120,-7.72462890816523,-26.9894277000063,-74.3765535592126,105.844851772627,0
283,5,0,10,-105,-7.72462890816523,-16.2109739909122,-85.4099533031762,101.732966847241,0
283,6,197.150731086391,10,-90,-7.72462890816523,-5.26436962370247,-84.3390289496096,91.738969974573,0
283,7,382.84377829579,10,-75,-7.72462890816523,5.49001638554188,-74.0645005700756,77.3201881387244,84.035151749288
283,8,546.287336691151,10,-60,-7.72462890816523,15.6835095771744,-63.0436424443517,63.1070965554005,247.099009500324
283,9,677.982660751698,10,-45,-7.72462890816523,24.8535052275254,-50.5525715583479,49.2883266799588,442.216123383285
283,10,770.276096936056,10,-30,-7.72462890816523,32.3697164416228,-35.9172704079071,36.3256217747711,620.583307460479
283,11,817.803886206183,10,-15,-7.72462890816523,37.4250632797903,-18.8414242118357,25.5643227920149,737.742034561856
283,12,817.803886206183,10,0,-7.72462890816523,39.2272710918348,0,20.7727289081652,764.642210004279
283,13,770.276096936057,10,15,-7.72462890816523,37.4250632797903,18.8414242118357,25.5643227920149,694.867149096308
283,14,677.982660751698,10,30,-7.72462890816523,32.3697164416228,35.9172704079071,36.3256217747711,546.225858083549
283,15,546.287336691151,10,45,-7.72462890816523,24.8535052275254,50.5525715583479,49.2883266799588,356.317472805422
283,16,382.84377829579,10,60,-7.72462890816523,15.6835095771744,63.0436424443517,63.1070965554005,173.169524637425
283,17,197.150731086391,10,75,-7.72462890816523,5.49001638554188,74.0645005700756,77.3201881387244,43.2750707823378
283,18,1.00887675904239e-13,10,90,-7.72462890816523,-5.26436962370247,84.3390289496096,91.738969974573,0
283,19,0,10,105,-7.72462890816523,-16.2109739909122,85.4099533031762,101.732966847241,0
283,20,0,10,120,-7.72462890816523,-26.9894277000063,74.3765535592126,105.844851772627,0
283,21,0,10,135,-7.72462890816523,-37.1427085023447,61.5233701717334,109.443144636605,0
283,22,0,10,150,-7.72462890816523,-45.9623500580152,45.4600693603482,112.258538119597,0
283,23,0,10,165,-7.72462890816523,-52.3002320423927,24.7964339524728,114.057300470278,0
284,0,0,10,-180,-8.10460873212868,-55.0565087321287,-1.21281662557561e-14,115.056508732129,0
284,1,0,10,-165,-8.10460873212868,-52.6614227480033,-24.990201180363,114.435976625444,0
284,2,0,10,-150,-8.10460873212868,-46.2852381689713,-45.7490898248594,112.63376115908,0
284,3,0,10,-135,-8.10460873212868,-37.4316329384505,-61.8335663847241,109.813909739949,0
284,4,0,10,-120,-8.10460873212868,-27.2565983478002,-74.6801321420915,106.211483766186,0
284,5,0,10,-105,-8.10460873212868,-16.4683821376884,-85.7012277673057,102.096865851077,0
284,6,196.53150757478,10,-90,-8.10460873212868,-5.52241988280697,-84.0588713260374,91.8239813841155,0
284,7,381.641318292278,10,-75,-8.10460873212868,5.22204233493769,-73.7939222553276,77.4207847850406,83.1173576358197
284,8,544.571522800377,10,-60,-8.10460873212868,15.3970099670002,-62.7845659347931,63.2308786555219,245.2730698597
284,9,675.853209840264,10,-45,-8.10460873212868,24.5409724493628,-50.3146916433987,49.4477825833542,439.39973743766
284,10,767.856764950696,10,-30,-8.10460873212868,32.0269860529996,-35.7233756642147,36.5430195258245,616.903820322569
284,11,815.235275927972,10,-15,-8.10460873212868,37.0559633953984,-18.7280248773088,25.8735811202459,733.515350876026
284,12,815.235275927972,10,0,-8.10460873212868,38.8472912678713,0,21.1527087321287,760.306324404285
284,13,767.856764950696,10,15,-8.10460873212868,37.0559633953984,18.7280248773088,25.8735811202459,690.886104902928
284,14,675.853209840264,10,30,-8.10460873212868,32.0269860529996,35.7233756642147,36.5430195258245,542.987242099119
284,15,544.571522800377,10,45,-8.10460873212868,24.5409724493628,50.3146916433987,49.4477825833542,354.048158165982
284,16,381.641318292278,10,60,-8.10460873212868,15.3970099670002,62.7845659347931,63.2308786555219,171.889887376948
284,17,196.53150757478,10,75,-8.10460873212868,5.22204233493769,73.7939222553276,77.4207847850406,42.8024399320664
284,18,1.00570801497498e-13,10,90,-8.10460873212868,-5.52241988280697,84.0588713260374,91.8239813841155,0
284,19,0,10,105,-8.10460873212868,-16.4683821376884,85.7012277673057,102.096865851077,0
284,20,0,10,120,-8.10460873212868,-27.2565983478002,74.6801321420915,106.211483766186,0
284,21,0,10,135,-8.10460873212868,-37.4316329384505,61.8335663847241,109.813909739949,0
284,22,0,10,150,-8.10460873212868,-46.2852381689713,45.7490898248594,112.63376115908,0
284,23,0,10,165,-8.10460873212868,-52.6614227480033,24.990201180363,114.435976625444,0
285,0,0,10,-180,-8.48218698561302,-55.434086985613,-1.22321508156347e-14,115.434086985613,0
285,1,0,10,-165,-8.48218698561302,-53.0200124286676,-25.1859407182039,114.812251657296,0
285,2,0,10,-150,-8.48218698561302,-46.6053556935054,-46.0396744080019,113.006586727486,0
285,3,0,10,-135,-8.48218698561302,-37.7179222213483,-62.1441797796513,110.182288322496,0
285,4,0,10,-120,-8.48218698561302,-27.5214286474063,-74.9832384496788,106.575748368181,0
285,5,0,10,-105,-8.48218698561302,-16.7237636118286,-85.9914280431441,102.458420538358,0
285,6,195.884186154356,10,-90,-8.48218698561302,-5.77870912048993,-83.7802426707342,91.9083799920419,0
285,7,380.384295419466,10,-75,-8.48218698561302,4.95564731343964,-73.5252831757146,77.5212634048062,82.1924037410564
285,8,542.777852075454,10,-60,-8.48218698561302,15.1120248784325,-62.5278330580929,63.355002786584,243.414792378503
285,9,673.627132886034,10,-45,-8.48218698561302,24.2300471630206,-50.0794867271753,49.6079862438399,436.519642326707
285,10,765.327653268279,10,-30,-8.48218698561302,31.6861317550597,-35.532138993537,36.7612973424233,613.131398578359
285,11,812.550112295402,10,-15,-8.48218698561302,36.6890904360642,-18.6164299629829,26.1826033217088,729.176281118562
285,12,812.550112295402,10,0,-8.48218698561302,38.469713014387,0,21.530286985613,755.853374055113
285,13,765.327653268279,10,15,-8.48218698561302,36.6890904360642,18.6164299629829,26.1826033217088,686.799206107891
285,14,673.627132886034,10,30,-8.48218698561302,31.6861317550597,35.532138993537,36.7612973424233,539.666826806744
285,15,542.777852075454,10,45,-8.48218698561302,24.2300471630206,50.0794867271753,49.6079862438399,351.727509602735
285,16,380.384295419466,10,60,-8.48218698561302,15.1120248784325,62.5278330580929,63.355002786584,170.587587425548
285,17,195.884186154356,10,75,-8.48218698561302,4.95564731343964,73.5252831757146,77.5212634048062,42.3261220527853
285,18,1.00239548586034e-13,10,90,-8.48218698561302,-5.77870912048993,83.7802426707342,91.9083799920419,0
285,19,0,10,105,-8.48218698561302,-16.7237636118286,85.9914280431441,102.458420538358,0
285,20,0,10,120,-8.48218698561302,-27.5214286474063,74.9832384496788,106.575748368181,0
285,21,0,10,135,-8.48218698561302,-37.7179222213483,62.1441797796513,110.182288322496,0
285,22,0,10,150,-8.48218698561302,-46.6053556935054,46.0396744080019,113.006586727486,0
285,23,0,10,165,-8.48218698561302,-53.0200124286676,25.1859407182039,114.812251657296,0
286,0,0,10,-180,-8.85725178403298,-55.809151784033,-1.23374314571971e-14,115.809151784033,0
286,1,0,10,-165,-8.85725178403298,-53.3758916130706,-25.3836239332352,115.186014037343,0
286,2,0,10,-150,-8.85725178403298,-46.9226052649626,-46.3317407972462,113.37690423994,0
286,3,0,10,-135,-8.85725178403298,-38.0014927400796,-62.4551079401886,110.548171001039,0
286,4,0,10,-120,-8.85725178403298,-27.7838423662089,-75.2857741059808,106.937537249207,0
286,5,0,10,-105,-8.85725178403298,-16.9770429752659,-86.2804664698294,102.817523161611,0
286,6,195.208958640425,10,-90,-8.85725178403298,-6.03315780800475,-83.5032190159054,91.9921388006855,0
286,7,379.073082160362,10,-75,-8.85725178403298,4.69091837939309,-73.2586467963141,77.6215795388128,81.2609352763867
286,8,540.906856019729,10,-60,-8.85725178403298,14.8286509728265,-62.2734914704522,63.4794019120462,241.525468177492
286,9,671.305089523653,10,-45,-8.85725178403298,23.9208356163542,-49.8469828740162,49.7688380415306,433.577835233406
286,10,762.68951131918,10,-30,-8.85725178403298,31.3472660493798,-35.3435614313839,36.980306571626,609.268655472646
286,11,809.749190980411,10,-15,-8.85725178403298,36.3245575450926,-18.5066273168672,26.4912047940436,724.727829492164
286,12,809.749190980411,10,0,-8.85725178403298,38.094648215967,0,21.905351784033,751.286441510884
286,13,762.68951131918,10,15,-8.85725178403298,36.3245575450926,18.5066273168672,26.4912047940436,682.609282320555
286,14,671.305089523653,10,30,-8.85725178403298,31.3472660493798,35.3435614313839,36.980306571626,536.266912335779
286,15,540.906856019729,10,45,-8.85725178403298,23.9208356163542,49.8469828740162,49.7688380415306,349.357136354138
286,16,379.073082160362,10,60,-8.85725178403298,14.8286509728265,62.2734914704522,63.4794019120462,169.263529613917
286,17,195.208958640425,10,75,-8.85725178403298,4.69091837939309,73.2586467963141,77.6215795388128,41.8464494050776
286,18,9.98940153272337e-14,10,90,-8.85725178403298,-6.03315780800475,83.5032190159054,91.9921388006855,0
286,19,0,10,105,-8.85725178403298,-16.9770429752659,86.2804664698294,102.817523161611,0
286,20,0,10,120,-8.85725178403298,-27.7838423662089,75.2857741059808,106.937537249207,0
286,21,0,10,135,-8.85725178403298,-38.0014927400796,62.4551079401886,110.548171001039,0
286,22,0,10,150,-8.85725178403298,-46.9226052649626,46.3317407972462,113.37690423994,0
286,23,0,10,165,-8.85725178403298,-53.3758916130706,25.3836239332352,115.186014037343,0
287,0,0,10,-180,-9.22969198759413,-56.1815919875941,-1.24440024214951e-14,116.181591987594,0
287,1,0,10,-165,-9.22969198759413,-53.7289519031176,-25.5832187626107,115.557152991399,0
287,2,0,10,-150,-9.22969198759413,-47.2368911529469,-46.6252023681687,113.744603888253,0
287,3,0,10,-135,-9.22969198759413,-38.2822626283334,-62.7662455105159,110.911449190902,0
287,4,0,10,-120,-9.22969198759413,-28.0437647737606,-75.5876391350861,107.296742888764,0
287,5,0,10,-105,-9.22969198759413,-17.22814596073,-86.5682546617531,103.17406677842,0
287,6,194.506025117472,10,-90,-9.22969198759413,-6.28568729076802,-83.2278765414523,92.075231201407,0
287,7,377.708067055751,10,-75,-9.22969198759413,4.42794192679467,-72.9940763121752,77.7216885672387,80.3235951607732
287,8,538.959089049712,10,-60,-9.22969198759413,14.546984337352,-62.0215882762978,63.6040083981013,239.606397340319
287,9,668.887767824683,10,-45,-9.22969198759413,23.6134434413562,-49.6172055637409,49.9302376179571,430.576337502535
287,10,759.943120841793,10,-30,-9.22969198759413,31.0105007089576,-35.157643796719,37.199898826454,605.318243067627
287,11,806.83334195643,10,-15,-9.22969198759413,35.9624770954652,-18.3986050141635,26.7992045968554,720.173048998191
287,12,806.833341956431,10,0,-9.22969198759413,37.7222080124059,0,22.2777919875941,746.60866071187
287,13,759.943120841794,10,15,-9.22969198759413,35.9624770954652,18.3986050141635,26.7992045968554,678.319209112938
287,14,668.887767824683,10,30,-9.22969198759413,31.0105007089576,35.157643796719,37.199898826454,532.789832981928
287,15,538.959089049712,10,45,-9.22969198759413,23.6134434413562,49.6172055637409,49.9302376179571,346.938667127116
287,16,377.708067055751,10,60,-9.22969198759413,14.546984337352,62.0215882762978,63.6040083981013,167.918625054038
287,17,194.506025117472,10,75,-9.22969198759413,4.42794192679467,72.9940763121752,77.7216885672387,41.3637530690096
287,18,9.95343041100595e-14,10,90,-9.22969198759413,-6.28568729076802,83.2278765414523,92.075231201407,0
287,19,0,10,105,-9.22969198759413,-17.22814596073,86.5682546617531,103.17406677842,0
287,20,0,10,120,-9.22969198759413,-28.0437647737606,75.5876391350861,107.296742888764,0
287,21,0,10,135,-9.22969198759413,-38.2822626283334,62.7662455105159,110.911449190902,0
287,22,0,10,150,-9.22969198759413,-47.2368911529469,46.6252023681687,113.744603888253,0
287,23,0,10,165,-9.22969198759413,-53.7289519031176,25.5832187626107,115.557152991399,0
288,0,0,10,-180,-9.5993972342263,-56.5512972342263,-1.25518561533907e-14,116.551297234226,0
288,1,0,10,-165,-9.5993972342263,-54.0790860252014,-25.784689533772,115.925558532698,0
288,2,0,10,-150,-9.5993972342263,-47.5481193241237,-46.9199680814046,114.109576674455,0
288,3,0,10,-135,-9.5993972342263,-38.5601518105022,-63.0774841861529,111.272015139799,0
288,4,0,10,-120,-9.5993972342263,-28.3011226754244,-75.8887319787643,107.653258609239,0
288,5,0,10,-105,-9.5993972342263,-17.4769995017287,-86.8547035246256,103.527945285395,0
288,6,193.775593879871,10,-90,-9.5993972342263,-6.53621982070454,-82.9542915685437,92.1576309872156,0
288,7,376.289654589069,10,-75,-9.5993972342263,4.16680364769732,-72.7316346551702,77.8215457450112,79.3810231924268
288,8,536.935128330794,10,-60,-9.5993972342263,14.2671204422668,-61.7721700516597,63.7287540792116,237.658887106201
288,9,666.375884093713,10,-45,-9.5993972342263,23.3079756099837,-49.3901797305751,50.092083985056,427.517191731153
288,10,757.08929565089,10,-30,-9.5993972342263,30.6759467384315,-34.9743867304528,37.41992612927,601.282848356285
288,11,803.803429252457,10,-15,-9.5993972342263,35.6029606556209,-18.2923513721408,27.10642539075,715.51503692245
288,12,803.803429252457,10,0,-9.5993972342263,37.3525027657737,0,22.6474972342263,741.823212338016
288,13,757.089295650891,10,15,-9.5993972342263,35.6029606556209,18.2923513721408,27.10642539075,673.931903767854
288,14,666.375884093713,10,30,-9.5993972342263,30.6759467384315,34.9743867304528,37.41992612927,529.237953786323
288,15,536.935128330794,10,45,-9.5993972342263,23.3079756099837,49.3901797305751,50.092083985056,344.47374775271
288,16,376.28965458907,10,60,-9.5993972342263,14.2671204422668,61.7721700516597,63.7287540792116,166.553789872582
288,17,193.775593879872,10,75,-9.5993972342263,4.16680364769732,72.7316346551702,77.8215457450112,40.8783625175731
288,18,9.9160521524708e-14,10,90,-9.5993972342263,-6.53621982070454,82.9542915685437,92.1576309872156,0
288,19,0,10,105,-9.5993972342263,-17.4769995017287,86.8547035246256,103.527945285395,0
288,20,0,10,120,-9.5993972342263,-28.3011226754244,75.8887319787643,107.653258609239,0
288,21,0,10,135,-9.5993972342263,-38.5601518105022,63.0774841861529,111.272015139799,0
288,22,0,10,150,-9.5993972342263,-47.5481193241237,46.9199680814046,114.109576674455,0
288,23,0,10,165,-9.5993972342263,-54.0790860252014,25.784689533772,115.925558532698,0
289,0,0,10,-180,-9.96625797228601,-56.918157972286,-1.26609831759608e-14,116.918157972286,0
289,1,0,10,-165,-9.96625797228601,-54.4261878816175,-25.9879967820672,116.291121494779,0
289,2,0,10,-150,-9.96625797228601,-47.8561975020747,-47.2159423852939,114.471714444038,0
289,3,0,10,-135,-9.96625797228601,-38.8350820458254,-63.3887127110349,111.629761961351,0
289,4,0,10,-120,-9.96625797228601,-28.5558444441709,-76.1889495181126,108.006978609504,0
289,5,0,10,-105,-9.96625797228601,-17.7235317610925,-87.1397232740446,103.879053451739,0
289,6,193.017881370162,10,-90,-9.96625797228601,-6.7846785875162,-82.6825405515249,92.239312364717,0
289,7,374.818265066542,10,-75,-9.96625797228601,3.9075884954889,-72.4713844995568,77.9211062370163,78.4338552299182
289,8,534.835573606215,10,-60,-9.96625797228601,13.9891540990306,-61.5252828661752,63.8535703234933,235.684250062051
289,9,663.770182656104,10,-45,-9.96625797228601,23.0045363908572,-49.1659298001059,50.2542756325328,424.402458843513
289,10,754.128881396465,10,-30,-9.96625797228601,30.3437143350213,-34.793790731442,37.6402410480234,597.165189345069
289,11,800.660350697016,10,-15,-9.96625797228601,35.2461189556143,-18.187854963439,27.4126933756553,710.756930279702
289,12,800.660350697016,10,0,-9.96625797228601,36.985642027714,0,23.014357972286,736.933319118215
289,13,754.128881396466,10,15,-9.96625797228601,35.2461189556143,18.187854963439,27.4126933756553,669.450320988169
289,14,663.770182656104,10,30,-9.96625797228601,30.3437143350213,34.793790731442,37.6402410480234,525.61366708757
289,15,534.835573606215,10,45,-9.96625797228601,23.0045363908572,49.1659298001059,50.2542756325328,341.964038829171
289,16,374.818265066542,10,60,-9.96625797228601,13.9891540990306,61.5252828661752,63.8535703234933,165.169943943947
289,17,193.017881370162,10,75,-9.96625797228601,3.9075884954889,72.4713844995568,77.9211062370163,40.3906051949874
289,18,9.87727783310263e-14,10,90,-9.96625797228601,-6.7846785875162,82.6825405515249,92.239312364717,0
289,19,0,10,105,-9.96625797228601,-17.7235317610925,87.1397232740446,103.879053451739,0
289,20,0,10,120,-9.96625797228601,-28.5558444441709,76.1889495181126,108.006978609504,0
289,21,0,10,135,-9.96625797228601,-38.8350820458254,63.3887127110349,111.629761961351,0
289,22,0,10,150,-9.96625797228601,-47.8561975020747,47.2159423852939,114.471714444038,0
289,23,0,10,165,-9.96625797228601,-54.4261878816175,25.9879967820672,116.291121494779,0
290,0,0,10,-180,-10.3301654930191,-57.2820654930191,-1.27713719602209e-14,117.282065493019,0
290,1,0,10,-165,-10.3301654930191,-54.7701526020723,-26.1930970661417,116.653733564105,0
290,2,0,10,-150,-10.3301654930191,-48.1610352260453,-47.5130251249333,114.830909918905,0
290,3,0,10,-135,-10.3301654930191,-39.1069769704874,-63.6998168811297,111.98458366826,0
290,4,0,10,-120,-10.3301654930191,-28.8078600504515,-76.4881870993518,108.357797998128,0
290,5,0,10,-105,-10.3301654930191,-17.9676721580322,-87.4232234566144,104.227286952413,0
290,6,192.233112114914,10,-90,-10.3301654930191,-7.03098774884096,-82.4127000681243,92.3202499653746,0
290,7,373.294334492641,10,-75,-10.3301654930191,3.65038064907087,-72.2133882662076,78.020325153107,77.4827223843133
290,8,532.661047019353,10,-60,-10.3301654930191,13.713179419277,-61.2809723036831,63.9783880978537,233.683802337961
290,9,661.071435637427,10,-45,-10.3301654930191,22.7032293068321,-48.9444797242633,50.4167106334707,421.23421515689
290,10,751.062755313153,10,-30,-10.3301654930191,30.013912850182,-34.6158561900625,37.8606968255307,592.968011114751
290,11,797.405037652115,10,-15,-10.3301654930191,34.892061853653,-18.0851046278802,27.7178382290498,705.90190122731
290,12,797.405037652116,10,0,-10.3301654930191,36.6217345069809,0,23.3782654930191,731.942241106113
290,13,751.062755313154,10,15,-10.3301654930191,34.892061853653,18.0851046278802,27.7178382290498,664.87744857699
290,14,661.071435637427,10,30,-10.3301654930191,30.013912850182,34.6158561900625,37.8606968255307,521.91938905459
290,15,532.661047019353,10,45,-10.3301654930191,22.7032293068321,48.9444797242633,50.4167106334707,339.411213357743
290,16,373.294334492641,10,60,-10.3301654930191,13.713179419277,61.2809723036831,63.9783880978537,163.768009625621
290,17,192.233112114914,10,75,-10.3301654930191,3.65038064907087,72.2133882662076,78.020325153107,39.9008061006779
290,18,9.83711894256907e-14,10,90,-10.3301654930191,-7.03098774884096,82.4127000681243,92.3202499653746,0
290,19,0,10,105,-10.3301654930191,-17.9676721580322,87.4232234566144,104.227286952413,0
290,20,0,10,120,-10.3301654930191,-28.8078600504515,76.4881870993518,108.357797998128,0
290,21,0,10,135,-10.3301654930191,-39.1069769704874,63.6998168811297,111.98458366826,0
290,22,0,10,150,-10.3301654930191,-48.1610352260453,47.5130251249333,114.830909918905,0
290,23,0,10,165,-10.3301654930191,-54.7701526020723,26.1930970661417,116.653733564105,0
291,0,0,10,-180,-10.6910119627734,-57.6429119627734,-1.28830087902867e-14,117.642911962773,0
291,1,0,10,-165,-10.6910119627734,-55.1108765952219,-26.3999427816946,117.013287312419,0
291,2,0,10,-150,-10.6910119627734,-48.4625439084181,-47.8111114583658,115.187056730002,0
291,3,0,10,-135,-10.6910119627734,-39.37576213753,-64.0106795548836,112.336375205112,0
291,4,0,10,-120,-10.6910119627734,-29.057101090067,-76.7863385638665,108.705612826175,0
291,5,0,10,-105,-10.6910119627734,-18.2093513936633,-87.7051129736629,104.572542400867,0
291,6,191.421518658194,10,-90,-10.6910119627734,-7.27507245926872,-82.1448468079203,92.4004188560707,0
291,7,371.718314440883,10,-75,-10.6910119627734,3.39526347796307,-71.9577081254701,78.119157582862,76.5282502238785
291,8,530.412192929365,10,-60,-10.6910119627734,13.4392897746607,-61.0392834813747,64.1031380327901,231.658861809824
291,9,658.280442734668,10,-45,-10.6910119627734,22.4041570934474,-48.7258530143296,50.5792867480636,418.014549444832
291,10,747.891825960285,10,-30,-10.6910119627734,29.6866507519654,-34.4405834194272,38.0811475019799,588.694081868328
291,11,794.038454737267,10,-15,-10.6910119627734,34.5408983030173,-17.9840894828653,28.021693044614,700.953152458453
291,12,794.038454737267,10,0,-10.6910119627734,36.2608880372266,0,23.7391119627734,726.853270933187
291,13,747.891825960285,10,15,-10.6910119627734,34.5408983030173,17.9840894828653,28.021693044614,660.216303098609
291,14,658.280442734668,10,30,-10.6910119627734,29.6866507519654,34.4405834194272,38.0811475019799,518.157556208056
291,15,530.412192929365,10,45,-10.6910119627734,22.4041570934474,48.7258530143296,50.5792867480636,336.816954376362
291,16,371.718314440883,10,60,-10.6910119627734,13.4392897746607,61.0392834813747,64.1031380327901,162.348910498573
291,17,191.421518658194,10,75,-10.6910119627734,3.39526347796307,71.9577081254701,78.119157582862,39.4092873797286
291,18,9.79558738081609e-14,10,90,-10.6910119627734,-7.27507245926872,82.1448468079203,92.4004188560707,0
291,19,0,10,105,-10.6910119627734,-18.2093513936633,87.7051129736629,104.572542400867,0
291,20,0,10,120,-10.6910119627734,-29.057101090067,76.7863385638665,108.705612826175,0
291,21,0,10,135,-10.6910119627734,-39.37576213753,64.0106795548836,112.336375205112,0
291,22,0,10,150,-10.6910119627734,-48.4625439084181,47.8111114583658,115.187056730002,0
291,23,0,10,165,-10.6910119627734,-55.1108765952219,26.3999427816946,117.013287312419,0
292,0,0,10,-180,-11.0486904549521,-58.0005904549521,-1.29958776241307e-14,118.000590454952,0
292,1,0,10,-165,-11.0486904549521,-55.4482576001755,-26.6084819742639,117.369676228823,0
292,2,0,10,-150,-11.0486904549521,-48.760636890741,-48.1100917806581,115.540049449629,0
292,3,0,10,-135,-11.0486904549521,-39.6413650544493,-64.3211806707741,112.685032480798,0
292,4,0,10,-120,-11.0486904549521,-29.3035008099588,-77.0832962825687,109.050320119576,0
292,5,0,10,-105,-11.0486904549521,-18.4485014749543,-87.9853001075911,104.914717381322,0
292,6,190.583341492658,10,-90,-11.0486904549521,-7.51685889818458,-81.8790575590377,92.4797945489568,0
292,7,370.090671920023,10,-75,-11.0486904549521,3.14231950835726,-71.7044059986239,78.2175586300514,75.5710579928623
292,8,528.089677720253,10,-60,-11.0486904549521,13.1675777575947,-60.8002610674742,64.2277504867646,229.61074631293
292,9,655.398030979258,10,-45,-11.0486904549521,22.1074216582521,-48.5100727719823,50.7419015253712,414.745560004248
292,10,744.617032952661,10,-30,-11.0486904549521,29.3620355880829,-34.2679726843141,38.3014480308617,584.346188974815
292,11,790.561599543644,10,-15,-11.0486904549521,34.1927363193618,-17.8847989324269,28.3240942717413,695.913912585313
292,12,790.561599543644,10,0,-11.0486904549521,35.9032095450479,0,24.0967904549521,721.669729049878
292,13,744.617032952661,10,15,-11.0486904549521,34.1927363193618,17.8847989324269,28.3240942717413,655.469925530004
292,14,655.398030979259,10,30,-11.0486904549521,29.3620355880829,34.2679726843141,38.3014480308617,514.33062193821
292,15,528.089677720253,10,45,-11.0486904549521,22.1074216582521,48.5100727719823,50.7419015253712,334.182952596452
292,16,370.090671920023,10,60,-11.0486904549521,13.1675777575947,60.8002610674742,64.2277504867646,160.913570115311
292,17,190.583341492658,10,75,-11.0486904549521,3.14231950835726,71.7044059986239,78.2175586300514,38.9163679205824
292,18,9.75269545454176e-14,10,90,-11.0486904549521,-7.51685889818458,81.8790575590377,92.4797945489568,0
292,19,0,10,105,-11.0486904549521,-18.4485014749543,87.9853001075911,104.914717381322,0
292,20,0,10,120,-11.0486904549521,-29.3035008099588,77.0832962825687,109.050320119576,0
292,21,0,10,135,-11.0486904549521,-39.6413650544493,64.3211806707741,112.685032480798,0
292,22,0,10,150,-11.0486904549521,-48.760636890741,48.1100917806581,115.540049449629,0
292,23,0,10,165,-11.0486904549521,-55.4482576001755,26.6084819742639,117.369676228823,0
293,0,0,10,-180,-11.4030949816988,-58.3549949816988,-1.31099599501401e-14,118.354994981699,0
293,1,0,10,-165,-11.4030949816988,-55.7821947378843,-26.8186581517773,117.722794751562,0
293,2,0,10,-150,-11.4030949816988,-49.0552294981279,-48.4098516566276,115.889783623403,0
293,3,0,10,-135,-11.4030949816988,-39.9037152183362,-64.6311972722265,113.030452400529,0
293,4,0,10,-120,-11.4030949816988,-29.5469941318454,-77.3789511946588,109.391817911051,0
293,5,0,10,-105,-11.4030949816988,-18.6850557370558,-88.2636925508883,105.253710480601,0
293,6,189.718828988291,10,-90,-11.4030949816988,-7.75627429640977,-81.615409193047,92.5583530105845,0
293,7,368.411889235667,10,-75,-11.4030949816988,2.89163039014273,-71.4535435579068,78.3154834467644,74.6117578458136
293,8,525.694189603397,10,-60,-11.4030949816988,12.8981351428926,-60.5639492974245,64.3521556100715,227.540771870225
293,9,652.425054492008,10,-45,-11.4030949816988,21.8131240410124,-48.2971617183801,50.9044524030015,411.42935173275
293,10,741.239346682126,10,-30,-11.4030949816988,29.0401739496634,-34.0980242278773,38.5214543885442,579.92713501771
293,11,786.975502338478,10,-15,-11.4030949816988,33.8476829484066,-17.7872226750127,28.6248816562622,690.787431522578
293,12,786.975502338478,10,0,-11.4030949816988,35.5488050183012,0,24.4511949816988,716.39495896545
293,13,741.239346682127,10,15,-11.4030949816988,33.8476829484066,17.7872226750127,28.6248816562622,650.641376912635
293,14,652.425054492008,10,30,-11.4030949816988,29.0401739496634,34.0980242278773,38.5214543885442,510.441053026803
293,15,525.694189603397,10,45,-11.4030949816988,21.8131240410124,48.2971617183801,50.9044524030015,331.510904047981
293,16,368.411889235667,10,60,-11.4030949816988,12.8981351428926,60.5639492974245,64.3521556100715,159.462910758239
293,17,189.718828988291,10,75,-11.4030949816988,2.89163039014273,71.4535435579068,78.3154834467644,38.4223629607426
293,18,9.70845587354952e-14,10,90,-11.4030949816988,-7.75627429640977,81.615409193047,92.5583530105845,0
293,19,0,10,105,-11.4030949816988,-18.6850557370558,88.2636925508883,105.253710480601,0
293,20,0,10,120,-11.4030949816988,-29.5469941318454,77.3789511946588,109.391817911051,0
293,21,0,10,135,-11.4030949816988,-39.9037152183362,64.6311972722265,113.030452400529,0
293,22,0,10,150,-11.4030949816988,-49.0552294981279,48.4098516566276,115.889783623403,0
293,23,0,10,165,-11.4030949816988,-55.7821947378843,26.8186581517773,117.722794751562,0
294,0,0,10,-180,-11.7541205253035,-58.7060205253035,-1.3225234639733e-14,118.706020525303,0
294,1,0,10,-165,-11.7541205253035,-56.1125885623359,-27.0304100976778,118.072538299517,0
294,2,0,10,-150,-11.7541205253035,-49.3462390918466,-48.7102717629898,116.236155801873,0
294,3,0,10,-135,-11.7541205253035,-40.1627441484322,-64.94060354014,113.372532897438,0
294,4,0,10,-120,-11.7541205253035,-29.7875176736383,-77.6731928508417,109.73000527157,0
294,5,0,10,-105,-11.7541205253035,-18.9189488639721,-88.5401974378334,105.58942131946,0
294,6,188.828237318805,10,-90,-11.7541205253035,-7.99324696161489,-81.353978648043,92.6360706703098,0
294,7,366.682463847356,10,-75,-11.7541205253035,2.64327686492316,-71.2051822250828,78.4128872671583,73.6509540988501
294,8,523.226438413625,10,-60,-11.7541205253035,12.6310528503265,-60.3303919885586,64.4762834081189,225.45025093893
294,9,649.362394230014,10,-45,-11.7541205253035,21.5213643747998,-48.0871422213041,51.0668368046386,408.068033222545
294,10,737.759768030019,10,-30,-11.7541205253035,28.721171435702,-33.9307382962068,38.7410236777157,575.439733856861
294,11,783.281225759765,10,-15,-11.7541205253035,33.5058442340154,-17.6913507100614,28.9238981826728,685.576975881558
294,12,783.281225759765,10,0,-11.7541205253035,35.1977794746965,0,24.8022205253035,711.032322497222
294,13,737.75976803002,10,15,-11.7541205253035,33.5058442340154,17.6913507100614,28.9238981826728,645.733734014235
294,14,649.362394230014,10,30,-11.7541205253035,28.721171435702,33.9307382962068,38.7410236777157,506.491326180813
294,15,523.226438413625,10,45,-11.7541205253035,21.5213643747998,48.0871422213041,51.0668368046386,328.802507737853
294,16,366.682463847356,10,60,-11.7541205253035,12.6310528503265,60.3303919885586,64.4762834081189,157.997852210862
294,17,188.828237318805,10,75,-11.7541205253035,2.64327686492316,71.2051822250828,78.4128872671583,37.9275837012034
294,18,9.66288174698198e-14,10,90,-11.7541205253035,-7.99324696161489,81.353978648043,92.6360706703098,0
294,19,0,10,105,-11.7541205253035,-18.9189488639721,88.5401974378334,105.58942131946,0
294,20,0,10,120,-11.7541205253035,-29.7875176736383,77.6731928508417,109.73000527157,0
294,21,0,10,135,-11.7541205253035,-40.1627441484322,64.94060354014,113.372532897438,0
294,22,0,10,150,-11.7541205253035,-49.3462390918466,48.7102717629898,116.236155801873,0
294,23,0,10,165,-11.7541205253035,-56.1125885623359,27.0304100976778,118.072538299517,0
295,0,0,10,-180,-12.1016630693218,-59.0535630693218,-1.33416777963465e-14,119.053563069322,0
295,1,0,10,-165,-12.1016630693218,-56.4393411114595,-27.2436716855135,118.418803303377,0
295,2,0,10,-150,-12.1016630693218,-49.6335851199027,-49.0112278407038,116.57906357176,0
295,3,0,10,-135,-12.1016630693218,-40.4183854159671,-65.2492708332475,113.711172963744,0
295,4,0,10,-120,-12.1016630693218,-30.0250097685689,-77.9659094610439,110.064782341333,0
295,5,0,10,-105,-12.1016630693218,-19.1501169075411,-88.8147213789049,105.921750583435,0
295,6,187.911830385732,10,-90,-12.1016630693218,-8.22770630248097,-81.0948429098866,92.7129244279642,0
295,7,364.902908221157,10,-75,-12.1016630693218,2.39733873504362,-70.9593831685319,78.5097254407902,72.6892424992335
295,8,520.687155398872,10,-60,-12.1016630693218,12.3664209081134,-60.099632553241,64.6000638040507,223.340490679106
295,9,646.210957725608,10,-45,-12.1016630693218,21.2322418479586,-47.8800363203718,51.2289522353475,404.663713877105
295,10,734.17932807059,10,-30,-12.1016630693218,28.4051326181911,-33.7661151608082,38.9600142249283,570.886806712311
295,11,779.479864501385,10,-15,-12.1016630693218,33.1673251866688,-17.5971733434396,29.2209900181003,680.285824385039
295,12,779.479864501385,10,0,-12.1016630693218,34.8502369306782,0,25.1497630693218,705.585195039666
295,13,734.17932807059,10,15,-12.1016630693218,33.1673251866688,17.5971733434396,29.2209900181003,640.750085010141
295,14,646.210957725608,10,30,-12.1016630693218,28.4051326181911,33.7661151608082,38.9600142249283,502.483924585529
295,15,520.687155398873,10,45,-12.1016630693218,21.2322418479586,47.8800363203718,51.2289522353475,326.059463326652
295,16,364.902908221157,10,60,-12.1016630693218,12.3664209081134,60.099632553241,64.6000638040507,156.51931054438
295,17,187.911830385732,10,75,-12.1016630693218,2.39733873504362,70.9593831685319,78.5097254407902,37.4323369303072
295,18,9.61598657943643e-14,10,90,-12.1016630693218,-8.22770630248097,81.0948429098866,92.7129244279642,0
295,19,0,10,105,-12.1016630693218,-19.1501169075411,88.8147213789049,105.921750583435,0
295,20,0,10,120,-12.1016630693218,-30.0250097685689,77.9659094610439,110.064782341333,0
295,21,0,10,135,-12.1016630693218,-40.4183854159671,65.2492708332475,113.711172963744,0
295,22,0,10,150,-12.1016630693218,-49.6335851199027,49.0112278407038,116.57906357176,0
295,23,0,10,165,-12.1016630693218,-56.4393411114595,27.2436716855135,118.418803303377,0
296,0,0,10,-180,-12.4456196293973,-59.3975196293973,-1.34592626011719e-14,119.397519629397,0
296,1,0,10,-165,-12.4456196293973,-56.7623559576444,-27.4583716959572,118.761487236503,0
296,2,0,10,-150,-12.4456196293973,-49.917189165421,-49.3125906582916,116.918405586822,0
296,3,0,10,-135,-12.4456196293973,-40.6705746711515,-65.5570677365099,114.046272681469,0
296,4,0,10,-120,-12.4456196293973,-30.2594104819661,-78.2569879466672,110.396050360246,0
296,5,0,10,-105,-12.4456196293973,-19.3784973046886,-89.0871704978992,106.25060005317,0
296,6,186.969879740224,10,-90,-12.4456196293973,-8.45958285158707,-80.8380789915969,92.7888916607919,0
296,7,363.073749677807,10,-75,-12.4456196293973,2.15389483364401,-70.7162072988448,78.6059534654914,71.7272095145621
296,8,518.077093003499,10,-60,-12.4456196293973,12.1043284173386,-59.8717140104674,64.7234267006391,221.212791247664
296,9,642.97167881744,10,-45,-12.4456196293973,20.9458546669534,-47.675865750341,51.3906963745946,401.218501056736
296,10,730.49908776547,10,-30,-12.4456196293973,28.0921610079319,-33.6041551390675,39.1782856724791,566.271178278632
296,11,775.572544988717,10,-15,-12.4456196293973,32.8322297523322,-17.504681191798,29.5160064581843,674.917263312941
296,12,775.572544988717,10,0,-12.4456196293973,34.5062803706027,0,25.4937196293973,700.056960863766
296,13,730.49908776547,10,15,-12.4456196293973,32.8322297523322,17.504681191798,29.5160064581843,635.693525193628
296,14,642.97167881744,10,30,-12.4456196293973,28.0921610079319,33.6041551390675,39.1782856724791,498.421334484454
296,15,518.0770930035,10,45,-12.4456196293973,20.9458546669534,47.675865750341,51.3906963745946,323.28346882867
296,16,363.073749677808,10,60,-12.4456196293973,12.1043284173386,59.8717140104674,64.7234267006391,155.028196922115
296,17,186.969879740225,10,75,-12.4456196293973,2.15389483364401,70.7162072988448,78.6059534654914,36.9369246577049
296,18,9.56778426696308e-14,10,90,-12.4456196293973,-8.45958285158707,80.8380789915969,92.7888916607919,0
296,19,0,10,105,-12.4456196293973,-19.3784973046886,89.0871704978992,106.25060005317,0
296,20,0,10,120,-12.4456196293973,-30.2594104819661,78.2569879466672,110.396050360246,0
296,21,0,10,135,-12.4456196293973,-40.6705746711515,65.5570677365099,114.046272681469,0
296,22,0,10,150,-12.4456196293973,-49.917189165421,49.3125906582916,116.918405586822,0
296,23,0,10,165,-12.4456196293973,-56.7623559576444,27.4583716959572,118.761487236503,0
297,0,0,10,-180,-12.7858882837783,-59.7377882837783,-1.35779591560781e-14,119.737788283778,0
297,1,0,10,-165,-12.7858882837783,-57.0815382577613,-27.6744336373032,119.100488645444,0
297,2,0,10,-150,-12.7858882837783,-50.1969749926236,-49.6142259869034,117.254081598317,0
297,3,0,10,-135,-12.7858882837783,-40.9192496672003,-65.8638601177272,114.377733252683,0
297,4,0,10,-120,-12.7858882837783,-30.4906616256269,-78.5463139973966,110.723711697885,0
297,5,0,10,-105,-12.7858882837783,-19.6040288929298,-89.3574504717711,106.575872634215,0
297,6,186.002664502587,10,-90,-12.7858882837783,-8.6888082870048,-80.5837639108868,92.863950229648,0
297,7,361.19553023646,10,-75,-12.7858882837783,1.91302299575395,-70.47571526291,78.7015270197512,70.7654316428254
297,8,515.397024645323,10,-60,-12.7858882837783,11.8448635173244,-59.6466789959156,64.8463020413827,219.068444121267
297,9,639.64551737376,10,-45,-12.7858882837783,20.6623000200958,-47.4746519625282,51.551967166935,397.73449725903
297,10,726.720137649288,10,-30,-12.7858882837783,27.7823590210184,-33.4448586127719,39.3956990648686,561.595672878057
297,11,771.560425044861,10,-15,-12.7858882837783,32.5006607817242,-17.4138651859059,29.8087998750133,669.474581988612
297,12,771.560425044861,10,0,-12.7858882837783,34.1660117162217,0,25.8339882837783,694.451008456824
297,13,726.720137649288,10,15,-12.7858882837783,32.5006607817242,17.4138651859059,29.8087998750133,630.567152724527
297,14,639.64551737376,10,30,-12.7858882837783,27.7823590210184,33.4448586127719,39.3956990648686,494.306041793366
297,15,515.397024645324,10,45,-12.7858882837783,20.6623000200958,47.4746519625282,51.551967166935,320.476218340051
297,16,361.19553023646,10,60,-12.7858882837783,11.8448635173244,59.6466789959156,64.8463020413827,153.525416424182
297,17,186.002664502587,10,75,-12.7858882837783,1.91302299575395,70.47571526291,78.7015270197512,36.4416437590583
297,18,9.5182890929474e-14,10,90,-12.7858882837783,-8.6888082870048,80.5837639108868,92.863950229648,0
297,19,0,10,105,-12.7858882837783,-19.6040288929298,89.3574504717711,106.575872634215,0
297,20,0,10,120,-12.7858882837783,-30.4906616256269,78.5463139973966,110.723711697885,0
297,21,0,10,135,-12.7858882837783,-40.9192496672003,65.8638601177272,114.377733252683,0
297,22,0,10,150,-12.7858882837783,-50.1969749926236,49.6142259869034,117.254081598317,0
297,23,0,10,165,-12.7858882837783,-57.0815382577613,27.6744336373032,119.100488645444,0
298,0,0,10,-180,-13.1223682035187,-60.0742682035187,-1.36977343242366e-14,120.074268203519,0
298,1,0,10,-165,-13.1223682035187,-57.396794802571,-27.8917755705678,119.435707180128,0
298,2,0,10,-150,-13.1223682035187,-50.4728685902017,-49.9159945878917,117.58599248506,0
298,3,0,10,-135,-13.1223682035187,-41.1643502812672,-66.1695111925199,114.705457029271,0
298,4,0,10,-120,-13.1223682035187,-30.7187067697278,-78.8337721325699,111.047669882928,0
298,5,0,10,-105,-13.1223682035187,-19.8266519240904,-89.6254665731761,106.897472386273,0
298,6,185.01047127957,10,-90,-13.1223682035187,-8.91531545258357,-80.3319746658391,92.9380784844614,0
298,7,359.268806454071,10,-75,-13.1223682035187,1.67480003044167,-70.237967436484,78.7964019945767,69.8044747445098
298,8,512.647744486439,10,-60,-13.1223682035187,11.5881133519514,-59.424569770444,64.9686198707482,216.908730451423
298,9,636.233459007989,10,-45,-13.1223682035187,20.3816740421447,-47.276416144366,51.7126629103278,394.213797340062
298,10,722.84359750652,10,-30,-13.1223682035187,27.4758279459902,-33.2882260447507,39.6121169300762,556.863110660591
298,11,767.444693547544,10,-15,-13.1223682035187,32.172719999989,-17.3247165730209,30.0992256672134,663.961068315454
298,12,767.444693547545,10,0,-13.1223682035187,33.8295317964813,0,26.1704682035187,688.770725912754
298,13,722.84359750652,10,15,-13.1223682035187,32.172719999989,17.3247165730209,30.0992256672134,625.374064425247
298,14,636.233459007989,10,30,-13.1223682035187,27.4758279459902,33.2882260447507,39.6121169300762,490.140528755725
298,15,512.64774448644,10,45,-13.1223682035187,20.3816740421447,47.276416144366,51.7126629103278,317.639399799751
298,16,359.268806454071,10,60,-13.1223682035187,11.5881133519514,59.424569770444,64.9686198707482,152.011866894719
298,17,185.01047127957,10,75,-13.1223682035187,1.67480003044167,70.237967436484,78.7964019945767,35.9467856320991
298,18,9.46751572387766e-14,10,90,-13.1223682035187,-8.91531545258357,80.3319746658391,92.9380784844614,0
298,19,0,10,105,-13.1223682035187,-19.8266519240904,89.6254665731761,106.897472386273,0
298,20,0,10,120,-13.1223682035187,-30.7187067697278,78.8337721325699,111.047669882928,0
298,21,0,10,135,-13.1223682035187,-41.1643502812672,66.1695111925199,114.705457029271,0
298,22,0,10,150,-13.1223682035187,-50.4728685902017,49.9159945878917,117.58599248506,0
298,23,0,10,165,-13.1223682035187,-57.396794802571,27.8917755705678,119.435707180128,0
299,0,0,10,-180,-13.4549596823564,-60.4068596823564,-1.38185515690366e-14,120.406859682356,0
299,1,0,10,-165,-13.4549596823564,-57.7080340653919,-28.1103099403989,119.767043623687,0
299,2,0,10,-150,-13.4549596823564,-50.7447982118713,-50.217752213639,117.914040283054,0
299,3,0,10,-135,-13.4549596823564,-41.4058185321766,-66.4738815978074,115.029347542193,0
299,4,0,10,-120,-13.4549596823564,-30.9434912522307,-79.1192457670992,111.36782963203,0
299,5,0,10,-105,-13.4549596823564,-20.046308076229,-89.8911237157128,107.21530455189,0
299,6,183.993594079437,10,-90,-13.4549596823564,-9.13903837691218,-80.0827882087284,93.011255268961,0
299,7,357.294149260479,10,-75,-13.4549596823564,1.43930169402812,-70.0030239152414,78.8905345247948,68.8448933978824
299,8,509.830067197893,10,-60,-13.4549596823564,11.3341640369377,-59.2054282270372,65.0903103934997,214.734919454989
299,9,632.736514786657,10,-45,-13.4549596823564,20.1040717797827,-47.0811792371266,51.8726823420474,390.658485782029
299,10,718.870616039674,10,-30,-13.4549596823564,27.1726679116493,-33.1342579937042,39.8274033558924,552.076303859057
299,11,763.226570076835,10,-15,-13.4549596823564,31.8485079767758,-17.2372269183459,30.3871422122578,658.380004373325
299,12,763.226570076835,10,0,-13.4549596823564,33.4969403176436,0,26.5030596823564,683.019496382648
299,13,718.870616039674,10,15,-13.4549596823564,31.8485079767758,17.2372269183459,30.3871422122578,620.117351633092
299,14,632.736514786658,10,30,-13.4549596823564,27.1726679116493,33.1342579937042,39.8274033558924,485.927270646435
299,15,509.830067197893,10,45,-13.4549596823564,20.1040717797827,47.0811792371266,51.8726823420474,314.774692787936
299,16,357.294149260479,10,60,-13.4549596823564,11.3341640369377,59.2054282270372,65.0903103934997,150.488437813942
299,17,183.993594079437,10,75,-13.4549596823564,1.43930169402812,70.0030239152414,78.8905345247948,35.4526358646232
299,18,9.41547920499889e-14,10,90,-13.4549596823564,-9.13903837691218,80.0827882087284,93.011255268961,0
299,19,0,10,105,-13.4549596823564,-20.046308076229,89.8911237157128,107.21530455189,0
299,20,0,10,120,-13.4549596823564,-30.9434912522307,79.1192457670992,111.36782963203,0
299,21,0,10,135,-13.4549596823564,-41.4058185321766,66.4738815978074,115.029347542193,0
299,22,0,10,150,-13.4549596823564,-50.7447982118713,50.217752213639,117.914040283054,0
299,23,0,10,165,-13.4549596823564,-57.7080340653919,28.1103099403989,119.767043623687,0
300,0,0,10,-180,-13.7835641662585,-60.7354641662585,-1.39403707919614e-14,120.735464166258,0
300,1,0,10,-165,-13.7835641662585,-58.0151662498935,-28.3299434130818,120.094399921927,0
300,2,0,10,-150,-13.7835641662585,-51.0126944139089,-50.5193496223651,118.238128214689,0
300,3,0,10,-135,-13.7835641662585,-41.643598594846,-66.7768294738851,115.349309530239,0
300,4,0,10,-120,-13.7835641662585,-31.1649621857417,-79.4026172819198,111.684096878143,0
300,5,0,10,-105,-13.7835641662585,-20.2629404637411,-89.8456734981778,107.377513038018,0
300,6,182.952334224849,10,-90,-13.7835641662585,-9.35991229094592,-79.8362814179955,93.083459924673,0
300,7,355.272143789227,10,-75,-13.7835641662585,1.20660266437471,-69.7709445043049,78.9838810197709,67.8872302785123
300,8,506.944827718275,10,-60,-13.7835641662585,11.0831006280797,-58.9892958962042,65.2113040330634,212.548266843191
300,9,629.15572092981,10,-45,-13.7835641662585,19.8295871579601,-46.8889619518429,52.0319247221705,387.070634012874
300,10,714.8023705289,10,-30,-13.7835641662585,26.872977855535,-32.9829551272866,40.0414240615452,547.238053106842
300,11,758.907304553751,10,-15,-13.7835641662585,31.5281240967294,-17.1513881056249,30.6724108210355,652.734662083947
300,12,758.907304553752,10,0,-13.7835641662585,33.1683358337415,0,26.8316641662585,677.20069359518
300,13,714.8023705289,10,15,-13.7835641662585,31.5281240967294,17.1513881056249,30.6724108210355,614.800096117588
300,14,629.15572092981,10,30,-13.7835641662585,26.872977855535,32.9829551272866,40.0414240615452,481.668732530792
300,15,506.944827718275,10,45,-13.7835641662585,19.8295871579601,46.8889619518429,52.0319247221705,311.883766366246
300,16,355.272143789227,10,60,-13.7835641662585,11.0831006280797,58.9892958962042,65.2113040330634,148.956009197178
300,17,182.95233422485,10,75,-13.7835641662585,1.20660266437471,69.7709445043049,78.9838810197709,34.9594739149665
300,18,9.36219495585467e-14,10,90,-13.7835641662585,-9.35991229094592,79.8362814179955,93.083459924673,0
300,19,0,10,105,-13.7835641662585,-20.2629404637411,89.8456734981778,107.377513038018,0
300,20,0,10,120,-13.7835641662585,-31.1649621857417,79.4026172819198,111.684096878143,0
300,21,0,10,135,-13.7835641662585,-41.643598594846,66.7768294738851,115.349309530239,0
300,22,0,10,150,-13.7835641662585,-51.0126944139089,50.5193496223651,118.238128214689,0
300,23,0,10,165,-13.7835641662585,-58.0151662498935,28.3299434130818,120.094399921927,0
301,0,0,10,-180,-14.1080842826244,-61.0599842826244,-1.40631481701824e-14,121.059984282624,0
301,1,0,10,-165,-14.1080842826244,-58.3181033368694,-28.5505767230011,120.417679212418,0
301,2,0,10,-150,-14.1080842826244,-51.2764900894546,-50.8206326076087,118.55816071749,0
301,3,0,10,-135,-14.1080842826244,-41.8776368112965,-67.0782105551651,115.665248968249,0
301,4,0,10,-120,-14.1080842826244,-31.3830684617887,-79.6837680989303,111.996378798248,0
301,5,0,10,-105,-14.1080842826244,-20.4764936456321,-89.5850207266288,107.431365675046,0
301,6,181.887000263574,10,-90,-14.1080842826244,-9.57787364429028,-79.59253106839,93.1546722941912,0
301,7,353.203389204175,10,-75,-14.1080842826244,0.976776516252364,-69.5417887062598,79.0763981935147,66.9320155640271
301,8,503.992881006312,10,-60,-14.1080842826244,10.8350070904577,-58.7762139498361,65.3315314888783,210.35001329213
301,9,625.492138503945,10,-45,-14.1080842826244,19.5583129471068,-46.6997847834602,52.190289914623,383.452297783234
301,10,710.640066483145,10,-30,-14.1080842826244,26.5768554930543,-32.8343182335058,40.2540464648533,542.351143825882
301,11,754.488176869886,10,-15,-14.1080842826244,31.2116665303976,-17.0671923369269,30.9548956946941,647.028298954282
301,12,754.488176869886,10,0,-14.1080842826244,32.8438157173756,0,27.1561842826244,671.317677456131
301,13,710.640066483146,10,15,-14.1080842826244,31.2116665303976,17.0671923369269,30.9548956946941,609.425366071233
301,14,625.492138503945,10,30,-14.1080842826244,26.5768554930543,32.8343182335058,40.2540464648533,477.367366085258
301,15,503.992881006312,10,45,-14.1080842826244,19.5583129471068,46.6997847834602,52.190289914623,308.968276964273
301,16,353.203389204175,10,60,-14.1080842826244,10.8350070904577,58.7762139498361,65.3315314888783,147.415450522987
301,17,181.887000263574,10,75,-14.1080842826244,0.976776516252364,69.5417887062598,79.0763981935147,34.4675728054759
301,18,9.307678765718e-14,10,90,-14.1080842826244,-9.57787364429028,79.59253106839,93.1546722941912,0
301,19,0,10,105,-14.1080842826244,-20.4764936456321,89.5850207266288,107.431365675046,0
301,20,0,10,120,-14.1080842826244,-31.3830684617887,79.6837680989303,111.996378798248,0
301,21,0,10,135,-14.1080842826244,-41.8776368112965,67.0782105551651,115.665248968249,0
301,22,0,10,150,-14.1080842826244,-51.2764900894546,50.8206326076087,118.55816071749,0
301,23,0,10,165,-14.1080842826244,-58.3181033368694,28.5505767230011,120.417679212418,0
302,0,0,10,-180,-14.42842386914,-61.38032386914,-1.41868359947184e-14,121.38032386914,0
302,1,0,10,-165,-14.42842386914,-58.6167591298386,-28.7721045289928,120.736785853215,0
302,2,0,10,-150,-14.42842386914,-51.5361204993798,-51.121442043047,118.874043472399,0
302,3,0,10,-135,-14.42842386914,-42.1078816981597,-67.3778782696206,115.97707309479,0
302,4,0,10,-120,-14.42842386914,-31.5977607524887,-79.9625787603648,112.304583840494,0
302,5,0,10,-105,-14.42842386914,-20.6869136319509,-89.3270138352301,107.483973992185,0
302,6,180.797907877056,10,-90,-14.42842386914,-9.79286012013594,-79.3516137992996,93.2248727237305,0
302,7,351.088498521953,10,-75,-14.42842386914,0.749895697796391,-69.3156157076612,79.1680430941491,65.9797663650311
302,8,500.975101787522,10,-60,-14.42842386914,10.5899662686088,-58.5662232035356,65.4509237926895,208.141382957634
302,9,621.746853107603,10,-45,-14.42842386914,19.2903407312053,-46.5136680232526,52.3476784657822,379.805514605896
302,10,706.384937282927,10,-30,-14.42842386914,26.2843972872618,-32.688348230507,40.4651397451358,537.418342692157
302,11,749.970496508143,10,-15,-14.42842386914,30.8992322055575,-16.9846321316636,31.2344638837543,641.26415390655
302,12,749.970496508144,10,0,-14.42842386914,32.52347613086,0,27.47652386914,665.373789736045
302,13,706.384937282928,10,15,-14.42842386914,30.8992322055575,16.9846321316636,31.2344638837543,603.99621218186
302,14,621.746853107603,10,30,-14.42842386914,26.2843972872618,32.688348230507,40.4651397451358,473.025606486454
302,15,500.975101787522,10,45,-14.42842386914,19.2903407312053,46.5136680232526,52.3476784657822,306.029866316382
302,16,351.088498521953,10,60,-14.42842386914,10.5899662686088,58.5662232035356,65.4509237926895,145.86761969235
302,17,180.797907877056,10,75,-14.42842386914,0.749895697796391,69.3156157076612,79.1680430941491,33.9771988294532
302,18,9.25194678891256e-14,10,90,-14.42842386914,-9.79286012013594,79.3516137992996,93.2248727237305,0
302,19,0,10,105,-14.42842386914,-20.6869136319509,89.3270138352301,107.483973992185,0
302,20,0,10,120,-14.42842386914,-31.5977607524887,79.9625787603648,112.304583840494,0
302,21,0,10,135,-14.42842386914,-42.1078816981597,67.3778782696206,115.97707309479,0
302,22,0,10,150,-14.42842386914,-51.5361204993798,51.121442043047,118.874043472399,0
302,23,0,10,165,-14.42842386914,-58.6167591298386,28.7721045289928,120.736785853215,0
303,0,0,10,-180,-14.7444880022723,-61.6963880022723,-1.43113825101012e-14,121.696388002272,0
303,1,0,10,-165,-14.7444880022723,-58.9110492993124,-28.9944152820911,121.051625451166,0
303,2,0,10,-150,-14.7444880022723,-51.7915232995142,-51.4216139432741,119.185683431592,0
303,3,0,10,-135,-14.7444880022723,-42.3342839505983,-67.6756838469353,116.284690439272,0
303,4,0,10,-120,-14.7444880022723,-31.8089915095837,-80.2389290125315,112.608621750729,0
303,5,0,10,-105,-14.7444880022723,-20.8941478883793,-89.0717488412985,107.53534202398,0
303,6,179.685379786873,10,-90,-14.7444880022723,-10.0048106488424,-79.1136060812933,93.2940420649712,0
303,7,348.928098430314,10,-75,-14.7444880022723,0.52603150805025,-69.092484364049,79.2587731327197,65.030986183046
303,8,497.892384295018,10,-60,-14.7444880022723,10.3480598576645,-58.3593641174333,65.5694123637446,205.923582037157
303,9,617.920974549677,10,-45,-14.7444880022723,19.0257608767211,-46.3306317695428,52.5039916806337,376.132301262702
303,10,702.038243814862,10,-30,-14.7444880022723,25.995698419286,-32.5450461748012,40.6745749021018,532.442394185733
303,11,745.355602154715,10,-15,-14.7444880022723,30.5909167789666,-16.903700324887,31.5109852494727,635.445443203273
303,12,745.355602154715,10,0,-14.7444880022723,32.2074119977277,0,27.7925880022723,659.372349854708
303,13,702.038243814862,10,15,-14.7444880022723,30.5909167789666,16.903700324887,31.5109852494727,598.515663794505
303,14,617.920974549677,10,30,-14.7444880022723,25.995698419286,32.5450461748012,40.6745749021018,468.645869374568
303,15,497.892384295018,10,45,-14.7444880022723,19.0257608767211,46.3306317695428,52.5039916806337,303.070159452895
303,16,348.928098430314,10,60,-14.7444880022723,10.3480598576645,58.3593641174333,65.5694123637446,144.313362020836
303,17,179.685379786874,10,75,-14.7444880022723,0.52603150805025,69.092484364049,79.2587731327197,33.4886112720132
303,18,9.19501554002588e-14,10,90,-14.7444880022723,-10.0048106488424,79.1136060812933,93.2940420649712,0
303,19,0,10,105,-14.7444880022723,-20.8941478883793,89.0717488412985,107.53534202398,0
303,20,0,10,120,-14.7444880022723,-31.8089915095837,80.2389290125315,112.608621750729,0
303,21,0,10,135,-14.7444880022723,-42.3342839505983,67.6756838469353,116.284690439272,0
303,22,0,10,150,-14.7444880022723,-51.7915232995142,51.4216139432741,119.185683431592,0
303,23,0,10,165,-14.7444880022723,-58.9110492993124,28.9944152820911,121.051625451166,0
304,0,0,10,-180,-15.0561830253974,-62.0080830253974,-1.44367317565871e-14,122.008083025397,0
304,1,0,10,-165,-15.0561830253974,-59.2008914255576,-29.2173911062348,121.362104889837,0
304,2,0,10,-150,-15.0561830253974,-52.0426385640311,-51.7209795411117,119.492988845802,0
304,3,0,10,-135,-15.0561830253974,-42.556796442563,-67.9714764353286,116.588010848497,0
304,4,0,10,-120,-15.0561830253974,-32.0167149608306,-80.5126978938286,112.908403598403,0
304,5,0,10,-105,-15.0561830253974,-21.098145338977,-88.8193218556765,107.585474540907,0
304,6,178.54974565911,10,-90,-15.0561830253974,-10.2136654201704,-78.8785841809063,93.3621616762065,0
304,7,346.722829102431,10,-75,-15.0561830253974,0.305254075599392,-68.8724531834861,79.3485461113249,64.0861643962619
304,8,494.745642004523,10,-60,-15.0561830253974,10.1093683754559,-58.1556767955095,65.6869290628557,203.697797381324
304,9,614.015636520551,10,-45,-15.0561830253974,18.7646625023849,-46.1506959367642,52.6591316964903,372.434651383671
304,10,697.601274098032,10,-30,-15.0561830253974,25.7108527593969,-32.404413268003,40.8822248109371,527.426017232072
304,11,740.644861302394,10,-15,-15.0561830253974,30.2868146085425,-16.8243900649086,31.7843324274214,629.575356475404
304,12,740.644861302395,10,0,-15.0561830253974,31.8957169746026,0,28.1042830253974,653.316650770808
304,13,697.601274098032,10,15,-15.0561830253974,30.2868146085425,16.8243900649086,31.7843324274214,592.986725170363
304,14,614.015636520551,10,30,-15.0561830253974,25.7108527593969,32.404413268003,40.8822248109371,464.230547897108
304,15,494.745642004523,10,45,-15.0561830253974,18.7646625023849,46.1506959367642,52.6591316964903,300.090762749457
304,16,346.722829102431,10,60,-15.0561830253974,10.1093683754559,58.1556767955095,65.6869290628557,142.753509265556
304,17,178.54974565911,10,75,-15.0561830253974,0.305254075599392,68.8724531834861,79.3485461113249,33.0020621452649
304,18,9.13690188901567e-14,10,90,-15.0561830253974,-10.2136654201704,78.8785841809063,93.3621616762065,0
304,19,0,10,105,-15.0561830253974,-21.098145338977,88.8193218556765,107.585474540907,0
304,20,0,10,120,-15.0561830253974,-32.0167149608306,80.5126978938286,112.908403598403,0
304,21,0,10,135,-15.0561830253974,-42.556796442563,67.9714764353286,116.588010848497,0
304,22,0,10,150,-15.0561830253974,-52.0426385640311,51.7209795411117,119.492988845802,0
304,23,0,10,165,-15.0561830253974,-59.2008914255576,29.2173911062348,121.362104889837,0
305,0,0,11,-180,-15.363416576553,-62.315316576553,-1.45628234160556e-14,122.315316576553,0
305,1,0,11,-165,-15.363416576553,-59.4862050396781,-29.4409076935559,121.668132357012,0
305,2,0,11,-150,-15.363416576553,-52.2894088048002,-52.0193653819727,119.795869291145,0
305,3,0,11,-135,-15.363416576553,-42.7753742233255,-68.2651032269894,116.886945512618,0
305,4,0,11,-120,-15.363416576553,-32.2208871037385,-80.7837638269386,113.20384180184,0
305,5,0,11,-105,-15.363416576553,-21.2988563670881,-88.5698290220921,107.634377019557,0
305,6,177.391342006666,11,-90,-15.363416576553,-10.4193658941665,-78.6466241237064,93.4292134228038,0
305,7,344.473344007197,11,-75,-15.363416576553,0.0876323382936814,-68.6555803086435,79.437320250547,63.1457757738203
305,8,491.53580736369,11,-60,-15.363416576553,9.87397113558007,-57.955200983445,65.8034062452964,201.465195157534
305,9,610.031996256168,11,-45,-15.363416576553,18.5071334498207,-45.9738802629064,52.8130015542853,368.714533102841
305,10,693.075342902323,11,-30,-15.363416576553,25.4299528387124,-32.2664508621385,41.0879642737993,522.371901941082
305,11,735.839669845363,11,-15,-15.363416576553,29.9870187259757,-16.7466948102823,32.0543807932359,623.657052861253
305,12,735.839669845363,11,0,-15.363416576553,31.588483423447,0,28.411516576553,647.209954984809
305,13,693.075342902323,11,15,-15.363416576553,29.9870187259757,16.7466948102823,32.0543807932359,587.412371850108
305,14,610.031996256168,11,30,-15.363416576553,25.4299528387124,32.2664508621385,41.0879642737993,459.782009838662
305,15,491.53580736369,11,45,-15.363416576553,18.5071334498207,45.9738802629064,52.8130015542853,297.093262038218
305,16,344.473344007198,11,60,-15.363416576553,9.87397113558007,57.955200983445,65.8034062452964,141.188878688607
305,17,177.391342006666,11,75,-15.363416576553,0.0876323382936814,68.6555803086435,79.437320250547,32.5177959381844
305,18,9.07762305621094e-14,11,90,-15.363416576553,-10.4193658941665,78.6466241237064,93.4292134228038,0
305,19,0,11,105,-15.363416576553,-21.2988563670881,88.5698290220921,107.634377019557,0
305,20,0,11,120,-15.363416576553,-32.2208871037385,80.7837638269386,113.20384180184,0
305,21,0,11,135,-15.363416576553,-42.7753742233255,68.2651032269894,116.886945512618,0
305,22,0,11,150,-15.363416576553,-52.2894088048002,52.0193653819727,119.795869291145,0
305,23,0,11,165,-15.363416576553,-59.4862050396781,29.4409076935559,121.668132357012,0
306,0,0,11,-180,-15.6660976158073,-62.6179976158073,-1.46895926628365e-14,122.617997615807,0
306,1,0,11,-165,-15.6660976158073,-59.7669116628316,-29.6648342159205,121.969617371779,0
306,2,0,11,-150,-15.6660976158073,-52.5317789865192,-52.3165934357375,120.094235695442,0
306,3,0,11,-135,-15.6660976158073,-42.9899745102312,-68.5564095920176,117.181406990505,0
306,4,0,11,-120,-15.6660976158073,-32.4214656966538,-81.0520047150809,113.494850152858,0
306,5,0,11,-105,-15.6660976158073,-21.4962328144174,-88.3233664541555,107.682055611964,0
306,6,176.210512089545,11,-90,-15.6660976158073,-10.6218548107071,-78.4178016556813,93.4951796769965,0
306,7,342.180309715597,11,-75,-15.6660976158073,-0.126765975944369,-68.4419234974582,79.52505421617,62.2102800192732
306,8,488.263831515796,11,-60,-15.6660976158073,9.64194622142707,-57.757976065026,65.9187768125042,199.226919567936
306,9,605.971234195113,11,-45,-15.6660976158073,18.2532602550136,-45.8002043153891,52.9655052674589,364.973886795132
306,10,688.461791358826,11,-30,-15.6660976158073,25.1530898215379,-32.1311604635851,41.2916700679236,517.282706450027
306,11,730.941451665554,11,-15,-15.6660976158073,29.6916208097801,-16.6706083261909,32.3210084304783,617.693657263584
306,12,730.941451665554,11,0,-15.6660976158073,31.2858023841927,0,28.7141976158073,641.05549066267
306,13,688.461791358826,11,15,-15.6660976158073,29.6916208097801,16.6706083261909,32.3210084304783,581.795547128514
306,14,605.971234195114,11,30,-15.6660976158073,25.1530898215379,32.1311604635851,41.2916700679236,455.302594842097
306,15,488.263831515797,11,45,-15.6660976158073,18.2532602550136,45.8002043153891,52.9655052674589,294.079220784307
306,16,342.180309715597,11,60,-15.6660976158073,9.64194622142707,57.757976065026,65.9187768125042,139.620272158609
306,17,176.210512089545,11,75,-15.6660976158073,-0.126765975944369,68.4419234974582,79.52505421617,32.0360493815126
306,18,9.01719660720917e-14,11,90,-15.6660976158073,-10.6218548107071,78.4178016556813,93.4951796769965,0
306,19,0,11,105,-15.6660976158073,-21.4962328144174,88.3233664541555,107.682055611964,0
306,20,0,11,120,-15.6660976158073,-32.4214656966538,81.0520047150809,113.494850152858,0
306,21,0,11,135,-15.6660976158073,-42.9899745102312,68.5564095920176,117.181406990505,0
306,22,0,11,150,-15.6660976158073,-52.5317789865192,52.3165934357375,120.094235695442,0
306,23,0,11,165,-15.6660976158073,-59.7669116628316,29.6648342159205,121.969617371779,0
307,0,0,11,-180,-15.9641364522361,-62.916036452236,-1.48169700208138e-14,122.916036452236,0
307,1,0,11,-165,-15.9641364522361,-60.0429348433891,-29.88903325443,122.266470811182,0
307,2,0,11,-150,-15.9641364522361,-52.7696965374469,-52.6124812265343,120.388000364013,0
307,3,0,11,-135,-15.9641364522361,-43.2005566776341,-68.8452392207347,117.471309234493,0
307,4,0,11,-120,-15.9641364522361,-32.6184102472028,-81.3172980421928,113.781343840732,0
307,5,0,11,-105,-15.9641364522361,-21.6902279782932,-88.0800301700771,107.728517114133,0
307,6,175.007605813136,11,-90,-15.9641364522361,-10.8210761977097,-78.1921922029948,93.56004331702,0
307,7,339.844405703176,11,-75,-15.9641364522361,-0.337874367230947,-68.2315401023943,79.6117071451685,61.2801213438008
307,8,484.930684017902,11,-60,-15.9641364522361,9.41337046116112,-57.5640410571322,66.0329742625642,196.984091623884
307,9,601.834553628823,11,-45,-15.9641364522361,18.0031281206112,-45.629687495408,53.1165478884612,361.214622898289
307,10,683.761986562432,11,-30,-15.9641364522361,24.8803534783369,-31.9985437357033,41.4932209905371,512.161053876142
307,11,725.951658210727,11,-15,-15.9641364522361,29.4007111587857,-16.5961246802729,32.5840961005524,611.688256731879
307,12,725.951658210727,11,0,-15.9641364522361,30.9877635477639,0,29.0122364522361,634.856447887718
307,13,683.761986562432,11,15,-15.9641364522361,29.4007111587857,16.5961246802729,32.5840961005524,576.139158646969
307,14,601.834553628824,11,30,-15.9641364522361,24.8803534783369,31.9985437357033,41.4932209905371,450.794611726301
307,15,484.930684017902,11,45,-15.9641364522361,18.0031281206112,45.629687495408,53.1165478884612,291.050178330848
307,16,339.844405703177,11,60,-15.9641364522361,9.41337046116112,57.5640410571322,66.0329742625642,138.048475291837
307,17,175.007605813136,11,75,-15.9641364522361,-0.337874367230947,68.2315401023943,79.6117071451685,31.5570512279785
307,18,8.95564044767133e-14,11,90,-15.9641364522361,-10.8210761977097,78.1921922029948,93.56004331702,0
307,19,0,11,105,-15.9641364522361,-21.6902279782932,88.0800301700771,107.728517114133,0
307,20,0,11,120,-15.9641364522361,-32.6184102472028,81.3172980421928,113.781343840732,0
307,21,0,11,135,-15.9641364522361,-43.2005566776341,68.8452392207347,117.471309234493,0
307,22,0,11,150,-15.9641364522361,-52.7696965374469,52.6124812265343,120.388000364013,0
307,23,0,11,165,-15.9641364522361,-60.0429348433891,29.88903325443,122.266470811182,0
308,0,0,11,-180,-16.2574447704996,-63.2093447704996,-1.49448812282546e-14,123.2093447705,0
308,1,0,11,-165,-16.2574447704996,-60.3142001918415,-30.113360748618,122.558604936437,0
308,2,0,11,-150,-16.2574447704996,-53.0031113555737,-52.9068419807447,120.677077004944,0
308,3,0,11,-135,-16.2574447704996,-43.4070822419831,-69.1314342741871,117.756567614519,0
308,4,0,11,-120,-16.2574447704996,-32.8116819981071,-81.57952097689,114.063239475485,0
308,5,0,11,-105,-16.2574447704996,-21.8807966071332,-87.8399160251896,107.773768933832,0
308,6,173.782979624529,11,-90,-16.2574447704996,-11.0169753780267,-77.9698708301654,93.6237877256098,0
308,7,337.466324148709,11,-75,-16.2574447704996,-0.545627580758981,-68.0244870483417,79.6972386709569,60.3557280696885
308,8,481.537352553544,11,-60,-16.2574447704996,9.18831940365034,-57.3734346033422,66.1459327394535,194.737807978883
308,9,597.623180345027,11,-45,-16.2574447704996,17.7568208890498,-45.4623490408006,53.2660355728983,357.438619823695
308,10,678.977321166731,11,-30,-16.2574447704996,24.6118321593285,-31.8686025002213,41.6924979007676,507.009529384428
308,11,720.871768064369,11,-15,-16.2574447704996,29.1143786660787,-16.5232382379287,32.843527214604,605.643896976387
308,12,720.871768064369,11,0,-16.2574447704996,30.6944552295004,0,29.3055447704996,628.615975047524
308,13,678.977321166731,11,15,-16.2574447704996,29.1143786660787,16.5232382379287,32.843527214604,570.446075110113
308,14,597.623180345027,11,30,-16.2574447704996,24.6118321593285,31.8686025002213,41.6924979007676,446.260335905316
308,15,481.537352553544,11,45,-16.2574447704996,17.7568208890498,45.4623490408006,53.2660355728983,288.007648215594
308,16,337.466324148709,11,60,-16.2574447704996,9.18831940365034,57.3734346033422,66.1459327394535,136.474256634336
308,17,173.782979624529,11,75,-16.2574447704996,-0.545627580758981,68.0244870483417,79.6972386709569,31.081022048103
308,18,8.89297281801597e-14,11,90,-16.2574447704996,-11.0169753780267,77.9698708301654,93.6237877256098,0
308,19,0,11,105,-16.2574447704996,-21.8807966071332,87.8399160251896,107.773768933832,0
308,20,0,11,120,-16.2574447704996,-32.8116819981071,81.57952097689,114.063239475485,0
308,21,0,11,135,-16.2574447704996,-43.4070822419831,69.1314342741871,117.756567614519,0
308,22,0,11,150,-16.2574447704996,-53.0031113555737,52.9068419807447,120.677077004944,0
308,23,0,11,165,-16.2574447704996,-60.3142001918415,30.113360748618,122.558604936437,0
309,0,0,11,-180,-16.5459356570133,-63.4978356570133,-1.50732471119177e-14,123.497835657013,0
309,1,0,11,-165,-16.5459356570133,-60.5806354132551,-30.3376659670926,122.845933418696,0
309,2,0,11,-150,-16.5459356570133,-53.2319758100737,-53.1994847934759,120.961380753815,0
309,3,0,11,-135,-16.5459356570133,-43.6095148430465,-69.4148355426332,118.037098941623,0
309,4,0,11,-120,-16.5459356570133,-33.0012439103996,-81.8385504800439,114.340455110501,0
309,5,0,11,-105,-16.5459356570133,-22.0678948941421,-87.6031196423771,107.817819057715,0
309,6,172.536996406893,11,-90,-16.5459356570133,-11.209498975035,-77.7509121967248,93.6863967878815,0
309,7,335.046769729081,11,-75,-16.5459356570133,-0.749961622772647,-67.8208208091927,79.7816089478882,59.437512264502
309,8,478.084842640071,11,-60,-16.5459356570133,8.96686729533727,-57.1861949661907,66.2575870810271,192.489139821834
309,9,593.338362264516,11,-45,-16.5459356570133,17.5144210165001,-45.2982080274804,53.4138756413534,353.647721959627
309,10,674.109212971342,11,-30,-16.5459356570133,24.347612768707,-31.7413387374299,41.8893837587289,501.830677375802
309,11,715.703286507565,11,-15,-16.5459356570133,28.8327107933915,-16.4519436571389,33.0991878073325,599.563579020175
309,12,715.703286507565,11,0,-16.5459356570133,30.4059643429867,0,29.5940356570133,622.337175362282
309,13,674.109212971343,11,15,-16.5459356570133,28.8327107933915,16.4519436571389,33.0991878073325,564.719123132459
309,14,593.338362264516,11,30,-16.5459356570133,24.347612768707,31.7413387374299,41.8893837587289,441.702006913395
309,15,478.084842640071,11,45,-16.5459356570133,17.5144210165001,45.2982080274804,53.4138756413534,284.953116562035
309,16,335.046769729081,11,60,-16.5459356570133,8.96686729533727,57.1861949661907,66.2575870810271,134.898366886291
309,17,172.536996406893,11,75,-16.5459356570133,-0.749961622772647,67.8208208091927,79.7816089478882,30.6081740418133
309,18,8.82921228801423e-14,11,90,-16.5459356570133,-11.209498975035,77.7509121967248,93.6863967878815,0
309,19,0,11,105,-16.5459356570133,-22.0678948941421,87.6031196423771,107.817819057715,0
309,20,0,11,120,-16.5459356570133,-33.0012439103996,81.8385504800439,114.340455110501,0
309,21,0,11,135,-16.5459356570133,-43.6095148430465,69.4148355426332,118.037098941623,0
309,22,0,11,150,-16.5459356570133,-53.2319758100737,53.1994847934759,120.961380753815,0
309,23,0,11,165,-16.5459356570133,-60.5806354132551,30.3376659670926,122.845933418696,0
310,0,0,11,-180,-16.8295236257013,-63.7814236257013,-1.52019834720897e-14,123.781423625701,0
310,1,0,11,-165,-16.8295236257013,-60.8421703370697,-30.5617915013734,123.128371364361,0
310,2,0,11,-150,-16.8295236257013,-53.4562447379005,-53.4902148136547,121.240828197873,0
310,3,0,11,-135,-16.8295236257013,-43.8078202212726,-69.6952826117632,118.312821490809,0
310,4,0,11,-120,-16.8295236257013,-33.1870606440726,-82.0942634158003,114.612910264449,0
310,5,0,11,-105,-16.8295236257013,-22.2514804692671,-87.3697363405111,107.860676017839,0
310,6,171.270025371946,11,-90,-16.8295236257013,-11.3985949169429,-77.5353905124198,93.7478548886118,0
310,7,332.586459410486,11,-75,-16.8295236257013,-0.950813775489014,-67.620597383139,79.8647786749965,58.5258694063218
310,8,474.574177330681,11,-60,-16.8295236257013,8.74908705804228,-57.0023600181171,66.3678728657321,190.239131832249
310,9,588.981369071364,11,-45,-16.8295236257013,17.276009547622,-45.1372833694904,53.5599766389195,349.843737770221
310,10,669.159104501787,11,-30,-16.8295236257013,24.0877807394825,-31.6167545852479,42.0837636619536,496.626998800402
310,11,710.447745072946,11,-15,-16.8295236257013,28.5557935459504,-16.3822358828322,33.350966512641,593.450255995008
310,12,710.447745072946,11,0,-16.8295236257013,30.1223763742987,0,29.8776236257013,616.023103560751
310,13,669.159104501787,11,15,-16.8295236257013,28.5557935459504,16.3822358828322,33.350966512641,558.96108422049
310,14,588.981369071364,11,30,-16.8295236257013,24.0877807394825,31.6167545852479,42.0837636619536,437.121826040226
310,15,474.574177330681,11,45,-16.8295236257013,17.276009547622,45.1372833694904,53.5599766389195,281.888040547641
310,16,332.586459410486,11,60,-16.8295236257013,8.74908705804228,57.0023600181171,66.3678728657321,133.321538169839
310,17,171.270025371946,11,75,-16.8295236257013,-0.950813775489014,67.620597383139,79.8647786749965,30.1387108660501
310,18,8.76437775128723e-14,11,90,-16.8295236257013,-11.3985949169429,77.5353905124198,93.7478548886118,0
310,19,0,11,105,-16.8295236257013,-22.2514804692671,87.3697363405111,107.860676017839,0
310,20,0,11,120,-16.8295236257013,-33.1870606440726,82.0942634158003,114.612910264449,0
310,21,0,11,135,-16.8295236257013,-43.8078202212726,69.6952826117632,118.312821490809,0
310,22,0,11,150,-16.8295236257013,-53.4562447379005,53.4902148136547,121.240828197873,0
310,23,0,11,165,-16.8295236257013,-60.8421703370697,30.5617915013734,123.128371364361,0
311,0,0,11,-180,-17.1081246433281,-64.0600246433281,-1.53310009802964e-14,124.060024643328,0
311,1,0,11,-165,-17.1081246433281,-61.0987369440371,-30.7855732846593,123.405835339923,0
311,2,0,11,-150,-17.1081246433281,-53.6758754354029,-53.7788334478145,121.515337399646,0
311,3,0,11,-135,-17.1081246433281,-44.0019661913011,-69.9726140363685,118.583655023253,0
311,4,0,11,-120,-17.1081246433281,-33.3690985362025,-82.3465366658461,114.880525942515,0
311,5,0,11,-105,-17.1081246433281,-22.4315123894483,-87.1398610610049,107.90234885764,0
311,6,169.98244195055,11,-90,-17.1081246433281,-11.5842124398349,-77.3233794910262,93.8081469089417,0
311,7,330.08612223597,11,-75,-17.1081246433281,-1.1481226109808,-67.4238722667356,79.9467091189739,57.6211780803343
311,8,471.006396911271,11,-60,-17.1081246433281,8.53505026768956,-56.8219672311489,66.4767264580393,187.98880119896
311,9,584.553491836683,11,-45,-17.1081246433281,17.041666091122,-44.9795938177264,53.7042483924789,346.028437993215
311,10,664.128462582036,11,-30,-17.1081246433281,23.8324200089366,-31.4948523372148,42.2755248793381,491.400948600507
311,11,705.106701090861,11,-15,-17.1081246433281,28.2837114477823,-16.3141101408331,33.598754541045,587.306830086464
311,12,705.106701090861,11,0,-17.1081246433281,29.8437753566719,0,30.1562246433281,609.676762709386
311,13,664.128462582036,11,15,-17.1081246433281,28.2837114477823,16.3141101408331,33.598754541045,553.174691895306
311,14,584.553491836683,11,30,-17.1081246433281,23.8324200089366,31.4948523372148,42.2755248793381,432.521954080235
311,15,471.006396911272,11,45,-17.1081246433281,17.041666091122,44.9795938177264,53.7042483924789,278.813846951674
311,16,330.08612223597,11,60,-17.1081246433281,8.53505026768956,56.8219672311489,66.4767264580393,131.744483341365
311,17,169.98244195055,11,75,-17.1081246433281,-1.1481226109808,67.4238722667356,79.9467091189739,29.6728274785234
311,18,8.69848841970743e-14,11,90,-17.1081246433281,-11.5842124398349,77.3233794910262,93.8081469089417,0
311,19,0,11,105,-17.1081246433281,-22.4315123894483,87.1398610610049,107.90234885764,0
311,20,0,11,120,-17.1081246433281,-33.3690985362025,82.3465366658461,114.880525942515,0
311,21,0,11,135,-17.1081246433281,-44.0019661913011,69.9726140363685,118.583655023253,0
311,22,0,11,150,-17.1081246433281,-53.6758754354029,53.7788334478145,121.515337399646,0
311,23,0,11,165,-17.1081246433281,-61.0987369440371,30.7855732846593,123.405835339923,0
312,0,0,11,-180,-17.3816561543996,-64.3335561543996,-1.54602050915205e-14,124.3335561544,0
312,1,0,11,-165,-17.3816561543996,-61.3502693900957,-31.0088406372282,123.678243396345,0
312,2,0,11,-150,-17.3816561543996,-53.8908276448569,-54.065138582547,121.784827919998,0
312,3,0,11,-135,-17.3816561543996,-44.191922611652,-70.2466675211419,118.849520807864,0
312,4,0,11,-120,-17.3816561543996,-33.5473255766012,-82.5952472467245,115.143224656931,0
312,5,0,11,-105,-17.3816561543996,-22.607951127203,-86.9135882926091,107.942847097431,0
312,6,168.67462768146,11,-90,-17.3816561543996,-11.766302089481,-77.1149523028487,93.8672582225262,0
312,7,327.546499109398,11,-75,-17.3816561543996,-1.34182800403534,-67.2307004277842,80.0273621363829,56.723799707003
312,8,467.38255859218,11,-60,-17.3816561543996,8.32482713394513,-56.6450536653631,66.5840850525826,185.739136703647
312,9,580.056042636061,11,-45,-17.3816561543996,16.8114687961028,-44.8251579573855,53.8466020657743,342.203553939205
312,10,659.018777899861,11,-30,-17.3816561543996,23.5816129946912,-31.375634439469,42.4645568827556,486.15493328717
312,11,699.681737227912,11,-15,-17.3816561543996,28.0165475174873,-16.2475619314235,33.8424456587628,581.136149633269
312,12,699.681737227912,11,0,-17.3816561543996,29.5702438456004,0,30.4297561543996,603.301101199882
312,13,659.018777899861,11,15,-17.3816561543996,28.0165475174873,16.2475619314235,33.8424456587628,547.36262896054
312,14,580.056042636061,11,30,-17.3816561543996,23.5816129946912,31.375634439469,42.4645568827556,427.904509199591
312,15,467.38255859218,11,45,-17.3816561543996,16.8114687961028,44.8251579573855,53.8466020657743,275.73193078482
312,16,327.546499109398,11,60,-17.3816561543996,8.32482713394513,56.6450536653631,66.5840850525826,130.167895349229
312,17,168.67462768146,11,75,-17.3816561543996,-1.34182800403534,67.2307004277842,80.0273621363829,29.2107099977303
312,18,8.6315638177058e-14,11,90,-17.3816561543996,-11.766302089481,77.1149523028487,93.8672582225262,0
312,19,0,11,105,-17.3816561543996,-22.607951127203,86.9135882926091,107.942847097431,0
312,20,0,11,120,-17.3816561543996,-33.5473255766012,82.5952472467245,115.143224656931,0
312,21,0,11,135,-17.3816561543996,-44.191922611652,70.2466675211419,118.849520807864,0
312,22,0,11,150,-17.3816561543996,-53.8908276448569,54.065138582547,121.784827919998,0
312,23,0,11,165,-17.3816561543996,-61.3502693900957,31.0088406372282,123.678243396345,0
313,0,0,11,-180,-17.6500371056256,-64.6019371056256,-1.55894959728371e-14,124.601937105626,0
313,1,0,11,-165,-17.6500371056256,-61.5967040269779,-31.2314163401233,123.945515092945,0
313,2,0,11,-150,-17.6500371056256,-54.1010635358279,-54.3489248255006,122.049220840594,0
313,3,0,11,-135,-17.6500371056256,-44.377661350637,-70.5172801082537,119.110341642172,0
313,4,0,11,-120,-17.6500371056256,-33.7217113810545,-82.8402724299774,115.400930446795,0
313,5,0,11,-105,-17.6500371056256,-22.7807585575902,-86.6910119945658,107.982180699498,0
313,6,167.346970098269,11,-90,-17.6500371056256,-11.9448157219381,-76.9101815259841,93.9251746911535,0
313,7,324.968342575913,11,-75,-17.6500371056256,-1.53187114400749,-67.0411362770895,80.1067001950968,55.8340783019789
313,8,463.703736194909,11,-60,-17.6500371056256,8.1184864807543,-56.4716559561758,66.6898867170022,183.491097870391
313,9,575.490354160758,11,-45,-17.6500371056256,16.5854943291973,-44.6739942041923,53.9869502123114,338.370775894936
313,10,653.831564565108,11,-30,-17.6500371056256,23.3354405713862,-31.2591034867673,42.6507513764861,480.891308654301
313,11,694.174461017972,11,-15,-17.6500371056256,27.7543832444802,-16.1825870225494,34.081936168408,574.941006385417
313,12,694.174461017972,11,0,-17.6500371056256,29.3018628943744,0,30.6981371056256,596.89900989988
313,13,653.831564565108,11,15,-17.6500371056256,27.7543832444802,16.1825870225494,34.081936168408,541.527524919824
313,14,575.490354160758,11,30,-17.6500371056256,23.3354405713862,31.2591034867673,42.6507513764861,423.271564924174
313,15,463.703736194909,11,45,-17.6500371056256,16.5854943291973,44.6739942041923,53.9869502123114,272.643654002622
313,16,324.968342575913,11,60,-17.6500371056256,8.1184864807543,56.4716559561758,66.6898867170022,128.592446637764
313,17,167.346970098269,11,75,-17.6500371056256,-1.53187114400749,67.0411362770895,80.1067001950968,28.7525355793172
313,18,8.56362377648625e-14,11,90,-17.6500371056256,-11.9448157219381,76.9101815259841,93.9251746911535,0
313,19,0,11,105,-17.6500371056256,-22.7807585575902,86.6910119945658,107.982180699498,0
313,20,0,11,120,-17.6500371056256,-33.7217113810545,82.8402724299774,115.400930446795,0
313,21,0,11,135,-17.6500371056256,-44.377661350637,70.5172801082537,119.110341642172,0
313,22,0,11,150,-17.6500371056256,-54.1010635358279,54.3489248255006,122.049220840594,0
313,23,0,11,165,-17.6500371056256,-61.5967040269779,31.2314163401233,123.945515092945,0
314,0,0,11,-180,-17.9131879699382,-64.8650879699382,-1.57187684504473e-14,124.865087969938,0
314,1,0,11,-165,-17.9131879699382,-61.8379794193536,-31.4531167387083,124.207571520812,0
314,2,0,11,-150,-17.9131879699382,-54.3065476812998,-54.6299837646992,122.308438785798,0
314,3,0,11,-135,-17.9131879699382,-44.5591562485521,-70.7842883713189,119.366041872551,0
314,4,0,11,-120,-17.9131879699382,-33.8922271622175,-83.0814898648913,115.653568897189,0
314,5,0,11,-105,-17.9131879699382,-22.9498979436034,-86.4722255182627,108.020360032853,0
314,6,165.999862614573,11,-90,-17.9131879699382,-12.1197065029759,-76.7091390964327,93.9818826598583,0
314,7,322.352416598937,11,-75,-17.9131879699382,-1.71819454568543,-66.8552336391492,80.1846863949732,54.9523402678405
314,8,459.97101983393,11,-60,-17.9131879699382,7.91609572776611,-56.3018103005095,66.7940704334885,181.245614182271
314,9,570.857779322805,11,-45,-17.9131879699382,16.3638178524756,-44.52612079946,54.1252068261415,334.531751632844
314,10,648.568359661038,11,-30,-17.9131879699382,23.0939820479635,-31.1452622176026,42.8340023246023,475.612377633566
314,11,688.586504385839,11,-15,-17.9131879699382,27.4972985657064,-16.1191814427016,34.3171248912051,568.724132925202
314,12,688.586504385839,11,0,-17.9131879699382,29.0387120300618,0,30.9612879699382,590.473319471156
314,13,648.568359661038,11,15,-17.9131879699382,27.4972985657064,16.1191814427016,34.3171248912051,535.671953547701
314,14,570.857779322805,11,30,-17.9131879699382,23.0939820479635,31.1452622176026,42.8340023246023,418.625148251504
314,15,459.97101983393,11,45,-17.9131879699382,16.3638178524756,44.52612079946,54.1252068261415,269.550344304546
314,16,322.352416598937,11,60,-17.9131879699382,7.91609572776611,56.3018103005095,66.7940704334885,127.018788598264
314,17,165.999862614573,11,75,-17.9131879699382,-1.71819454568543,66.8552336391492,80.1846863949732,28.2984723088342
314,18,8.49468842814927e-14,11,90,-17.9131879699382,-12.1197065029759,76.7091390964327,93.9818826598583,0
314,19,0,11,105,-17.9131879699382,-22.9498979436034,86.4722255182627,108.020360032853,0
314,20,0,11,120,-17.9131879699382,-33.8922271622175,83.0814898648913,115.653568897189,0
314,21,0,11,135,-17.9131879699382,-44.5591562485521,70.7842883713189,119.366041872551,0
314,22,0,11,150,-17.9131879699382,-54.3065476812998,54.6299837646992,122.308438785798,0
314,23,0,11,165,-17.9131879699382,-61.8379794193536,31.4531167387083,124.207571520812,0
315,0,0,11,-180,-18.1710307700571,-65.1229307700571,-1.58479119771402e-14,125.122930770057,0
315,1,0,11,-165,-18.1710307700571,-62.0740363583175,-31.6737518775849,124.464335325711,0
315,2,0,11,-150,-18.1710307700571,-54.5072470285301,-54.908104245861,122.562405943969,0
315,3,0,11,-135,-18.1710307700571,-44.7363830762266,-71.0475286153367,119.616547413768,0
315,4,0,11,-120,-18.1710307700571,-34.0588456982412,-83.318777703604,115.901067157576,0
315,5,0,11,-105,-18.1710307700571,-23.1153339200489,-86.2573215275178,108.057395837712,0
315,6,164.633704407392,11,-90,-18.1710307700571,-12.2909289063623,-76.5118962571438,94.0373689515569,0
315,7,319.699496333793,11,-75,-18.1710307700571,-1.9007420591911,-66.6730457218376,80.2612844877584,54.0788942176875
315,8,456.185515593661,11,-60,-18.1710307700571,7.71772087262979,-56.1355524418928,66.8965761390271,179.003584365873
315,9,566.159690854106,11,-45,-18.1710307700571,16.146513002116,-44.381555804044,54.2612873905691,330.688085028823
315,10,643.230722788854,11,-30,-18.1710307700571,22.8573151455524,-31.0341135084763,43.0142059764458,470.320388293094
315,11,682.919523163661,11,-15,-18.1710307700571,27.2453718428351,-16.0573414735024,34.5479131506493,562.488200254863
315,12,682.919523163661,11,0,-18.1710307700571,28.7808692299429,0,31.2191307700571,584.026797859188
315,13,643.230722788855,11,15,-18.1710307700571,27.2453718428351,16.0573414735024,34.5479131506493,529.798430617469
315,14,566.159690854106,11,30,-18.1710307700571,22.8573151455524,31.0341135084763,43.0142059764458,413.96723788924
315,15,456.185515593661,11,45,-18.1710307700571,16.146513002116,44.381555804044,54.2612873905691,266.453294020234
315,16,319.699496333793,11,60,-18.1710307700571,7.71772087262979,56.1355524418928,66.8965761390271,125.447551067552
315,17,164.633704407392,11,75,-18.1710307700571,-1.9007420591911,66.6730457218376,80.2612844877584,27.8486791108914
315,18,8.42477819972631e-14,11,90,-18.1710307700571,-12.2909289063623,76.5118962571438,94.0373689515569,0
315,19,0,11,105,-18.1710307700571,-23.1153339200489,86.2573215275178,108.057395837712,0
315,20,0,11,120,-18.1710307700571,-34.0588456982412,83.318777703604,115.901067157576,0
315,21,0,11,135,-18.1710307700571,-44.7363830762266,71.0475286153367,119.616547413768,0
315,22,0,11,150,-18.1710307700571,-54.5072470285301,54.908104245861,122.562405943969,0
315,23,0,11,165,-18.1710307700571,-62.0740363583175,31.6737518775849,124.464335325711,0
316,0,0,11,-180,-18.4234891015959,-65.3753891015958,-1.59768106222574e-14,125.375389101596,0
316,1,0,11,-165,-18.4234891015959,-62.3048178710361,-31.8931256682571,124.715730730498,0
316,2,0,11,-150,-18.4234891015959,-54.7031308646147,-55.1830726672882,122.811048088176,0
316,3,0,11,-135,-18.4234891015959,-44.9093194900197,-71.3068370821546,119.861785767857,0
316,4,0,11,-120,-18.4234891015959,-34.2215412992209,-83.5520147283259,116.143353959488,0
316,5,0,11,-105,-18.4234891015959,-23.277032475968,-86.0463919176418,108.093299189764,0
316,6,163.248900298886,11,-90,-18.4234891015959,-12.4584387110449,-76.318523506088,94.0916208612297,0
316,7,317.01036789801,11,-75,-18.4234891015959,-2.07945887893789,-66.4946250851508,80.3364588962277,53.2140308305541
316,8,452.348345200704,11,-60,-18.4234891015959,7.52342647414847,-55.9729176545481,66.9973447643467,176.765875744418
316,9,561.397480899667,11,-45,-18.4234891015959,15.9336518678302,-44.2403170912458,54.3951089248341,326.841334789888
316,10,637.820235605557,11,-30,-18.4234891015959,22.6255159759549,-30.9256603673787,43.1912608903182,465.017531982632
316,11,677.175196600277,11,-15,-18.4234891015959,26.9986798399363,-15.9970636420248,34.7742047575339,556.235815554107
316,12,677.175196600277,11,0,-18.4234891015959,28.5284108984041,0,31.4715891015959,577.562147957492
316,13,637.820235605557,11,15,-18.4234891015959,26.9986798399363,15.9970636420248,34.7742047575339,523.909411789027
316,14,561.397480899667,11,30,-18.4234891015959,22.6255159759549,30.9256603673787,43.1912608903182,409.299762622577
316,15,452.348345200704,11,45,-18.4234891015959,15.9336518678302,44.2403170912458,54.3951089248341,263.35375908432
316,16,317.01036789801,11,60,-18.4234891015959,7.52342647414847,55.9729176545481,66.9973447643467,123.879341874654
316,17,163.248900298886,11,75,-18.4234891015959,-2.07945887893789,66.4946250851508,80.3364588962277,27.4033056747023
316,18,8.35391380712685e-14,11,90,-18.4234891015959,-12.4584387110449,76.318523506088,94.0916208612297,0
316,19,0,11,105,-18.4234891015959,-23.277032475968,86.0463919176418,108.093299189764,0
316,20,0,11,120,-18.4234891015959,-34.2215412992209,83.5520147283259,116.143353959488,0
316,21,0,11,135,-18.4234891015959,-44.9093194900197,71.3068370821546,119.861785767857,0
316,22,0,11,150,-18.4234891015959,-54.7031308646147,55.1830726672882,122.811048088176,0
316,23,0,11,165,-18.4234891015959,-62.3048178710361,31.8931256682571,124.715730730498,0
317,0,0,11,-180,-18.6704881557023,-65.6223881557023,-1.61053430862482e-14,125.622388155702,0
317,1,0,11,-165,-18.6704881557023,-62.5302692263848,-32.1110360907915,124.961683557022,0
317,2,0,11,-150,-18.6704881557023,-54.8941707767723,-55.4546732917962,123.054292596302,0
317,3,0,11,-135,-18.6704881557023,-45.0779449833708,-71.5620501609841,120.101686042311,0
317,4,0,11,-120,-18.6704881557023,-34.3802897715563,-83.7810804804144,116.380359633504,0
317,5,0,11,-105,-18.6704881557023,-23.4349609356684,-85.8395277334268,108.128081464313,0
317,6,161.8458606364,11,-90,-18.6704881557023,-12.6221929972702,-76.1290905434527,94.1446261496806,0
317,7,314.28582813838,11,-75,-18.6704881557023,-2.25429155167123,-66.320023609081,80.4101747325671,52.3580227385364
317,8,448.46064569146,11,-60,-18.6704881557023,7.33327563627319,-55.8139407265269,67.096318271576,174.533323660057
317,9,556.572560605075,11,-45,-18.6704881557023,15.7253049730296,-44.1024223387262,54.5265900288187,322.993013293174
317,10,632.338501355265,11,-30,-18.6704881557023,22.3986590207253,-30.8199059265341,43.3650679555057,459.70594162739
317,11,671.35522686362,11,-15,-18.6704881557023,26.7572977016435,-15.938344712874,34.9959059962691,549.969520110324
317,12,671.35522686362,11,0,-18.6704881557023,28.2814118442977,0,31.7185881557023,571.082005449719
317,13,632.338501355266,11,15,-18.6704881557023,26.7572977016435,15.938344712874,34.9959059962691,518.007290659379
317,14,556.572560605075,11,30,-18.6704881557023,22.3986590207253,30.8199059265341,43.3650679555057,404.624599812521
317,15,448.46064569146,11,45,-18.6704881557023,15.7253049730296,44.1024223387262,54.5265900288187,260.252958100943
317,16,314.28582813838,11,60,-18.6704881557023,7.33327563627319,55.8139407265269,67.096318271576,122.314746435931
317,17,161.8458606364,11,75,-18.6704881557023,-2.25429155167123,66.320023609081,80.4101747325671,26.9624923959587
317,18,8.28211624899978e-14,11,90,-18.6704881557023,-12.6221929972702,76.1290905434527,94.1446261496806,0
317,19,0,11,105,-18.6704881557023,-23.4349609356684,85.8395277334268,108.128081464313,0
317,20,0,11,120,-18.6704881557023,-34.3802897715563,83.7810804804144,116.380359633504,0
317,21,0,11,135,-18.6704881557023,-45.0779449833708,71.5620501609841,120.101686042311,0
317,22,0,11,150,-18.6704881557023,-54.8941707767723,55.4546732917962,123.054292596302,0
317,23,0,11,165,-18.6704881557023,-62.5302692263848,32.1110360907915,124.961683557022,0
318,0,0,11,-180,-18.9119547412261,-65.8638547412261,-1.62333827419059e-14,125.863854741226,0
318,1,0,11,-165,-18.9119547412261,-62.7503379364123,-32.3272754305699,125.202121247518,0
318,2,0,11,-150,-18.9119547412261,-55.0803406073841,-55.7226885750472,123.292068470558,0
318,3,0,11,-135,-18.9119547412261,-45.2422408350284,-71.8130046034654,120.336178967595,0
318,4,0,11,-120,-18.9119547412261,-34.5350683803291,-84.0058553910378,116.612016125506,0
318,5,0,11,-105,-18.9119547412261,-23.5890879384341,-85.6368190862145,108.161754300326,0
318,6,160.425001170866,11,-90,-18.9119547412261,-12.7821501416839,-75.9436662180596,94.196373036901,0
318,7,311.526684394834,11,-75,-18.9119547412261,-2.42518798361829,-66.1492924606938,80.4823978160011,51.5111244454783
318,8,444.523569075199,11,-60,-18.9119547412261,7.14732999292039,-55.6586559419524,67.1934396906152,172.306730965734
318,9,551.686359698343,11,-45,-18.9119547412261,15.5215412557236,-43.9678890194896,54.6556509258292,319.144585537411
318,10,626.787144394145,11,-30,-18.9119547412261,22.1768171108422,-30.7168534344641,43.5355304127483,454.387690172477
318,11,665.46133853633,11,-15,-18.9119547412261,26.5212989318074,-15.8811816800589,35.2129256124172,543.691787423899
318,12,665.46133853633,11,0,-18.9119547412261,28.0399452587739,0,31.9600547412261,564.58893683204
318,13,626.787144394145,11,15,-18.9119547412261,26.5212989318074,15.8811816800589,35.2129256124172,512.094396978059
318,14,551.686359698343,11,30,-18.9119547412261,22.1768171108422,30.7168534344641,43.5355304127483,399.943574026714
318,15,444.523569075199,11,45,-18.9119547412261,15.5215412557236,43.9678890194896,54.6556509258292,257.152071498898
318,16,311.526684394834,11,60,-18.9119547412261,7.14732999292039,55.6586559419524,67.1934396906152,120.754327398976
318,17,160.425001170866,11,75,-18.9119547412261,-2.42518798361829,66.1492924606938,80.4823978160011,26.5263703349565
318,18,8.20940680051112e-14,11,90,-18.9119547412261,-12.7821501416839,75.9436662180596,94.196373036901,0
318,19,0,11,105,-18.9119547412261,-23.5890879384341,85.6368190862145,108.161754300326,0
318,20,0,11,120,-18.9119547412261,-34.5350683803291,84.0058553910378,116.612016125506,0
318,21,0,11,135,-18.9119547412261,-45.2422408350284,71.8130046034654,120.336178967595,0
318,22,0,11,150,-18.9119547412261,-55.0803406073841,55.7226885750472,123.292068470558,0
318,23,0,11,165,-18.9119547412261,-62.7503379364123,32.3272754305699,125.202121247518,0
319,0,0,11,-180,-19.1478173064067,-66.0997173064067,-1.63607977043455e-14,126.099717306407,0
319,1,0,11,-165,-19.1478173064067,-62.9649737534938,-32.5416305510549,125.436972885474,0
319,2,0,11,-150,-19.1478173064067,-55.2616164038538,-55.9868995095514,123.524306356378,0
319,3,0,11,-135,-19.1478173064067,-45.4021900540941,-72.0595377427603,120.565196913981,0
319,4,0,11,-120,-19.1478173064067,-34.6858558098073,-84.226220913153,116.838257012236,0
319,5,0,11,-105,-19.1478173064067,-23.7393834169874,-85.4383550702023,108.194329564495,0
319,6,158.986742933607,11,-90,-19.1478173064067,-12.9382698114573,-75.7623184731084,94.2468501950684,0
319,7,308.733754261211,11,-75,-19.1478173064067,-2.59209744677541,-65.9824820604818,80.5530946896764,50.6735722769926
319,8,440.538281992688,11,-60,-19.1478173064067,6.96564969359426,-55.5070970624345,67.2886531542328,170.086867586842
319,9,546.740326066253,11,-45,-19.1478173064067,15.3224280501383,-43.8367343920001,54.7822135035035,315.297468207756
319,10,621.167809709071,11,-30,-19.1478173064067,21.9600614069684,-30.6165062474232,43.7025538732587,449.064789179432
319,11,659.495278104717,11,-15,-19.1478173064067,26.2907553726456,-15.8255717586789,35.4251748013724,537.40502149056
319,12,659.495278104718,11,0,-19.1478173064067,27.8040826935933,0,32.1959173064067,558.085437617861
319,13,621.167809709071,11,15,-19.1478173064067,26.2907553726456,15.8255717586789,35.4251748013724,506.172995029301
319,14,546.740326066253,11,30,-19.1478173064067,21.9600614069684,30.6165062474232,43.7025538732587,395.258455804122
319,15,440.538281992689,11,45,-19.1478173064067,15.3224280501383,43.8367343920001,54.7822135035035,254.052240778116
319,16,308.733754261211,11,60,-19.1478173064067,6.96564969359426,55.5070970624345,67.2886531542328,119.198624335414
319,17,158.986742933608,11,75,-19.1478173064067,-2.59209744677541,65.9824820604818,80.5530946896764,26.0950611908586
319,18,8.13580700703962e-14,11,90,-19.1478173064067,-12.9382698114573,75.7623184731084,94.2468501950684,0
319,19,0,11,105,-19.1478173064067,-23.7393834169874,85.4383550702023,108.194329564495,0
319,20,0,11,120,-19.1478173064067,-34.6858558098073,84.226220913153,116.838257012236,0
319,21,0,11,135,-19.1478173064067,-45.4021900540941,72.0595377427603,120.565196913981,0
319,22,0,11,150,-19.1478173064067,-55.2616164038538,55.9868995095514,123.524306356378,0
319,23,0,11,165,-19.1478173064067,-62.9649737534938,32.5416305510549,125.436972885474,0
320,0,0,11,-180,-19.3780059600757,-66.3299059600757,-1.64874509317335e-14,126.329905960076,0
320,1,0,11,-165,-19.3780059600757,-63.1741286630459,-32.753883203287,125.666169215985,0
320,2,0,11,-150,-19.3780059600757,-55.43797636338,-56.2470859834966,123.750938560719,0
320,3,0,11,-135,-19.3780059600757,-45.5577773220386,-72.3014877161268,120.788673907703,0
320,4,0,11,-120,-19.3780059600757,-34.8326321221944,-84.4420596545171,117.059017516146,0
320,5,0,11,-105,-19.3780059600757,-23.8858185747805,-85.2442236781503,108.225819315343,0
320,6,157.531512111581,11,-90,-19.3780059600757,-13.0905129574905,-75.5851142913534,94.2960467412099,0
320,7,305.907865342985,11,-75,-19.3780059600757,-2.75497058436332,-65.8196420480748,80.6222326368098,49.8455843615481
320,8,436.505965370503,11,-60,-19.3780059600757,6.78829338979495,-55.3592973077207,67.3819039318969,167.874470152779
320,9,541.735925325314,11,-45,-19.3780059600757,15.1280310690417,-43.7089754894918,54.906201352897,311.453028854625
320,10,615.482162430185,11,-30,-19.3780059600757,21.7484613802958,-30.51886782026,43.8660463363886,443.739187576026
320,11,653.458813441247,11,-15,-19.3780059600757,26.0657371843898,-15.7715123764551,35.6325671981142,531.1115552623
320,12,653.458813441247,11,0,-19.3780059600757,27.5738940399243,0,32.4261059600757,551.573930726532
320,13,615.482162430185,11,15,-19.3780059600757,26.0657371843898,15.7715123764551,35.6325671981142,500.24528218241
320,14,541.735925325314,11,30,-19.3780059600757,21.7484613802958,30.51886782026,43.8660463363886,390.570960554636
320,15,436.505965370503,11,45,-19.3780059600757,15.1280310690417,43.7089754894918,54.906201352897,250.954567848009
320,16,305.907865342985,11,60,-19.3780059600757,6.78829338979495,55.3592973077207,67.3819039318969,117.648153482696
320,17,157.531512111581,11,75,-19.3780059600757,-2.75497058436332,65.8196420480748,80.6222326368098,25.6686772919555
320,18,8.06133867779252e-14,11,90,-19.3780059600757,-13.0905129574905,75.5851142913534,94.2960467412099,0
320,19,0,11,105,-19.3780059600757,-23.8858185747805,85.2442236781503,108.225819315343,0
320,20,0,11,120,-19.3780059600757,-34.8326321221944,84.4420596545171,117.059017516146,0
320,21,0,11,135,-19.3780059600757,-45.5577773220386,72.3014877161268,120.788673907703,0
320,22,0,11,150,-19.3780059600757,-55.43797636338,56.2470859834966,123.750938560719,0
320,23,0,11,165,-19.3780059600757,-63.1741286630459,32.753883203287,125.666169215985,0
321,0,0,11,-180,-19.602452492367,-66.554352492367,-1.66132003586947e-14,126.554352492367,0
321,1,0,11,-165,-19.602452492367,-63.3777568717031,-32.9638103726167,125.889642665565,0
321,2,0,11,-150,-19.602452492367,-55.609400772766,-56.5030271534747,123.971899069744,0
321,3,0,11,-135,-19.602452492367,-45.7089889318559,-72.5386936904168,121.006545646435,0
321,4,0,11,-120,-19.602452492367,-34.9753787147506,-84.6532555114496,117.274234519543,0
321,5,0,11,-105,-19.602452492367,-24.0283658622003,-85.054511716654,108.256235767462,0
321,6,156.059739921085,11,-90,-19.602452492367,-13.238841806742,-75.412119639822,94.3439522295623,0
321,7,303.049855012031,11,-75,-19.602452492367,-2.91375941548197,-65.6608212473852,80.6897796961117,49.0273606422875
321,8,432.42781407108,11,-60,-19.602452492367,6.61531822219225,-55.2152893356518,67.4731384623544,165.670241698329
321,9,536.674640387468,11,-45,-19.602452492367,14.9384143867659,-43.5846291085359,55.0275398057984,307.612585186862
321,10,609.731887337482,11,-30,-19.602452492367,21.5420847939707,-30.4239416967573,44.0259182060355,438.412770560098
321,11,647.353733280676,11,-15,-19.602452492367,25.8463128254364,-15.7190011651295,35.835018867967,524.813649287959
321,12,647.353733280676,11,0,-19.602452492367,27.349447507633,0,32.650552492367,545.056765057202
321,13,609.731887337483,11,15,-19.602452492367,25.8463128254364,15.7190011651295,35.835018867967,494.313387611341
321,14,536.674640387468,11,30,-19.602452492367,21.5420847939707,30.4239416967573,44.0259182060355,385.882747594248
321,15,432.42781407108,11,45,-19.602452492367,14.9384143867659,43.5846291085359,55.0275398057984,247.860114457935
321,16,303.049855012031,11,60,-19.602452492367,6.61531822219225,55.2152893356518,67.4731384623544,116.103407534821
321,17,156.059739921085,11,75,-19.602452492367,-2.91375941548197,65.6608212473852,80.6897796961117,25.2473216017507
321,18,7.98602387934293e-14,11,90,-19.602452492367,-13.238841806742,75.412119639822,94.3439522295623,0
321,19,0,11,105,-19.602452492367,-24.0283658622003,85.054511716654,108.256235767462,0
321,20,0,11,120,-19.602452492367,-34.9753787147506,84.6532555114496,117.274234519543,0
321,21,0,11,135,-19.602452492367,-45.7089889318559,72.5386936904168,121.006545646435,0
321,22,0,11,150,-19.602452492367,-55.609400772766,56.5030271534747,123.971899069744,0
321,23,0,11,165,-19.602452492367,-63.3777568717031,32.9638103726167,125.889642665565,0
322,0,0,11,-180,-19.8210903949293,-66.7729903949293,-1.67378990642079e-14,126.772990394929,0
322,1,0,11,-165,-19.8210903949293,-63.5758147908755,-33.1711846629306,126.107327361436,0
322,2,0,11,-150,-19.8210903949293,-55.7758719434164,-56.7545018300735,124.187123565897,0
322,3,0,11,-135,-19.8210903949293,-45.8558127245438,-72.7709960899171,121.218749514103,0
322,4,0,11,-120,-19.8210903949293,-35.1140782754165,-84.8596938030533,117.483846578053,0
322,5,0,11,-105,-19.8210903949293,-24.1669989517703,-84.8693047211508,108.285591255932,0
322,6,154.571862479984,11,-90,-19.8210903949293,-13.3832198537386,-75.243399414188,94.3905566436572,0
322,7,300.16057015849,11,-75,-19.8210903949293,-3.06841733899756,-65.5060676312732,80.7557046764959,48.2190829192001
322,8,428.305036538665,11,-60,-19.8210903949293,6.4467798085443,-55.0751052214897,67.5623043849734,163.474851434672
322,9,531.557971020676,11,-45,-19.8210903949293,14.7536404229118,-43.4637117969288,55.1461559703266,303.777404479377
322,10,603.918688361575,11,-30,-19.8210903949293,21.3409976850966,-30.3317314995034,44.182082305875,433.087358657891
322,11,641.181846690014,11,-15,-19.8210903949293,25.632549033004,-15.6680359517594,36.0324482982989,518.513490534146
322,12,641.181846690014,11,0,-19.8210903949293,27.1308096050707,0,32.8691903949293,538.536214248582
322,13,603.918688361575,11,15,-19.8210903949293,25.632549033004,15.6680359517594,36.0324482982989,488.379371184154
322,14,531.557971020676,11,30,-19.8210903949293,21.3409976850966,30.3317314995034,44.182082305875,381.19541931622
322,15,428.305036538665,11,45,-19.8210903949293,14.7536404229118,43.4637117969288,55.1461559703266,244.7699017199
322,16,300.16057015849,11,60,-19.8210903949293,6.4467798085443,55.0751052214897,67.5623043849734,114.564855481861
322,17,154.571862479984,11,75,-19.8210903949293,-3.06841733899756,65.5060676312732,80.7557046764959,24.8310877406784
322,18,7.90988492909105e-14,11,90,-19.8210903949293,-13.3832198537386,75.243399414188,94.3905566436572,0
322,19,0,11,105,-19.8210903949293,-24.1669989517703,84.8693047211508,108.285591255932,0
322,20,0,11,120,-19.8210903949293,-35.1140782754165,84.8596938030533,117.483846578053,0
322,21,0,11,135,-19.8210903949293,-45.8558127245438,72.7709960899171,121.218749514103,0
322,22,0,11,150,-19.8210903949293,-55.7758719434164,56.7545018300735,124.187123565897,0
322,23,0,11,165,-19.8210903949293,-63.5758147908755,33.1711846629306,126.107327361436,0
323,0,0,11,-180,-20.0338548806334,-66.9857548806335,-1.68613954756524e-14,126.985754880633,0
323,1,0,11,-165,-20.0338548806334,-63.7682610156386,-33.3757747183733,126.319159150273,0
323,2,0,11,-150,-20.0338548806334,-55.9373741417053,-57.001288875223,124.39654944437,0
323,3,0,11,-135,-20.0338548806334,-45.9982380231048,-72.998236825948,121.425224595026,0
323,4,0,11,-120,-20.0338548806334,-35.2487147370809,-85.0612614056054,117.687793933391,0
323,5,0,11,-105,-20.0338548806334,-24.3016927124405,-84.6886868708327,108.313898201002,0
323,6,153.068320678473,11,-90,-20.0338548806334,-13.523611851322,-75.0790173829151,94.435850388167,0
323,7,297.240866939821,11,-75,-20.0338548806334,-3.21889913669665,-65.3554282858161,80.8199771710907,47.420914921215
323,8,424.138854441217,11,-60,-20.0338548806334,6.28273223233944,-54.9387764366901,67.6493505698625,161.288934589675
323,9,526.387433404498,11,-45,-20.0338548806334,14.5737699267249,-43.3462398409655,55.2619787648619,299.948703095087
323,10,598.044288078778,11,-30,-20.0338548806334,21.14526434731,-30.2422409193472,44.334453893501,427.76470693696
323,11,634.944982532459,11,-15,-20.0338548806334,25.4245108043006,-15.6186147499316,36.2247763910964,512.213191386756
323,12,634.944982532459,11,0,-20.0338548806334,26.9180451193666,0,33.0819548806334,532.014475624931
323,13,598.044288078778,11,15,-20.0338548806334,25.4245108043006,15.6186147499316,36.2247763910964,482.445222522554
323,14,526.387433404498,11,30,-20.0338548806334,21.14526434731,30.2422409193472,44.334453893501,376.510520498296
323,15,424.138854441218,11,45,-20.0338548806334,14.5737699267249,43.3462398409655,55.2619787648619,241.684909723364
323,16,297.240866939821,11,60,-20.0338548806334,6.28273223233944,54.9387764366901,67.6493505698625,113.032942498032
323,17,153.068320678474,11,75,-20.0338548806334,-3.21889913669665,65.3554282858161,80.8199771710907,24.4200600232293
323,18,7.83294438865108e-14,11,90,-20.0338548806334,-13.523611851322,75.0790173829151,94.435850388167,0
323,19,0,11,105,-20.0338548806334,-24.3016927124405,84.6886868708327,108.313898201002,0
323,20,0,11,120,-20.0338548806334,-35.2487147370809,85.0612614056054,117.687793933391,0
323,21,0,11,135,-20.0338548806334,-45.9982380231048,72.998236825948,121.425224595026,0
323,22,0,11,150,-20.0338548806334,-55.9373741417053,57.001288875223,124.39654944437,0
323,23,0,11,165,-20.0338548806334,-63.7682610156386,33.3757747183733,126.319159150273,0
324,0,0,11,-180,-20.2406829027704,-67.1925829027704,-1.69835336104834e-14,127.19258290277,0
324,1,0,11,-165,-20.2406829027704,-63.9550562989306,-33.5773456822904,126.52507561641,0
324,2,0,11,-150,-20.2406829027704,-56.0938935149281,-57.2431676100956,124.600115828961,0
324,3,0,11,-135,-20.2406829027704,-46.1362555642827,-73.2202595276183,121.625911687402,0
324,4,0,11,-120,-20.2406829027704,-35.3792732306365,-85.2578468868219,117.886018525467,0
324,5,0,11,-105,-20.2406829027704,-24.4324231830575,-84.5127409036365,108.341169073068,0
324,6,151.549560048439,11,-90,-20.2406829027704,-13.659983800689,-74.9190361312857,94.47982428054,0
324,7,294.2916105271,11,-75,-20.2406829027704,-3.36516097574273,-65.2089493742688,80.8825675705634,46.6330024077425
324,8,419.930502308406,11,-60,-20.2406829027704,6.12322803213907,-54.8063338271889,67.7342271467854,159.11309231698
324,9,521.164559680817,11,-45,-20.2406829027704,14.3988619621283,-43.2322292521622,55.3749389503605,296.127646120789
324,10,592.110427200675,11,-30,-20.2406829027704,20.954947313927,-30.1554737044874,44.4829506735472,422.446504373396
324,11,628.644988925462,11,-15,-20.2406829027704,25.2222613782043,-15.5707357509204,36.4119264563546,505.914788832932
324,12,628.644988925462,11,0,-20.2406829027704,26.7112170972296,0,33.2887829027704,525.493669328137
324,13,592.110427200675,11,15,-20.2406829027704,25.2222613782043,15.5707357509204,36.4119264563546,476.512860231396
324,14,521.164559680817,11,30,-20.2406829027704,20.954947313927,30.1554737044874,44.4829506735472,371.829537745742
324,15,419.930502308406,11,45,-20.2406829027704,14.3988619621283,43.2322292521622,55.3749389503605,238.606077241837
324,16,294.2916105271,11,60,-20.2406829027704,6.12322803213907,54.8063338271889,67.7342271467854,111.508089877981
324,17,151.549560048439,11,75,-20.2406829027704,-3.36516097574273,65.2089493742688,80.8825675705634,24.0143135102398
324,18,7.75522505716562e-14,11,90,-20.2406829027704,-13.659983800689,74.9190361312857,94.47982428054,0
324,19,0,11,105,-20.2406829027704,-24.4324231830575,84.5127409036365,108.341169073068,0
324,20,0,11,120,-20.2406829027704,-35.3792732306365,85.2578468868219,117.886018525467,0
324,21,0,11,135,-20.2406829027704,-46.1362555642827,73.2202595276183,121.625911687402,0
324,22,0,11,150,-20.2406829027704,-56.0938935149281,57.2431676100956,124.600115828961,0
324,23,0,11,165,-20.2406829027704,-63.9550562989306,33.5773456822904,126.52507561641,0
325,0,0,11,-180,-20.4415131737336,-67.3934131737336,-1.71041533567891e-14,127.393413173734,0
325,1,0,11,-165,-20.4415131737336,-64.136163521068,-33.7756596928225,126.725016099499,0
325,2,0,11,-150,-20.4415131737336,-56.2454180130783,-57.4799182322888,124.797763587327,0
325,3,0,11,-135,-20.4415131737336,-46.2698574282573,-73.4369097731346,121.820753316137,0
325,4,0,11,-120,-20.4415131737336,-35.5057400369758,-85.4493406397025,118.078464003824,0
325,5,0,11,-105,-20.4415131737336,-24.5591675451108,-84.3415480314865,108.367416358041,0
325,6,150.016030631433,11,-90,-20.4415131737336,-13.7923029407857,-74.7635170054361,94.5224695424585,0
325,7,291.313674848652,11,-75,-20.4415131737336,-3.50716041047235,-65.0666761008055,80.9434470757743,45.8554732991322
325,8,415.681227165791,11,-60,-20.4415131737336,5.96831819159835,-54.6778075912791,67.8168855328885,156.947891673271
325,9,515.890897499837,11,-45,-20.4415131737336,14.2289738934011,-43.1216957534935,55.4849691611056,292.315347116327
325,10,586.118864058307,11,-30,-20.4415131737336,20.7701073416537,-30.0714336492492,44.6274928098628,417.134373372761
325,11,622.283732693095,11,-15,-20.4415131737336,25.0258622174619,-15.5243973148152,36.5938242062228,499.620243822919
325,12,622.283732693095,11,0,-20.4415131737336,26.5103868262664,0,33.4896131737336,518.975837635402
325,13,586.118864058307,11,15,-20.4415131737336,25.0258622174619,15.5243973148152,36.5938242062228,470.584131297626
325,14,515.890897499837,11,30,-20.4415131737336,20.7701073416537,30.0714336492492,44.6274928098628,367.153899069691
325,15,415.681227165791,11,45,-20.4415131737336,14.2289738934011,43.1216957534935,55.4849691611056,235.534301530775
325,16,291.313674848652,11,60,-20.4415131737336,5.96831819159835,54.6778075912791,67.8168855328885,109.990695020859
325,17,150.016030631433,11,75,-20.4415131737336,-3.50716041047235,65.0666761008055,80.9434470757743,23.6139140760742
325,18,7.67674996454995e-14,11,90,-20.4415131737336,-13.7923029407857,74.7635170054361,94.5224695424585,0
325,19,0,11,105,-20.4415131737336,-24.5591675451108,84.3415480314865,108.367416358041,0
325,20,0,11,120,-20.4415131737336,-35.5057400369758,85.4493406397025,118.078464003824,0
325,21,0,11,135,-20.4415131737336,-46.2698574282573,73.4369097731346,121.820753316137,0
325,22,0,11,150,-20.4415131737336,-56.2454180130783,57.4799182322888,124.797763587327,0
325,23,0,11,165,-20.4415131737336,-64.136163521068,33.7756596928225,126.725016099499,0
326,0,0,11,-180,-20.6362861831794,-67.5881861831794,-1.7223090793725e-14,127.588186183179,0
326,1,0,11,-165,-20.6362861831794,-64.3115476546223,-33.9704764142796,126.918921711625,0
326,2,0,11,-150,-20.6362861831794,-56.3919373067216,-57.7113222409482,124.989435345634,0
326,3,0,11,-135,-20.6362861831794,-46.3990369665335,-73.6480353210549,122.009693745036,0
326,4,0,11,-120,-20.6362861831794,-35.628102538082,-85.6356350156638,118.265075738428,0
326,5,0,11,-105,-20.6362861831794,-24.6819040948542,-84.1751878559644,108.392652523138,0
326,6,148.468186845318,11,-90,-20.6362861831794,-13.9205377371161,-74.6125200565161,94.5637777911524,0
326,7,288.307942331087,11,-75,-20.6362861831794,-3.64485638356845,-64.9286526741312,81.0025877097763,45.0884378354952
326,8,411.392288165304,11,-60,-20.6362861831794,5.81805213014159,-54.553227257149,67.8972784592611,154.793865662976
326,9,510.568009561478,11,-45,-20.6362861831794,14.0641613714861,-43.0146547652093,55.5920039339443,288.512867976186
326,10,580.071374081143,11,-30,-20.6362861831794,20.5908033948603,-29.9901245825966,44.7680029368057,411.829869443832
326,11,615.863098812866,11,-15,-20.6362861831794,24.8353729914074,-15.4795979616406,36.7703977498501,493.331440810862
326,12,615.863098812866,11,0,-20.6362861831794,26.3156138168206,0,33.6843861831794,512.462944461551
326,13,580.071374081143,11,15,-20.6362861831794,24.8353729914074,15.4795979616406,36.7703977498501,464.660810657761
326,14,510.568009561478,11,30,-20.6362861831794,20.5908033948603,29.9901245825966,44.7680029368057,362.484973599969
326,15,411.392288165304,11,45,-20.6362861831794,14.0641613714861,43.0146547652093,55.5920039339443,232.470438216059
326,16,288.307942331087,11,60,-20.6362861831794,5.81805213014159,54.553227257149,67.8972784592611,108.481131461645
326,17,148.468186845318,11,75,-20.6362861831794,-3.64485638356845,64.9286526741312,81.0025877097763,23.2189184904116
326,18,7.59754236466762e-14,11,90,-20.6362861831794,-13.9205377371161,74.6125200565161,94.5637777911524,0
326,19,0,11,105,-20.6362861831794,-24.6819040948542,84.1751878559644,108.392652523138,0
326,20,0,11,120,-20.6362861831794,-35.628102538082,85.6356350156638,118.265075738428,0
326,21,0,11,135,-20.6362861831794,-46.3990369665335,73.6480353210549,122.009693745036,0
326,22,0,11,150,-20.6362861831794,-56.3919373067216,57.7113222409482,124.989435345634,0
326,23,0,11,165,-20.6362861831794,-64.3115476546223,33.9704764142796,126.918921711625,0
327,0,0,11,-180,-20.8249442156616,-67.7768442156616,-1.73401785525173e-14,127.776844215662,0
327,1,0,11,-165,-20.8249442156616,-64.4811757247358,-34.1615536031043,127.106735353864,0
327,2,0,11,-150,-20.8249442156616,-56.5334427012661,-57.937162868428,125.175075502609,0
327,3,0,11,-135,-20.8249442156616,-46.5237887282731,-73.8534863408786,122.192678988364,0
327,4,0,11,-120,-20.8249442156616,-35.7463491673778,-85.8166244566622,118.445800829824,0
327,5,0,11,-105,-20.8249442156616,-24.8006122149019,-84.0137382845816,108.416889983172,0
327,6,146.906487349612,11,-90,-20.8249442156616,-14.0446578700283,-74.4661039850949,94.6037410305998,0
327,7,285.275303637819,11,-75,-20.8249442156616,-3.77820922664974,-64.794922271055,81.0599623291759,44.3319887632717
327,8,407.064956212134,11,-60,-20.8249442156616,5.67247769426822,-54.4326216601597,67.9753599963471,152.651513349523
327,9,505.197473152313,11,-45,-20.8249442156616,13.9044783209176,-42.9111213902965,55.6959797360582,284.721218902432
327,10,573.969749270977,11,-30,-20.8249442156616,20.4170926304114,-29.9115503564323,44.9044061697158,406.534481023878
327,11,609.384989857163,11,-15,-20.8249442156616,24.6508515592044,-15.4363363624916,36.9415775888764,487.050187473217
327,12,609.384989857163,11,0,-20.8249442156616,26.1269557843384,0,33.8730442156616,505.956875044678
327,13,573.969749270977,11,15,-20.8249442156616,24.6508515592044,15.4363363624916,36.9415775888764,458.744600932672
327,14,505.197473152313,11,30,-20.8249442156616,20.4170926304114,29.9115503564323,44.9044061697158,357.824071431312
327,15,407.064956212135,11,45,-20.8249442156616,13.9044783209176,42.9111213902965,55.6959797360582,229.415301272185
327,16,285.27530363782,11,60,-20.8249442156616,5.67247769426822,54.4326216601597,67.9753599963471,106.979748949118
327,17,146.906487349612,11,75,-20.8249442156616,-3.77820922664974,64.794922271055,81.0599623291759,22.8293745143221
327,18,7.51762572843993e-14,11,90,-20.8249442156616,-14.0446578700283,74.4661039850949,94.6037410305998,0
327,19,0,11,105,-20.8249442156616,-24.8006122149019,84.0137382845816,108.416889983172,0
327,20,0,11,120,-20.8249442156616,-35.7463491673778,85.8166244566622,118.445800829824,0
327,21,0,11,135,-20.8249442156616,-46.5237887282731,73.8534863408786,122.192678988364,0
327,22,0,11,150,-20.8249442156616,-56.5334427012661,57.937162868428,125.175075502609,0
327,23,0,11,165,-20.8249442156616,-64.4811757247358,34.1615536031043,127.106735353864,0
328,0,0,11,-180,-21.0074313677336,-67.9593313677336,-1.74552462183923e-14,127.959331367734,0
328,1,0,11,-165,-21.0074313677336,-64.6450167649941,-34.3486477069133,127.288401732295,0
328,2,0,11,-150,-21.0074313677336,-56.6699270479562,-58.1572255170368,125.354630242997,0
328,3,0,11,-135,-21.0074313677336,-46.6441083853254,-74.0531156423665,122.369656821783,0
328,4,0,11,-120,-21.0074313677336,-35.8604693594953,-85.9922056260232,118.620588118673,0
328,5,0,11,-105,-21.0074313677336,-24.9152723454043,-83.8572754478283,108.440141067385,0
328,6,145.331394909581,11,-90,-21.0074313677336,-14.1646342225432,-74.3243260859354,94.6423516426471,0
328,7,282.216657405144,11,-75,-21.0074313677336,-3.90718066031579,-64.665527000119,81.1155446348737,43.5862015489127
328,8,402.700513588131,11,-60,-21.0074313677336,5.53164114946481,-54.3160189199348,68.0510855782307,150.521300032176
328,9,499.780879678185,11,-45,-21.0074313677336,13.749976927351,-42.8111103996509,55.7968349913195,280.941358487675
328,10,567.815797670925,11,-30,-21.0074313677336,20.2490303830514,-29.8357148337328,45.0366301146251,401.249629453924
328,11,602.851325429478,11,-15,-21.0074313677336,24.4723539536148,-15.3946113307096,37.1072966135181,480.77821460307
328,12,602.851325429478,11,0,-21.0074313677336,25.9444686322664,0,34.0555313677336,499.459435813377
328,13,567.815797670925,11,15,-21.0074313677336,24.4723539536148,15.3946113307096,37.1072966135181,452.837132328045
328,14,499.780879678185,11,30,-21.0074313677336,20.2490303830514,29.8357148337328,45.0366301146251,353.172443601593
328,15,402.700513588132,11,45,-21.0074313677336,13.749976927351,42.8111103996509,55.7968349913195,226.369663089118
328,16,282.216657405144,11,60,-21.0074313677336,5.53164114946481,54.3160189199348,68.0510855782307,105.486873569782
328,17,145.331394909582,11,75,-21.0074313677336,-3.90718066031579,64.665527000119,81.1155446348737,22.4453210103047
328,18,7.43702373689093e-14,11,90,-21.0074313677336,-14.1646342225432,74.3243260859354,94.6423516426471,0
328,19,0,11,105,-21.0074313677336,-24.9152723454043,83.8572754478283,108.440141067385,0
328,20,0,11,120,-21.0074313677336,-35.8604693594953,85.9922056260232,118.620588118673,0
328,21,0,11,135,-21.0074313677336,-46.6441083853254,74.0531156423665,122.369656821783,0
328,22,0,11,150,-21.0074313677336,-56.6699270479562,58.1572255170368,125.354630242997,0
328,23,0,11,165,-21.0074313677336,-64.6450167649941,34.3486477069133,127.288401732295,0
329,0,0,11,-180,-21.1836935645138,-68.1355935645139,-1.75681207734113e-14,128.135593564514,0
329,1,0,11,-165,-21.1836935645138,-64.8030417690079,-34.5315144947768,127.463867373455,0
329,2,0,11,-150,-21.1836935645138,-56.8013846519416,-58.3712981993666,125.528047550427,0
329,3,0,11,-135,-21.1836935645138,-46.7599926562229,-74.2467789029891,122.540576792679,0
329,4,0,11,-120,-21.1836935645138,-35.9704534996358,-86.1622775376855,118.789388194684,0
329,5,0,11,-105,-21.1836935645138,-25.0258659549068,-83.7058736171751,108.462417986893,0
329,6,143.743376259108,11,-90,-21.1836935645138,-14.280438867788,-74.1872421932583,94.6796023780814,0
329,7,279.132909975951,11,-75,-21.1836935645138,-4.03173379368816,-64.5405078653729,81.1693091822016,42.851134618991
329,8,398.300253571836,11,-60,-21.1836935645138,5.3955871726986,-54.2034464173406,68.1244120258167,148.403657487322
329,9,494.319834192641,11,-45,-21.1836935645138,13.6007076256837,-42.7146362170236,55.894510105277,277.174193906532
329,10,561.611342829659,11,-30,-21.1836935645138,20.0866701513386,-29.7626218765692,45.1646048772571,395.976669102139
329,11,596.264041595589,11,-15,-21.1836935645138,24.2999343652978,-15.3544218131195,37.2674900991987,474.517176178306
329,12,596.264041595589,11,0,-21.1836935645138,25.7682064354862,0,34.2317935645139,492.972354433475
329,13,561.611342829659,11,15,-21.1836935645138,24.2999343652978,15.3544218131195,37.2674900991987,446.939962698579
329,14,494.319834192641,11,30,-21.1836935645138,20.0866701513386,29.7626218765692,45.1646048772571,348.531282200425
329,15,398.300253571836,11,45,-21.1836935645138,13.6007076256837,42.7146362170236,55.894510105277,223.334254626566
329,16,279.132909975951,11,60,-21.1836935645138,5.3955871726986,54.2034464173406,68.1244120258167,104.002807916966
329,17,143.743376259108,11,75,-21.1836935645138,-4.03173379368816,64.5405078653729,81.1693091822016,22.0667880659361
329,18,7.35576027413024e-14,11,90,-21.1836935645138,-14.280438867788,74.1872421932583,94.6796023780814,0
329,19,0,11,105,-21.1836935645138,-25.0258659549068,83.7058736171751,108.462417986893,0
329,20,0,11,120,-21.1836935645138,-35.9704534996358,86.1622775376855,118.789388194684,0
329,21,0,11,135,-21.1836935645138,-46.7599926562229,74.2467789029891,122.540576792679,0
329,22,0,11,150,-21.1836935645138,-56.8013846519416,58.3712981993666,125.528047550427,0
329,23,0,11,165,-21.1836935645138,-64.8030417690079,34.5315144947768,127.463867373455,0
330,0,0,11,-180,-21.3536785757094,-68.3055785757094,-1.76786270797825e-14,128.305578575709,0
330,1,0,11,-165,-21.3536785757094,-64.9552236378997,-34.7099097165706,127.633080639233,0
330,2,0,11,-150,-21.3536785757094,-56.9278111777995,-58.5791719806756,125.695277219704,0
330,3,0,11,-135,-21.3536785757094,-46.871439229415,-74.4343348929076,122.705390229905,0
330,4,0,11,-120,-21.3536785757094,-36.0762928726904,-86.3267416835781,118.952153404955,0
330,5,0,11,-105,-21.3536785757094,-25.1323755109984,-83.5596051241987,108.483732802785,0
330,6,142.142901962392,11,-90,-21.3536785757094,-14.3920450561042,-74.0549066266191,94.7154863476857,0
330,7,276.024975131155,11,-75,-21.3536785757094,-4.15183312348799,-64.4199047303907,81.2212313904762,42.1268296260336
330,8,393.865480055258,11,-60,-21.3536785757094,5.26435884546755,-54.0949307714324,68.1952975689266,146.298984272996
330,9,488.815954921318,11,-45,-21.3536785757094,13.4567190887525,-42.6217129038077,55.9889474888205,273.42058121387
330,10,555.358223261053,11,-30,-21.3536785757094,19.9300635841254,-29.6922753340605,45.2882630713651,390.716887633179
330,11,589.625090309862,11,-15,-21.3536785757094,24.1336451276407,-15.3157668813511,37.4220957036773,468.268649601193
330,12,589.625090309862,11,0,-21.3536785757094,25.5982214242906,0,34.4017785757094,486.4972800318
330,13,555.358223261053,11,15,-21.3536785757094,24.1336451276407,15.3157668813511,37.4220957036773,441.054577773658
330,14,488.815954921318,11,30,-21.3536785757094,19.9300635841254,29.6922753340605,45.2882630713651,343.901720606235
330,15,393.865480055258,11,45,-21.3536785757094,13.4567190887525,42.6217129038077,55.9889474888205,220.30976565428
330,16,276.024975131155,11,60,-21.3536785757094,5.26435884546755,54.0949307714324,68.1952975689266,102.527831304235
330,17,142.142901962392,11,75,-21.3536785757094,-4.15183312348799,64.4199047303907,81.2212313904762,21.6937971307648
330,18,7.2738594202757e-14,11,90,-21.3536785757094,-14.3920450561042,74.0549066266191,94.7154863476857,0
330,19,0,11,105,-21.3536785757094,-25.1323755109984,83.5596051241987,108.483732802785,0
330,20,0,11,120,-21.3536785757094,-36.0762928726904,86.3267416835781,118.952153404955,0
330,21,0,11,135,-21.3536785757094,-46.871439229415,74.4343348929076,122.705390229905,0
330,22,0,11,150,-21.3536785757094,-56.9278111777995,58.5791719806756,125.695277219704,0
330,23,0,11,165,-21.3536785757094,-64.9552236378997,34.7099097165706,127.633080639233,0
331,0,0,11,-180,-21.5173360310928,-68.4692360310928,-1.77865884027767e-14,128.469236031093,0
331,1,0,11,-165,-21.5173360310928,-65.101537123928,-34.8835897889089,127.795991741215,0
331,2,0,11,-150,-21.5173360310928,-57.0492035529087,-58.7806414217644,125.856270868516,0
331,3,0,11,-135,-21.5173360310928,-46.9784466860212,-74.6156456969067,122.864050252934,0
331,4,0,11,-120,-21.5173360310928,-36.1779796122951,-86.485502158855,119.108837861755,0
331,5,0,11,-105,-21.5173360310928,-25.2347844508563,-83.4185402810033,108.504097394934,0
331,6,140.530446274506,11,-90,-21.5173360310928,-14.499427201893,-73.9273721375189,94.7499970133103,0
331,7,272.893773818926,11,-75,-21.5173360310928,-4.26744453269165,-64.3037562826205,81.2712875519858,41.4133117393333
331,8,389.397507157498,11,-60,-21.5173360310928,5.13799764738166,-53.9904978164416,68.2637018673351,144.20764609533
331,9,483.270872782425,11,-45,-21.5173360310928,13.3180582165936,-42.532354143728,56.0800915805683,269.681325747867
331,10,549.058291899386,11,-30,-21.5173360310928,19.7792604675802,-29.6246790303071,45.4075398264547,385.471506421051
331,11,582.936438836842,11,-15,-21.5173360310928,23.9735367021255,-15.2786457232667,37.571053464631,462.034136106631
331,12,582.936438836842,11,0,-21.5173360310928,25.4345639689072,0,34.5654360310928,480.035783594166
331,13,549.058291899386,11,15,-21.5173360310928,23.9735367021255,15.2786457232667,37.571053464631,435.182391541866
331,14,483.270872782425,11,30,-21.5173360310928,19.7792604675802,29.6246790303071,45.4075398264547,339.284833849653
331,15,389.397507157499,11,45,-21.5173360310928,13.3180582165936,42.532354143728,56.0800915805683,217.296845076834
331,16,272.893773818926,11,60,-21.5173360310928,5.13799764738166,53.9904978164416,68.2637018673351,101.062200022204
331,17,140.530446274506,11,75,-21.5173360310928,-4.26744453269165,64.3037562826205,81.2712875519858,21.3263611660682
331,18,7.19134544431786e-14,11,90,-21.5173360310928,-14.499427201893,73.9273721375189,94.7499970133103,0
331,19,0,11,105,-21.5173360310928,-25.2347844508563,83.4185402810033,108.504097394934,0
331,20,0,11,120,-21.5173360310928,-36.1779796122951,86.485502158855,119.108837861755,0
331,21,0,11,135,-21.5173360310928,-46.9784466860212,74.6156456969067,122.864050252934,0
331,22,0,11,150,-21.5173360310928,-57.0492035529087,58.7806414217644,125.856270868516,0
331,23,0,11,165,-21.5173360310928,-65.101537123928,34.8835897889089,127.795991741215,0
332,0,0,11,-180,-21.674617435428,-68.626517435428,-1.7891826971906e-14,128.626517435428,0
332,1,0,11,-165,-21.674617435428,-65.241958770524,-35.0523125048531,127.952552754467,0
332,2,0,11,-150,-21.674617435428,-57.1655598690947,-58.9755050207709,126.010981948581,0
332,3,0,11,-135,-21.674617435428,-47.0810144223869,-74.7905769327027,123.016511780455,0
332,4,0,11,-120,-21.674617435428,-36.2755066499946,-86.6384657847109,119.259397449752,0
332,5,0,11,-105,-21.674617435428,-25.3330771517956,-83.2827473021065,108.523523431576,0
332,6,138.906487000872,11,-90,-21.674617435428,-14.6025608702672,-73.8046898568707,94.7831281789901,0
332,7,269.74023388179,11,-75,-21.674617435428,-4.37853528880551,-64.1920999981624,81.3194548404309,40.7105899599706
332,8,384.897658835355,11,-60,-21.674617435428,5.01654345025026,-53.8901725788829,68.3295860307667,142.129976235483
332,9,477.686230903475,11,-45,-21.674617435428,13.1847701262509,-42.4465732274989,56.1678888680218,265.957182635813
332,10,542.713415550285,11,-30,-21.674617435428,19.6343087127464,-29.5598367523506,45.5223727949329,380.241681102773
332,11,576.200069168314,11,-15,-21.674617435428,23.8196576642331,-15.243057634517,37.714305797649,455.815061335977
332,12,576.200069168314,11,0,-21.674617435428,25.277282564572,0,34.722717435428,473.589358534427
332,13,542.713415550286,11,15,-21.674617435428,23.8196576642331,15.243057634517,37.714305797649,429.324746791465
332,14,477.686230903475,11,30,-21.674617435428,19.6343087127464,29.5598367523506,45.5223727949329,334.68163910084
332,15,384.897658835355,11,45,-21.674617435428,13.1847701262509,42.4465732274989,56.1678888680218,214.296101341168
332,16,269.74023388179,11,60,-21.674617435428,5.01654345025026,53.8901725788829,68.3295860307667,99.6061476377336
332,17,138.906487000872,11,75,-21.674617435428,-4.37853528880551,64.1920999981624,81.3194548404309,20.9644848070782
332,18,7.1082427969286e-14,11,90,-21.674617435428,-14.6025608702672,73.8046898568707,94.7831281789901,0
332,19,0,11,105,-21.674617435428,-25.3330771517956,83.2827473021065,108.523523431576,0
332,20,0,11,120,-21.674617435428,-36.2755066499946,86.6384657847109,119.259397449752,0
332,21,0,11,135,-21.674617435428,-47.0810144223869,74.7905769327027,123.016511780455,0
332,22,0,11,150,-21.674617435428,-57.1655598690947,58.9755050207709,126.010981948581,0
332,23,0,11,165,-21.674617435428,-65.241958770524,35.0523125048531,127.952552754467,0
333,0,0,11,-180,-21.8254761828406,-68.7773761828406,-1.79941645785311e-14,128.777376182841,0
333,1,0,11,-165,-21.8254761828406,-65.3764668490526,-35.2158377642839,128.102717630754,0
333,2,0,11,-150,-21.8254761828406,-57.2768792829851,-59.1635656523035,126.159365756233,0
333,3,0,11,-135,-21.8254761828406,-47.1791425727324,-74.9589979650745,123.162731538421,0
333,4,0,11,-120,-21.8254761828406,-36.3688676646891,-86.7855422285204,119.403789832714,0
333,5,0,11,-105,-21.8254761828406,-25.4272389019307,-83.1522922279561,108.54202233969,0
333,6,137.27150535567,11,-90,-21.8254761828406,-14.7014227635758,-73.68690924344,94.814873982139,0
333,7,266.565289781689,11,-75,-21.8254761828406,-4.48507404180163,-64.084972107066,81.3657113188373,40.0186574592499
333,8,380.367268491001,11,-60,-21.8254761828406,4.90003451265004,-53.7939792548541,68.3929126378781,140.066276035533
333,9,472.063684134382,11,-45,-21.8254761828406,13.0568981421204,-42.3643830375121,56.25228790753,262.248857400299
333,10,536.325474337548,11,-30,-21.8254761828406,19.4952543436345,-29.4977522382065,45.6327021587233,375.02850226986
333,11,569.417977435994,11,-15,-21.8254761828406,23.6720546898869,-15.2090020102446,37.8517974945973,449.612776073037
333,12,569.417977435994,11,0,-21.8254761828406,25.1264238171594,0,34.8735761828406,467.159421431092
333,13,536.325474337548,11,15,-21.8254761828406,23.6720546898869,15.2090020102446,37.8517974945973,423.482915803618
333,14,472.063684134382,11,30,-21.8254761828406,19.4952543436345,29.4977522382065,45.6327021587233,330.093096278115
333,15,380.367268491001,11,45,-21.8254761828406,13.0568981421204,42.3643830375121,56.25228790753,211.308102925032
333,16,266.565289781689,11,60,-21.8254761828406,4.90003451265004,53.7939792548541,68.3929126378781,98.1598853344485
333,17,137.271505355671,11,75,-21.8254761828406,-4.48507404180163,64.084972107066,81.3657113188373,20.6081645372627
333,18,7.02457610321585e-14,11,90,-21.8254761828406,-14.7014227635758,73.68690924344,94.814873982139,0
333,19,0,11,105,-21.8254761828406,-25.4272389019307,83.1522922279561,108.54202233969,0
333,20,0,11,120,-21.8254761828406,-36.3688676646891,86.7855422285204,119.403789832714,0
333,21,0,11,135,-21.8254761828406,-47.1791425727324,74.9589979650745,123.162731538421,0
333,22,0,11,150,-21.8254761828406,-57.2768792829851,59.1635656523035,126.159365756233,0
333,23,0,11,165,-21.8254761828406,-65.3764668490526,35.2158377642839,128.102717630754,0
334,0,0,11,-180,-21.9698675706279,-68.9217675706279,-1.809342320755e-14,128.921767570628,0
334,1,0,11,-165,-21.9698675706279,-65.5050412926494,-35.373928321535,128.246442211214,0
334,2,0,11,-150,-21.9698675706279,-57.3831619155278,-59.3446310023314,126.301379442457,0
334,3,0,11,-135,-21.9698675706279,-47.2728319321867,-75.1207821152724,123.302668067566,0
334,4,0,11,-120,-21.9698675706279,-36.4580570325419,-86.9266441210359,119.541974459702,0
334,5,0,11,-105,-21.9698675706279,-25.5172558710563,-83.0272388502412,108.559605276246,0
334,6,135.625985819248,11,-90,-21.9698675706279,-14.7959907078681,-73.5740780333802,94.8452288848525,0
334,7,263.369882323081,11,-75,-21.9698675706279,-4.58703082175553,-63.9824075592403,81.4100359469612,39.3374919397321
334,8,375.807678576868,11,-60,-21.9698675706279,4.78850747494869,-53.7019411876049,68.4536457542473,138.016815441724
334,9,466.404898557098,11,-45,-21.9698675706279,12.9344837868152,-42.2857960326167,56.3332393431058,258.557006663355
334,10,529.896361146016,11,-30,-21.9698675706279,19.3621414858441,-29.4384291650127,45.7384706353826,369.832996294393
334,11,562.592173320032,11,-15,-21.9698675706279,23.5307725424405,-15.1764783369573,37.9834757223177,443.428557138519
334,12,562.592173320032,11,0,-21.9698675706279,24.9820324293721,0,35.0179675706279,460.74731292772
334,13,529.896361146016,11,15,-21.9698675706279,23.5307725424405,15.1764783369573,37.9834757223177,417.658101194852
334,14,466.404898557098,11,30,-21.9698675706279,19.3621414858441,29.4384291650127,45.7384706353826,325.520108775049
334,15,375.807678576868,11,45,-21.9698675706279,12.9344837868152,42.2857960326167,56.3332393431058,208.333378904346
334,16,263.369882323081,11,60,-21.9698675706279,4.78850747494869,53.7019411876049,68.4536457542473,96.7236022934489
334,17,135.625985819248,11,75,-21.9698675706279,-4.58703082175553,63.9824075592403,81.4100359469612,20.2573888742453
334,18,6.94037015542662e-14,11,90,-21.9698675706279,-14.7959907078681,73.5740780333802,94.8452288848525,0
334,19,0,11,105,-21.9698675706279,-25.5172558710563,83.0272388502412,108.559605276246,0
334,20,0,11,120,-21.9698675706279,-36.4580570325419,86.9266441210359,119.541974459702,0
334,21,0,11,135,-21.9698675706279,-47.2728319321867,75.1207821152724,123.302668067566,0
334,22,0,11,150,-21.9698675706279,-57.3831619155278,59.3446310023314,126.301379442457,0
334,23,0,11,165,-21.9698675706279,-65.5050412926494,35.373928321535,128.246442211214,0
335,0,0,12,-180,-22.1077488125054,-69.0596488125054,-1.81894257003062e-14,129.059648812505,0
335,1,0,12,-165,-22.1077488125054,-65.6276636275222,-35.5263505466197,128.383684238458,0
335,2,0,12,-150,-22.1077488125054,-57.4844087511387,-59.5185139972652,126.436982022384,0
335,3,0,12,-135,-22.1077488125054,-47.3620838804973,-75.2758068651835,123.436281730412,0
335,4,0,12,-120,-22.1077488125054,-36.5430697775199,-87.0616871703991,119.673912570778,0
335,5,0,12,-105,-22.1077488125054,-25.6031150818558,-82.9076486391551,108.576283100352,0
335,6,133.970415994557,12,-90,-22.1077488125054,-14.8862436393641,-73.4662421909773,94.8741876653462,0
335,7,260.154958374158,12,-75,-22.1077488125054,-4.68437703622752,-63.8844399910661,81.4524085882054,38.6670560180219
335,8,371.220240197851,12,-60,-22.1077488125054,4.68199735475884,-53.6140808454488,68.5117509493924,135.981833603353
335,9,460.711550991917,12,-45,-22.1077488125054,12.8175667725392,-42.2108242330527,56.410695924134,254.882238945858
335,10,523.427981060682,12,-30,-22.1077488125054,19.2350123557101,-29.3818711373385,45.8396234837533,364.656126286208
335,11,555.724679453499,12,-15,-22.1077488125054,23.3958540602086,-15.1454861845908,38.1092900216231,437.263608438948
335,12,555.724679453499,12,0,-22.1077488125054,24.8441511874946,0,35.1558488125054,454.354298792978
335,13,523.427981060682,12,15,-22.1077488125054,23.3958540602086,15.1454861845908,38.1092900216231,411.851436905023
335,14,460.711550991917,12,30,-22.1077488125054,19.2350123557101,29.3818711373385,45.8396234837533,320.963524302967
335,15,371.220240197852,12,45,-22.1077488125054,12.8175667725392,42.2108242330527,56.410695924134,205.372419597328
335,16,260.154958374158,12,60,-22.1077488125054,4.68199735475884,53.6140808454488,68.5117509493924,95.2974661130204
335,17,133.970415994557,12,75,-22.1077488125054,-4.68437703622752,63.8844399910661,81.4524085882054,19.9121385669265
335,18,6.85564990560057e-14,12,90,-22.1077488125054,-14.8862436393641,73.4662421909773,94.8741876653462,0
335,19,0,12,105,-22.1077488125054,-25.6031150818558,82.9076486391551,108.576283100352,0
335,20,0,12,120,-22.1077488125054,-36.5430697775199,87.0616871703991,119.673912570778,0
335,21,0,12,135,-22.1077488125054,-47.3620838804973,75.2758068651835,123.436281730412,0
335,22,0,12,150,-22.1077488125054,-57.4844087511387,59.5185139972652,126.436982022384,0
335,23,0,12,165,-22.1077488125054,-65.6276636275222,35.5263505466197,128.383684238458,0
336,0,0,12,-180,-22.2390790512854,-69.1909790512854,-1.82819964453272e-14,129.190979051285,0
336,1,0,12,-165,-22.2390790512854,-65.7443169021384,-35.6728751961323,128.514403368124,0
336,2,0,12,-150,-22.2390790512854,-57.5806215369553,-59.685033225677,126.566134384259,0
336,3,0,12,-135,-22.2390790512854,-47.446900306711,-75.4239540557505,123.563534717781,0
336,4,0,12,-120,-22.2390790512854,-36.6239015227424,-87.1905902727252,119.799567202254,0
336,5,0,12,-105,-22.2390790512854,-25.6848043815428,-82.7935806727682,108.59206634635,0
336,6,132.305286462666,12,-90,-22.2390790512854,-14.9721615909964,-73.3634458607199,94.9017454095613,0
336,7,256.92147058627,12,-75,-22.2390790512854,-4.7770854674283,-63.7911016928011,81.4928100160659,38.0072976284504
336,8,366.606312710949,12,-60,-22.2390790512854,4.58053754279779,-53.5304198000909,68.5671953128437,133.961539525529
336,9,454.985328500594,12,-45,-22.2390790512854,12.7061849929548,-42.1394792055968,56.4846125220088,251.22511555943
336,10,516.922250802163,12,-30,-22.2390790512854,19.1139072499711,-29.3280816756974,45.9361085091826,359.498793177491
336,11,548.817530823042,12,-15,-22.2390790512854,23.2673401445458,-15.1160251987797,38.2291923065571,431.119062165771
336,12,548.817530823042,12,0,-22.2390790512854,24.7128209487146,0,35.2871790512854,447.981571135973
336,13,516.922250802163,12,15,-22.2390790512854,23.2673401445458,15.1160251987797,38.2291923065571,406.063989326726
336,14,454.985328500594,12,30,-22.2390790512854,19.1139072499711,29.3280816756974,45.9361085091826,316.424135845582
336,15,366.606312710949,12,45,-22.2390790512854,12.7061849929548,42.1394792055968,56.4846125220088,202.42567728314
336,16,256.92147058627,12,60,-22.2390790512854,4.58053754279779,53.5304198000909,68.5671953128437,93.8816232660903
336,17,132.305286462666,12,75,-22.2390790512854,-4.7770854674283,63.7911016928011,81.4928100160659,19.5723868033653
336,18,6.77044045817611e-14,12,90,-22.2390790512854,-14.9721615909964,73.3634458607199,94.9017454095613,0
336,19,0,12,105,-22.2390790512854,-25.6848043815428,82.7935806727682,108.59206634635,0
336,20,0,12,120,-22.2390790512854,-36.6239015227424,87.1905902727252,119.799567202254,0
336,21,0,12,135,-22.2390790512854,-47.446900306711,75.4239540557505,123.563534717781,0
336,22,0,12,150,-22.2390790512854,-57.5806215369553,59.685033225677,126.566134384259,0
336,23,0,12,165,-22.2390790512854,-65.7443169021384,35.6728751961323,128.514403368124,0
337,0,0,12,-180,-22.3638193709839,-69.3157193709839,-1.83709620929916e-14,129.315719370984,0
337,1,0,12,-165,-22.3638193709839,-65.8549856147543,-35.8132781896879,128.638561179865,0
337,2,0,12,-150,-22.3638193709839,-57.671802682682,-59.8440133511396,126.688799297887,0
337,3,0,12,-135,-22.3638193709839,-47.5272835351151,-75.5651100791608,123.684391054833,0
337,4,0,12,-120,-22.3638193709839,-36.7005484428082,-87.3132756190266,119.918903191486,0
337,5,0,12,-105,-22.3638193709839,-25.7623124140393,-82.6850915686585,108.606965197904,0
337,6,130.631090637392,12,-90,-22.3638193709839,-15.0537256790904,-73.2657313208055,94.9278975029629,0
337,7,253.670377111633,12,-75,-22.3638193709839,-4.86513026920937,-63.7024235768653,81.5312219201282,37.3581504467766
337,8,361.967263322451,12,-60,-22.3638193709839,4.48415979912832,-53.450978705442,68.6199474692902,131.956112773934
337,9,449.227927886436,12,-45,-22.3638193709839,12.6003745155326,-42.0717720489799,56.5549461457393,247.58615158786
337,10,510.38109815874,12,-30,-22.3638193709839,18.9988645359536,-29.277064205302,46.0278760683356,354.361836930875
337,11,541.872774165867,12,-15,-22.3638193709839,23.1452697484736,-15.0880950933562,38.3431368638854,424.995980140105
337,12,541.872774165867,12,0,-22.3638193709839,24.5880806290161,0,35.4119193709839,441.630249772189
337,13,510.38109815874,12,15,-22.3638193709839,23.1452697484736,15.0880950933562,38.3431368638854,400.296758571895
337,14,449.227927886436,12,30,-22.3638193709839,18.9988645359536,29.277064205302,46.0278760683356,311.902682722346
337,15,361.967263322451,12,45,-22.3638193709839,12.6003745155326,42.0717720489799,56.5549461457393,199.49356699268
337,16,253.670377111634,12,60,-22.3638193709839,4.48415979912832,53.450978705442,68.6199474692902,92.476199594133
337,17,130.631090637392,12,75,-22.3638193709839,-4.86513026920937,63.7024235768653,81.5312219201282,19.2380994289711
337,18,6.6847670625515e-14,12,90,-22.3638193709839,-15.0537256790904,73.2657313208055,94.9278975029629,0
337,19,0,12,105,-22.3638193709839,-25.7623124140393,82.6850915686585,108.606965197904,0
337,20,0,12,120,-22.3638193709839,-36.7005484428082,87.3132756190266,119.918903191486,0
337,21,0,12,135,-22.3638193709839,-47.5272835351151,75.5651100791608,123.684391054833,0
337,22,0,12,150,-22.3638193709839,-57.671802682682,59.8440133511396,126.688799297887,0
337,23,0,12,165,-22.3638193709839,-65.8549856147543,35.8132781896879,128.638561179865,0
338,0,0,12,-180,-22.4819328083521,-69.4338328083521,-1.84561522897215e-14,129.433832808352,0
338,1,0,12,-165,-22.4819328083521,-65.959655639768,-35.9473413875783,128.756121187787,0
338,2,0,12,-150,-22.4819328083521,-57.7579551615136,-59.9952855146999,126.804941422566,0
338,3,0,12,-135,-22.4819328083521,-47.6032362527271,-75.6991660643462,123.79881660665,0
338,4,0,12,-120,-22.4819328083521,-36.7730072172713,-87.4296687982549,120.031887181271,0
338,5,0,12,-105,-22.4819328083521,-25.835628592796,-82.5822354179491,108.620989463111,0
338,6,128.948324619091,12,-90,-22.4819328083521,-15.1309180902441,-73.1731389381929,94.9526396225608,0
338,7,250.402641319409,12,-75,-22.4819328083521,-4.94848696391787,-63.6184351470928,81.5676269116322,36.7195343330119
338,8,357.30446668281,12,-60,-22.4819328083521,4.39289424975665,-53.375777276991,68.6699775928228,129.965704229657
338,9,443.4410551915,12,-45,-22.4819328083521,12.5001695743695,-42.0077133796329,56.6216559565573,243.965816954951
338,10,503.806461415112,12,-30,-22.4819328083521,18.8899206422702,-29.228822045105,46.1148790736309,349.246037866891
338,11,534.892467363253,12,-15,-22.4819328083521,23.0296798658585,-15.0616956430956,38.4510803527879,418.895355298349
338,12,534.892467363253,12,0,-22.4819328083521,24.4699671916479,0,35.5300328083521,435.301383735102
338,13,503.806461415112,12,15,-22.4819328083521,23.0296798658585,15.0616956430956,38.4510803527879,394.550679871073
338,14,443.4410551915,12,30,-22.4819328083521,18.8899206422702,29.228822045105,46.1148790736309,307.399851756842
338,15,357.304466682811,12,45,-22.4819328083521,12.5001695743695,42.0077133796329,56.6216559565573,196.576467368996
338,16,250.402641319409,12,60,-22.4819328083521,4.39289424975665,53.375777276991,68.6699775928228,91.081300836167
338,17,128.948324619091,12,75,-22.4819328083521,-4.94848696391787,63.6184351470928,81.5676269116322,18.9092351745415
338,18,6.59865510560285e-14,12,90,-22.4819328083521,-15.1309180902441,73.1731389381929,94.9526396225608,0
338,19,0,12,105,-22.4819328083521,-25.835628592796,82.5822354179491,108.620989463111,0
338,20,0,12,120,-22.4819328083521,-36.7730072172713,87.4296687982549,120.031887181271,0
338,21,0,12,135,-22.4819328083521,-47.6032362527271,75.6991660643462,123.79881660665,0
338,22,0,12,150,-22.4819328083521,-57.7579551615136,59.9952855146999,126.804941422566,0
338,23,0,12,165,-22.4819328083521,-65.959655639768,35.9473413875783,128.756121187787,0
339,0,0,12,-180,-22.5933843638293,-69.5452843638293,-1.85374004268255e-14,129.545284363829,0
339,1,0,12,-165,-22.5933843638293,-66.0583141534046,-36.0748533651637,128.867048850327,0
339,2,0,12,-150,-22.5933843638293,-57.8390824126286,-60.1386877255401,126.914527314531,0
339,3,0,12,-135,-22.5933843638293,-47.6747614386186,-75.8260180553565,123.906779083384,0
339,4,0,12,-120,-22.5933843638293,-36.8412749854285,-87.5396988962514,120.138487623827,0
339,5,0,12,-105,-22.5933843638293,-25.9047430743526,-82.4850637218908,108.634148550688,0
339,6,127.25748704765,12,-90,-22.5933843638293,-15.2037220684727,-73.0857071253069,94.975967729177,0
339,7,247.119231510235,12,-75,-22.5933843638293,-5.02713243915473,-63.5391644690327,81.6020085286236,36.0913557924657
339,8,352.619304479303,12,-60,-22.5933843638293,4.30676938356401,-53.3048342718021,68.7172574202963,127.990436892112
339,9,437.626425191056,12,-45,-22.5933843638293,12.4056025634633,-41.9473133178153,56.6847032815616,240.364537575566
339,10,497.200288778036,12,-30,-22.5933843638293,18.7871100500269,-29.1833583971615,46.19707299732,344.152118106467
339,11,527.878678830753,12,-15,-22.5933843638293,22.9206055211424,-15.0368266767242,38.5529818047255,412.818113313616
339,12,527.878678830753,12,0,-22.5933843638293,24.3585156361707,0,35.6414843638293,428.995952928291
339,13,497.200288778036,12,15,-22.5933843638293,22.9206055211424,15.0368266767242,38.5529818047255,388.826625100617
339,14,437.626425191056,12,30,-22.5933843638293,18.7871100500269,29.1833583971615,46.19707299732,302.91627854645
339,15,352.619304479303,12,45,-22.5933843638293,12.4056025634633,41.9473133178153,56.6847032815616,193.674721594755
339,16,247.119231510235,12,60,-22.5933843638293,4.30676938356401,53.3048342718021,68.7172574202963,89.6970131914438
339,17,127.25748704765,12,75,-22.5933843638293,-5.02713243915473,63.5391644690327,81.6020085286236,18.5857458936846
339,18,6.51213010416145e-14,12,90,-22.5933843638293,-15.2037220684727,73.0857071253069,94.975967729177,0
339,19,0,12,105,-22.5933843638293,-25.9047430743526,82.4850637218908,108.634148550688,0
339,20,0,12,120,-22.5933843638293,-36.8412749854285,87.5396988962514,120.138487623827,0
339,21,0,12,135,-22.5933843638293,-47.6747614386186,75.8260180553565,123.906779083384,0
339,22,0,12,150,-22.5933843638293,-57.8390824126286,60.1386877255401,126.914527314531,0
339,23,0,12,165,-22.5933843638293,-66.0583141534046,36.0748533651637,128.867048850327,0
340,0,0,12,-180,-22.6981410119143,-69.6500410119143,-1.8614544398675e-14,129.650041011914,0
340,1,0,12,-165,-22.6981410119143,-66.1509495592625,-36.1956101794071,128.971311579581,0
340,2,0,12,-150,-22.6981410119143,-57.9151882457394,-60.2740652384347,127.017525433902,0
340,3,0,12,-135,-22.6981410119143,-47.7418622953488,-75.9455671821924,124.008248044987,0
340,4,0,12,-120,-22.6981410119143,-36.9053493025814,-87.6432985904017,120.238674784413,0
340,5,0,12,-105,-22.6981410119143,-25.9696467327385,-82.3936253311258,108.646451447253,0
340,6,125.559078954733,12,-90,-22.6981410119143,-15.2721219026771,-73.0034722984963,94.9978780599864,0
340,7,243.821120629299,12,-75,-22.6981410119143,-5.10104494447408,-63.4646381413823,81.6343512407108,35.4735084540883
340,8,347.913165026604,12,-60,-22.6981410119143,4.22581204954891,-53.2381674692042,68.76176026383,126.030406727963
340,9,431.785760885463,12,-45,-22.6981410119143,12.3167040304305,-41.8905814741814,56.7440516264316,236.782696586531
340,10,490.564537799039,12,-30,-22.6981410119143,18.6904652845354,-29.1406763363524,46.2744158752352,339.080743123959
340,11,520.833486905279,12,-15,-22.6981410119143,22.818079759627,-15.0134880702098,38.6488026234533,406.765114347763
340,12,520.833486905279,12,0,-22.6981410119143,24.2537589880857,0,35.7462410119143,422.714869912656
340,13,490.56453779904,12,15,-22.6981410119143,22.818079759627,15.0134880702098,38.6488026234533,383.125404432903
340,14,431.785760885463,12,30,-22.6981410119143,18.6904652845354,29.1406763363524,46.2744158752352,298.452548829292
340,15,347.913165026604,12,45,-22.6981410119143,12.3167040304305,41.8905814741814,56.7440516264316,190.78863838404
340,16,243.821120629299,12,60,-22.6981410119143,4.22581204954891,53.2381674692042,68.76176026383,88.3234039143891
340,17,125.559078954733,12,75,-22.6981410119143,-5.10104494447408,63.4646381413823,81.6343512407108,18.267576809148
340,18,6.42521769745258e-14,12,90,-22.6981410119143,-15.2721219026771,73.0034722984963,94.9978780599864,0
340,19,0,12,105,-22.6981410119143,-25.9696467327385,82.3936253311258,108.646451447253,0
340,20,0,12,120,-22.6981410119143,-36.9053493025814,87.6432985904017,120.238674784413,0
340,21,0,12,135,-22.6981410119143,-47.7418622953488,75.9455671821924,124.008248044987,0
340,22,0,12,150,-22.6981410119143,-57.9151882457394,60.2740652384347,127.017525433902,0
340,23,0,12,165,-22.6981410119143,-66.1509495592625,36.1956101794071,128.971311579581,0
341,0,0,12,-180,-22.7961717109515,-69.7480717109515,-1.86874273645099e-14,129.748071710951,0
341,1,0,12,-165,-22.7961717109515,-66.2375514142658,-36.3094161228744,129.068878750072,0
341,2,0,12,-150,-22.7961717109515,-57.9862767481827,-60.4012709166624,127.11390615116,0
341,3,0,12,-135,-22.7961717109515,-47.8045421827815,-76.0577198237088,124.103194905545,0
341,4,0,12,-120,-22.7961717109515,-36.9652280979292,-87.7404042398025,120.332420744596,0
341,5,0,12,-105,-22.7961717109515,-26.0303311348075,-82.3079663877641,108.657906695755,0
341,6,123.853603615313,12,-90,-22.7961717109515,-15.3361029144975,-72.9264688383462,95.0183671213553,0
341,7,240.509285978036,12,-75,-22.7961717109515,-5.17020408806086,-63.394881268629,81.6646404534433,34.8658735651871
341,8,343.1874428554,12,-60,-22.7961717109515,4.1500474543577,-53.1757936522342,68.8034610224679,124.085683563962
341,9,425.920792989606,12,-45,-22.7961717109515,12.2335026706568,-41.8375269368335,56.7996666872402,233.220635653896
341,10,483.901174794347,12,-30,-22.7961717109515,18.6000169075283,-29.1007788005032,46.346868310225,334.032523406034
341,11,513.758979229244,12,-15,-22.7961717109515,22.7221336383137,-14.9916797403483,38.7385065851564,400.737154928531
341,12,513.758979229244,12,0,-22.7961717109515,24.1557282890485,0,35.8442717109515,416.458981823087
341,13,483.901174794347,12,15,-22.7961717109515,22.7221336383137,14.9916797403483,38.7385065851564,377.447768104376
341,14,425.920792989606,12,30,-22.7961717109515,18.6000169075283,29.1007788005032,46.346868310225,294.009199944351
341,15,343.1874428554,12,45,-22.7961717109515,12.2335026706568,41.8375269368335,56.7996666872402,187.918493035687
341,16,240.509285978036,12,60,-22.7961717109515,4.1500474543577,53.1757936522342,68.8034610224679,86.9605219403077
341,17,123.853603615313,12,75,-22.7961717109515,-5.17020408806086,63.394881268629,81.6646404534433,17.9546667675803
341,18,6.33794363949808e-14,12,90,-22.7961717109515,-15.3361029144975,72.9264688383462,95.0183671213553,0
341,19,0,12,105,-22.7961717109515,-26.0303311348075,82.3079663877641,108.657906695755,0
341,20,0,12,120,-22.7961717109515,-36.9652280979292,87.7404042398025,120.332420744596,0
341,21,0,12,135,-22.7961717109515,-47.8045421827815,76.0577198237088,124.103194905545,0
341,22,0,12,150,-22.7961717109515,-57.9862767481827,60.4012709166624,127.11390615116,0
341,23,0,12,165,-22.7961717109515,-66.2375514142658,36.3094161228744,129.068878750072,0
342,0,0,12,-180,-22.887447412329,-69.839347412329,-1.87558985078283e-14,129.839347412329,0
342,1,0,12,-165,-22.887447412329,-66.3181103555778,-36.4160844604933,129.159721706976,0
342,2,0,12,-150,-22.887447412329,-58.0523521950254,-60.5201655790934,127.203641753159,0
342,3,0,12,-135,-22.887447412329,-47.8628045545467,-76.1623877622256,124.191592937234,0
342,4,0,12,-120,-22.887447412329,-37.0209096342433,-87.830955970767,120.419699405185,0
342,5,0,12,-105,-22.887447412329,-26.0867885165997,-82.2281302703918,108.668522375059,0
342,6,122.14156639854,12,-90,-22.887447412329,-15.3956514466066,-72.8547290519371,95.0374316819995,0
342,7,237.184708924527,12,-75,-22.887447412329,-5.23459083342198,-63.3299174349773,81.6928625123311,34.2683205015759
342,8,338.443538299159,12,-60,-22.887447412329,4.07949916008221,-53.1177285898992,68.8423361930174,122.156312021511
342,9,420.033259420051,12,-45,-22.887447412329,12.1560253218684,-41.7881582589141,56.851516361396,229.678656353007
342,10,477.212174262226,12,-30,-22.887447412329,18.5157935098712,-29.0636685809331,46.4143934752953,329.008016211576
342,11,506.657252131956,12,-15,-22.887447412329,22.6327962173008,-14.9714016386636,38.8220598386862,394.734969946162
342,12,506.657252131956,12,0,-22.887447412329,24.064452587671,0,35.935547412329,410.229072408784
342,13,477.212174262226,12,15,-22.887447412329,22.6327962173008,14.9714016386636,38.8220598386862,371.794408296127
342,14,420.033259420051,12,30,-22.887447412329,18.5157935098712,29.0636685809331,46.4143934752953,289.586722380507
342,15,338.443538299159,12,45,-22.887447412329,12.1560253218684,41.7881582589141,56.851516361396,185.064528545279
342,16,237.184708924527,12,60,-22.887447412329,4.07949916008221,53.1177285898992,68.8423361930174,85.6083985403358
342,17,122.141566398541,12,75,-22.887447412329,-5.23459083342198,63.3299174349773,81.6928625123311,17.6469485022391
342,18,6.25033379148484e-14,12,90,-22.887447412329,-15.3956514466066,72.8547290519371,95.0374316819995,0
342,19,0,12,105,-22.887447412329,-26.0867885165997,82.2281302703918,108.668522375059,0
342,20,0,12,120,-22.887447412329,-37.0209096342433,87.830955970767,120.419699405185,0
342,21,0,12,135,-22.887447412329,-47.8628045545467,76.1623877622256,124.191592937234,0
342,22,0,12,150,-22.887447412329,-58.0523521950254,60.5201655790934,127.203641753159,0
342,23,0,12,165,-22.887447412329,-66.3181103555778,36.4160844604933,129.159721706976,0
343,0,0,12,-180,-22.9719410690867,-69.9238410690867,-1.88198137870481e-14,129.923841069087,0
343,1,0,12,-165,-22.9719410690867,-66.3926180290379,-36.515438144362,129.243813773794,0
343,2,0,12,-150,-22.9719410690867,-58.1134189626488,-60.6306183302376,127.286706448685,0
343,3,0,12,-135,-22.9719410690867,-47.9166528974015,-76.2594883295031,124.273417273915,0
343,4,0,12,-120,-22.9719410690867,-37.0723924694673,-87.9148977574931,120.500486488866,0
343,5,0,12,-105,-22.9719410690867,-26.1390117608169,-82.1541575421334,108.678306080748,0
343,6,120.423474617991,12,-90,-22.9719410690867,-15.4507548515002,-72.7882831371426,95.0550687664867,0
343,7,233.848374612704,12,-75,-22.9719410690867,-5.29418749612527,-63.2697686796333,81.7190047065181,33.6807072922125
343,8,333.682857079184,12,-60,-22.9719410690867,4.01418908230371,-53.0639870203127,68.8783638800859,120.242312490734
343,9,414.124904780056,12,-45,-22.9719410690867,12.0842969591121,-41.7424834467816,56.8995707577399,226.15702161768
343,10,470.499518297893,12,-30,-22.9719410690867,18.4378217047708,-29.0293483134664,46.4769571164748,324.007727427608
343,11,499.530410008421,12,-15,-22.9719410690867,22.5500945517387,-14.9526537456362,38.899430905874,388.759234763641
343,12,499.530410008421,12,0,-22.9719410690867,23.9799589309133,0,36.0200410690867,404.025864191183
343,13,470.499518297893,12,15,-22.9719410690867,22.5500945517387,14.9526537456362,38.899430905874,366.165961121501
343,14,414.124904780056,12,30,-22.9719410690867,18.4378217047708,29.0293483134664,46.4769571164748,285.185561410088
343,15,333.682857079184,12,45,-22.9719410690867,12.0842969591121,41.7424834467816,56.8995707577399,182.226956772826
343,16,233.848374612704,12,60,-22.9719410690867,4.01418908230371,53.0639870203127,68.8783638800859,84.2670480040825
343,17,120.423474617991,12,75,-22.9719410690867,-5.29418749612527,63.2697686796333,81.7190047065181,17.3443489031606
343,18,6.16241411410162e-14,12,90,-22.9719410690867,-15.4507548515002,72.7882831371426,95.0550687664867,0
343,19,0,12,105,-22.9719410690867,-26.1390117608169,82.1541575421334,108.678306080748,0
343,20,0,12,120,-22.9719410690867,-37.0723924694673,87.9148977574931,120.500486488866,0
343,21,0,12,135,-22.9719410690867,-47.9166528974015,76.2594883295031,124.273417273915,0
343,22,0,12,150,-22.9719410690867,-58.1134189626488,60.6306183302376,127.286706448685,0
343,23,0,12,165,-22.9719410690867,-66.3926180290379,36.515438144362,129.243813773794,0
344,0,0,12,-180,-23.0496276439306,-70.0015276439306,-1.88790366709314e-14,130.001527643931,0
344,1,0,12,-165,-23.0496276439306,-66.4610670196836,-36.6073105019556,129.321130259473,0
344,2,0,12,-150,-23.0496276439306,-58.1694814462621,-60.7325068721072,127.363076373564,0
344,3,0,12,-135,-23.0496276439306,-47.9660906737324,-76.3489445437698,124.348644914392,0
344,4,0,12,-120,-23.0496276439306,-37.1196754203843,-87.9921774977377,120.574759542543,0
344,5,0,12,-105,-23.0496276439306,-26.1869943754983,-82.0860859018732,108.687264907135,0
344,6,118.699837381338,12,-90,-23.0496276439306,-15.5014014808355,-72.7271591490499,95.071275649101,0
344,7,230.501271670427,12,-75,-23.0496276439306,-5.34897774061888,-63.214455473515,81.7430552721279,33.1028811573766
344,8,328.906809888063,12,-60,-23.0496276439306,3.95413748836357,-53.0145826347632,68.9115238053326,118.343682141808
344,9,408.197479842614,12,-45,-23.0496276439306,12.0183406901364,-41.7005099488167,56.9438022058251,222.655957254722
344,10,463.765196006182,12,-30,-23.0496276439306,18.3661261214744,-28.9978204699389,46.534527555418,319.032113516119
344,11,492.380564695768,12,-15,-23.0496276439306,22.4740536843452,-14.9354360652727,38.9705906819042,382.810567434574
344,12,492.380564695768,12,0,-23.0496276439306,23.9022723560694,0,36.0977276439306,397.85002073331
344,13,463.765196006182,12,15,-23.0496276439306,22.4740536843452,14.9354360652727,38.9705906819042,360.563008715073
344,14,408.197479842614,12,30,-23.0496276439306,18.3661261214744,28.9978204699389,46.534527555418,280.806118802427
344,15,328.906809888063,12,45,-23.0496276439306,12.0183406901364,41.7005099488167,56.9438022058251,179.405959663101
344,16,230.501271670427,12,60,-23.0496276439306,3.95413748836357,53.0145826347632,68.9115238053326,82.9364683483786
344,17,118.699837381339,12,75,-23.0496276439306,-5.34897774061888,63.214455473515,81.7430552721279,17.0467892943018
344,18,6.07421065984627e-14,12,90,-23.0496276439306,-15.5014014808355,72.7271591490499,95.071275649101,0
344,19,0,12,105,-23.0496276439306,-26.1869943754983,82.0860859018732,108.687264907135,0
344,20,0,12,120,-23.0496276439306,-37.1196754203843,87.9921774977377,120.574759542543,0
344,21,0,12,135,-23.0496276439306,-47.9660906737324,76.3489445437698,124.348644914392,0
344,22,0,12,150,-23.0496276439306,-58.1694814462621,60.7325068721072,127.363076373564,0
344,23,0,12,165,-23.0496276439306,-66.4610670196836,36.6073105019556,129.321130259473,0
345,0,0,12,-180,-23.1204841166518,-70.0723841166518,-1.89334388521473e-14,130.072384116652,0
345,1,0,12,-165,-23.1204841166518,-66.5234507849118,-36.6915458931646,129.391648464985,0
345,2,0,12,-150,-23.1204841166518,-58.2205439817752,-60.8257177968202,127.43272959535,0
345,3,0,12,-135,-23.1204841166518,-48.01112126743,-76.4306852375103,124.417254725343,0
345,4,0,12,-120,-23.1204841166518,-37.1627575284787,-88.0627470833566,120.642497939424,0
345,5,0,12,-105,-23.1204841166518,-26.2307304739733,-82.0239501387442,108.695405430544,0
345,6,116.971165439496,12,-90,-23.1204841166518,-15.5475806753676,-72.6713829685857,95.0860498480914,0
345,7,227.144391916535,12,-75,-23.1204841166518,-5.39894657716201,-63.1639966974523,81.7650033952958,32.53467905943
345,8,324.116811971655,12,-60,-23.1204841166518,3.89936299584188,-52.9695280627669,68.9417973159523,116.460395971237
345,9,402.25274103166,12,-45,-23.1204841166518,11.9581777511604,-41.6622446448989,56.9841852644009,219.175653519942
345,10,457.011202912126,12,-30,-23.1204841166518,18.300729399457,-28.9690873502249,46.5870756917615,314.081583546532
345,11,485.209834847472,12,-15,-23.1204841166518,22.4046966384808,-14.9197486200317,39.0355124357281,376.889531022518
345,12,485.209834847472,12,0,-23.1204841166518,23.8314158833482,0,36.1685841166518,391.702149014185
345,13,457.011202912126,12,15,-23.1204841166518,22.4046966384808,14.9197486200317,39.0355124357281,354.986081417194
345,14,402.25274103166,12,30,-23.1204841166518,18.300729399457,28.9690873502249,46.5870756917615,276.448754612805
345,15,324.116811971656,12,45,-23.1204841166518,11.9581777511604,41.6622446448989,56.9841852644009,176.601690515507
345,16,227.144391916535,12,60,-23.1204841166518,3.89936299584188,52.9695280627669,68.9417973159523,81.6166420505175
345,17,116.971165439496,12,75,-23.1204841166518,-5.39894657716201,63.1639966974523,81.7650033952958,16.7541857171622
345,18,5.98574956530589e-14,12,90,-23.1204841166518,-15.5475806753676,72.6713829685857,95.0860498480914,0
345,19,0,12,105,-23.1204841166518,-26.2307304739733,82.0239501387442,108.695405430544,0
345,20,0,12,120,-23.1204841166518,-37.1627575284787,88.0627470833566,120.642497939424,0
345,21,0,12,135,-23.1204841166518,-48.01112126743,76.4306852375103,124.417254725343,0
345,22,0,12,150,-23.1204841166518,-58.2205439817752,60.8257177968202,127.43272959535,0
345,23,0,12,165,-23.1204841166518,-66.5234507849118,36.6915458931646,129.391648464985,0
346,0,0,12,-180,-23.1844894909484,-70.1363894909484,-1.89829009323251e-14,130.136389490948,0
346,1,0,12,-165,-23.1844894909484,-66.5797635908248,-36.7680003317421,129.455347689361,0
346,2,0,12,-150,-23.1844894909484,-58.266610772445,-60.9101468589465,127.495646117579,0
346,3,0,12,-135,-23.1844894909484,-48.0517479333544,-76.504645175748,124.479227443946,0
346,4,0,12,-120,-23.1844894909484,-37.2016380281196,-88.1265624655626,120.70368288085,0
346,5,0,12,-105,-23.1844894909484,-26.2702147561686,-81.9677820899772,108.702733693863,0
346,6,115.237971035267,12,-90,-23.1844894909484,-15.589282755531,-72.6209782734209,95.0993891203223,0
346,7,223.778730066945,12,-75,-23.1844894909484,-5.4440803588961,-63.11840962194,81.7848392148999,31.9759282652027
346,8,319.31428270972,12,-60,-23.1844894909484,3.84988257122665,-52.9288348581548,68.9691673924076,114.592407880742
346,9,396.292449901599,12,-45,-23.1844894909484,11.9038275030245,-41.627693836596,57.0206967291249,215.716266751703
346,10,450.239540369642,12,-30,-23.1844894909484,18.2416521830956,-28.9431510748159,46.6345750052453,309.156501308442
346,11,478.020345305542,12,-15,-23.1844894909484,22.3420444117862,-14.9055914461171,39.0941718105018,370.996636015483
346,12,478.020345305542,12,0,-23.1844894909484,23.7674105090516,0,36.2325894909484,385.582801901782
346,13,450.239540369642,12,15,-23.1844894909484,22.3420444117862,14.9055914461171,39.0941718105018,349.435660048166
346,14,396.292449901599,12,30,-23.1844894909484,18.2416521830956,28.9431510748159,46.6345750052453,272.113789042039
346,15,319.31428270972,12,45,-23.1844894909484,11.9038275030245,41.627693836596,57.0206967291249,173.81427530033
346,16,223.778730066945,12,60,-23.1844894909484,3.84988257122665,52.9288348581548,68.9691673924076,80.3075368043512
346,17,115.237971035267,12,75,-23.1844894909484,-5.4440803588961,63.11840962194,81.7848392148999,16.4664492203922
346,18,5.89705704341192e-14,12,90,-23.1844894909484,-15.589282755531,72.6209782734209,95.0993891203223,0
346,19,0,12,105,-23.1844894909484,-26.2702147561686,81.9677820899772,108.702733693863,0
346,20,0,12,120,-23.1844894909484,-37.2016380281196,88.1265624655626,120.70368288085,0
346,21,0,12,135,-23.1844894909484,-48.0517479333544,76.504645175748,124.479227443946,0
346,22,0,12,150,-23.1844894909484,-58.266610772445,60.9101468589465,127.495646117579,0
346,23,0,12,165,-23.1844894909484,-66.5797635908248,36.7680003317421,129.455347689361,0
347,0,0,12,-180,-23.2416248006465,-70.1935248006465,-1.90273130720192e-14,130.193524800647,0
347,1,0,12,-165,-23.2416248006465,-66.630000452285,-36.8365420669134,129.512209235182,0
347,2,0,12,-150,-23.2416248006465,-58.307685820682,-60.9856992266726,127.551807883618,0
347,3,0,12,-135,-23.2416248006465,-48.0879737505951,-76.570765164581,124.534545680215,0
347,4,0,12,-120,-23.2416248006465,-37.2363163171797,-88.1835837147931,120.758297397902,0
347,5,0,12,-105,-23.2416248006465,-26.3054424913386,-81.9176106022007,108.709255192394,0
347,6,113.500767751559,12,-90,-23.2416248006465,-15.6264990127102,-72.5759665112263,95.1112914563421,0
347,7,220.405283439901,12,-75,-23.2416248006465,-5.48436677908378,-63.0777098884974,81.8025538250059,31.4264469190437
347,8,314.500645195325,12,-60,-23.2416248006465,3.80571152875696,-52.8925134862395,68.9936186554232,112.73965178639
347,9,390.318372615328,12,-45,-23.2416248006465,11.8553074277111,-41.5968632381001,57.053315639522,212.27792105803
347,10,443.452214968486,12,-30,-23.2416248006465,18.1889131168247,-28.920013577973,46.6770015576106,304.257187499155
347,11,470.814226470893,12,-15,-23.2416248006465,22.286115970382,-14.8929645891515,39.1465468240333,365.132342829157
347,12,470.814226470893,12,0,-23.2416248006465,23.7102751993535,0,36.2897248006465,379.492480717894
347,13,443.452214968486,12,15,-23.2416248006465,22.286115970382,14.8929645891515,39.1465468240333,343.912178265991
347,14,390.318372615328,12,30,-23.2416248006465,18.1889131168247,28.920013577973,46.6770015576106,267.801504361922
347,15,314.500645195325,12,45,-23.2416248006465,11.8553074277111,41.5968632381001,57.053315639522,171.043814018123
347,16,220.405283439901,12,60,-23.2416248006465,3.80571152875696,52.8925134862395,68.9936186554232,79.0091062975805
347,17,113.500767751559,12,75,-23.2416248006465,-5.48436677908378,63.0777098884974,81.8025538250059,16.1834861548938
347,18,5.80815937567276e-14,12,90,-23.2416248006465,-15.6264990127102,72.5759665112263,95.1112914563421,0
347,19,0,12,105,-23.2416248006465,-26.3054424913386,81.9176106022007,108.709255192394,0
347,20,0,12,120,-23.2416248006465,-37.2363163171797,88.1835837147931,120.758297397902,0
347,21,0,12,135,-23.2416248006465,-48.0879737505951,76.570765164581,124.534545680215,0
347,22,0,12,150,-23.2416248006465,-58.307685820682,60.9856992266726,127.551807883618,0
347,23,0,12,165,-23.2416248006465,-66.630000452285,36.8365420669134,129.512209235182,0
348,0,0,12,-180,-23.2918731153209,-70.2437731153209,-1.90665755991683e-14,130.243773115321,0
348,1,0,12,-165,-23.2918731153209,-66.674157077183,-36.8970521211237,129.562216413527,0
348,2,0,12,-150,-23.2918731153209,-58.3437728653829,-61.0522897109457,127.601198780106,0
348,3,0,12,-135,-23.2918731153209,-48.1198015797143,-76.6289921497512,124.583193919062,0
348,4,0,12,-120,-23.2918731153209,-37.2667919301958,-88.2337750750581,120.806326352801,0
348,5,0,12,-105,-23.2918731153209,-26.3364095022845,-81.8734614962744,108.714974861033,0
348,6,111.760070359197,12,-90,-23.2918731153209,-15.659221701238,-72.5363668753427,95.1217550758862,0
348,7,217.025051660444,12,-75,-23.2918731153209,-5.51979486854055,-63.0419114926901,81.8181392770367,30.8860446255744
348,8,309.677325813151,12,-60,-23.2918731153209,3.7668635294252,-52.8605733121059,69.0151373722573,110.902042755572
348,9,384.332279420878,12,-45,-23.2918731153209,11.8126331252306,-41.5697579679467,57.0820232852112,208.86071005319
348,10,436.651237939658,12,-30,-23.2918731153209,18.1425288407732,-28.8996766014787,46.7143339942843,299.383921980446
348,11,463.593613672055,12,-15,-23.2918731153209,22.2369282436324,-14.8818681002385,39.1926178692254,359.297064392314
348,12,463.593613672055,12,0,-23.2918731153209,23.6600268846791,0,36.3399731153209,373.431637888136
348,13,436.651237939658,12,15,-23.2918731153209,22.2369282436324,14.8818681002385,39.1926178692254,338.416025001523
348,14,384.332279420878,12,30,-23.2918731153209,18.1425288407732,28.8996766014787,46.7143339942843,263.51214690157
348,15,309.677325813151,12,45,-23.2918731153209,11.8126331252306,41.5697579679467,57.0820232852112,168.290382098971
348,16,217.025051660444,12,60,-23.2918731153209,3.7668635294252,52.8605733121059,69.0151373722573,77.7212910085607
348,17,111.760070359197,12,75,-23.2918731153209,-5.51979486854055,63.0419114926901,81.8181392770367,15.9051984739172
348,18,5.71908290438592e-14,12,90,-23.2918731153209,-15.659221701238,72.5363668753427,95.1217550758862,0
348,19,0,12,105,-23.2918731153209,-26.3364095022845,81.8734614962744,108.714974861033,0
348,20,0,12,120,-23.2918731153209,-37.2667919301958,88.2337750750581,120.806326352801,0
348,21,0,12,135,-23.2918731153209,-48.1198015797143,76.6289921497512,124.583193919062,0
348,22,0,12,150,-23.2918731153209,-58.3437728653829,61.0522897109457,127.601198780106,0
348,23,0,12,165,-23.2918731153209,-66.674157077183,36.8970521211237,129.562216413527,0
349,0,0,12,-180,-23.3352195453114,-70.2871195453114,-1.91005995699006e-14,130.287119545311,0
349,1,0,12,-165,-23.3352195453114,-66.7122298153889,-36.9494247801649,129.605354548384,0
349,2,0,12,-150,-23.3352195453114,-58.3748753251232,-61.1098429718322,127.643804639999,0
349,3,0,12,-135,-23.3352195453114,-48.1472340241481,-76.6792793050545,124.625158522095,0
349,4,0,12,-120,-23.3352195453114,-37.2930645141706,-88.2771050126818,120.847756440108,0
349,5,0,12,-105,-23.3352195453114,-26.3631121511207,-81.8353575357286,108.71989706278,0
349,6,110.016394664385,12,-90,-23.3352195453114,-15.6874440311614,-72.5021962829251,95.1307784238291,0
349,7,213.6390363642,12,-75,-23.3352195453114,-5.55035499328258,-63.0110267688586,81.8315885816781,30.3545230411828
349,8,304.845753816828,12,-60,-23.3352195453114,3.73335058012409,-52.8330225900635,69.0337114622614,109.079478169409
349,9,378.335944126852,12,-45,-23.3352195453114,11.7758183108623,-41.5463825415464,57.1068032114135,205.464698639646
349,10,429.838624559426,12,-30,-23.3352195453114,18.102513986879,-28.8821416890073,46.7465535458586,294.536946098899
349,11,456.360646532435,12,-15,-23.3352195453114,22.1944961194727,-14.8723020324268,39.2323677145011,353.491168807741
349,12,456.360646532435,12,0,-23.3352195453114,23.6166804546886,0,36.3833195453114,367.400679670222
349,13,429.838624559426,12,15,-23.3352195453114,22.1944961194727,14.8723020324268,39.2323677145011,332.947546964754
349,14,378.335944126852,12,30,-23.3352195453114,18.102513986879,28.8821416890073,46.7465535458586,259.245929089746
349,15,304.845753816829,12,45,-23.3352195453114,11.7758183108623,41.5463825415464,57.1068032114135,165.5540318383
349,16,213.6390363642,12,60,-23.3352195453114,3.73335058012409,52.8330225900635,69.0337114622614,76.4440190209265
349,17,110.016394664385,12,75,-23.3352195453114,-5.55035499328258,63.0110267688586,81.8315885816781,15.6314840376595
349,18,5.62985402483226e-14,12,90,-23.3352195453114,-15.6874440311614,72.5021962829251,95.1307784238291,0
349,19,0,12,105,-23.3352195453114,-26.3631121511207,81.8353575357286,108.71989706278,0
349,20,0,12,120,-23.3352195453114,-37.2930645141706,88.2771050126818,120.847756440108,0
349,21,0,12,135,-23.3352195453114,-48.1472340241481,76.6792793050545,124.625158522095,0
349,22,0,12,150,-23.3352195453114,-58.3748753251232,61.1098429718322,127.643804639999,0
349,23,0,12,165,-23.3352195453114,-66.7122298153889,36.9494247801649,129.605354548384,0
350,0,0,12,-180,-23.3716512461353,-70.3235512461353,-1.91293072758905e-14,130.323551246135,0
350,1,0,12,-165,-23.3716512461353,-66.7442156128278,-36.993568032216,129.641610980519,0
350,2,0,12,-150,-23.3716512461353,-58.4009962475165,-61.1582937014109,127.679613245234,0
350,3,0,12,-135,-23.3716512461353,-48.1702733959207,-76.7215861104162,124.660427729169,0
350,4,0,12,-120,-23.3716512461353,-37.3151338071026,-88.313546259335,120.882576187746,0
350,5,0,12,-105,-23.3716512461353,-26.3855473266423,-81.8033183988765,108.724025578611,0
350,6,108.270257355865,12,-90,-23.3716512461353,-15.7111601618056,-72.4734693556135,95.1383601665972,0
350,7,210.248240900579,12,-75,-23.3716512461353,-5.57603885241115,-62.9850663765994,81.8428957105302,29.831676473297
350,8,300.007360905413,12,-60,-23.3716512461353,3.70518303292641,-52.8098684542957,69.0493305017407,107.271838908138
350,9,372.331143576811,12,-45,-23.3716512461353,11.7448748127459,-41.526740864557,57.1276412237602,202.089924831191
350,10,423.016393552165,12,-30,-23.3716512461353,18.0688811754791,-28.8674101811342,46.773644029375,289.71646506408
350,11,449.117468336296,12,-15,-23.3716512461353,22.1588324403015,-14.8642664375805,39.2657815042028,347.714982081962
350,12,449.117468336296,12,0,-23.3716512461353,23.5802487538647,0,36.4197512461353,361.399968953528
350,13,423.016393552166,12,15,-23.3716512461353,22.1588324403015,14.8642664375805,39.2657815042028,327.507051215893
350,14,372.331143576811,12,30,-23.3716512461353,18.0688811754791,28.8674101811342,46.773644029375,255.003031548085
350,15,300.007360905413,12,45,-23.3716512461353,11.7448748127459,41.526740864557,57.1276412237602,162.834793865884
350,16,210.248240900579,12,60,-23.3716512461353,3.70518303292641,52.8098684542957,69.0493305017407,75.1772068543248
350,17,108.270257355865,12,75,-23.3716512461353,-5.57603885241115,62.9850663765994,81.8428957105302,15.3622369218684
350,18,5.54049917745453e-14,12,90,-23.3716512461353,-15.7111601618056,72.4734693556135,95.1383601665972,0
350,19,0,12,105,-23.3716512461353,-26.3855473266423,81.8033183988765,108.724025578611,0
350,20,0,12,120,-23.3716512461353,-37.3151338071026,88.313546259335,120.882576187746,0
350,21,0,12,135,-23.3716512461353,-48.1702733959207,76.7215861104162,124.660427729169,0
350,22,0,12,150,-23.3716512461353,-58.4009962475165,61.1582937014109,127.679613245234,0
350,23,0,12,165,-23.3716512461353,-66.7442156128278,36.993568032216,129.641610980519,0
351,0,0,12,-180,-23.4011574222934,-70.3530574222934,-1.91526326929321e-14,130.353057422293,0
351,1,0,12,-165,-23.4011574222934,-66.7701119710737,-37.0294039526734,129.670975070815,0
351,2,0,12,-150,-23.4011574222934,-58.4221382650122,-61.1975867826013,127.708614328999,0
351,3,0,12,-135,-23.4011574222934,-48.1889216858116,-76.7558784194856,124.688991659701,0
351,4,0,12,-120,-23.4011574222934,-37.3329996193223,-88.3430758492889,120.910775957854,0
351,5,0,12,-105,-23.4011574222934,-26.4037124333416,-81.77736065466,108.727363598714,0
351,6,106.522175851804,12,-90,-23.4011574222934,-15.730365196168,-72.450198402778,95.1444991890545,0
351,7,206.853670035456,12,-75,-23.4011574222934,-5.59683947625238,-62.964039289035,81.8520555975139,29.3172924864773
351,8,295.163580799145,12,-60,-23.4011574222934,3.68236958448594,-52.7911169107373,69.0619857281234,105.478990557034
351,9,366.31965712275,12,-45,-23.4011574222934,11.719812569816,-41.5108362271222,57.1445253924104,198.736401613077
351,10,416.186566492158,12,-30,-23.4011574222934,18.0416410123742,-28.8554832110005,46.795591849417,284.922650378771
351,11,441.866225393658,12,-15,-23.4011574222934,22.1299479994391,-14.8577613636679,39.2928467589537,341.968790916911
351,12,441.866225393658,12,0,-23.4011574222934,23.5507425777066,0,36.4492574222935,355.429828122912
351,13,416.186566492158,12,15,-23.4011574222934,22.1299479994391,14.8577613636679,39.2928467589537,322.0948077948
351,14,366.319657122751,12,30,-23.4011574222934,18.0416410123742,28.8554832110005,46.795591849417,250.78360523014
351,15,295.163580799145,12,45,-23.4011574222934,11.719812569816,41.5108362271222,57.1445253924104,160.132678644642
351,16,206.853670035456,12,60,-23.4011574222934,3.68236958448594,52.7911169107373,69.0619857281234,73.9207603095352
351,17,106.522175851804,12,75,-23.4011574222934,-5.59683947625238,62.964039289035,81.8520555975139,15.0973477299582
351,18,5.45104484002242e-14,12,90,-23.4011574222934,-15.730365196168,72.450198402778,95.1444991890545,0
351,19,0,12,105,-23.4011574222934,-26.4037124333416,81.77736065466,108.727363598714,0
351,20,0,12,120,-23.4011574222934,-37.3329996193223,88.3430758492889,120.910775957854,0
351,21,0,12,135,-23.4011574222934,-48.1889216858116,76.7558784194856,124.688991659701,0
351,22,0,12,150,-23.4011574222934,-58.4221382650122,61.1975867826013,127.708614328999,0
351,23,0,12,165,-23.4011574222934,-66.7701119710737,37.0294039526734,129.670975070815,0
352,0,0,12,-180,-23.423729330469,-70.375629330469,-1.91705218659331e-14,130.375629330469,0
352,1,0,12,-165,-23.423729330469,-66.7899169128183,-37.0568690320077,129.693438203067,0
352,2,0,12,-150,-23.423729330469,-58.4383035573731,-61.2276774234115,127.730799577646,0
352,3,0,12,-135,-23.423729330469,-48.2031805380986,-76.7821285166168,124.710842313758,0
352,4,0,12,-120,-23.423729330469,-37.3466618177038,-88.3656751508162,120.932347947488,0
352,5,0,12,-105,-23.423729330469,-26.4176053821141,-81.7574977422759,108.729913715115,0
352,6,104.772668146479,12,-90,-23.423729330469,-15.7450551761665,-72.4323934073778,95.149194591871,0
352,7,203.456329653438,12,-75,-23.423729330469,-5.61275122476825,-62.947952782907,81.8590641400396,28.8111525143693
352,8,290.315848814608,12,-60,-23.423729330469,3.66491727555014,-52.7767728302084,69.0716700434504,103.700784630387
352,9,360.303266097846,12,-45,-23.423729330469,11.7006396300763,-41.4986712989962,57.1574460554929,195.404118834891
352,10,409.351167204562,12,-30,-23.423729330469,18.0208020863655,-28.8463617006474,46.8123859990202,280.155642315414
352,11,434.6090664043,12,-15,-23.423729330469,22.1078515381511,-14.8527868524722,39.3135533759746,336.252845556687
352,12,434.6090664043,12,0,-23.423729330469,23.528170669531,0,36.471829330469,349.490541979654
352,13,409.351167204562,12,15,-23.423729330469,22.1078515381511,14.8527868524722,39.3135533759746,316.711052402296
352,14,360.303266097846,12,30,-23.423729330469,18.0208020863655,28.8463617006474,46.8123859990202,246.587773601098
352,15,290.315848814608,12,45,-23.423729330469,11.7006396300763,41.4986712989962,57.1574460554929,157.447677995836
352,16,203.456329653438,12,60,-23.423729330469,3.66491727555014,52.7767728302084,69.0716700434504,72.6745753262457
352,17,104.772668146479,12,75,-23.423729330469,-5.61275122476825,62.947952782907,81.8590641400396,14.8367039081431
352,18,5.36151751978671e-14,12,90,-23.423729330469,-15.7450551761665,72.4323934073778,95.149194591871,0
352,19,0,12,105,-23.423729330469,-26.4176053821141,81.7574977422759,108.729913715115,0
352,20,0,12,120,-23.423729330469,-37.3466618177038,88.3656751508162,120.932347947488,0
352,21,0,12,135,-23.423729330469,-48.2031805380986,76.7821285166168,124.710842313758,0
352,22,0,12,150,-23.423729330469,-58.4383035573731,61.2276774234115,127.730799577646,0
352,23,0,12,165,-23.423729330469,-66.7899169128183,37.0568690320077,129.693438203067,0
353,0,0,12,-180,-23.4393602821185,-70.3912602821185,-1.91829332261602e-14,130.391260282119,0
353,1,0,12,-165,-23.4393602821185,-66.8036289535144,-37.0759144442816,129.708993786252,0
353,2,0,12,-150,-23.4393602821185,-58.4494938210334,-61.2485312661704,127.746162632217,0
353,3,0,12,-135,-23.4393602821185,-48.2130512299771,-76.8003151631344,124.725973572923,0
353,4,0,12,-120,-23.4393602821185,-37.3561203128091,-88.3813298916848,120.947286189177,0
353,5,0,12,-105,-23.4393602821185,-26.4272245826901,-81.7437399546299,108.731677915684,0
353,6,103.022252656782,12,-90,-23.4393602821185,-15.7552270787648,-72.4200620144702,95.1524456893809,0
353,7,200.057226459803,12,-75,-23.4393602821185,-5.62376978625276,-62.9368124305199,81.8639181999451,28.3130324765618
353,8,285.465601439411,12,-60,-23.4393602821185,3.65283149057627,-52.7668399428253,69.0783780171894,101.937059811052
353,9,354.283753288602,12,-45,-23.4393602821185,11.6873621492075,-41.4902481255739,57.166395821879,192.093045131895
353,10,402.512221165706,12,-30,-23.4393602821185,18.0063709672624,-28.8400463580328,46.8240180604023,275.415552432879
353,11,427.348141821054,12,-15,-23.4393602821185,22.0925497432389,-14.8493429377306,39.3278936293487,330.567362682437
353,12,427.348141821054,12,0,-23.4393602821185,23.5125397178815,0,36.4874602821185,343.58236071234
353,13,402.512221165706,12,15,-23.4393602821185,22.0925497432389,14.8493429377306,39.3278936293487,311.355989126807
353,14,354.283753288602,12,30,-23.4393602821185,18.0063709672624,28.8400463580328,46.8240180604023,242.415634852996
353,15,285.465601439411,12,45,-23.4393602821185,11.6873621492075,41.4902481255739,57.166395821879,154.779766647201
353,16,200.057226459803,12,60,-23.4393602821185,3.65283149057627,52.7668399428253,69.0783780171894,71.4385388517452
353,17,103.022252656782,12,75,-23.4393602821185,-5.62376978625276,62.9368124305199,81.8639181999451,14.5801900630973
353,18,5.27194374562455e-14,12,90,-23.4393602821185,-15.7552270787648,72.4200620144702,95.1524456893809,0
353,19,0,12,105,-23.4393602821185,-26.4272245826901,81.7437399546299,108.731677915684,0
353,20,0,12,120,-23.4393602821185,-37.3561203128091,88.3813298916848,120.947286189177,0
353,21,0,12,135,-23.4393602821185,-48.2130512299771,76.8003151631344,124.725973572923,0
353,22,0,12,150,-23.4393602821185,-58.4494938210334,61.2485312661704,127.746162632217,0
353,23,0,12,165,-23.4393602821185,-66.8036289535144,37.0759144442816,129.708993786252,0
354,0,0,12,-180,-23.4480456454536,-70.3999456454536,-1.91898378372604e-14,130.399945645454,0
354,1,0,12,-165,-23.4480456454536,-66.811247079448,-37.0865062543818,129.717637256252,0
354,2,0,12,-150,-23.4480456454536,-58.4557102455073,-61.2601244713941,127.754699089619,0
354,3,0,12,-135,-23.4480456454536,-48.2185346557418,-76.8104236327922,124.734381200958,0
354,4,0,12,-120,-23.4480456454536,-37.3613750490115,-88.3900301786937,120.955586551332,0
354,5,0,12,-105,-23.4480456454536,-26.4325689378187,-81.7360944256489,108.732657579555,0
354,6,101.271448068597,12,-90,-23.4480456454536,-15.760878812992,-72.4132095223952,95.1542520079394,0
354,7,196.657367682184,12,-75,-23.4480456454536,-5.62989217632403,-62.9306220935585,81.8666156042074,27.8227033993985
354,8,280.614275906528,12,-60,-23.4480456454536,3.64611595744423,-52.7613208337095,69.0821058883818,100.187643203104
354,9,348.262902406577,12,-45,-23.4480456454536,11.6799843895059,-41.4855681248413,57.1713695732965,188.803129870571
354,10,395.671754902898,12,-30,-23.4480456454536,17.9983522043598,-28.8365376747406,46.8304822055178,270.70246612763
354,11,420.085603212575,12,-15,-23.4480456454536,22.084047245196,-14.847429643708,39.3358621702297,324.912528348385
354,12,420.085603212575,12,0,-23.4480456454536,23.5038543545464,0,36.4961456454536,337.705502910472
354,13,395.671754902899,12,15,-23.4480456454536,22.084047245196,14.847429643708,39.3358621702297,306.029793209765
354,14,348.262902406577,12,30,-23.4480456454536,17.9983522043598,28.8365376747406,46.8304822055178,238.267264150211
354,15,280.614275906528,12,45,-23.4480456454536,11.6799843895059,41.4855681248413,57.1713695732965,152.128903800567
354,16,196.657367682184,12,60,-23.4480456454536,3.64611595744423,52.7613208337095,69.0821058883818,70.2125297187918
354,17,101.271448068597,12,75,-23.4480456454536,-5.62989217632403,62.9306220935585,81.8666156042074,14.3276882816501
354,18,5.18235006017836e-14,12,90,-23.4480456454536,-15.760878812992,72.4132095223952,95.1542520079394,0
354,19,0,12,105,-23.4480456454536,-26.4325689378187,81.7360944256489,108.732657579555,0
354,20,0,12,120,-23.4480456454536,-37.3613750490115,88.3900301786937,120.955586551332,0
354,21,0,12,135,-23.4480456454536,-48.2185346557418,76.8104236327922,124.734381200958,0
354,22,0,12,150,-23.4480456454536,-58.4557102455073,61.2601244713941,127.754699089619,0
354,23,0,12,165,-23.4480456454536,-66.811247079448,37.0865062543818,129.717637256252,0
355,0,0,12,-180,-23.4497828468137,-70.4016828468137,-1.91912195673418e-14,130.401682846814,0
355,1,0,12,-165,-23.4497828468137,-66.8127707324316,-37.0886255624542,129.719366077062,0
355,2,0,12,-150,-23.4497828468137,-58.4569534969729,-61.2624437760179,127.756406503426,0
355,3,0,12,-135,-23.4497828468137,-48.2196313157943,-76.8124457363645,124.736062844248,0
355,4,0,12,-120,-23.4497828468137,-37.3624259976356,-88.391770511225,120.957246738536,0
355,5,0,12,-105,-23.4497828468137,-26.4336378392284,-81.734565121481,108.732853473945,0
355,6,99.5207731831114,12,-90,-23.4497828468137,-15.7620092178712,-72.4118388766601,95.154613284781,0
355,7,193.257760772112,12,-75,-23.4497828468137,-5.63111673722117,-62.9293839187961,81.867155145433,27.3399320397927
355,8,275.763309768416,12,-60,-23.4497828468137,3.64477274726106,-52.7602169400072,69.0828515671261,98.4523515950809
355,9,342.242497559826,12,-45,-23.4497828468137,11.6785087191512,-41.4846320852563,57.1723644657884,185.534305114041
355,10,388.831795393922,12,-30,-23.4497828468137,17.9967483253853,-28.8358359243895,46.83177519644,266.016445213365
355,11,412.823602625792,12,-15,-23.4497828468137,22.0823466169326,-14.8470469842062,39.3374560269885,319.288500952005
355,12,412.823602625792,12,0,-23.4497828468137,23.5021171531863,0,36.4978828468137,331.86015861355
355,13,388.831795393922,12,15,-23.4497828468137,22.0823466169326,14.8470469842062,39.3374560269885,300.732613843154
355,14,342.242497559827,12,30,-23.4497828468137,17.9967483253853,28.8358359243895,46.83177519644,234.142715900007
355,15,275.763309768416,12,45,-23.4497828468137,11.6785087191512,41.4846320852563,57.1723644657884,149.495034715516
355,16,193.257760772112,12,60,-23.4497828468137,3.64477274726106,52.7602169400072,69.0828515671261,68.9964195309103
355,17,99.5207731831115,12,75,-23.4497828468137,-5.63111673722117,62.9293839187961,81.867155145433,14.0790784520284
355,18,5.09276301199075e-14,12,90,-23.4497828468137,-15.7620092178712,72.4118388766601,95.154613284781,0
355,19,0,12,105,-23.4497828468137,-26.4336378392284,81.734565121481,108.732853473945,0
355,20,0,12,120,-23.4497828468137,-37.3624259976356,88.391770511225,120.957246738536,0
355,21,0,12,135,-23.4497828468137,-48.2196313157943,76.8124457363645,124.736062844248,0
355,22,0,12,150,-23.4497828468137,-58.4569534969729,61.2624437760179,127.756406503426,0
355,23,0,12,165,-23.4497828468137,-66.8127707324316,37.0886255624542,129.719366077062,0
356,0,0,12,-180,-23.4445713714284,-70.3964713714284,-1.91870751852005e-14,130.396471371428,0
356,1,0,12,-165,-23.4445713714284,-66.8081998012562,-37.0822685844913,129.714179741445,0
356,2,0,12,-150,-23.4445713714284,-58.453223709124,-61.2554865258067,127.751284384332,0
356,3,0,12,-135,-23.4445713714284,-48.2163413105211,-76.8063798353224,124.731018032061,0
356,4,0,12,-120,-23.4445713714284,-37.3592731531374,-88.3865497887786,120.952266291697,0
356,5,0,12,-105,-23.4445713714284,-26.4304311653776,-81.7391528356008,108.732265752386,0
356,6,97.7707467630751,12,-90,-23.4445713714284,-15.7586180612645,-72.4159506665367,95.1535294673845,0
356,7,189.859413106485,12,-75,-23.4445713714284,-5.62744313741166,-62.9330983357071,81.8655365821299,26.8644815111041
356,8,270.914140471033,12,-60,-23.4445713714284,3.64880227425353,-52.7635285492308,69.080614635401,96.7309927313435
356,9,336.224322724238,12,-45,-23.4445713714284,11.6829356117998,-41.4874401645698,57.1693799305231,182.286487603073
356,10,381.994369466397,12,-30,-23.4445713714284,18.0015598359134,-28.8379411617478,46.827896385573,261.357530523145
356,11,405.564291948207,12,-15,-23.4445713714284,22.0874483730662,-14.848194962013,39.332674605295,313.695414231275
356,12,405.564291948207,12,0,-23.4445713714284,23.5073286285716,0,36.4926713714284,326.046492388338
356,13,381.994369466397,12,15,-23.4445713714284,22.0874483730662,14.848194962013,39.332674605295,295.46457699259
356,14,336.224322724238,12,30,-23.4445713714284,18.0015598359134,28.8379411617478,46.827896385573,230.042026042883
356,15,270.914140471033,12,45,-23.4445713714284,11.6829356117998,41.4874401645698,57.1693799305231,146.878092305575
356,16,189.859413106485,12,60,-23.4445713714284,3.64880227425353,52.7635285492308,69.080614635401,67.7900735533745
356,17,97.7707467630752,12,75,-23.4445713714284,-5.62744313741166,62.9330983357071,81.8655365821299,13.8342385861603
356,18,5.00320914763754e-14,12,90,-23.4445713714284,-15.7586180612645,72.4159506665367,95.1535294673845,0
356,19,0,12,105,-23.4445713714284,-26.4304311653776,81.7391528356008,108.732265752386,0
356,20,0,12,120,-23.4445713714284,-37.3592731531374,88.3865497887786,120.952266291697,0
356,21,0,12,135,-23.4445713714284,-48.2163413105211,76.8063798353224,124.731018032061,0
356,22,0,12,150,-23.4445713714284,-58.453223709124,61.2554865258067,127.751284384332,0
356,23,0,12,165,-23.4445713714284,-66.8081998012562,37.0822685844913,129.714179741445,0
357,0,0,12,-180,-23.4324127635706,-70.3843127635706,-1.91774143796201e-14,130.384312763571,0
357,1,0,12,-165,-23.4324127635706,-66.7975346199776,-37.0674466684778,129.702079771072,0
357,2,0,12,-150,-23.4324127635706,-58.4445204813376,-61.2392606818432,127.739334200236,0
357,3,0,12,-135,-23.4324127635706,-48.2086643390687,-76.7922308445691,124.719248176587,0
357,4,0,12,-120,-23.4324127635706,-37.3519165323399,-88.3743713124796,120.940646588083,0
357,5,0,12,-105,-23.4324127635706,-26.4229492810039,-81.7498551878295,108.730893954371,0
357,6,96.0218873790853,12,-90,-23.4324127635706,-15.7507060396429,-72.4255431243801,95.1510007133454,0
357,7,186.463331689057,12,-75,-23.4324127635706,-5.61887237151271,-62.9417640559883,81.8617606387611,26.396111910135
357,8,266.068204927895,12,-60,-23.4324127635706,3.65820329574671,-52.7712547989263,69.0753963472296,95.0233665890646
357,9,330.210161214898,12,-45,-23.4324127635706,11.6932636465031,-41.4939918895887,57.1624176739554,179.059580748352
357,10,375.16150319719,12,-30,-23.4324127635706,18.0127852192494,-28.8428532225554,46.818847715694,256.725744528081
357,11,398.309822270241,12,-15,-23.4324127635706,22.0993509697798,-14.8508735687923,39.321519688135,308.13338028201
357,12,398.309822270241,12,0,-23.4324127635706,23.5194872364294,0,36.4805127635706,320.264646427051
357,13,375.16150319719,12,15,-23.4324127635706,22.0993509697798,14.8508735687923,39.321519688135,290.225788239286
357,14,330.210161214898,12,30,-23.4324127635706,18.0127852192494,28.8428532225554,46.818847715694,225.965214357493
357,15,266.068204927895,12,45,-23.4324127635706,11.6932636465031,41.4939918895887,57.1624176739554,144.277998743504
357,16,186.463331689057,12,60,-23.4324127635706,3.65820329574671,52.7712547989263,69.0753963472296,66.5933516081313
357,17,96.0218873790854,12,75,-23.4324127635706,-5.61887237151271,62.9417640559883,81.8617606387611,13.5930451425558
357,18,4.91371500386146e-14,12,90,-23.4324127635706,-15.7507060396429,72.4255431243801,95.1510007133454,0
357,19,0,12,105,-23.4324127635706,-26.4229492810039,81.7498551878295,108.730893954371,0
357,20,0,12,120,-23.4324127635706,-37.3519165323399,88.3743713124796,120.940646588083,0
357,21,0,12,135,-23.4324127635706,-48.2086643390687,76.7922308445691,124.719248176587,0
357,22,0,12,150,-23.4324127635706,-58.4445204813376,61.2392606818432,127.739334200236,0
357,23,0,12,165,-23.4324127635706,-66.7975346199776,37.0674466684778,129.702079771072,0
358,0,0,12,-180,-23.413310626098,-70.365210626098,-1.91622597015271e-14,130.365210626098,0
358,1,0,12,-165,-23.413310626098,-66.7807759730531,-37.0441862459806,129.683069716123,0
358,2,0,12,-150,-23.413310626098,-58.4308428841681,-61.2137848010701,127.720559375976,0
358,3,0,12,-135,-23.413310626098,-48.1965997030186,-76.7700102242331,124.700756572797,0
358,4,0,12,-120,-23.413310626098,-37.3403561767262,-88.3552427805543,120.922390841222,0
358,5,0,12,-105,-23.413310626098,-26.4111930384752,-81.7666666272735,108.728737006415,0
358,6,94.274713255921,12,-90,-23.413310626098,-15.7382747787783,-72.4406121276714,95.147027390758,0
358,7,183.070522852048,12,-75,-23.413310626098,-5.60540676052711,-62.955378074993,81.8558290055824,25.9345809443134
358,8,261.226939094289,12,-60,-23.413310626098,3.67297291222825,-52.78339367767,69.0671996281859,93.3292666583515
358,9,324.201795157659,12,-45,-23.413310626098,11.709489507952,-41.5042861568847,57.1514816773416,175.853476629715
358,10,368.335221312043,12,-30,-23.413310626098,18.0304209367795,-28.8505717240562,46.8046337198261,252.121093966595
358,11,391.062343247825,12,-15,-23.413310626098,22.1180508052473,-14.8550827854144,39.3039954357607,302.602492588203
358,12,391.062343247825,12,0,-23.413310626098,23.538589373902,0,36.461410626098,314.514743659167
358,13,368.335221312043,12,15,-23.413310626098,22.1180508052473,14.8550827854144,39.3039954357607,285.016335634284
358,14,324.201795157659,12,30,-23.413310626098,18.0304209367795,28.8505717240562,46.8046337198261,221.912286774869
358,15,261.226939094289,12,45,-23.413310626098,11.709489507952,41.5042861568847,57.1514816773416,141.694667072186
358,16,183.070522852048,12,60,-23.413310626098,3.67297291222825,52.78339367767,69.0671996281859,65.4061089709264
358,17,94.2747132559212,12,75,-23.413310626098,-5.60540676052711,62.955378074993,81.8558290055824,13.3553733492835
358,18,4.82430709970876e-14,12,90,-23.413310626098,-15.7382747787783,72.4406121276714,95.147027390758,0
358,19,0,12,105,-23.413310626098,-26.4111930384752,81.7666666272735,108.728737006415,0
358,20,0,12,120,-23.413310626098,-37.3403561767262,88.3552427805543,120.922390841222,0
358,21,0,12,135,-23.413310626098,-48.1965997030186,76.7700102242331,124.700756572797,0
358,22,0,12,150,-23.413310626098,-58.4308428841681,61.2137848010701,127.720559375976,0
358,23,0,12,165,-23.413310626098,-66.7807759730531,37.0441862459806,129.683069716123,0
359,0,0,12,-180,-23.3872706193862,-70.3391706193863,-1.91416464296507e-14,130.339170619386,0
359,1,0,12,-165,-23.3872706193862,-66.7579251072822,-37.0125287195344,129.657155154351,0
359,2,0,12,-150,-23.3872706193862,-58.4121894721384,-61.1790879909515,127.6949652927,0
359,3,0,12,-135,-23.3872706193862,-48.1801463149486,-76.7397359605298,124.675548398088,0
359,4,0,12,-120,-23.3872706193862,-37.324592157782,-88.3291762777881,120.897504100688,0
359,5,0,12,-105,-23.3872706193862,-26.3951637809354,-81.7895784391729,108.725793224531,0
359,6,92.529742118982,12,-90,-23.3872706193862,-15.7213268353584,-72.4611512037784,95.1416100791033,0
359,7,179.681991957937,12,-75,-23.3872706193862,-5.5870499523917,-62.9739356750715,81.8477443382614,25.479644558134
359,8,256.391777541762,12,-60,-23.3872706193862,3.69310656749951,-52.799942027388,69.0560290742422,91.6484812230436
359,9,318.201004961053,12,-45,-23.3872706193862,11.7316079870457,-41.5183212344443,57.1365781956056,172.668057998068
359,10,361.5175465856,12,-30,-23.3872706193862,18.0544614287906,-28.8610960662364,46.7852615209418,247.54357247833
359,11,383.824002465406,12,-15,-23.3872706193862,22.1435422206265,-14.8608225827272,39.2801083855757,297.102829058372
359,12,383.824002465406,12,0,-23.3872706193862,23.5646293806138,0,36.4353706193862,308.796890869607
359,13,361.5175465856,12,15,-23.3872706193862,22.1435422206265,14.8608225827272,39.2801083855757,279.836292558343
359,14,318.201004961053,12,30,-23.3872706193862,18.0544614287906,28.8610960662364,46.7852615209418,217.883237696744
359,15,256.391777541763,12,45,-23.3872706193862,11.7316079870457,41.5183212344443,57.1365781956056,139.128002817677
359,16,179.681991957937,12,60,-23.3872706193862,3.69310656749951,52.799942027388,69.0560290742422,64.2281972688992
359,17,92.5297421189822,12,75,-23.3872706193862,-5.5870499523917,62.9739356750715,81.8477443382614,13.1210975265645
359,18,4.73501192867101e-14,12,90,-23.3872706193862,-15.7213268353584,72.4611512037784,95.1416100791033,0
359,19,0,12,105,-23.3872706193862,-26.3951637809354,81.7895784391729,108.725793224531,0
359,20,0,12,120,-23.3872706193862,-37.324592157782,88.3291762777881,120.897504100688,0
359,21,0,12,135,-23.3872706193862,-48.1801463149486,76.7397359605298,124.675548398088,0
359,22,0,12,150,-23.3872706193862,-58.4121894721384,61.1790879909515,127.6949652927,0
359,23,0,12,165,-23.3872706193862,-66.7579251072822,37.0125287195344,129.657155154351,0
360,0,0,12,-180,-23.3543004596514,-70.3062004596513,-1.91156223611807e-14,130.306200459651,0
360,1,0,12,-165,-23.3543004596514,-66.7289837504447,-36.9725302866475,129.624343689618,0
360,2,0,12,-150,-23.3543004596514,-58.3885583037568,-61.1352098383948,127.662559286881,0
360,3,0,12,-135,-23.3543004596514,-48.1593027118456,-76.701432535729,124.643630711729,0
360,4,0,12,-120,-23.3543004596514,-37.3046245853674,-88.2961882589762,120.86599325175,0
360,5,0,12,-105,-23.3543004596514,-26.3748633472344,-81.8185787556487,108.722060318108,0
360,6,90.7874910408758,12,-90,-23.3543004596514,-15.6998656995135,-72.487151537423,95.1347495706424,0
360,7,176.298743101559,12,-75,-23.3543004596514,-5.56380692283377,-62.9974304308105,81.837510257277,25.031057557933
360,8,251.564153033036,12,-60,-23.3543004596514,3.71859804891634,-52.8208955469944,69.0418909499542,89.9807946397152
360,9,312.209568788725,12,-45,-23.3543004596514,11.7596119817891,-41.5360947642537,57.1177157555523,169.503200275689
360,10,354.710499242021,12,-30,-23.3543004596514,18.0848991157578,-28.8744254337667,46.7607408314947,242.993163236779
360,11,376.596944799575,12,-15,-23.3543004596514,22.1758175016181,-14.8680929227647,39.2498674519578,291.634455060916
360,12,376.596944799575,12,0,-23.3543004596514,23.5975995403486,0,36.4024004596514,303.111181816043
360,13,354.710499242021,12,15,-23.3543004596514,22.1758175016181,14.8680929227647,39.2498674519578,274.685720580888
360,14,312.209568788725,12,30,-23.3543004596514,18.0848991157578,28.8744254337667,46.7607408314947,213.87805231274
360,15,251.564153033036,12,45,-23.3543004596514,11.7596119817891,41.5360947642537,57.1177157555523,136.57790560096
360,16,176.298743101559,12,60,-23.3543004596514,3.71859804891634,52.8208955469944,69.0418909499542,63.0594653769212
360,17,90.7874910408759,12,75,-23.3543004596514,-5.56380692283377,62.9974304308105,81.837510257277,12.8900914085099
360,18,4.64585595083456e-14,12,90,-23.3543004596514,-15.6998656995135,72.487151537423,95.1347495706424,0
360,19,0,12,105,-23.3543004596514,-26.3748633472344,81.8185787556487,108.722060318108,0
360,20,0,12,120,-23.3543004596514,-37.3046245853674,88.2961882589762,120.86599325175,0
360,21,0,12,135,-23.3543004596514,-48.1593027118456,76.701432535729,124.643630711729,0
360,22,0,12,150,-23.3543004596514,-58.3885583037568,61.1352098383948,127.662559286881,0
360,23,0,12,165,-23.3543004596514,-66.7289837504447,36.9725302866475,129.624343689618,0
361,0,0,12,-180,-23.3144099166632,-70.2663099166632,-1.90842475297461e-14,130.266309916663,0
361,1,0,12,-165,-23.3144099166632,-66.6939541364708,-36.9242617017105,129.584644949904,0
361,2,0,12,-150,-23.3144099166632,-58.3599469686528,-61.0822003131628,127.623350648964,0
361,3,0,12,-135,-23.3144099166632,-48.1340670733138,-76.6551308872844,124.605012454103,0
361,4,0,12,-120,-23.3144099166632,-37.2804536190886,-88.2562995264049,120.827867014889,0
361,5,0,12,-105,-23.3144099166632,-26.3502940786238,-81.8536525703231,108.717535395206,0
361,6,89.0484762881975,12,-90,-23.3144099166632,-15.6738957982463,-72.518601980838,95.12644687231,0
361,7,172.921778812566,12,-75,-23.3144099166632,-5.53568397652818,-63.0258542161545,81.8251313470952,24.5885742340805
361,8,246.74549609744,12,-60,-23.3144099166632,3.74943948772383,-52.8462487973327,69.0247931859811,88.3259886124389
361,9,306.229262032517,12,-45,-23.3144099166632,11.793492498518,-41.5576037658109,57.0949051534262,166.358773550682
361,10,347.916096356341,12,-30,-23.3144099166632,18.1217244001018,-28.89055879864,46.7310839527774,238.46984157475
361,11,369.383311783489,12,-15,-23.3144099166632,22.2148668805924,-14.8768937603919,39.2132839260214,286.197426451512
361,12,369.383311783489,12,0,-23.3144099166632,23.6374900833368,0,36.3625099166632,297.457700338138
361,13,347.916096356341,12,15,-23.3144099166632,22.2148668805924,14.8768937603919,39.2132839260214,269.564672311468
361,14,306.229262032517,12,30,-23.3144099166632,18.1217244001018,28.89055879864,46.7310839527774,209.896708911254
361,15,246.745496097441,12,45,-23.3144099166632,11.793492498518,41.5576037658109,57.0949051534262,134.044270744989
361,16,172.921778812566,12,60,-23.3144099166632,3.74943948772383,52.8462487973327,69.0247931859811,61.8997603109639
361,17,89.0484762881977,12,75,-23.3144099166632,-5.53568397652818,63.0258542161545,81.8251313470952,12.6622284635265
361,18,4.55686558503976e-14,12,90,-23.3144099166632,-15.6738957982463,72.518601980838,95.12644687231,0
361,19,0,12,105,-23.3144099166632,-26.3502940786238,81.8536525703231,108.717535395206,0
361,20,0,12,120,-23.3144099166632,-37.2804536190886,88.2562995264049,120.827867014889,0
361,21,0,12,135,-23.3144099166632,-48.1340670733138,76.6551308872844,124.605012454103,0
361,22,0,12,150,-23.3144099166632,-58.3599469686528,61.0822003131628,127.623350648964,0
361,23,0,12,165,-23.3144099166632,-66.6939541364708,36.9242617017105,129.584644949904,0
362,0,0,12,-180,-23.2676108108505,-70.2195108108505,-1.90475938538159e-14,130.21951081085,0
362,1,0,12,-165,-23.2676108108505,-66.6528390369196,-36.8678079775388,129.538070584766,0
362,2,0,12,-150,-23.2676108108505,-58.3263526216817,-61.0201196460848,127.577350621646,0
362,3,0,12,-135,-23.2676108108505,-48.1044372445055,-76.6008683561975,124.55970444572,0
362,4,0,12,-120,-23.2676108108505,-37.2520794826263,-88.209535201394,120.783135945169,0
362,5,0,12,-105,-23.2676108108505,-26.3214588271916,-81.8947817567846,108.712214969233,0
362,6,87.3132131685495,12,-90,-23.2676108108505,-15.6434224997478,-72.5554890665864,95.1167032081013,0
362,7,169.552099758359,12,-75,-23.2676108108505,-5.50268874854529,-63.0591972133911,81.8106131551162,24.1519489796813
362,8,241.93723460702,12,-60,-23.2676108108505,3.78562135949103,-52.8759952074063,69.0047453759347,86.6838434608799
362,9,300.261856786387,12,-45,-23.2676108108505,11.8332386534585,-41.5828446405499,57.0681594518042,163.234644561363
362,10,341.136351256771,12,-30,-23.2676108108505,18.1649256684161,-28.9094949234978,46.6963057741027,233.973577596817
362,11,362.185240972296,12,-15,-23.2676108108505,22.2606785392826,-14.8872250453798,39.1703714753264,280.791792585659
362,12,362.185240972296,12,0,-23.2676108108505,23.6842891891495,0,36.3157108108505,291.836523451567
362,13,341.136351256771,12,15,-23.2676108108505,22.2606785392826,14.8872250453798,39.1703714753264,264.473194237219
362,14,300.261856786387,12,30,-23.2676108108505,18.1649256684161,28.9094949234978,46.6963057741027,205.939181178891
362,15,241.93723460702,12,45,-23.2676108108505,11.8332386534585,41.5828446405499,57.0681594518042,131.526990873609
362,16,169.552099758359,12,60,-23.2676108108505,3.78562135949103,52.8759952074063,69.0047453759347,60.7489281167912
362,17,87.3132131685496,12,75,-23.2676108108505,-5.50268874854529,63.0591972133911,81.8106131551162,12.4373822129258
362,18,4.46806720105258e-14,12,90,-23.2676108108505,-15.6434224997478,72.5554890665864,95.1167032081013,0
362,19,0,12,105,-23.2676108108505,-26.3214588271916,81.8947817567846,108.712214969233,0
362,20,0,12,120,-23.2676108108505,-37.2520794826263,88.209535201394,120.783135945169,0
362,21,0,12,135,-23.2676108108505,-48.1044372445055,76.6008683561975,124.55970444572,0
362,22,0,12,150,-23.2676108108505,-58.3263526216817,61.0201196460848,127.577350621646,0
362,23,0,12,165,-23.2676108108505,-66.6528390369196,36.8678079775388,129.538070584766,0
363,0,0,12,-180,-23.2139170097984,-70.1658170097984,-1.90057447193537e-14,130.165817009798,0
363,1,0,12,-165,-23.2139170097984,-66.605641798489,-36.8032680287081,129.484634262277,0
363,2,0,12,-150,-23.2139170097984,-58.2877720238153,-60.9490381824589,127.52457239779,0
363,3,0,12,-135,-23.2139170097984,-48.0704107636803,-76.5386886247153,124.50771938603,0
363,4,0,12,-120,-23.2139170097984,-37.2195024809701,-88.1559246899667,120.731812431466,0
363,5,0,12,-105,-23.2139170097984,-26.2883609660059,-81.9419450908573,108.70609496702,0
363,6,85.5822158778442,12,-90,-23.2139170097984,-15.6084521185783,-72.5977970230144,95.1055200219471,0
363,7,166.190704447566,12,-75,-23.2139170097984,-5.4648302060775,-63.0974479239727,81.7939621903879,23.7209369048773
363,8,237.140793353426,12,-60,-23.2139170097984,3.82713248465295,-52.9101270818762,68.981758772551,85.0541393793077
363,9,294.309121321297,12,-45,-23.2139170097984,11.8788376746215,-41.6118131771615,57.0374939758177,160.130678666371
363,10,334.373272928103,12,-30,-23.2139170097984,18.214489294167,-28.931232365632,46.656423771802,229.504338772965
363,11,355.004865309723,12,-15,-23.2139170097984,22.3132386120436,-14.8990867249067,39.1211461435378,275.417599309504
363,12,355.004865309723,12,0,-23.2139170097984,23.7379829902016,0,36.2620170097984,286.247724419737
363,13,334.373272928104,12,15,-23.2139170097984,22.3132386120436,14.8990867249067,39.1211461435378,259.411329539876
363,14,294.309121321297,12,30,-23.2139170097984,18.214489294167,28.931232365632,46.656423771802,202.005440483337
363,15,237.140793353426,12,45,-23.2139170097984,11.8788376746215,41.6118131771615,57.0374939758177,129.025957498987
363,16,166.190704447566,12,60,-23.2139170097984,3.82713248465295,52.9101270818762,68.981758772551,59.6068147522892
363,17,85.5822158778443,12,75,-23.2139170097984,-5.4648302060775,63.0974479239727,81.7939621903879,12.2154265472678
363,18,4.37948711175062e-14,12,90,-23.2139170097984,-15.6084521185783,72.5977970230144,95.1055200219471,0
363,19,0,12,105,-23.2139170097984,-26.2883609660059,81.9419450908573,108.70609496702,0
363,20,0,12,120,-23.2139170097984,-37.2195024809701,88.1559246899667,120.731812431466,0
363,21,0,12,135,-23.2139170097984,-48.0704107636803,76.5386886247153,124.50771938603,0
363,22,0,12,150,-23.2139170097984,-58.2877720238153,60.9490381824589,127.52457239779,0
363,23,0,12,165,-23.2139170097984,-66.605641798489,36.8032680287081,129.484634262277,0
364,0,0,12,-180,-23.153344424139,-70.105244424139,-1.8958794501217e-14,130.105244424139,0
364,1,0,12,-165,-23.153344424139,-66.552366386228,-36.73075425925,129.424351665422,0
364,2,0,12,-150,-23.153344424139,-58.2442015895953,-60.8690362111215,127.465031117956,0
364,3,0,12,-135,-23.153344424139,-48.0319848942802,-76.4686416434778,124.449071851982,0
364,4,0,12,-120,-23.153344424139,-37.1827230204937,-88.0955016426926,120.673910695528,0
364,5,0,12,-105,-23.153344424139,-26.2510044009288,-81.9951182766294,108.699170738267,0
364,6,83.8559973479367,12,-90,-23.153344424139,-15.5689919216931,-72.6455077922988,95.0928989810646,0
364,7,162.83858893416,12,-75,-23.153344424139,-5.42211865042926,-63.1405931811461,81.7751859220782,23.2952944458593
364,8,232.357593625717,12,-60,-23.153344424139,3.873960029169,-52.9486356098009,68.9558462831759,83.436657684142
364,9,288.372819561236,12,-45,-23.153344424139,11.9302749040396,-41.6445045577911,57.0029263086912,157.046741796387
364,10,327.628865416405,12,-30,-23.153344424139,18.270399640865,-28.95576948165,46.6114580080384,225.062092507675
364,11,347.844312496044,12,-15,-23.153344424139,22.3725311896769,-14.9124787464799,39.0656263500443,270.074891922169
364,12,347.844312496044,12,0,-23.153344424139,23.798555575861,0,36.201444424139,280.691375796174
364,13,327.628865416405,12,15,-23.153344424139,22.3725311896769,14.9124787464799,39.0656263500443,254.379120885942
364,14,288.372819561236,12,30,-23.153344424139,18.270399640865,28.95576948165,46.6114580080384,198.095458134624
364,15,232.357593625717,12,45,-23.153344424139,11.9302749040396,41.6445045577911,57.0029263086912,126.541062594212
364,16,162.83858893416,12,60,-23.153344424139,3.873960029169,52.9486356098009,68.9558462831759,58.4732669617579
364,17,83.8559973479368,12,75,-23.153344424139,-5.42211865042926,63.1405931811461,81.7751859220782,11.9962360399796
364,18,4.29115156532605e-14,12,90,-23.153344424139,-15.5689919216931,72.6455077922988,95.0928989810646,0
364,19,0,12,105,-23.153344424139,-26.2510044009288,81.9951182766294,108.699170738267,0
364,20,0,12,120,-23.153344424139,-37.1827230204937,88.0955016426926,120.673910695528,0
364,21,0,12,135,-23.153344424139,-48.0319848942802,76.4686416434778,124.449071851982,0
364,22,0,12,150,-23.153344424139,-58.2442015895953,60.8690362111215,127.465031117956,0
364,23,0,12,165,-23.153344424139,-66.552366386228,36.73075425925,129.424351665422,0
365,0,0,12,-180,-23.0859110028366,-70.0378110028365,-1.89068480283787e-14,130.037811002837,0
365,1,0,12,-165,-23.0859110028366,-66.4930174320756,-36.6503920976563,129.357240487957,0
365,2,0,12,-150,-23.0859110028366,-58.1956374408933,-60.7802037697415,127.398743867544,0
365,3,0,12,-135,-23.0859110028366,-47.9891566613907,-76.3907835482557,124.383778296353,0
365,4,0,12,-120,-23.0859110028366,-37.1417416318005,-88.0283039087939,120.609446790866,0
365,5,0,12,-105,-23.0859110028366,-26.2093935840551,-82.0542739761846,108.691437066356,0
365,6,82.1350690946324,12,-90,-23.0859110028366,-15.5250501352802,-72.6986010510459,95.0788419797778,0
365,7,159.496746522313,12,-75,-23.0859110028366,-5.37456571925347,-63.1886181643521,81.7542927776972,22.8747799676965
365,8,227.589052789202,12,-60,-23.0859110028366,3.92608950530808,-52.9915108745894,68.9270224645572,81.8311820476676
365,9,282.45471056053,12,-45,-23.0859110028366,11.9875338003492,-41.6809133650898,56.9644762865858,153.982702383339
365,10,320.905127235179,12,-30,-23.0859110028366,18.332639065713,-28.9831044327871,46.5614311294254,220.646808678796
365,11,340.705704357596,12,-15,-23.0859110028366,22.4385383238208,-14.9274010612687,39.0038328895453,264.763718102906
365,12,340.705704357596,12,0,-23.0859110028366,23.8659889971634,0,36.1340110028366,275.16755243067
365,13,320.905127235179,12,15,-23.0859110028366,22.4385383238208,14.9274010612687,39.0038328895453,249.376613183723
365,14,282.45471056053,12,30,-23.0859110028366,18.332639065713,28.9831044327871,46.5614311294254,194.209207619796
365,15,227.589052789202,12,45,-23.0859110028366,11.9875338003492,41.6809133650898,56.9644762865858,124.072200147767
365,16,159.496746522314,12,60,-23.0859110028366,3.92608950530808,52.9915108745894,68.9270224645572,57.3481331405117
365,17,82.1350690946325,12,75,-23.0859110028366,-5.37456571925347,63.1886181643521,81.7542927776972,11.779686257791
365,18,4.20308673750771e-14,12,90,-23.0859110028366,-15.5250501352802,72.6986010510459,95.0788419797778,0
365,19,0,12,105,-23.0859110028366,-26.2093935840551,82.0542739761846,108.691437066356,0
365,20,0,12,120,-23.0859110028366,-37.1417416318005,88.0283039087939,120.609446790866,0
365,21,0,12,135,-23.0859110028366,-47.9891566613907,76.3907835482557,124.383778296353,0
365,22,0,12,150,-23.0859110028366,-58.1956374408933,60.7802037697415,127.398743867544,0
365,23,0,12,165,-23.0859110028366,-66.4930174320756,36.6503920976563,129.357240487957,0
