"Day","Hour","Irradiance","Month","omega","delta","alpha_s","gamma_s","theta_i","IncidentFlux"
1,0,0,1,-180,-23.0116367278692,-70.0116367278692,-1.88935187245967e-14,130.011636727869,0
1,1,0,1,-165,-23.0116367278692,-66.4662182132922,-36.6281011531001,129.329084085292,0
1,2,0,1,-150,-23.0116367278692,-58.1656027518476,-60.7501825728957,127.364950733546,0
1,3,0,1,-135,-23.0116367278692,-47.9532894558152,-76.3569886709483,124.341465032149,0
1,4,0,1,-120,-23.0116367278692,-37.0982606919839,-87.990725042923,120.556647606344,0
1,5,0,1,-105,-23.0116367278692,-26.1569288321334,-82.095978957466,108.666276455984,0
1,6,80.4199410661132,1,-90,-23.0116367278692,-15.4623728611671,-72.7443412030317,95.0449601793234,0
1,7,156.166167472056,1,-75,-23.0116367278692,-5.30052678943365,-63.2375136342407,81.7101702489571,22.5161244821269
1,8,222.836583865445,1,-60,-23.0116367278692,4.0124251939299,-53.0414281032981,68.8703175140611,80.3281502476378
1,9,276.5565479826,1,-45,-23.0116367278692,12.0864955783111,-41.7278781829328,56.8918784898593,151.060911151198
1,10,314.204050773157,1,-30,-23.0116367278692,18.4432501622228,-29.0210067361858,46.4691938195927,216.40630798043
1,11,333.591156218033,1,-15,-23.0116367278692,22.5577126843103,-14.9490010053008,38.8912822462337,259.646902291527
1,12,333.591156218033,1,0,-23.0116367278692,23.9883632721308,0,36.0116367278692,269.841085301216
1,13,314.204050773157,1,15,-23.0116367278692,22.5577126843103,14.9490010053008,38.8912822462337,244.557168108432
1,14,276.5565479826,1,30,-23.0116367278692,18.4432501622228,29.0210067361858,46.4691938195927,190.476797958074
1,15,222.836583865445,1,45,-23.0116367278692,12.0864955783111,41.7278781829328,56.8918784898593,121.717954762193
1,16,156.166167472056,1,60,-23.0116367278692,4.0124251939299,53.0414281032981,68.8703175140611,56.294793012389
1,17,80.4199410661133,1,75,-23.0116367278692,-5.30052678943365,63.2375136342407,81.7101702489571,11.5949916246355
1,18,4.11531872380469e-14,1,90,-23.0116367278692,-15.4623728611671,72.7443412030317,95.0449601793234,0
1,19,0,1,105,-23.0116367278692,-26.1569288321334,82.095978957466,108.666276455984,0
1,20,0,1,120,-23.0116367278692,-37.0982606919839,87.990725042923,120.556647606344,0
1,21,0,1,135,-23.0116367278692,-47.9532894558152,76.3569886709483,124.341465032149,0
1,22,0,1,150,-23.0116367278692,-58.1656027518476,60.7501825728957,127.364950733546,0
1,23,0,1,165,-23.0116367278692,-66.4662182132922,36.6281011531001,129.329084085292,0
2,0,0,1,-180,-22.9305436083077,-69.9305436083077,-1.88316006443271e-14,129.930543608308,0
2,1,0,1,-165,-22.9305436083077,-66.3947869113409,-36.5320969086575,129.248379488622,0
2,2,0,1,-150,-22.9305436083077,-58.1071164664809,-60.6437732877175,127.285239652176,0
2,3,0,1,-135,-22.9305436083077,-47.9017229540574,-76.2635867239786,124.262952508574,0
2,4,0,1,-120,-22.9305436083077,-37.0489453280833,-87.9100411328398,120.479136307715,0
2,5,0,1,-105,-22.9305436083077,-26.1068842167325,-82.167053340697,108.656973052369,0
2,6,78.7111214918297,1,-90,-22.9305436083077,-15.4095476174248,-72.8081707604488,95.0280996530006,0
2,7,152.84783870584,1,-75,-22.9305436083077,-5.24337468090872,-63.2952882926501,81.6851312590972,22.1037824315094
2,8,218.101595113555,1,-60,-22.9305436083077,4.07507383682082,-53.0930468195718,68.8357777150779,78.7439059702819
2,9,270.680079580312,1,-45,-22.9305436083077,12.1553161559752,-41.7717493678005,56.8457842141386,148.033420443897
2,10,307.527621703918,1,-30,-22.9305436083077,18.5180733879407,-29.0539730476203,46.4091630650328,212.041439554596
2,11,326.502776271515,1,-15,-22.9305436083077,22.6370830562878,-14.9670100296336,38.8170298797567,254.39518882519
2,12,326.502776271515,1,0,-22.9305436083077,24.0694563916924,0,35.9305436083076,264.378746335353
2,13,307.527621703918,1,15,-22.9305436083077,22.6370830562878,14.9670100296336,38.8170298797567,239.610665139557
2,14,270.680079580312,1,30,-22.9305436083077,18.5180733879407,29.0539730476203,46.4091630650328,186.634922141145
2,15,218.101595113555,1,45,-22.9305436083077,12.1553161559752,41.7717493678005,56.8457842141386,119.278541586767
2,16,152.84783870584,1,60,-22.9305436083077,4.07507383682082,53.0930468195718,68.8357777150779,55.1845383457512
2,17,78.7111214918298,1,75,-22.9305436083077,-5.24337468090872,63.2952882926501,81.6851312590972,11.3826503477346
2,18,4.02787353177363e-14,1,90,-22.9305436083077,-15.4095476174248,72.8081707604488,95.0280996530006,0
2,19,0,1,105,-22.9305436083077,-26.1068842167325,82.167053340697,108.656973052369,0
2,20,0,1,120,-22.9305436083077,-37.0489453280833,87.9100411328398,120.479136307715,0
2,21,0,1,135,-22.9305436083077,-47.9017229540574,76.2635867239786,124.262952508574,0
2,22,0,1,150,-22.9305436083077,-58.1071164664809,60.6437732877175,127.285239652176,0
2,23,0,1,165,-22.9305436083077,-66.3947869113409,36.5320969086575,129.248379488622,0
3,0,0,1,-180,-22.8426556737933,-69.8426556737933,-1.87650338806843e-14,129.842655673793,0
3,1,0,1,-165,-22.8426556737933,-66.3173041058957,-36.4286653450864,129.160911620585,0
3,2,0,1,-150,-22.8426556737933,-58.0436298411716,-60.5288417571541,127.198846226403,0
3,3,0,1,-135,-22.8426556737933,-47.8457503344504,-76.1625686516715,124.177855875192,0
3,4,0,1,-120,-22.8426556737933,-36.9954362074639,-87.8227150721474,120.395123732499,0
3,5,0,1,-105,-22.8426556737933,-26.0526070460283,-82.2440143722478,108.6468469334,0
3,6,77.009116731901,1,-90,-22.8426556737933,-15.35227557587,-72.8773119891579,95.0098154699325,0
3,7,149.542743516094,1,-75,-22.8426556737933,-5.18142779771046,-63.3578919659305,81.6580113834908,21.6958595024102
3,8,213.385489612887,1,-60,-22.8426556737933,4.14296810238107,-53.1489997679556,68.7983849027554,77.1710439084066
3,9,264.827046678076,1,-45,-22.8426556737933,12.2298954154973,-41.8193221744315,56.7958850292459,145.025466081713
3,10,300.877818397482,1,-30,-22.8426556737933,18.5991596155271,-29.0897341986649,46.3441581467236,207.703483449242
3,11,319.442664957998,1,-15,-22.8426556737933,22.7231016201244,-14.9865515470332,38.7365819658264,249.175196090433
3,12,319.442664957998,1,0,-22.8426556737933,24.1573443262068,0,35.8426556737933,258.949201777374
3,13,300.877818397482,1,15,-22.8426556737933,22.7231016201244,14.9865515470332,38.7365819658264,234.694039408643
3,14,264.827046678076,1,30,-22.8426556737933,18.5991596155271,29.0897341986649,46.3441581467236,182.816734046991
3,15,213.385489612887,1,45,-22.8426556737933,12.2298954154973,41.8193221744315,56.7958850292459,116.854869902325
3,16,149.542743516094,1,60,-22.8426556737933,4.14296810238107,53.1489997679556,68.7983849027554,54.0822604526672
3,17,77.0091167319011,1,75,-22.8426556737933,-5.18142779771046,63.3578919659305,81.6580113834908,11.1725847589537
3,18,3.94077707331215e-14,1,90,-22.8426556737933,-15.35227557587,72.8773119891579,95.0098154699325,0
3,19,0,1,105,-22.8426556737933,-26.0526070460283,82.2440143722478,108.6468469334,0
3,20,0,1,120,-22.8426556737933,-36.9954362074639,87.8227150721474,120.395123732499,0
3,21,0,1,135,-22.8426556737933,-47.8457503344504,76.1625686516715,124.177855875192,0
3,22,0,1,150,-22.8426556737933,-58.0436298411716,60.5288417571541,127.198846226403,0
3,23,0,1,165,-22.8426556737933,-66.3173041058957,36.4286653450864,129.160911620585,0
4,0,0,1,-180,-22.7479989674178,-69.7479989674179,-1.86939598638405e-14,129.747998967418,0
4,1,0,1,-165,-22.7479989674178,-66.2337775601245,-36.3179792373366,129.066706162982,0
4,2,0,1,-150,-22.7479989674178,-57.9751383661185,-60.4055148506022,127.105795275431,0
4,3,0,1,-135,-22.7479989674178,-47.7853680420555,-76.0540143427618,124.086199051408,0
4,4,0,1,-120,-22.7479989674178,-36.9377345918645,-87.7288009432311,120.304633229111,0
4,5,0,1,-105,-22.7479989674178,-25.9941040920777,-82.3268229124703,108.635890738061,0
4,6,75.3144311270698,1,-90,-22.7479989674178,-15.2905688644233,-72.9517357564205,94.9901104686821,0
4,7,146.251861273853,1,-75,-22.7479989674178,-5.1147031393822,-63.4253033948338,81.6288228535353,21.2921288501416
4,8,208.689664847285,1,-60,-22.7479989674178,4.21608690214767,-53.2092727338281,68.7581601668464,75.60937087593
4,9,258.999183655861,1,-45,-22.7479989674178,12.3102093135084,-41.8705888825085,56.7422097313757,142.036947388089
4,10,294.256611334085,1,-30,-22.7479989674178,18.6864832202099,-29.1282876490612,46.2742120582199,203.392446531665
4,11,312.412914340835,1,-15,-22.7479989674178,22.8157423247131,-15.0076255774589,38.6499688160373,243.987012301492
4,12,312.412914340835,1,0,-22.7479989674178,24.2520010325822,0,35.7479989674178,253.552567442913
4,13,294.256611334085,1,15,-22.7479989674178,22.8157423247131,15.0076255774589,38.6499688160373,229.807374003235
4,14,258.999183655861,1,30,-22.7479989674178,18.6864832202099,29.1282876490612,46.2742120582199,179.022239720082
4,15,208.689664847285,1,45,-22.7479989674178,12.3102093135084,41.8705888825085,56.7422097313757,114.446858588317
4,16,146.251861273853,1,60,-22.7479989674178,4.21608690214767,53.2092727338281,68.7581601668464,52.9878239463456
4,17,75.3144311270699,1,75,-22.7479989674178,-5.1147031393822,63.4253033948338,81.6288228535353,10.9646780414642
4,18,3.85405515698059e-14,1,90,-22.7479989674178,-15.2905688644233,72.9517357564205,94.9901104686821,0
4,19,0,1,105,-22.7479989674178,-25.9941040920777,82.3268229124703,108.635890738061,0
4,20,0,1,120,-22.7479989674178,-36.9377345918645,87.7288009432311,120.304633229111,0
4,21,0,1,135,-22.7479989674178,-47.7853680420555,76.0540143427618,124.086199051408,0
4,22,0,1,150,-22.7479989674178,-57.9751383661185,60.4055148506022,127.105795275431,0
4,23,0,1,165,-22.7479989674178,-66.2337775601245,36.3179792373366,129.066706162982,0
5,0,0,1,-180,-22.6466015380063,-69.6466015380064,-1.86185272141248e-14,129.646601538006,0
5,1,0,1,-165,-22.6466015380063,-66.1442160047926,-36.2002214421373,128.965790779383,0
5,2,0,1,-150,-22.6466015380063,-57.9016375836672,-60.2739278992009,127.006113542406,0
5,3,0,1,-135,-22.6466015380063,-47.7205725207241,-75.9380093096408,123.988007819001,0
5,4,0,1,-120,-22.6466015380063,-36.8758420163583,-87.6283567160958,120.207689967887,0
5,5,0,1,-105,-22.6466015380063,-25.9313827605395,-82.4154369809483,108.624096611689,0
5,6,73.627566849255,1,-90,-22.6466015380063,-15.2244406140033,-73.031410802878,94.9689877395687,0
5,7,142.976167138548,1,-75,-22.6466015380063,-5.04321905514717,-63.4974997630513,81.5975788453712,20.892368436242
5,8,204.01551229097,1,-60,-22.6466015380063,4.29440750050966,-53.2738504636452,68.7151262096433,74.0587019041274
5,9,253.198217435255,1,-45,-22.6466015380063,12.3962319414903,-41.9255412198429,56.6847893339156,139.067775333425
5,10,287.665962520276,1,-30,-22.6466015380063,18.78001659612,-29.1696306998804,46.1993603696136,199.108350164486
5,11,305.415607486848,1,-15,-22.6466015380063,22.9149771100815,-15.030232168108,38.5572231169093,238.830741905177
5,12,305.415607486848,1,0,-22.6466015380063,24.3533984619937,0,35.6466015380064,248.188975667663
5,13,287.665962520276,1,15,-22.6466015380063,22.9149771100815,15.030232168108,38.5572231169093,224.950767300073
5,14,253.198217435255,1,30,-22.6466015380063,18.78001659612,29.1696306998804,46.1993603696136,175.251457963397
5,15,204.01551229097,1,45,-22.6466015380063,12.3962319414903,41.9255412198429,56.6847893339156,112.054435908773
5,16,142.976167138548,1,60,-22.6466015380063,4.29440750050966,53.2738504636452,68.7151262096433,51.9010991988039
5,17,73.6275668492551,1,75,-22.6466015380063,-5.04321905514717,63.4974997630513,81.5975788453712,10.7588158534706
5,18,3.76773348035437e-14,1,90,-22.6466015380063,-15.2244406140033,73.031410802878,94.9689877395687,0
5,19,0,1,105,-22.6466015380063,-25.9313827605395,82.4154369809483,108.624096611689,0
5,20,0,1,120,-22.6466015380063,-36.8758420163583,87.6283567160958,120.207689967887,0
5,21,0,1,135,-22.6466015380063,-47.7205725207241,75.9380093096408,123.988007819001,0
5,22,0,1,150,-22.6466015380063,-57.9016375836672,60.2739278992009,127.006113542406,0
5,23,0,1,165,-22.6466015380063,-66.1442160047926,36.2002214421373,128.965790779383,0
6,0,0,1,-180,-22.5384934318055,-69.5384934318055,-1.853889099124e-14,129.538493431805,0
6,1,0,1,-165,-22.5384934318055,-66.0486292094105,-36.0755841921823,128.85819510774,0
6,2,0,1,-150,-22.5384934318055,-57.8231231731457,-60.1342243745362,126.899829689107,0
6,3,0,1,-135,-22.5384934318055,-47.6513602723252,-75.8146445469801,123.883309818733,0
6,4,0,1,-120,-22.5384934318055,-36.8097603267904,-87.52144417028,120.104320938632,0
6,5,0,1,-105,-22.5384934318055,-25.8644511126338,-82.509811806806,108.61145622454,0
6,6,71.9490237527478,1,-90,-22.5384934318055,-15.1539049694784,-73.1163037771636,94.946450630966,0
6,7,139.716631769046,1,-75,-22.5384934318055,-4.96699524713564,-63.5744567211974,81.5642934763517,20.4963615749723
6,8,199.364416996221,1,-60,-22.5384934318055,4.37790551654933,-53.3427166813218,68.6693073363093,72.518861343091
6,9,247.425866967745,1,-45,-22.5384934318055,12.4879355305941,-41.9841703738745,56.6236570577371,136.117874244858
6,10,281.107824907538,1,-30,-22.5384934318055,18.879730162836,-29.2137605022668,46.1196412248129,194.851232447023
6,11,298.452817849073,1,-15,-22.5384934318055,23.0207759151554,-15.054371399026,38.458379929587,233.70650816
6,12,298.452817849073,1,0,-22.5384934318055,24.4615065681946,0,35.5384934318055,242.858577954532
6,13,281.107824907538,1,15,-22.5384934318055,23.0207759151554,15.054371399026,38.458379929587,220.124335394334
6,14,247.425866967745,1,30,-22.5384934318055,18.879730162836,29.2137605022668,46.1196412248129,171.504422311246
6,15,199.364416996221,1,45,-22.5384934318055,12.4879355305941,41.9841703738745,56.6236570577371,109.67754088997
6,16,139.716631769046,1,60,-22.5384934318055,4.37790551654933,53.3427166813218,68.6693073363093,50.8219631127816
6,17,71.9490237527479,1,75,-22.5384934318055,-4.96699524713564,63.5744567211974,81.5642934763517,10.5548866096363
6,18,3.68183762240926e-14,1,90,-22.5384934318055,-15.1539049694784,73.1163037771636,94.946450630966,0
6,19,0,1,105,-22.5384934318055,-25.8644511126338,82.509811806806,108.61145622454,0
6,20,0,1,120,-22.5384934318055,-36.8097603267904,87.52144417028,120.104320938632,0
6,21,0,1,135,-22.5384934318055,-47.6513602723252,75.8146445469801,123.883309818733,0
6,22,0,1,150,-22.5384934318055,-57.8231231731457,60.1342243745362,126.899829689107,0
6,23,0,1,165,-22.5384934318055,-66.0486292094105,36.0755841921823,128.85819510774,0
7,0,0,1,-180,-22.4237066835802,-69.4237066835802,-1.84552119314988e-14,129.42370668358,0
7,1,0,1,-165,-22.4237066835802,-65.9470280552023,-35.9442683658973,128.743950752443,0
7,2,0,1,-150,-22.4237066835802,-57.7395910394234,-59.986555549688,126.786974290184,0
7,3,0,1,-135,-22.4237066835802,-47.5777279190011,-75.6840163815623,123.772134546619,0
7,4,0,1,-120,-22.4237066835802,-36.7394917192164,-87.4081288118682,119.994554947883,0
7,5,0,1,-105,-22.4237066835802,-25.7933178882606,-82.6098998821222,108.597960791574,0
7,6,70.2792992260934,1,-90,-22.4237066835802,-15.0789771011427,-73.2063792725954,94.9225027559527,0
7,7,136.474221036025,1,-75,-22.4237066835802,-4.88605277367642,-63.6561484121836,81.5289818011736,20.103897467669
7,8,194.737757182952,1,-60,-22.4237066835802,4.4665549261198,-53.4158541055165,68.6207294444126,70.9896839337817
7,9,241.683842725353,1,-45,-22.4237066835802,12.5852904568634,-42.0464670037764,56.5588483206539,133.187183466683
7,10,274.58414181358,1,-30,-22.4237066835802,18.9855923724216,-29.2606740666587,46.0350953385534,190.621150389367
7,11,291.526608652347,1,-15,-22.4237066835802,23.1331066860817,-15.0800433890523,38.3534766896116,228.614455636355
7,12,291.526608652347,1,0,-22.4237066835802,24.5762933164198,0,35.4237066835802,237.561547539298
7,13,274.58414181358,1,15,-22.4237066835802,23.1331066860817,15.0800433890523,38.3534766896116,215.328214454505
7,14,241.683842725353,1,30,-22.4237066835802,18.9855923724216,29.2606740666587,46.0350953385534,167.781182942849
7,15,194.737757182952,1,45,-22.4237066835802,12.5852904568634,42.0464670037764,56.5588483206539,107.316124658322
7,16,136.474221036025,1,60,-22.4237066835802,4.4665549261198,53.4158541055165,68.6207294444126,49.750299873047
7,17,70.2792992260935,1,75,-22.4237066835802,-4.88605277367642,63.6561484121836,81.5289818011736,10.352781756256
7,18,3.59639303594174e-14,1,90,-22.4237066835802,-15.0789771011427,73.2063792725954,94.9225027559527,0
7,19,0,1,105,-22.4237066835802,-25.7933178882606,82.6098998821222,108.597960791574,0
7,20,0,1,120,-22.4237066835802,-36.7394917192164,87.4081288118682,119.994554947883,0
7,21,0,1,135,-22.4237066835802,-47.5777279190011,75.6840163815623,123.772134546619,0
7,22,0,1,150,-22.4237066835802,-57.7395910394234,59.986555549688,126.786974290184,0
7,23,0,1,165,-22.4237066835802,-65.9470280552023,35.9442683658973,128.743950752443,0
8,0,0,1,-180,-22.3022753071214,-69.3022753071213,-1.83676556795682e-14,129.302275307121,0
8,1,0,1,-165,-22.3022753071214,-65.8394246093257,-35.8064827375001,128.623091275837,0
8,2,0,1,-150,-22.3022753071214,-57.651037404734,-59.831080143798,126.667579826947,0
8,3,0,1,-135,-22.3022753071214,-47.4996722682064,-75.5462263136426,123.654513349816,0
8,4,0,1,-120,-22.3022753071214,-36.6650387812006,-87.2884797857452,119.878422615851,0
8,5,0,1,-105,-22.3022753071214,-25.7179925301915,-82.7156510183352,108.583601093421,0
8,6,68.6188880447048,1,-90,-22.3022753071214,-14.999673216661,-73.3015998658602,94.8971479992935,0
8,7,133.249895735761,1,-75,-22.3022753071214,-4.80041405261969,-63.7425474979133,81.4916598076551,19.7147717241421
8,8,190.136903830318,1,-60,-22.3022753071214,4.56032806417921,-53.4932444677618,68.5694200126484,69.4710158486231
8,9,235.973846193783,1,-45,-22.3022753071214,12.6882652468722,-42.1124212531211,56.4904007260205,130.275658967901
8,10,268.096846346496,1,-30,-22.3022753071214,19.0975697169597,-29.3103682724561,45.9457659931249,186.418182014332
8,11,284.639032281937,1,-15,-22.3022753071214,23.2519353851083,-15.1072483020873,38.2425532067858,223.554752632085
8,12,284.639032281937,1,0,-22.3022753071214,24.6977246928787,0,35.3022753071214,232.298081868905
8,13,268.096846346496,1,15,-22.3022753071214,23.2519353851083,15.1072483020873,38.2425532067858,210.562562997571
8,14,235.973846193783,1,30,-22.3022753071214,19.0975697169597,29.3103682724561,45.9457659931249,164.081808532432
8,15,190.136903830319,1,45,-22.3022753071214,12.6882652468722,42.1124212531211,56.4904007260205,104.970151735671
8,16,133.249895735761,1,60,-22.3022753071214,4.56032806417921,53.4932444677618,68.5694200126484,48.6860016756535
8,17,68.6188880447049,1,75,-22.3022753071214,-4.80041405261969,63.7425474979133,81.4916598076551,10.1523960397574
8,18,3.51142504002682e-14,1,90,-22.3022753071214,-14.999673216661,73.3015998658602,94.8971479992935,0
8,19,0,1,105,-22.3022753071214,-25.7179925301915,82.7156510183352,108.583601093421,0
8,20,0,1,120,-22.3022753071214,-36.6650387812006,87.2884797857452,119.878422615851,0
8,21,0,1,135,-22.3022753071214,-47.4996722682064,75.5462263136426,123.654513349816,0
8,22,0,1,150,-22.3022753071214,-57.651037404734,59.831080143798,126.667579826947,0
8,23,0,1,165,-22.3022753071214,-65.8394246093257,35.8064827375001,128.623091275837,0
9,0,0,1,-180,-22.1742352851665,-69.1742352851665,-1.82763920209734e-14,129.174235285167,0
9,1,0,1,-165,-22.1742352851665,-65.7258321997812,-35.6624432120952,128.49565218918,0
9,2,0,1,-150,-22.1742352851665,-57.5574589032935,-59.6679639514036,126.541680680677,0
9,3,0,1,-135,-22.1742352851665,-47.4171903802695,-75.4013808501943,123.530479422139,0
9,4,0,1,-120,-22.1742352851665,-36.5864045348236,-87.1625697832826,119.75595637302,0
9,5,0,1,-105,-22.1742352851665,-25.6384852092444,-82.8270124055192,108.568367498499,0
9,6,66.9682822242496,1,-90,-22.1742352851665,-14.9160105734281,-73.4019261575974,94.8703905247286,0
9,7,130.044611305427,1,-75,-22.1742352851665,-4.71010286465569,-63.8336251872218,81.4523444121431,19.3287868703219
9,8,185.563220270463,1,-60,-22.1742352851665,4.65919562740278,-53.5748685313787,68.5154080887277,67.9627156986326
9,9,230.297569368241,1,-45,-22.1742352851665,12.7968265837897,-42.182022763059,56.4183540504427,127.383274893493
9,10,261.647860831941,1,-30,-22.1742352851665,19.2156267365865,-29.362839878102,45.8516990347945,182.242428382613
9,11,277.792129675366,1,-15,-22.1742352851665,23.3772260000208,-15.1359863536651,38.1256516651531,218.527593497926
9,12,277.792129675366,1,0,-22.1742352851665,24.8257647148335,0,35.1742352851665,227.068404986713
9,13,261.647860831941,1,15,-22.1742352851665,23.3772260000208,15.1359863536651,38.1256516651531,205.82756407931
9,14,230.297569368241,1,30,-22.1742352851665,19.2156267365865,29.362839878102,45.8516990347945,160.406388031734
9,15,185.563220270463,1,45,-22.1742352851665,12.7968265837897,42.182022763059,56.4183540504427,102.639601289226
9,16,130.044611305427,1,60,-22.1742352851665,4.65919562740278,53.5748685313787,68.5154080887277,47.628969433749
9,17,66.9682822242497,1,75,-22.1742352851665,-4.71010286465569,63.8336251872218,81.4523444121431,9.95362776812013
9,18,3.42695881251547e-14,1,90,-22.1742352851665,-14.9160105734281,73.4019261575974,94.8703905247286,0
9,19,0,1,105,-22.1742352851665,-25.6384852092444,82.8270124055192,108.568367498499,0
9,20,0,1,120,-22.1742352851665,-36.5864045348236,87.1625697832826,119.75595637302,0
9,21,0,1,135,-22.1742352851665,-47.4171903802695,75.4013808501943,123.530479422139,0
9,22,0,1,150,-22.1742352851665,-57.5574589032935,59.6679639514036,126.541680680677,0
9,23,0,1,165,-22.1742352851665,-65.7258321997812,35.6624432120952,128.49565218918,0
10,0,0,1,-180,-22.0396245587375,-69.0396245587375,-1.81815941213047e-14,129.039624558738,0
10,1,0,1,-165,-22.0396245587375,-65.6062654904551,-35.5123720505228,128.361670943046,0
10,2,0,1,-150,-22.0396245587375,-57.4588526782302,-59.4973794578455,126.409313125461,0
10,3,0,1,-135,-22.0396245587375,-47.330279638209,-75.2495913304099,123.400067799162,0
10,4,0,1,-120,-22.0396245587375,-36.5035924812478,-87.0304749456313,119.627190456397,0
10,5,0,1,-105,-22.0396245587375,-25.5548068503466,-82.9439286744061,108.552249986251,0
10,6,65.3279708748555,1,-90,-22.0396245587375,-14.8280074912828,-73.5073168147854,94.8422347825475,0
10,7,126.859317539977,1,-75,-22.0396245587375,-4.61514435659374,-63.9293512649874,81.4110534545332,18.9457528413689
10,8,181.018061784532,1,-60,-22.0396245587375,4.76312667709421,-53.6607061111151,68.4587242764132,66.4646555051393
10,9,224.656694252053,1,-45,-22.0396245587375,12.9109393138831,-42.2552606859582,56.3427502305705,124.510025056106
10,10,255.239096243502,1,-30,-22.0396245587375,19.3397260280289,-29.4180855315404,45.7529428699092,178.094015536614
10,11,270.987929717645,1,-15,-22.0396245587375,23.5089405541335,-15.1662578178167,38.0028166231175,213.533200867522
10,12,270.987929717645,1,0,-22.0396245587375,24.9603754412626,0,35.0396245587375,221.872769819214
10,13,255.239096243502,1,15,-22.0396245587375,23.5089405541335,15.1662578178167,38.0028166231175,201.123427394707
10,14,224.656694252053,1,30,-22.0396245587375,19.3397260280289,29.4180855315404,45.7529428699092,156.75503238093
10,15,181.018061784532,1,45,-22.0396245587375,12.9109393138831,42.2552606859582,56.3427502305705,100.324468333504
10,16,126.859317539977,1,60,-22.0396245587375,4.76312667709421,53.6607061111151,68.4587242764132,46.5791134585673
10,17,65.3279708748556,1,75,-22.0396245587375,-4.61514435659374,63.9293512649874,81.4110534545332,9.75637906481033
10,18,3.34301938257381e-14,1,90,-22.0396245587375,-14.8280074912828,73.5073168147854,94.8422347825475,0
10,19,0,1,105,-22.0396245587375,-25.5548068503466,82.9439286744061,108.552249986251,0
10,20,0,1,120,-22.0396245587375,-36.5035924812478,87.0304749456313,119.627190456397,0
10,21,0,1,135,-22.0396245587375,-47.330279638209,75.2495913304099,123.400067799162,0
10,22,0,1,150,-22.0396245587375,-57.4588526782302,59.4973794578455,126.409313125461,0
10,23,0,1,165,-22.0396245587375,-65.6062654904551,35.5123720505228,128.361670943046,0
11,0,0,1,-180,-21.8984830158976,-68.8984830158976,-1.80834377776963e-14,128.898483015898,0
11,1,0,1,-165,-21.8984830158976,-65.4807405557545,-35.3564970886308,128.221186917185,0
11,2,0,1,-150,-21.8984830158976,-57.3552164803403,-59.3195054421146,126.270515320536,0
11,3,0,1,-135,-21.8984830158976,-47.2389378195317,-75.0909737438607,123.263315352901,0
11,4,0,1,-120,-21.8984830158976,-36.4166066466799,-86.8922747628194,119.492160905371,0
11,5,0,1,-105,-21.8984830158976,-25.4669691593917,-83.0663419610206,108.535238171469,0
11,6,63.698440056176,1,-90,-21.8984830158976,-14.7356833655174,-73.6177286148305,94.8126855174222,0
11,7,123.694958310696,1,-75,-21.8984830158976,-4.51556504456378,-64.0296941223306,81.3678056928844,18.5654874594747
11,8,176.502775201078,1,-60,-21.8984830158976,4.87208864241925,-53.7507360934402,68.3994007216824,64.9767216342041
11,9,219.052892358257,1,-45,-21.8984830158976,13.0305664534698,-42.3321236994536,56.2636333489421,121.655924364976
11,10,248.87245163644,1,-30,-21.8984830158976,19.4698282536493,-29.4761017810174,45.6495484606543,173.973096358607
11,11,264.228448640069,1,-15,-21.8984830158976,23.647039116834,-15.1980630342052,37.874095013727,208.571827786887
11,12,264.228448640069,1,0,-21.8984830158976,25.1015169841024,0,34.8984830158976,216.711460358924
11,13,248.87245163644,1,15,-21.8984830158976,23.647039116834,15.1980630342052,37.874095013727,196.45039128366
11,14,219.052892358257,1,30,-21.8984830158976,19.4698282536493,29.4761017810174,45.6495484606543,153.127876144146
11,15,176.502775201078,1,45,-21.8984830158976,13.0305664534698,42.3321236994536,56.2636333489421,98.0247648816825
11,16,123.694958310696,1,60,-21.8984830158976,4.87208864241925,53.7507360934402,68.3994007216824,45.5363541142751
11,17,63.6984400561761,1,75,-21.8984830158976,-4.51556504456378,64.0296941223306,81.3678056928844,9.56055611483056
11,18,3.25963162326651e-14,1,90,-21.8984830158976,-14.7356833655174,73.6177286148305,94.8126855174222,0
11,19,0,1,105,-21.8984830158976,-25.4669691593917,83.0663419610206,108.535238171469,0
11,20,0,1,120,-21.8984830158976,-36.4166066466799,86.8922747628194,119.492160905371,0
11,21,0,1,135,-21.8984830158976,-47.2389378195317,75.0909737438607,123.263315352901,0
11,22,0,1,150,-21.8984830158976,-57.3552164803403,59.3195054421146,126.270515320536,0
11,23,0,1,165,-21.8984830158976,-65.4807405557545,35.3564970886308,128.221186917185,0
12,0,0,1,-180,-21.7508524799322,-68.7508524799322,-1.79821006877283e-14,128.750852479932,0
12,1,0,1,-165,-21.7508524799322,-65.3492749543119,-35.1950509555372,128.07424140981,0
12,2,0,1,-150,-21.7508524799322,-57.246548768178,-59.1345265685578,126.125327302123,0
12,3,0,1,-135,-21.7508524799322,-47.1431631697283,-74.9256485417342,123.120260786046,0
12,4,0,1,-120,-21.7508524799322,-36.3254516295688,-86.7480519688637,119.350905557168,0
12,5,0,1,-105,-21.7508524799322,-25.3749846507889,-83.1941919737912,108.517321329665,0
12,6,62.0801726333609,1,-90,-21.7508524799322,-14.6390586801206,-73.7331164912548,94.7817477764747,0
12,7,120.552471285517,1,-75,-21.7508524799322,-4.4113928171019,-64.1346207878225,81.3226207976104,18.1878168956037
12,8,172.018698496963,1,-60,-21.7508524799322,4.98604732398494,-53.8449364574313,68.3374710979965,63.4988156919056
12,9,213.487824214293,1,-45,-21.7508524799322,13.1556691963334,-42.4126000208511,56.1810496188449,118.821010189003
12,10,242.549813584956,1,-30,-21.7508524799322,19.6058921510014,-29.5368850861845,45.5415693204452,169.879852339025
12,11,257.515689422761,1,-15,-21.7508524799322,23.7914798146791,-15.2314024155177,37.7395361451494,203.643759738401
12,12,257.515689422761,1,0,-21.7508524799322,25.2491475200679,0,34.7508524799321,211.584793738385
12,13,242.549813584956,1,15,-21.7508524799322,23.7914798146791,15.2314024155177,37.7395361451494,191.808724637354
12,14,213.487824214293,1,30,-21.7508524799322,19.6058921510014,29.5368850861845,45.5415693204452,149.525079065875
12,15,172.018698496963,1,45,-21.7508524799322,13.1556691963334,42.4126000208511,56.1810496188449,95.7405210439081
12,16,120.552471285517,1,60,-21.7508524799322,4.98604732398494,53.8449364574313,68.3374710979965,44.500622445402
12,17,62.080172633361,1,75,-21.7508524799322,-4.4113928171019,64.1346207878225,81.3226207976104,9.36606940249997
12,18,3.1768202441863e-14,1,90,-21.7508524799322,-14.6390586801206,73.7331164912548,94.7817477764747,0
12,19,0,1,105,-21.7508524799322,-25.3749846507889,83.1941919737912,108.517321329665,0
12,20,0,1,120,-21.7508524799322,-36.3254516295688,86.7480519688637,119.350905557168,0
12,21,0,1,135,-21.7508524799322,-47.1431631697283,74.9256485417342,123.120260786046,0
12,22,0,1,150,-21.7508524799322,-57.246548768178,59.1345265685578,126.125327302123,0
12,23,0,1,165,-21.7508524799322,-65.3492749543119,35.1950509555372,128.07424140981,0
13,0,0,1,-180,-21.5967766969551,-68.5967766969551,-1.78777617404345e-14,128.596776696955,0
13,1,0,1,-165,-21.5967766969551,-65.2118878012584,-35.0282702953114,127.920877626344,0
13,2,0,1,-150,-21.5967766969551,-57.1328488089889,-58.9426329689044,125.973790974759,0
13,3,0,1,-135,-21.5967766969551,-47.0429544771823,-74.7537404416011,122.970944625734,0
13,4,0,1,-120,-21.5967766969551,-36.2301326488699,-86.5978924331041,119.203464041879,0
13,5,0,1,-105,-21.5967766969551,-25.2788666756037,-83.3274160629934,108.498488423453,0
13,6,60.4736481339727,1,-90,-21.5967766969551,-14.5381550211902,-73.8534335808744,94.7494269175511,0
13,7,117.432787651166,1,-75,-21.5967766969551,-4.30265693808104,-64.2440969596145,81.2755193452289,17.8125761144317
13,8,167.567160400889,1,-60,-21.5967766969551,5.10496689778767,-53.9432842961801,68.2729705906534,62.0308553787334
13,9,207.963138869958,1,-45,-21.5967766969551,13.2862069216129,-42.4966774218311,56.0950473681595,116.00534365105
13,10,236.273055623157,1,-30,-21.5967766969551,19.7478745429015,-29.6004318294669,45.4290615089273,165.814495250874
13,11,250.851641201152,1,-15,-21.5967766969551,23.9422188430399,-15.2662764550947,37.59919170137,198.749316554659
13,12,250.851641201152,1,0,-21.5967766969551,25.4032233030449,0,34.5967766969551,206.493122190437
13,13,236.273055623157,1,15,-21.5967766969551,23.9422188430399,15.2662764550947,37.59919170137,187.198728700874
13,14,207.963138869958,1,30,-21.5967766969551,19.7478745429015,29.6004318294669,45.4290615089273,145.946827544773
13,15,167.567160400889,1,45,-21.5967766969551,13.2862069216129,42.4966774218311,56.0950473681595,93.4717860701799
13,16,117.432787651166,1,60,-21.5967766969551,5.10496689778767,53.9432842961801,68.2729705906534,43.4718607756054
13,17,60.4736481339728,1,75,-21.5967766969551,-4.30265693808104,64.2440969596145,81.2755193452289,9.17283394058181
13,18,3.09460978413202e-14,1,90,-21.5967766969551,-14.5381550211902,73.8534335808744,94.7494269175511,0
13,19,0,1,105,-21.5967766969551,-25.2788666756037,83.3274160629934,108.498488423453,0
13,20,0,1,120,-21.5967766969551,-36.2301326488699,86.5978924331041,119.203464041879,0
13,21,0,1,135,-21.5967766969551,-47.0429544771823,74.7537404416011,122.970944625734,0
13,22,0,1,150,-21.5967766969551,-57.1328488089889,58.9426329689044,125.973790974759,0
13,23,0,1,165,-21.5967766969551,-65.2118878012584,35.0282702953114,127.920877626344,0
14,0,0,1,-180,-21.4363013229461,-68.4363013229461,-1.7770600333608e-14,128.436301322946,0
14,1,0,1,-165,-21.4363013229461,-65.0685998385951,-34.8563949963365,127.761140667595,0
14,2,0,1,-150,-21.4363013229461,-57.0141167799972,-58.7440198161202,125.815950102089,0
14,3,0,1,-135,-21.4363013229461,-46.9383111491998,-74.5753782261763,122.815409216833,0
14,4,0,1,-120,-21.4363013229461,-36.1306555932069,-86.441885047995,119.049877777031,0
14,5,0,1,-105,-21.4363013229461,-25.1786294501858,-83.465949292377,108.47872812989,0
14,6,58.8793426058921,1,-90,-21.4363013229461,-14.4329950904515,-73.9786312723587,94.7157286176755,0
14,7,114.336831837232,1,-75,-21.4363013229461,-4.18938804944618,-64.3580870384042,81.2265228116499,17.4396093017632
14,8,163.149479999666,1,-60,-21.4363013229461,5.22880991955509,-54.0457558386514,68.2059358802022,60.5727753013894
14,9,202.48047340875,1,-45,-21.4363013229461,13.4221372021825,-42.5843432433928,56.0056770221499,113.209010850627
14,10,230.044037689892,1,-30,-21.4363013229461,19.8957303480181,-29.6667383276544,45.3120836265571,161.777268726468
14,11,244.238278676552,1,-15,-21.4363013229461,24.0992104782956,-15.3026857347777,37.4531157431413,193.888854217687
14,12,244.238278676552,1,0,-21.4363013229461,25.5636986770539,0,34.4363013229461,201.436834890136
14,13,230.044037689892,1,15,-21.4363013229461,24.0992104782956,15.3026857347777,37.4531157431413,182.620738767865
14,14,202.48047340875,1,30,-21.4363013229461,19.8957303480181,29.6667383276544,45.3120836265571,142.393336021459
14,15,163.149479999666,1,45,-21.4363013229461,13.4221372021825,42.5843432433928,56.0056770221499,91.2186293355348
14,16,114.336831837232,1,60,-21.4363013229461,5.22880991955509,54.0457558386514,68.2059358802022,42.4500232765902
14,17,58.8793426058921,1,75,-21.4363013229461,-4.18938804944618,64.3580870384042,81.2265228116499,8.98076949038785
14,18,3.01302460383722e-14,1,90,-21.4363013229461,-14.4329950904515,73.9786312723587,94.7157286176755,0
14,19,0,1,105,-21.4363013229461,-25.1786294501858,83.465949292377,108.47872812989,0
14,20,0,1,120,-21.4363013229461,-36.1306555932069,86.441885047995,119.049877777031,0
14,21,0,1,135,-21.4363013229461,-46.9383111491998,74.5753782261763,122.815409216833,0
14,22,0,1,150,-21.4363013229461,-57.0141167799972,58.7440198161202,125.815950102089,0
14,23,0,1,165,-21.4363013229461,-65.0685998385951,34.8563949963365,127.761140667595,0
15,0,0,1,-180,-21.2694739102218,-68.2694739102218,-1.7660795721078e-14,128.269473910222,0
15,1,0,1,-165,-21.2694739102218,-64.9194335032173,-34.6796674324028,127.595077517384,0
15,2,0,1,-150,-21.2694739102218,-56.8903538695666,-58.5388868916231,125.651850297138,0
15,3,0,1,-135,-21.2694739102218,-46.8292332888709,-74.3906945365704,122.653698714733,0
15,4,0,1,-120,-21.2694739102218,-36.0270270707585,-86.2801216135831,118.890189961692,0
15,5,0,1,-105,-21.2694739102218,-25.0742880851791,-83.6097245128254,108.45802886876,0
15,6,57.297728476255,1,-90,-21.2694739102218,-14.3236027188156,-74.108659256057,94.6806588816552,0
15,7,111.265521242239,1,-75,-21.2694739102218,-4.07161817371387,-64.4765541611497,81.1756535649846,17.0687702737238
15,8,158.766966347338,1,-60,-21.2694739102218,5.35753732950595,-54.1523264719189,68.1364051248981,59.1245277403739
15,9,197.041452462771,1,-45,-21.2694739102218,13.5634158135303,-42.6755844109809,55.9129910851623,110.4321240123
15,10,223.864605577607,1,-30,-21.2694739102218,20.0494125919851,-29.7358008436744,45.1906968087327,157.768449732839
15,11,237.677561531004,1,-15,-21.2694739102218,24.2624070905725,-15.3406309329573,37.301364709219,189.0627665393
15,12,237.677561531004,1,0,-21.2694739102218,25.7305260897782,0,34.2694739102218,196.416359673968
15,13,223.864605577607,1,15,-21.2694739102218,24.2624070905725,15.3406309329573,37.301364709219,178.075125763231
15,14,197.041452462772,1,30,-21.2694739102218,20.0494125919851,29.7358008436744,45.1906968087327,138.86484827715
15,15,158.766966347338,1,45,-21.2694739102218,13.5634158135303,42.6755844109809,55.9129910851623,88.9811412653821
15,16,111.265521242239,1,60,-21.2694739102218,5.35753732950595,54.1523264719189,68.1364051248981,41.4350765060406
15,17,57.2977284762551,1,75,-21.2694739102218,-4.07161817371387,64.4765541611497,81.1756535649846,8.7898007724978
15,18,2.9320888787516e-14,1,90,-21.2694739102218,-14.3236027188156,74.108659256057,94.6806588816552,0
15,19,0,1,105,-21.2694739102218,-25.0742880851791,83.6097245128254,108.45802886876,0
15,20,0,1,120,-21.2694739102218,-36.0270270707585,86.2801216135831,118.890189961692,0
15,21,0,1,135,-21.2694739102218,-46.8292332888709,74.3906945365704,122.653698714733,0
15,22,0,1,150,-21.2694739102218,-56.8903538695666,58.5388868916231,125.651850297138,0
15,23,0,1,165,-21.2694739102218,-64.9194335032173,34.6796674324028,127.595077517384,0
16,0,0,1,-180,-21.0963438933451,-68.0963438933451,-1.75485263931063e-14,128.096343893345,0
16,1,0,1,-165,-21.0963438933451,-64.7644129921868,-34.4983317193544,127.422737029608,0
16,2,0,1,-150,-21.0963438933451,-56.7615623777575,-58.3274381474215,125.481539012027,0
16,3,0,1,-135,-21.0963438933451,-46.7157217724654,-74.1998256605387,122.485859077608,0
16,4,0,1,-120,-21.0963438933451,-35.9192544596947,-86.1126967189163,118.724445570074,0
16,5,0,1,-105,-21.0963438933451,-24.9658586148069,-83.7586724378903,108.436378831722,0
16,6,55.7292744114622,1,-90,-21.0963438933451,-14.2100028799112,-74.2434655749771,94.644224050807,0
16,7,108.2197659618,1,-75,-21.0963438933451,-3.94938071619462,-64.5994602354388,81.1229348578538,16.6999228670445
16,8,154.420918077283,1,-60,-21.0963438933451,5.49110845755322,-54.262970763707,68.0644179421733,57.6860833718068
16,9,191.647687731313,1,-45,-21.0963438933451,13.7099967431541,-42.7703874497343,55.8170441211931,107.674822557281
16,10,217.7365903854,1,-30,-21.0963438933451,20.2088724190416,-29.807615598503,45.064964719444,153.788349942422
16,11,231.171433846591,1,-15,-21.0963438933451,24.4317591570261,-15.3801128328013,37.1439974179183,184.271486718627
16,12,231.171433846591,1,0,-21.0963438933451,25.9036561066549,0,34.0963438933451,191.432164632253
16,13,217.7365903854,1,15,-21.0963438933451,24.4317591570261,15.3801128328013,37.1439974179183,173.562297710142
16,14,191.647687731313,1,30,-21.0963438933451,20.2088724190416,29.807615598503,45.064964719444,135.361638640114
16,15,154.420918077283,1,45,-21.0963438933451,13.7099967431541,42.7703874497343,55.8170441211931,86.7594341989404
16,16,108.219765961801,1,60,-21.0963438933451,5.49110845755322,54.262970763707,68.0644179421733,40.4269999134803
16,17,55.7292744114622,1,75,-21.0963438933451,-3.94938071619462,64.5994602354388,81.1229348578538,8.59985766774149
16,18,2.85182659187721e-14,1,90,-21.0963438933451,-14.2100028799112,74.2434655749771,94.644224050807,0
16,19,0,1,105,-21.0963438933451,-24.9658586148069,83.7586724378903,108.436378831722,0
16,20,0,1,120,-21.0963438933451,-35.9192544596947,86.1126967189163,118.724445570074,0
16,21,0,1,135,-21.0963438933451,-46.7157217724654,74.1998256605387,122.485859077608,0
16,22,0,1,150,-21.0963438933451,-56.7615623777575,58.3274381474215,125.481539012027,0
16,23,0,1,165,-21.0963438933451,-64.7644129921868,34.4983317193544,127.422737029608,0
17,0,0,1,-180,-20.9169625744764,-67.9169625744764,-1.74339694925232e-14,127.916962574476,0
17,1,0,1,-165,-20.9169625744764,-64.6035643248755,-34.3126329908477,127.244169914745,0
17,2,0,1,-150,-20.9169625744764,-56.627745815822,-58.1098812647504,125.30506552714,0
17,3,0,1,-135,-20.9169625744764,-46.5977783270733,-74.002911316262,122.311938058141,0
17,4,0,1,-120,-20.9169625744764,-35.8073459589881,-85.9397076206416,118.552691344617,0
17,5,0,1,-105,-20.9169625744764,-24.8533580263248,-83.9127217210382,108.413766012304,0
17,6,54.1744451783029,1,-90,-20.9169625744764,-14.0922217035239,-74.3829966767991,94.6064308117771,0
17,7,105.200468518939,1,-75,-20.9169625744764,-3.82271046689708,-64.7267659744266,81.0683908191792,16.3329413097768
17,8,150.112623017399,1,-60,-20.9169625744764,5.62948102897533,-54.3776624851631,67.9900153891032,56.2574319420099
17,9,186.300777503271,1,-45,-20.9169625744764,13.8618322004839,-42.868738499795,55.7178927332843,104.937274095809
17,10,211.661807976426,1,-30,-20.9169625744764,20.3740591042032,-29.8821787831704,44.9349535444053,149.837316995809
17,11,224.721823529359,1,-15,-20.9169625744764,24.6072152756656,-15.4211323306418,36.9810750690285,179.515488773066
17,12,224.721823529359,1,0,-20.9169625744764,26.0830374255236,0,33.9169625744764,186.484759570895
17,13,211.661807976426,1,15,-20.9169625744764,24.6072152756656,15.4211323306418,36.9810750690285,169.082701077828
17,14,186.300777503271,1,30,-20.9169625744764,20.3740591042032,29.8821787831704,44.9349535444053,131.884013097121
17,15,150.112623017399,1,45,-20.9169625744764,13.8618322004839,42.868738499795,55.7178927332843,84.5536431888537
17,16,105.200468518939,1,60,-20.9169625744764,5.62948102897533,54.3776624851631,67.9900153891032,39.4257863130258
17,17,54.174445178303,1,75,-20.9169625744764,-3.82271046689708,64.7267659744266,81.0683908191792,8.4108754081038
17,18,2.77226152666187e-14,1,90,-20.9169625744764,-14.0922217035239,74.3829966767991,94.6064308117771,0
17,19,0,1,105,-20.9169625744764,-24.8533580263248,83.9127217210382,108.413766012304,0
17,20,0,1,120,-20.9169625744764,-35.8073459589881,85.9397076206416,118.552691344617,0
17,21,0,1,135,-20.9169625744764,-46.5977783270733,74.002911316262,122.311938058141,0
17,22,0,1,150,-20.9169625744764,-56.627745815822,58.1098812647504,125.30506552714,0
17,23,0,1,165,-20.9169625744764,-64.6035643248755,34.3126329908477,127.244169914745,0
18,0,0,1,-180,-20.7313831081719,-67.7313831081719,-1.73173002687008e-14,127.731383108172,0
18,1,0,1,-165,-20.7313831081719,-64.4369154016502,-34.1228166964994,127.059428725802,0
18,2,0,1,-150,-20.7313831081719,-56.4889090041862,-57.8864272107897,125.122480939726,0
18,3,0,1,-135,-20.7313831081719,-46.4754056081974,-73.8000944322048,122.131985194699,0
18,4,0,1,-120,-20.7313831081719,-35.6913106394255,-85.7612541190449,118.374975788543,0
18,5,0,1,-105,-20.7313831081719,-24.7368042895335,-84.0717990344488,108.39017823668,0
18,6,52.633701506235,1,-90,-20.7313831081719,-13.9702864888744,-74.5271974668045,94.5672862054211,0
18,7,102.208523596648,1,-75,-20.7313831081719,-3.69164360207226,-64.8584309322449,81.0120464454358,15.9677105717969
18,8,145.843357808491,1,-60,-20.7313831081719,5.77261117058114,-54.4963746337848,67.9132399418428,54.8385828934626
18,9,181.002306183541,1,-45,-20.7313831081719,14.018872627348,-42.9706233316154,55.6155955417059,102.219675338087
18,10,205.642058439817,1,-30,-20.7313831081719,20.5449200659689,-29.9594865708156,44.8007319836334,145.915735653587
18,11,218.330641738039,1,-15,-20.7313831081719,24.7887221797166,-15.463690444502,36.8126612461254,174.795288839204
18,12,218.330641738039,1,0,-20.7313831081719,26.2686168918281,0,33.7313831081719,181.574697338909
18,13,205.642058439817,1,15,-20.7313831081719,24.7887221797166,15.463690444502,36.8126612461254,164.636822006893
18,14,181.002306183541,1,30,-20.7313831081719,20.5449200659689,29.9594865708156,44.8007319836334,128.432310307264
18,15,145.843357808491,1,45,-20.7313831081719,14.018872627348,42.9706233316154,55.6155955417059,82.3639267351837
18,16,102.208523596648,1,60,-20.7313831081719,5.77261117058114,54.4963746337848,67.9132399418428,38.4314423220643
18,17,52.6337015062351,1,75,-20.7313831081719,-3.69164360207226,64.8584309322449,81.0120464454358,8.22279475722194
18,18,2.69341725995155e-14,1,90,-20.7313831081719,-13.9702864888744,74.5271974668045,94.5672862054211,0
18,19,0,1,105,-20.7313831081719,-24.7368042895335,84.0717990344488,108.39017823668,0
18,20,0,1,120,-20.7313831081719,-35.6913106394255,85.7612541190449,118.374975788543,0
18,21,0,1,135,-20.7313831081719,-46.4754056081974,73.8000944322048,122.131985194699,0
18,22,0,1,150,-20.7313831081719,-56.4889090041862,57.8864272107897,125.122480939726,0
18,23,0,1,165,-20.7313831081719,-64.4369154016502,34.1228166964994,127.059428725802,0
19,0,0,1,-180,-20.5396604856325,-67.5396604856325,-1.71986915709519e-14,127.539660485633,0
19,1,0,1,-165,-20.5396604856325,-64.2644960587987,-33.929127925403,126.868567843706,0
19,2,0,1,-150,-20.5396604856325,-56.3450581684908,-57.6572897950451,124.933838151932,0
19,3,0,1,-135,-20.5396604856325,-46.3486072770106,-73.5915209236172,121.946051801929,0
19,4,0,1,-120,-20.5396604856325,-35.5711584946423,-85.5774384318064,118.191349157844,0
19,5,0,1,-105,-20.5396604856325,-24.6162163862431,-84.2358291491939,108.365603195187,0
19,6,51.1074999508605,1,-90,-20.5396604856325,-13.8442257176712,-74.6760113616003,94.5267976357167,0
19,7,99.2448177727806,1,-75,-20.5396604856325,-3.5562176853565,-64.9944135397926,80.9539275913483,15.6041266944872
19,8,141.614387525981,1,-60,-20.5396604856325,5.92045341739361,-54.6190794564272,67.8341354740125,53.4295659408277
19,9,175.753843823527,1,-45,-20.5396604856325,14.1810667089939,-43.0760273612,55.5102131608798,99.522252921716
19,10,199.679125557278,1,-30,-20.5396604856325,20.7214008795666,-30.0395351287445,44.6623712434306,142.024028834507
19,11,211.999782317729,1,-15,-20.5396604856325,24.9762247525197,-15.5077883227403,36.6388219193217,170.111446340527
19,12,211.999782317729,1,0,-20.5396604856325,26.4603395143675,0,33.5396604856325,176.702575018469
19,13,199.679125557278,1,15,-20.5396604856325,24.9762247525197,15.5077883227403,36.6388219193217,160.225187409165
19,14,175.753843823527,1,30,-20.5396604856325,20.7214008795666,30.0395351287445,44.6623712434306,125.006902515746
19,15,141.614387525982,1,45,-20.5396604856325,14.1810667089939,43.0760273612,55.5102131608798,80.1904674521152
19,16,99.2448177727807,1,60,-20.5396604856325,5.92045341739361,54.6190794564272,67.8341354740125,37.4439887649366
19,17,51.1074999508605,1,75,-20.5396604856325,-3.5562176853565,64.9944135397926,80.9539275913483,8.03556218015897
19,18,2.61531715500408e-14,1,90,-20.5396604856325,-13.8442257176712,74.6760113616003,94.5267976357167,0
19,19,0,1,105,-20.5396604856325,-24.6162163862431,84.2358291491939,108.365603195187,0
19,20,0,1,120,-20.5396604856325,-35.5711584946423,85.5774384318064,118.191349157844,0
19,21,0,1,135,-20.5396604856325,-46.3486072770106,73.5915209236172,121.946051801929,0
19,22,0,1,150,-20.5396604856325,-56.3450581684908,57.6572897950451,124.933838151932,0
19,23,0,1,165,-20.5396604856325,-64.2644960587987,33.929127925403,126.868567843706,0
20,0,0,1,-180,-20.3418515184091,-67.3418515184091,-1.70783133824576e-14,127.341851518409,0
20,1,0,1,-165,-20.3418515184091,-64.0863381194453,-33.7318107576801,126.671643462134,0
20,2,0,1,-150,-20.3418515184091,-56.1962010332771,-57.4226852269615,124.73919185825,0
20,3,0,1,-135,-20.3418515184091,-46.2173880769943,-73.3773394662554,121.754190960775,0
20,4,0,1,-120,-20.3418515184091,-35.4469004920079,-85.3883650657424,118.001863452693,0
20,5,0,1,-105,-20.3418515184091,-24.4916143395833,-84.4047350166303,108.340028474522,0
20,6,49.5962927586382,1,-90,-20.3418515184091,-13.7140690668688,-74.8293803435181,94.4849728786743,0
20,7,96.3102292573335,1,-75,-20.3418515184091,-3.41647166847173,-65.1346711408142,80.894060960011,15.2420970989991
20,8,137.426965305032,1,-60,-20.3418515184091,6.07296071987774,-54.7457484723133,67.7527472340104,52.0304315958227
20,9,170.556945655896,1,-45,-20.3418515184091,14.3483613856797,-43.1849356652178,55.4018081750019,96.8452641536859
20,10,193.774776274512,1,-30,-20.3418515184091,20.9034452907432,-30.1223206304441,44.5199450277277,138.162658537475
20,11,205.731121238707,1,-15,-20.3418515184091,25.1696660429645,-15.5534272527905,36.4596254485006,165.464565019008
20,12,205.731121238707,1,0,-20.3418515184091,26.6581484815909,0,33.341851518409,171.869034974473
20,13,193.774776274512,1,15,-20.3418515184091,25.1696660429645,15.5534272527905,36.4596254485006,155.848365939326
20,14,170.556945655896,1,30,-20.3418515184091,20.9034452907432,30.1223206304441,44.5199450277277,121.60819636539
20,15,137.426965305032,1,45,-20.3418515184091,14.3483613856797,43.1849356652178,55.4018081750019,78.0334726658209
20,16,96.3102292573335,1,60,-20.3418515184091,6.07296071987774,54.7457484723133,67.7527472340104,36.4634610407729
20,17,49.5962927586383,1,75,-20.3418515184091,-3.41647166847173,65.1346711408142,80.894060960011,7.84913000214863
20,18,2.5379843545661e-14,1,90,-20.3418515184091,-13.7140690668688,74.8293803435181,94.4849728786743,0
20,19,0,1,105,-20.3418515184091,-24.4916143395833,84.4047350166303,108.340028474522,0
20,20,0,1,120,-20.3418515184091,-35.4469004920079,85.3883650657424,118.001863452693,0
20,21,0,1,135,-20.3418515184091,-46.2173880769943,73.3773394662554,121.754190960775,0
20,22,0,1,150,-20.3418515184091,-56.1962010332771,57.4226852269615,124.73919185825,0
20,23,0,1,165,-20.3418515184091,-64.0863381194453,33.7318107576801,126.671643462134,0
21,0,0,1,-180,-20.1380148215676,-67.1380148215676,-1.69563323953646e-14,127.138014821568,0
21,1,0,1,-165,-20.1380148215676,-63.9024754402384,-33.5311076464089,126.468713571793,0
21,2,0,1,-150,-20.1380148215676,-56.0423469129298,-57.18283167632,124.538598532391,0
21,3,0,1,-135,-20.1380148215676,-46.0817539096813,-73.1577012679107,121.556457507886,0
21,4,0,1,-120,-20.1380148215676,-35.3185486231888,-85.1941406868145,117.806572408265,0
21,5,0,1,-105,-20.1380148215676,-24.3630192430499,-84.5784378508328,108.313441590582,0
21,6,48.100527732874,1,-90,-20.1380148215676,-13.5798474210658,-74.9872450155646,94.441820091217,0
21,7,93.4056276322177,1,-75,-20.1380148215676,-3.27244589144215,-65.2791600281712,80.8324740924147,14.8815408725386
21,8,133.282331969219,1,-60,-20.1380148215676,6.23008445173758,-54.8763524959719,67.6691218212274,50.6412516398223
21,9,165.413151633734,1,-45,-20.1380148215676,14.520701864849,-43.2973329959221,55.2904451123151,94.1889976652243
21,10,187.930760177639,1,-30,-20.1380148215676,21.0909952301015,-30.2078392675049,44.3735295287395,134.332126645083
21,11,199.526516040538,1,-15,-20.1380148215676,25.3689872814524,-15.6006086699756,36.275142587078,160.855293827965
21,12,199.526516040539,1,0,-20.1380148215676,26.8619851784324,0,33.1380148215676,167.074765760953
21,13,187.930760177639,1,15,-20.1380148215676,25.3689872814524,15.6006086699756,36.275142587078,151.506968835887
21,14,165.413151633734,1,30,-20.1380148215676,21.0909952301015,30.2078392675049,44.3735295287395,118.236633603896
21,15,133.282331969219,1,45,-20.1380148215676,14.520701864849,43.2973329959221,55.2904451123151,75.8931749421081
21,16,93.4056276322177,1,60,-20.1380148215676,6.23008445173758,54.8763524959719,67.6691218212274,35.4899094546987
21,17,48.100527732874,1,75,-20.1380148215676,-3.27244589144215,65.2791600281712,80.8324740924147,7.66345655602169
21,18,2.46144177401534e-14,1,90,-20.1380148215676,-13.5798474210658,74.9872450155646,94.441820091217,0
21,19,0,1,105,-20.1380148215676,-24.3630192430499,84.5784378508328,108.313441590582,0
21,20,0,1,120,-20.1380148215676,-35.3185486231888,85.1941406868145,117.806572408265,0
21,21,0,1,135,-20.1380148215676,-46.0817539096813,73.1577012679107,121.556457507886,0
21,22,0,1,150,-20.1380148215676,-56.0423469129298,57.18283167632,124.538598532391,0
21,23,0,1,165,-20.1380148215676,-63.9024754402384,33.5311076464089,126.468713571793,0
22,0,0,1,-180,-19.9282107963205,-66.9282107963205,-1.68329116272603e-14,126.928210796321,0
22,1,0,1,-165,-19.9282107963205,-63.712943953635,-33.3272588319456,126.259837944143,0
22,2,0,1,-150,-19.9282107963205,-55.8835067995086,-56.9379488379375,124.332116413552,0
22,3,0,1,-135,-19.9282107963205,-45.9417119092318,-72.9327598383438,121.352908024415,0
22,4,0,1,-120,-19.9282107963205,-35.1861159542191,-84.9948739886891,117.605531484943,0
22,5,0,1,-105,-19.9282107963205,-24.2304532891845,-84.7568572118939,108.285830021869,0
22,6,46.620648101026,1,-90,-19.9282107963205,-13.4415928844784,-75.1495446568026,94.3973478199957,0
22,7,90.5318735935812,1,-75,-19.9282107963205,-3.12418208228667,-65.4278354802162,80.7691953563598,14.5223890321353
22,8,129.181715662849,1,-60,-19.9282107963205,6.39177441830741,-55.0108616600258,67.5833071611465,49.2621195431559
22,9,160.323985974222,1,-45,-19.9282107963205,14.6980316339032,-43.41320379581,55.1761904179871,91.5537739779128
22,10,182.148808974752,1,-30,-19.9282107963205,21.2839908279894,-30.2960872614046,44.2232034168818,130.532975606673
22,11,193.387805281651,1,-15,-19.9282107963205,25.5741278963897,-15.6493341663739,36.0854464863411,156.284327683882
22,12,193.387805281651,1,0,-19.9282107963205,27.0717892036795,0,32.9282107963205,162.320502881982
22,13,182.148808974752,1,15,-19.9282107963205,25.5741278963897,15.6493341663739,36.0854464863411,147.201650629312
22,14,160.323985974222,1,30,-19.9282107963205,21.2839908279894,30.2960872614046,44.2232034168818,114.892691685063
22,15,129.181715662849,1,45,-19.9282107963205,14.6980316339032,43.41320379581,55.1761904179871,73.7698325425686
22,16,90.5318735935812,1,60,-19.9282107963205,6.39177441830741,55.0108616600258,67.5833071611465,34.5233995116807
22,17,46.620648101026,1,75,-19.9282107963205,-3.12418208228667,65.4278354802162,80.7691953563598,7.47850631803763
22,18,2.38571209457036e-14,1,90,-19.9282107963205,-13.4415928844784,75.1495446568026,94.3973478199957,0
22,19,0,1,105,-19.9282107963205,-24.2304532891845,84.7568572118939,108.285830021869,0
22,20,0,1,120,-19.9282107963205,-35.1861159542191,84.9948739886891,117.605531484943,0
22,21,0,1,135,-19.9282107963205,-45.9417119092318,72.9327598383438,121.352908024415,0
22,22,0,1,150,-19.9282107963205,-55.8835067995086,56.9379488379375,124.332116413552,0
22,23,0,1,165,-19.9282107963205,-63.712943953635,33.3272588319456,126.259837944143,0
23,0,0,1,-180,-19.7125016121285,-66.7125016121285,-1.67082100788408e-14,126.712501612129,0
23,1,0,1,-165,-19.7125016121285,-63.5177817056479,-33.1205017903233,126.045078114566,0
23,2,0,1,-150,-19.7125016121285,-55.7196934471289,-56.6882575021503,124.119805492099,0
23,3,0,1,-135,-19.7125016121285,-45.7972705155804,-72.7026707582305,121.143600824187,0
23,4,0,1,-120,-19.7125016121285,-35.0496166749124,-84.7906755601385,117.398797857888,0
23,5,0,1,-105,-19.7125016121285,-24.0939397977826,-84.9399110899191,108.257181243432,0
23,6,45.1570923833676,1,-90,-19.7125016121285,-13.2993387924234,-75.316217278041,94.3515650101086,0
23,7,87.6898186967662,1,-75,-19.7125016121285,-2.97172335614721,-65.5806517971731,80.7042539347415,14.1645847653912
23,8,125.126331487031,1,-60,-19.7125016121285,6.55797886556167,-55.1492454377561,67.4953524793018,47.8931508301694
23,9,155.290956706978,1,-45,-19.7125016121285,14.8802924735846,-43.5325322119606,55.0591124255441,88.9399459797071
23,10,176.430635982777,1,-30,-19.7125016121285,21.4823704299449,-30.3870608751019,44.0690478298947,126.765788999161
23,11,187.316807994525,1,-15,-19.7125016121285,25.785025531204,-15.6996054997127,35.8906127004158,151.752408075196
23,12,187.316807994525,1,0,-19.7125016121285,27.2874983878715,0,32.7125016121285,157.607029405007
23,13,176.430635982777,1,15,-19.7125016121285,25.785025531204,15.6996054997127,35.8906127004158,142.933109715426
23,14,155.290956706978,1,30,-19.7125016121285,21.4823704299449,30.3870608751019,44.0690478298947,111.576884262415
23,15,125.126331487031,1,45,-19.7125016121285,14.8802924735846,43.5325322119606,55.0591124255441,71.6637298081337
23,16,87.6898186967662,1,60,-19.7125016121285,6.55797886556167,55.1492454377561,67.4953524793018,33.5640121723677
23,17,45.1570923833677,1,75,-19.7125016121285,-2.97172335614721,65.5806517971731,80.7042539347415,7.29425003186145
23,18,2.31081775656955e-14,1,90,-19.7125016121285,-13.2993387924234,75.316217278041,94.3515650101086,0
23,19,0,1,105,-19.7125016121285,-24.0939397977826,84.9399110899191,108.257181243432,0
23,20,0,1,120,-19.7125016121285,-35.0496166749124,84.7906755601385,117.398797857888,0
23,21,0,1,135,-19.7125016121285,-45.7972705155804,72.7026707582305,121.143600824187,0
23,22,0,1,150,-19.7125016121285,-55.7196934471289,56.6882575021503,124.119805492099,0
23,23,0,1,165,-19.7125016121285,-63.5177817056479,33.1205017903233,126.045078114566,0
24,0,0,1,-180,-19.4909511882782,-66.4909511882782,-1.65823824322233e-14,126.490951188278,0
24,1,0,1,-165,-19.4909511882782,-63.3170288889555,-32.9110707170883,125.824497364989,0
24,2,0,1,-150,-19.4909511882782,-55.5509214525742,-56.4339791325163,123.901727494638,0
24,3,0,1,-135,-19.4909511882782,-45.6484395459018,-72.467591447722,120.928595941233,0
24,4,0,1,-120,-19.4909511882782,-34.9090661474514,-84.5816577515696,117.186430405982,0
24,5,0,1,-105,-19.4909511882782,-23.9535032435273,-85.1275159895375,108.22748276126,0
24,6,43.7102942630442,1,-90,-19.4909511882782,-13.153119722248,-75.4871996777104,94.3044810136919,0
24,7,84.8803051039753,1,-75,-19.4909511882782,-2.81511421381368,-65.7375623374362,80.6376798131862,13.808083647733
24,8,121.117381139619,1,-60,-19.4909511882782,6.72864448976769,-55.2914726653659,67.405308274079,46.5344833892252
24,9,150.315555227196,1,-45,-19.4909511882782,15.0674244719846,-43.655302109982,54.9392813268118,86.3478993096648
24,10,170.77793561978,1,-30,-19.4909511882782,21.6860706127004,-30.4807564243921,43.9111463611124,123.031191964139
24,11,181.315323146681,1,-15,-19.4909511882782,26.0016160618838,-15.7514246022675,35.6907191919133,147.26032352636
24,12,181.315323146681,1,0,-19.4909511882782,27.5090488117218,0,32.4909511882782,152.935176424918
24,13,170.77793561978,1,15,-19.4909511882782,26.0016160618838,15.7514246022675,35.6907191919133,138.702088792505
24,14,150.315555227196,1,30,-19.4909511882782,21.6860706127004,30.4807564243921,43.9111463611124,108.289761573926
24,15,121.117381139619,1,45,-19.4909511882782,15.0674244719846,43.655302109982,54.9392813268118,69.5751774690711
24,16,84.8803051039753,1,60,-19.4909511882782,6.72864448976769,55.2914726653659,67.405308274079,32.611844070341
24,17,43.7102942630442,1,75,-19.4909511882782,-2.81511421381368,65.7375623374362,80.6376798131862,7.11066482044101
24,18,2.23678095282161e-14,1,90,-19.4909511882782,-13.153119722248,75.4871996777104,94.3044810136919,0
24,19,0,1,105,-19.4909511882782,-23.9535032435273,85.1275159895375,108.22748276126,0
24,20,0,1,120,-19.4909511882782,-34.9090661474514,84.5816577515696,117.186430405982,0
24,21,0,1,135,-19.4909511882782,-45.6484395459018,72.467591447722,120.928595941233,0
24,22,0,1,150,-19.4909511882782,-55.5509214525742,56.4339791325163,123.901727494638,0
24,23,0,1,165,-19.4909511882782,-63.3170288889555,32.9110707170883,125.824497364989,0
25,0,0,1,-180,-19.2636251749416,-66.2636251749416,-1.64555787890357e-14,126.263625174942,0
25,1,0,1,-165,-19.2636251749416,-63.1107278713161,-32.6991960476076,125.59816070596,0
25,2,0,1,-150,-19.2636251749416,-55.3772073318564,-56.1753354521128,123.67794586849,0
25,3,0,1,-135,-19.2636251749416,-45.4952302641524,-72.2276809352342,120.707955116676,0
25,4,0,1,-120,-19.2636251749416,-34.7644809539964,-84.3679345409803,116.968489700095,0
25,5,0,1,-105,-19.2636251749416,-23.8091692829501,-85.3195870147575,108.196722147087,0
25,6,42.2806824575632,1,-90,-19.2636251749416,-13.0029715036442,-75.6624274978073,94.2561055983511,0
25,7,82.1041653347203,1,-75,-19.2636251749416,-2.65440053960724,-65.8985195536935,80.5695037670271,13.4528538357285
25,8,117.156052559122,1,-60,-19.2636251749416,6.90371644780504,-55.4375115638686,67.3132262883371,45.1862777269121
25,9,145.399255853711,1,-45,-19.2636251749416,15.2593660391901,-43.7814970875067,54.816769140313,83.7780526503786
25,10,165.192382902874,1,-30,-19.2636251749416,21.8950262007518,-30.5771702889733,43.749585046816,119.32985152001
25,11,175.385129107602,1,-15,-19.2636251749416,26.2238336150363,-15.804793589743,35.4858463383146,142.808909915826
25,12,175.385129107602,1,0,-19.2636251749416,27.7363748250584,0,32.2636251749416,148.305823377452
25,13,165.192382902874,1,15,-19.2636251749416,26.2238336150363,15.804793589743,35.4858463383146,134.509375160785
25,14,145.399255853711,1,30,-19.2636251749416,21.8950262007518,30.5771702889733,43.749585046816,105.031910716759
25,15,117.156052559122,1,45,-19.2636251749416,15.2593660391901,43.7814970875067,54.816769140313,67.5045128806148
25,16,82.1041653347203,1,60,-19.2636251749416,6.90371644780504,55.4375115638686,67.3132262883371,31.6670076902665
25,17,42.2806824575632,1,75,-19.2636251749416,-2.65440053960724,65.8985195536935,80.5695037670271,6.92773428555782
25,18,2.16362362202934e-14,1,90,-19.2636251749416,-13.0029715036442,75.6624274978073,94.2561055983511,0
25,19,0,1,105,-19.2636251749416,-23.8091692829501,85.3195870147575,108.196722147087,0
25,20,0,1,120,-19.2636251749416,-34.7644809539964,84.3679345409803,116.968489700095,0
25,21,0,1,135,-19.2636251749416,-45.4952302641524,72.2276809352342,120.707955116676,0
25,22,0,1,150,-19.2636251749416,-55.3772073318564,56.1753354521128,123.67794586849,0
25,23,0,1,165,-19.2636251749416,-63.1107278713161,32.6991960476076,125.59816070596,0
26,0,0,1,-180,-19.0305909337226,-66.0305909337226,-1.63279444471315e-14,126.030590933723,0
26,1,0,1,-165,-19.0305909337226,-62.8989232192577,-32.4851040145726,125.366134858179,0
26,2,0,1,-150,-19.0305909337226,-55.1985695924631,-55.912548039742,123.448525765551,0
26,3,0,1,-135,-19.0305909337226,-45.3376554484566,-71.9830996270677,120.481741784953,0
26,4,0,1,-120,-19.0305909337226,-34.615878943159,-84.14962139963,116.745037990701,0
26,5,0,1,-105,-19.0305909337226,-23.66096478062,-85.5160379539924,108.164887073543,0
26,6,40.868680591756,1,-90,-19.0305909337226,-12.8489312282872,-75.8418352797838,94.2064489553983,0
26,7,79.3622220191288,1,-75,-19.0305909337226,-2.48962959858436,-66.0634750287866,80.4997573476,13.0988762360594
26,8,113.24351957269,1,-60,-19.0305909337226,7.08313836817491,-55.5873297605292,67.2191594798328,43.8487171658481
26,9,140.543515392131,1,-45,-19.0305909337226,15.4560539225808,-43.9111004871662,54.6916496780728,81.2308579273161
26,10,159.675632951874,1,-30,-19.0305909337226,22.1091702834942,-30.6762989231738,43.5844523526011,115.662476748232
26,11,169.527983121765,1,-15,-19.0305909337226,26.4516105864603,-15.8597147701107,35.2760769391481,138.399050646925
26,12,169.527983121765,1,0,-19.0305909337226,27.9694090662774,0,32.0305909337226,143.71989820091
26,13,159.675632951874,1,15,-19.0305909337226,26.4516105864603,15.8597147701107,35.2760769391481,130.355800883406
26,14,140.543515392131,1,30,-19.0305909337226,22.1091702834942,30.6762989231738,43.5844523526011,101.803955811195
26,15,113.24351957269,1,45,-19.0305909337226,15.4560539225808,43.9111004871662,54.6916496780728,65.452100183581
26,16,79.3622220191289,1,60,-19.0305909337226,7.08313836817491,55.5873297605292,67.2191594798328,30.7296315065189
26,17,40.8686805917561,1,75,-19.0305909337226,-2.48962959858436,66.0634750287866,80.4997573476,6.74544859484179
26,18,2.09136744228872e-14,1,90,-19.0305909337226,-12.8489312282872,75.8418352797838,94.2064489553983,0
26,19,0,1,105,-19.0305909337226,-23.66096478062,85.5160379539924,108.164887073543,0
26,20,0,1,120,-19.0305909337226,-34.615878943159,84.14962139963,116.745037990701,0
26,21,0,1,135,-19.0305909337226,-45.3376554484566,71.9830996270677,120.481741784953,0
26,22,0,1,150,-19.0305909337226,-55.1985695924631,55.912548039742,123.448525765551,0
26,23,0,1,165,-19.0305909337226,-62.8989232192577,32.4851040145726,125.366134858179,0
27,0,0,1,-180,-18.7919175176962,-65.7919175176962,-1.61996197145372e-14,125.791917517696,0
27,1,0,1,-165,-18.7919175176962,-62.6816617170542,-32.2690162431204,125.128488233487,0
27,2,0,1,-150,-18.7919175176962,-55.0150288010646,-55.6458379372874,123.213534025548,0
27,3,0,1,-135,-18.7919175176962,-45.175729456119,-71.7340090784638,120.250021059382,0
27,4,0,1,-120,-18.7919175176962,-34.4632792751922,-83.9268351577248,116.516139194803,0
27,5,0,1,-105,-18.7919175176962,-23.508917834468,-85.7167813650785,108.131965349588,0
27,6,39.4747070722492,1,-90,-18.7919175176962,-12.6910372587396,-76.0253565202681,94.1555217078663,0
27,7,76.6552876541813,1,-75,-18.7919175176962,-2.32085003302563,-66.2323795112198,80.428472867847,12.746144649778
27,8,109.380941548286,1,-60,-18.7919175176962,7.26685236272177,-55.7408943097834,67.1231619904298,42.5220079855736
27,9,135.74977270315,1,-45,-18.7919175176962,15.6574232227918,-44.0440954089825,54.5639985107776,78.7068004144521
27,10,154.229320498854,1,-30,-18.7919175176962,22.3284342329301,-30.7781388662866,43.4158391586867,112.029818852982
27,11,163.745620787934,1,-15,-18.7919175176962,26.6848776602318,-15.9161906523806,35.0614962240232,134.031676670937
27,12,163.745620787934,1,0,-18.7919175176962,28.2080824823038,0,31.7919175176962,139.178377345496
27,13,154.229320498854,1,15,-18.7919175176962,26.6848776602318,15.9161906523806,35.0614962240232,126.242242808144
27,14,135.74977270315,1,30,-18.7919175176962,22.3284342329301,30.7781388662866,43.4158391586867,98.6065580531454
27,15,109.380941548286,1,45,-18.7919175176962,15.6574232227918,44.0440954089825,54.5639985107776,63.4183303894846
27,16,76.6552876541813,1,60,-18.7919175176962,7.26685236272177,55.7408943097834,67.1231619904298,29.7998600819195
27,17,39.4747070722492,1,75,-18.7919175176962,-2.32085003302563,66.2323795112198,80.428472867847,6.56380455605868
27,18,2.02003382466522e-14,1,90,-18.7919175176962,-12.6910372587396,76.0253565202681,94.1555217078663,0
27,19,0,1,105,-18.7919175176962,-23.508917834468,85.7167813650785,108.131965349588,0
27,20,0,1,120,-18.7919175176962,-34.4632792751922,83.9268351577248,116.516139194803,0
27,21,0,1,135,-18.7919175176962,-45.175729456119,71.7340090784638,120.250021059382,0
27,22,0,1,150,-18.7919175176962,-55.0150288010646,55.6458379372874,123.213534025548,0
27,23,0,1,165,-18.7919175176962,-62.6816617170542,32.2690162431204,125.128488233487,0
28,0,0,1,-180,-18.5476756509464,-65.5476756509464,-1.60707397590305e-14,125.547675650946,0
28,1,0,1,-165,-18.5476756509464,-62.4589923810218,-32.0511493837065,124.885290915326,0
28,2,0,1,-150,-18.5476756509464,-54.8266076464819,-55.3754252693807,122.973039158679,0
28,3,0,1,-135,-18.5476756509464,-45.0094682860569,-71.4805717666894,120.012859717056,0
28,4,0,1,-120,-18.5476756509464,-34.3067024657538,-83.6996938704052,116.281858882173,0
28,5,0,1,-105,-18.5476756509464,-23.3530578001537,-85.9217286601209,108.097944956161,0
28,6,38.0991749634808,1,-90,-18.5476756509464,-12.5293292365634,-76.2129237264982,94.1033349182651,0
28,7,73.9841643629504,1,-75,-18.5476756509464,-2.14811185817391,-66.4051829502304,80.3556833872137,12.3946658915195
28,8,105.569463051141,1,-60,-18.5476756509464,7.45479903908975,-55.8981717135649,67.0252891140764,41.2063795061384
28,9,131.019448276184,1,-45,-18.5476756509464,15.863407410353,-44.1804647221113,54.4338929312395,76.206398745802
28,10,148.855059403732,1,-30,-18.5476756509464,22.5527477219526,-30.8826867524618,43.243838744086,108.432671093876
28,11,158.039755544862,1,-15,-18.5476756509464,26.9235638282974,-15.9742239552795,34.8421918615804,129.707766362011
28,12,158.039755544862,1,0,-18.5476756509464,28.4523243490536,0,31.5476756509464,134.682285629936
28,13,148.855059403732,1,15,-18.5476756509464,26.9235638282974,15.9742239552795,34.8421918615804,122.169622449598
28,14,131.019448276184,1,30,-18.5476756509464,22.5527477219526,30.8826867524618,43.243838744086,95.4404156549374
28,15,105.569463051141,1,45,-18.5476756509464,15.863407410353,44.1804647221113,54.4338929312395,61.4036213898319
28,16,73.9841643629505,1,60,-18.5476756509464,7.45479903908975,55.8981717135649,67.0252891140764,28.8778541263151
28,17,38.0991749634809,1,75,-18.5476756509464,-2.14811185817391,66.4051829502304,80.3556833872137,6.38280567849965
28,18,1.94964390684925e-14,1,90,-18.5476756509464,-12.5293292365634,76.2129237264982,94.1033349182651,0
28,19,0,1,105,-18.5476756509464,-23.3530578001537,85.9217286601209,108.097944956161,0
28,20,0,1,120,-18.5476756509464,-34.3067024657538,83.6996938704052,116.281858882173,0
28,21,0,1,135,-18.5476756509464,-45.0094682860569,71.4805717666894,120.012859717056,0
28,22,0,1,150,-18.5476756509464,-54.8266076464819,55.3754252693807,122.973039158679,0
28,23,0,1,165,-18.5476756509464,-62.4589923810218,32.0511493837065,124.885290915326,0
29,0,0,1,-180,-18.2979377076097,-65.2979377076097,-1.59414344915863e-14,125.29793770761,0
29,1,0,1,-165,-18.2979377076097,-62.2309664692055,-31.8317147825972,124.636614638656,0
29,2,0,1,-150,-18.2979377076097,-54.6333309977466,-55.1015288764599,122.727111327647,0
29,3,0,1,-135,-18.2979377076097,-44.8388896384611,-71.2229508667348,119.770326183061,0
29,4,0,1,-120,-18.2979377076097,-34.1461704281074,-83.4683166843304,116.042264260896,0
29,5,0,1,-105,-18.2979377076097,-23.1934153143893,-86.1307901899915,108.062814081998,0
29,6,36.7424918653012,1,-90,-18.2979377076097,-12.3638480895867,-76.4044684713571,94.0499000960521,0
29,7,71.349643656915,1,-75,-18.2979377076097,-1.97146645718839,-66.5818345303376,80.2814226958283,12.0444598833716
29,8,101.810213504591,1,-60,-18.2979377076097,7.64691751393451,-56.0591279409708,66.9255972635385,39.9020841141039
29,9,126.35394380845,1,-45,-18.2979377076097,16.0739383430188,-44.320191075873,54.3014119161112,73.730204832658
29,10,143.554442176059,1,-30,-18.2979377076097,22.7820387432077,-30.9899393201029,43.0685467695575,104.871868591654
29,11,152.412078163562,1,-15,-18.2979377076097,27.1675964105718,-16.033817615813,34.6182539694249,125.428345243925
29,12,152.412078163562,1,0,-18.2979377076097,28.7020622923903,0,31.2979377076097,130.232695945408
29,13,143.554442176059,1,15,-18.2979377076097,27.1675964105718,16.033817615813,34.6182539694249,118.138905731833
29,14,126.35394380845,1,30,-18.2979377076097,22.7820387432077,30.9899393201029,43.0685467695575,92.3062636742763
29,15,101.810213504591,1,45,-18.2979377076097,16.0739383430188,44.320191075873,54.3014119161112,59.4084178894314
29,16,71.349643656915,1,60,-18.2979377076097,7.64691751393451,56.0591279409708,66.9255972635385,27.9637905148012
29,17,36.7424918653013,1,75,-18.2979377076097,-1.97146645718839,66.5818345303376,80.2814226958283,6.202462221321
29,18,1.8802185468926e-14,1,90,-18.2979377076097,-12.3638480895867,76.4044684713571,94.0499000960521,0
29,19,0,1,105,-18.2979377076097,-23.1934153143893,86.1307901899915,108.062814081998,0
29,20,0,1,120,-18.2979377076097,-34.1461704281074,83.4683166843304,116.042264260896,0
29,21,0,1,135,-18.2979377076097,-44.8388896384611,71.2229508667348,119.770326183061,0
29,22,0,1,150,-18.2979377076097,-54.6333309977466,55.1015288764599,122.727111327647,0
29,23,0,1,165,-18.2979377076097,-62.2309664692055,31.8317147825972,124.636614638656,0
30,0,0,1,-180,-18.0427776904283,-65.0427776904284,-1.58118284817881e-14,125.042777690428,0
30,1,0,1,-165,-18.0427776904283,-61.9976374865441,-31.6109181895915,124.382532769356,0
30,2,0,1,-150,-18.0427776904283,-54.4352259571148,-54.8243659622009,122.475822329086,0
30,3,0,1,-135,-18.0427776904283,-44.6640129715077,-70.961310030195,119.522490514018,0
30,4,0,1,-120,-18.0427776904283,-33.9817065136315,-83.232823705143,115.797424162212,0
30,5,0,1,-105,-18.0427776904283,-23.0300223171326,-86.3438753283149,108.026561159535,0
30,6,35.405059792192,1,-90,-18.0427776904283,-12.1946360382711,-76.5999214478958,93.9952292047829,0
30,7,68.7525062014179,1,-75,-18.0427776904283,-1.79096657528181,-66.7622827052884,80.2057252979498,11.6955597231527
30,8,98.1043068554092,1,-60,-18.0427776904283,7.84314542691165,-56.2237284471974,66.8241439358713,38.6093972308086
30,9,121.75464178961,1,-45,-18.0427776904283,16.2889462838002,-44.4632569100078,54.1666360858018,71.2788036865449
30,10,138.329039503115,1,-30,-18.0427776904283,23.01623362854,-31.099893420715,42.8900612592437,101.348288007027
30,11,146.864256246299,1,-15,-18.0427776904283,27.4169010755373,-16.0949747976837,34.3897751251113,121.194485569032
30,12,146.864256246299,1,0,-18.0427776904283,28.9572223095717,0,31.0427776904283,125.830728807169
30,13,138.329039503115,1,15,-18.0427776904283,27.4169010755373,16.0949747976837,34.3897751251113,114.151102591791
30,14,121.75464178961,1,30,-18.0427776904283,23.01623362854,31.099893420715,42.8900612592437,89.2048737315774
30,15,98.1043068554092,1,45,-18.0427776904283,16.2889462838002,44.4632569100078,54.1666360858018,57.4331912637437
30,16,68.7525062014179,1,60,-18.0427776904283,7.84314542691165,56.2237284471974,66.8241439358713,27.0578622654813
30,17,35.4050597921921,1,75,-18.0427776904283,-1.79096657528181,66.7622827052884,80.2057252979498,6.02279122870485
30,18,1.81177831702774e-14,1,90,-18.0427776904283,-12.1946360382711,76.5999214478958,93.9952292047829,0
30,19,0,1,105,-18.0427776904283,-23.0300223171326,86.3438753283149,108.026561159535,0
30,20,0,1,120,-18.0427776904283,-33.9817065136315,83.232823705143,115.797424162212,0
30,21,0,1,135,-18.0427776904283,-44.6640129715077,70.961310030195,119.522490514018,0
30,22,0,1,150,-18.0427776904283,-54.4352259571148,54.8243659622009,122.475822329086,0
30,23,0,1,165,-18.0427776904283,-61.9976374865441,31.6109181895915,124.382532769356,0
31,0,0,1,-180,-17.7822712088223,-64.7822712088223,-1.56820409032116e-14,124.782271208822,0
31,1,0,1,-165,-17.7822712088223,-61.7590611856307,-31.3889595023559,124.123120283097,0
31,2,0,1,-150,-17.7822712088223,-54.2323219079256,-54.5441517562193,122.21924557437,0
31,3,0,1,-135,-17.7822712088223,-44.4848595549579,-70.6958131678879,119.26942438094,0
31,4,0,1,-120,-17.7822712088223,-33.8133355505136,-82.9933358660989,115.547409024641,0
31,5,0,1,-105,-17.7822712088223,-22.8629120725735,-86.5608925547781,107.989174900838,0
31,6,34.0872750541405,1,-90,-17.7822712088223,-12.021736601131,-76.7992125232389,93.9393346689129,0
31,7,66.1935215843379,1,-75,-17.7822712088223,-1.60666631301045,-66.9464752313196,80.1286263946777,11.3480117268868
31,8,94.4528412437147,1,-60,-17.7822712088223,8.04341895546065,-56.3919381916785,66.7209876766213,37.3286172228488
31,9,117.222905092116,1,-45,-17.7822712088223,16.508359919711,-44.6096444640927,54.0296476625396,68.8528131481338
31,10,133.180399784486,1,-30,-17.7822712088223,23.2552570690242,-31.2125460271502,42.7084825809035,97.8628470932083
31,11,141.397933732438,1,-15,-17.7822712088223,27.6714018613389,-16.15769889954,34.1568503782478,117.007305750079
31,12,141.397933732438,1,0,-17.7822712088223,29.2177287911777,0,30.7822712088223,121.477551754624
31,13,133.180399784486,1,15,-17.7822712088223,27.6714018613389,16.15769889954,34.1568503782478,110.207266444136
31,14,117.222905092116,1,30,-17.7822712088223,23.2552570690242,31.2125460271502,42.7084825809035,86.1370536161113
31,15,94.4528412437147,1,45,-17.7822712088223,16.508359919711,44.6096444640927,54.0296476625396,55.4784393404462
31,16,66.1935215843379,1,60,-17.7822712088223,8.04341895546065,56.3919381916785,66.7209876766213,26.1602784767319
31,17,34.0872750541406,1,75,-17.7822712088223,-1.60666631301045,66.9464752313196,80.1286263946777,5.84381655173231
31,18,1.74434349757184e-14,1,90,-17.7822712088223,-12.021736601131,76.7992125232389,93.9393346689129,0
31,19,0,1,105,-17.7822712088223,-22.8629120725735,86.5608925547781,107.989174900838,0
31,20,0,1,120,-17.7822712088223,-33.8133355505136,82.9933358660989,115.547409024641,0
31,21,0,1,135,-17.7822712088223,-44.4848595549579,70.6958131678879,119.26942438094,0
31,22,0,1,150,-17.7822712088223,-54.2323219079256,54.5441517562193,122.21924557437,0
31,23,0,1,165,-17.7822712088223,-61.7590611856307,31.3889595023559,124.123120283097,0
32,0,0,2,-180,-17.5164954564842,-64.5164954564842,-1.55521855067128e-14,124.516495456484,0
32,1,0,2,-165,-17.5164954564842,-61.5152955632025,-31.1660325465435,123.858453743701,0
32,2,0,2,-150,-17.5164954564842,-54.024650557226,-54.2610991928314,121.95745606983,0
32,3,0,2,-135,-17.5164954564842,-44.301452520499,-70.426624236745,119.011201051413,0
32,4,0,2,-120,-17.5164954564842,-33.6410838805153,-82.7499747981388,115.292290877411,0
32,5,0,2,-105,-17.5164954564842,-22.692119188834,-86.7817495376038,107.950644333507,0
32,6,32.7895281392048,2,-90,-17.5164954564842,-11.8451945991565,-77.002270791766,93.8822293802207,0
32,7,63.6734480880444,2,-75,-17.5164954564842,-1.41862111868703,-67.1343591996608,80.0501618659124,11.0018754453108
32,8,90.8568986775736,2,-60,-17.5164954564842,8.24767283040389,-56.5637216553643,66.6161880427458,36.0600652548683
32,9,112.760076567352,2,-45,-17.5164954564842,16.7321063812404,-44.7593357860583,53.8905304265329,66.4528835225435
32,10,128.110048673237,2,-30,-17.5164954564842,23.4990321355881,-31.3278942411981,42.5239134246365,94.4165041229165
32,11,136.014730411313,2,-15,-17.5164954564842,27.9310211973731,-16.2219935630293,33.9195772637937,112.867969645974
32,12,136.014730411313,2,0,-17.5164954564842,29.4835045435158,0,30.5164954564842,117.174378600975
32,13,128.110048673237,2,15,-17.5164954564842,27.9310211973731,16.2219935630293,33.9195772637937,106.308493508528
32,14,112.760076567352,2,30,-17.5164954564842,23.4990321355881,31.3278942411981,42.5239134246365,83.1036467816586
32,15,90.8568986775737,2,45,-17.5164954564842,16.7321063812404,44.7593357860583,53.8905304265329,53.5446861055828
32,16,63.6734480880444,2,60,-17.5164954564842,8.24767283040389,56.5637216553643,66.6161880427458,25.2712642240351
32,17,32.7895281392049,2,75,-17.5164954564842,-1.41862111868703,67.1343591996608,80.0501618659124,5.66556885688404
32,18,1.67793407091727e-14,2,90,-17.5164954564842,-11.8451945991565,77.002270791766,93.8822293802207,0
32,19,0,2,105,-17.5164954564842,-22.692119188834,86.7817495376038,107.950644333507,0
32,20,0,2,120,-17.5164954564842,-33.6410838805153,82.7499747981388,115.292290877411,0
32,21,0,2,135,-17.5164954564842,-44.301452520499,70.426624236745,119.011201051413,0
32,22,0,2,150,-17.5164954564842,-54.024650557226,54.2610991928314,121.95745606983,0
32,23,0,2,165,-17.5164954564842,-61.5152955632025,31.1660325465435,123.858453743701,0
33,0,0,2,-180,-17.2455291885055,-64.2455291885055,-1.5422370619521e-14,124.245529188506,0
33,1,0,2,-165,-17.2455291885055,-61.2664008525124,-30.9423248906776,123.588611280986,0
33,2,0,2,-150,-17.2455291885055,-53.81224597311,-53.9754186065681,121.690530396355,0
33,3,0,2,-135,-17.2455291885055,-44.1138169086949,-70.1539070314866,118.747895371091,0
33,4,0,2,-120,-17.2455291885055,-33.4649793937012,-82.5028627016718,115.032143323157,0
33,5,0,2,-105,-17.2455291885055,-22.5176796363128,-87.0063532150304,107.910958836461,0
33,6,31.5122035978035,2,-90,-17.2455291885055,-11.6650561591951,-77.2090246274671,93.8239267038231,0
33,7,61.1930324647022,2,-75,-17.2455291885055,-1.22688777988946,-67.3258810682042,79.97036825156,10.6572236542928
33,8,87.3175447123752,2,-60,-17.2455291885055,8.45584035237784,-56.7390428570766,66.5098055642445,34.8040850848583
33,9,108.367478647726,2,-45,-17.2455291885055,16.9601112625628,-44.9123127397443,53.7493696701744,64.0796971217143
33,10,123.119488623829,2,-30,-17.2455291885055,23.7474803002274,-31.4459353004665,42.3364587799889,91.0102571909646
33,11,130.716241442247,2,-15,-17.2455291885055,28.1956799263652,-16.2878626806261,33.6780558166228,108.777685702888
33,12,130.716241442247,2,0,-17.2455291885055,29.7544708114945,0,30.2455291885055,112.92246853392
33,13,123.119488623829,2,15,-17.2455291885055,28.1956799263652,16.2878626806261,33.6780558166228,102.455922000636
33,14,108.367478647726,2,30,-17.2455291885055,23.7474803002274,31.4459353004665,42.3364587799889,80.1055317326673
33,15,87.3175447123752,2,45,-17.2455291885055,16.9601112625628,44.9123127397443,53.7493696701744,51.6324813348249
33,16,61.1930324647022,2,60,-17.2455291885055,8.45584035237784,56.7390428570766,66.5098055642445,24.391060416523
33,17,31.5122035978035,2,75,-17.2455291885055,-1.22688777988946,67.3258810682042,79.97036825156,5.48808562110594
33,18,1.61256971561038e-14,2,90,-17.2455291885055,-11.6650561591951,77.2090246274671,93.8239267038231,0
33,19,0,2,105,-17.2455291885055,-22.5176796363128,87.0063532150304,107.910958836461,0
33,20,0,2,120,-17.2455291885055,-33.4649793937012,82.5028627016718,115.032143323157,0
33,21,0,2,135,-17.2455291885055,-44.1138169086949,70.1539070314866,118.747895371091,0
33,22,0,2,150,-17.2455291885055,-53.81224597311,53.9754186065681,121.690530396355,0
33,23,0,2,165,-17.2455291885055,-61.2664008525124,30.9423248906776,123.588611280986,0
34,0,0,2,-180,-16.9694526980391,-63.9694526980392,-1.52926991680177e-14,123.969452698039,0
34,1,0,2,-165,-16.9694526980391,-61.0124395117503,-30.7180176946164,123.31367256811,0
34,2,0,2,-150,-16.9694526980391,-53.5951446167495,-53.6873174450302,121.418546688409,0
34,3,0,2,-135,-16.9694526980391,-43.9219797124303,-69.8778249815722,118.479583744517,0
34,4,0,2,-120,-16.9694526980391,-33.2850515610324,-82.2521222203324,114.767041519914,0
34,5,0,2,-105,-16.9694526980391,-22.3396307646057,-87.234609875649,107.87010817556,0
34,6,30.255679928765,2,-90,-16.9694526980391,-11.4813687162511,-77.4194017353765,93.7644404837539,0
34,7,58.753009714992,2,-75,-16.9694526980391,-1.03152441403907,-67.52098669227,79.8892827319768,10.3141423190876
34,8,83.8358281350847,2,-60,-16.9694526980391,8.66785340911395,-56.9178653688818,66.4019017044958,33.561042802304
34,9,104.046412954803,2,-45,-16.9694526980391,17.192298642497,-45.0685570114341,53.6062521502425,61.7339677147183
34,10,118.21019844691,2,-30,-16.9694526980391,24.0005214578203,-31.5666665844967,42.1462259113268,87.6451433938477
34,11,125.504036881872,2,-15,-16.9694526980391,28.4652973269313,-16.35531040321,33.4323885874292,104.737705952471
34,12,125.504036881872,2,0,-16.9694526980391,30.0305473019609,0,29.9694526980391,108.723125069279
34,13,118.21019844691,2,15,-16.9694526980391,28.4652973269313,16.35531040321,33.4323885874292,98.650731188584
34,14,104.046412954803,2,30,-16.9694526980391,24.0005214578203,31.5666665844967,42.1462259113268,77.1436213021396
34,15,83.8358281350847,2,45,-16.9694526980391,17.192298642497,45.0685570114341,53.6062521502425,49.7424001505578
34,16,58.753009714992,2,60,-16.9694526980391,8.66785340911395,56.9178653688818,66.4019017044958,23.5199236134681
34,17,30.255679928765,2,75,-16.9694526980391,-1.03152441403907,67.52098669227,79.8892827319768,5.31141111340234
34,18,1.54826980052034e-14,2,90,-16.9694526980391,-11.4813687162511,77.4194017353765,93.7644404837539,0
34,19,0,2,105,-16.9694526980391,-22.3396307646057,87.234609875649,107.87010817556,0
34,20,0,2,120,-16.9694526980391,-33.2850515610324,82.2521222203324,114.767041519914,0
34,21,0,2,135,-16.9694526980391,-43.9219797124303,69.8778249815722,118.479583744517,0
34,22,0,2,150,-16.9694526980391,-53.5951446167495,53.6873174450302,121.418546688409,0
34,23,0,2,165,-16.9694526980391,-61.0124395117503,30.7180176946164,123.31367256811,0
35,0,0,2,-180,-16.6883477925076,-63.6883477925076,-1.51632687220983e-14,123.688347792508,0
35,1,0,2,-165,-16.6883477925076,-60.7534762086931,-30.4932855902703,123.033718798414,0
35,2,0,2,-150,-16.6883477925076,-53.3733853691206,-53.396999999568,121.141584612448,0
35,3,0,2,-135,-16.6883477925076,-43.7259699167497,-69.5985409538885,118.20634411526,0
35,4,0,2,-120,-16.6883477925076,-33.1013314647351,-81.9978763169684,114.49706216239,0
35,5,0,2,-105,-16.6883477925076,-22.1580113179411,-87.4664252374489,107.828082538995,0
35,6,29.0203294671706,2,-90,-16.6883477925076,-11.2941810146617,-77.6333292019877,93.7037850480781,0
35,7,56.3541028703148,2,-75,-16.6883477925076,-0.83259045802469,-67.7196213544005,79.8069431076474,9.97273053240597
35,8,80.4127806534657,2,-60,-16.6883477925076,8.88364249358466,-57.1001523304236,66.2925388192939,32.3313265096392
35,9,99.7981599136021,2,-45,-16.6883477925076,17.4285911062233,-45.2280501153081,53.461266038047,59.4164398871137
35,10,113.383632871112,2,-30,-16.6883477925076,24.2580739485405,-31.6900856200599,41.9533243313554,84.3222378880361
35,11,120.379661218888,2,-15,-16.6883477925076,28.7397911366203,-16.4243411473628,33.1826806600533,100.749324869319
35,12,120.379661218889,2,0,-16.6883477925076,30.3116522074924,0,29.6883477925076,104.577694859773
35,13,113.383632871112,2,15,-16.6883477925076,28.7397911366203,16.4243411473628,33.1826806600533,94.8941403168104
35,14,99.7981599136022,2,30,-16.6883477925076,24.2580739485405,31.6900856200599,41.9533243313554,74.2188618227549
35,15,80.4127806534657,2,45,-16.6883477925076,17.4285911062233,45.2280501153081,53.461266038047,47.8750425056795
35,16,56.3541028703148,2,60,-16.6883477925076,8.88364249358466,57.1001523304236,66.2925388192939,22.6581258010435
35,17,29.0203294671706,2,75,-16.6883477925076,-0.83259045802469,67.7196213544005,79.8069431076474,5.13559636294351
35,18,1.48505337909967e-14,2,90,-16.6883477925076,-11.2941810146617,77.6333292019877,93.7037850480781,0
35,19,0,2,105,-16.6883477925076,-22.1580113179411,87.4664252374489,107.828082538995,0
35,20,0,2,120,-16.6883477925076,-33.1013314647351,81.9978763169684,114.49706216239,0
35,21,0,2,135,-16.6883477925076,-43.7259699167497,69.5985409538885,118.20634411526,0
35,22,0,2,150,-16.6883477925076,-53.3733853691206,53.396999999568,121.141584612448,0
35,23,0,2,165,-16.6883477925076,-60.7534762086931,30.4932855902703,123.033718798414,0
36,0,0,2,-180,-16.4022977693611,-63.4022977693611,-1.50341715590389e-14,123.402297769361,0
36,1,0,2,-165,-16.4022977693611,-60.4895778017734,-30.2682965931185,122.748832661781,0
36,2,0,2,-150,-16.4022977693611,-53.1470095524524,-53.1046671541657,120.859725344748,0
36,3,0,2,-135,-16.4022977693611,-43.525818535007,-69.3162170616081,117.928255945385,0
36,4,0,2,-120,-16.4022977693611,-32.9138518263606,-81.7402481521004,114.22228346253,0
36,5,0,2,-105,-16.4022977693611,-21.9728614490701,-87.7017045254327,107.784872572361,0
36,6,27.8065182740229,2,-90,-16.4022977693611,-11.1035431081149,-77.8507335445627,93.6419752135169,0
36,7,53.9970227785411,2,-75,-16.4022977693611,-0.6301466568497,-67.9217297931191,79.7233877780958,9.63310042631861
36,8,77.0494165903623,2,-60,-16.4022977693611,9.10313672302969,-57.2858664621601,66.1817801145872,31.1153459475951
36,9,95.6239783731857,2,-45,-16.4022977693611,17.6689097677713,-45.3907733977597,53.3145008674738,57.1278883106693
36,10,108.641222111979,2,-30,-16.4022977693611,24.5200545808763,-31.816190085578,41.757865772651,81.0426528289879
36,11,115.344632916398,2,-15,-16.4022977693611,29.0190775754322,-16.494959602356,32.9290396703046,96.8138780901521
36,12,115.344632916398,2,0,-16.4022977693611,30.5977022306389,0,29.4022977693611,100.487566361551
36,13,108.641222111979,2,15,-16.4022977693611,29.0190775754322,16.494959602356,32.9290396703046,91.1874073996813
36,14,95.6239783731857,2,30,-16.4022977693611,24.5200545808763,31.816190085578,41.757865772651,71.3322321930162
36,15,77.0494165903624,2,45,-16.4022977693611,17.6689097677713,45.3907733977597,53.3145008674738,46.0310325951754
36,16,53.9970227785411,2,60,-16.4022977693611,9.10313672302969,57.2858664621601,66.1817801145872,21.8059541297635
36,17,27.806518274023,2,75,-16.4022977693611,-0.6301466568497,67.9217297931191,79.7233877780958,4.96069911369962
36,18,1.42293918373838e-14,2,90,-16.4022977693611,-11.1035431081149,77.8507335445627,93.6419752135169,0
36,19,0,2,105,-16.4022977693611,-21.9728614490701,87.7017045254327,107.784872572361,0
36,20,0,2,120,-16.4022977693611,-32.9138518263606,81.7402481521004,114.22228346253,0
36,21,0,2,135,-16.4022977693611,-43.525818535007,69.3162170616081,117.928255945385,0
36,22,0,2,150,-16.4022977693611,-53.1470095524524,53.1046671541657,120.859725344748,0
36,23,0,2,165,-16.4022977693611,-60.4895778017734,30.2682965931185,122.748832661781,0
37,0,0,2,-180,-16.111387391395,-63.111387391395,-1.49054947448422e-14,123.111387391395,0
37,1,0,2,-165,-16.111387391395,-60.2208133177637,-30.043212042975,122.459098320497,0
37,2,0,2,-150,-16.111387391395,-52.9160609464525,-52.8105161528087,120.573051548665,0
37,3,0,2,-135,-16.111387391395,-43.3215586412577,-69.0310144796241,117.645400194252,0
37,4,0,2,-120,-16.111387391395,-32.722647032466,-81.4793609650893,113.94278512937,0
37,5,0,2,-105,-16.111387391395,-21.7842227315622,-87.940352547664,107.740469413371,0
37,6,26.6146060277749,2,-90,-16.111387391395,-10.9095063584761,-78.0715407592487,93.579026289555,0
37,7,51.6824678933722,2,-75,-16.111387391395,-0.424255051282463,-68.1272562305926,79.6386557200284,9.29537705807125
37,8,73.7467325831338,2,-60,-16.111387391395,9.32626385887613,-57.4749700774535,66.0696896029175,29.9135320651612
37,9,91.5251052336299,2,-45,-16.111387391395,17.9131742932868,-45.5567080405157,53.1660474808802,54.8691169249875
37,10,103.984371448169,2,-30,-16.111387391395,24.7863786552565,-31.9449778146119,41.5599641570721,77.8075361932086
37,11,110.400443961951,2,-15,-16.111387391395,29.3030713698081,-16.5671707367988,32.671575826363,92.9327409975575
37,12,110.400443961951,2,0,-16.111387391395,30.888612608605,0,29.111387391395,96.4541683614445
37,13,103.984371448169,2,15,-16.111387391395,29.3030713698081,16.5671707367988,32.671575826363,87.5318278875491
37,14,91.5251052336299,2,30,-16.111387391395,24.7863786552565,31.9449778146119,41.5599641570721,68.4847428404423
37,15,73.7467325831339,2,45,-16.111387391395,17.9131742932868,45.5567080405157,53.1660474808802,44.2110181967095
37,16,51.6824678933722,2,60,-16.111387391395,9.32626385887613,57.4749700774535,66.0696896029175,20.9637106131076
37,17,26.6146060277749,2,75,-16.111387391395,-0.424255051282463,68.1272562305926,79.6386557200284,4.7867837656396
37,18,1.36194562021308e-14,2,90,-16.111387391395,-10.9095063584761,78.0715407592487,93.579026289555,0
37,19,0,2,105,-16.111387391395,-21.7842227315622,87.940352547664,107.740469413371,0
37,20,0,2,120,-16.111387391395,-32.722647032466,81.4793609650893,113.94278512937,0
37,21,0,2,135,-16.111387391395,-43.3215586412577,69.0310144796241,117.645400194252,0
37,22,0,2,150,-16.111387391395,-52.9160609464525,52.8105161528087,120.573051548665,0
37,23,0,2,165,-16.111387391395,-60.2208133177637,30.043212042975,122.459098320497,0
38,0,0,2,-180,-15.8157028616326,-62.8157028616326,-1.47773202310967e-14,122.815702861633,0
38,1,0,2,-165,-15.8157028616326,-59.947253926277,-29.81818657237,122.164601384651,0
38,2,0,2,-150,-15.8157028616326,-52.6805857993819,-52.5147403855071,120.281647351307,0
38,3,0,2,-135,-15.8157028616326,-43.1132253988429,-68.7430932669317,117.357859296654,0
38,4,0,2,-120,-15.8157028616326,-32.5277531578473,-81.2153379582345,113.65864834818,0
38,5,0,2,-105,-15.8157028616326,-21.5921381704561,-88.1822737696213,107.69486472612,0
38,6,25.4449459177485,2,-90,-15.8157028616326,-10.7121234333915,-78.2956763679214,93.5149540820088,0
38,7,49.4111240673727,2,-75,-15.8157028616326,-0.214978964490959,-68.3361443991409,79.5527864647088,8.95969826993533
38,8,70.5057072883294,2,-60,-15.8157028616326,9.55295032756522,-57.667425093463,65.9563320585654,28.7263365350024
38,9,87.5027550795069,2,-45,-15.8157028616326,18.1613029250878,-45.7258350625072,53.0159979727983,52.6409580327929
38,10,99.4144608050369,2,-30,-15.8157028616326,25.0569599882886,-32.0764467983634,41.3597355629024,74.6180704859593
38,11,105.54855942544,2,-15,-15.8157028616326,29.591685777087,-16.6409798049159,32.4104019308364,89.1073271714898
38,12,105.54855942544,2,0,-15.8157028616326,31.1842971383674,0,28.8157028616326,92.4789683682711
38,13,99.4144608050369,2,15,-15.8157028616326,29.591685777087,16.6409798049159,32.4104019308364,83.9287332082386
38,14,87.5027550795069,2,30,-15.8157028616326,25.0569599882886,32.0764467983634,41.3597355629024,65.677434584119
38,15,70.5057072883294,2,45,-15.8157028616326,18.1613029250878,45.7258350625072,53.0159979727983,42.4156699416491
38,16,49.4111240673727,2,60,-15.8157028616326,9.55295032756522,57.667425093463,65.9563320585654,20.1317117879201
38,17,25.4449459177485,2,75,-15.8157028616326,-0.214978964490959,68.3361443991409,79.5527864647088,4.61392130255926
38,18,1.302090762233e-14,2,90,-15.8157028616326,-10.7121234333915,78.2956763679214,93.5149540820088,0
38,19,0,2,105,-15.8157028616326,-21.5921381704561,88.1822737696213,107.69486472612,0
38,20,0,2,120,-15.8157028616326,-32.5277531578473,81.2153379582345,113.65864834818,0
38,21,0,2,135,-15.8157028616326,-43.1132253988429,68.7430932669317,117.357859296654,0
38,22,0,2,150,-15.8157028616326,-52.6805857993819,52.5147403855071,120.281647351307,0
38,23,0,2,165,-15.8157028616326,-59.947253926277,29.81818657237,122.164601384651,0
39,0,0,2,-180,-15.5153317977814,-62.5153317977814,-1.4649724965459e-14,122.515331797781,0
39,1,0,2,-165,-15.5153317977814,-59.6689729112909,-29.5933681008575,121.865428887057,0
39,2,0,2,-150,-15.5153317977814,-52.4406328340769,-52.2175291930524,119.985598319651,0
39,3,0,2,-135,-15.5153317977814,-42.9008560851285,-68.4526121962961,117.065717140299,0
39,4,0,2,-120,-15.5153317977814,-32.3292079862728,-80.948302184012,113.369955758916,0
39,5,0,2,-105,-15.5153317977814,-21.3966522112235,-88.4273723867347,107.648050734858,0
39,6,24.2978845394778,2,-90,-15.5153317977814,-10.5114483026433,-78.5230654636801,93.4497748960291,0
39,7,47.1836643487378,2,-75,-15.5153317977814,-0.00238298764580009,-68.5483375665411,79.4658200745693,8.62621452327233
39,8,67.3273010916908,2,-60,-15.5153317977814,9.78312124229708,-57.8631930407932,65.8417729714073,27.5542312153048
39,9,83.5581198199769,2,-45,-15.5153317977814,18.4132125065185,-45.8981353204344,52.8644456314021,50.444271310856
39,10,94.9328443457334,2,-30,-15.5153317977814,25.3317109376103,-32.2105951871301,41.1572981895728,71.4754713375321
39,11,100.790417024965,2,-15,-15.5153317977814,29.8848326104258,-16.7163923524229,32.1456334045551,85.3390867120494
39,12,100.790417024965,2,0,-15.5153317977814,31.4846682022186,0,28.5153317977814,88.5634708718719
39,13,94.9328443457334,2,15,-15.5153317977814,29.8848326104258,16.7163923524229,32.1456334045551,80.379489187304
39,14,83.5581198199769,2,30,-15.5153317977814,25.3317109376103,32.2105951871301,41.1572981895728,62.9113773991672
39,15,67.3273010916909,2,45,-15.5153317977814,18.4132125065185,45.8981353204344,52.8644456314021,40.6456805181125
39,16,47.1836643487378,2,60,-15.5153317977814,9.78312124229708,57.8631930407932,65.8417729714073,19.3102883372657
39,17,24.2978845394778,2,75,-15.5153317977814,-0.00238298764580009,68.5483375665411,79.4658200745693,4.44218920663046
39,18,1.24339234608432e-14,2,90,-15.5153317977814,-10.5114483026433,78.5230654636801,93.4497748960291,0
39,19,0,2,105,-15.5153317977814,-21.3966522112235,88.4273723867347,107.648050734858,0
39,20,0,2,120,-15.5153317977814,-32.3292079862728,80.948302184012,113.369955758916,0
39,21,0,2,135,-15.5153317977814,-42.9008560851285,68.4526121962961,117.065717140299,0
39,22,0,2,150,-15.5153317977814,-52.4406328340769,52.2175291930524,119.985598319651,0
39,23,0,2,165,-15.5153317977814,-59.6689729112909,29.5933681008575,121.865428887057,0
40,0,0,2,-180,-15.2103632062703,-62.2103632062703,-1.4522781013954e-14,122.21036320627,0
40,1,0,2,-165,-15.2103632062703,-59.3860456398989,-29.3688978535129,121.561669257717,0
40,2,0,2,-150,-15.2103632062703,-52.1962532490295,-51.91906769049,119.684991436106,0
40,3,0,2,-135,-15.2103632062703,-42.684490112377,-68.1597285915086,116.76905904265,0
40,4,0,2,-120,-15.2103632062703,-32.127051028667,-80.6783764356515,113.076791433968,0
40,5,0,2,-105,-15.2103632062703,-21.1978107470094,-88.6755523949884,107.600020257181,0
40,6,23.1737617920046,2,-90,-15.2103632062703,-10.3075362332311,-78.7536327549218,93.3835055385191,0
40,7,45.0007487818547,2,-75,-15.2103632062703,0.213467035523245,-68.7637785600757,79.3777971190628,8.29508870704225
40,8,64.2124558235699,2,-60,-15.2103632062703,10.016700425704,-58.0622350718553,65.7260784994959,26.3977075591519
40,9,79.6923683355993,2,-45,-15.2103632062703,18.6688185076105,-46.0735895079764,52.7114848777003,48.2799427387418
40,10,90.5408500699363,2,-30,-15.2103632062703,25.610542427361,-32.3474212906575,40.9527723198025,68.3809859912943
40,11,96.1274267008081,2,-15,-15.2103632062703,30.1824222641769,-16.7934142219665,31.8773883121809,81.6295044374338
40,12,96.1274267008081,2,0,-15.2103632062703,31.7896367937297,0,28.2103632062703,84.7092154739371
40,13,90.5408500699364,2,15,-15.2103632062703,30.1824222641769,16.7934142219665,31.8773883121809,76.8854943507061
40,14,79.6923683355993,2,30,-15.2103632062703,25.610542427361,32.3474212906575,40.9527723198025,60.1876690859472
40,15,64.2124558235699,2,45,-15.2103632062703,18.6688185076105,46.0735895079764,52.7114848777003,38.9017638078032
40,16,45.0007487818548,2,60,-15.2103632062703,10.016700425704,58.0622350718553,65.7260784994959,18.4997846765149
40,17,23.1737617920047,2,75,-15.2103632062703,0.213467035523245,68.7637785600757,79.3777971190628,4.27167135978982
40,18,1.18586776537457e-14,2,90,-15.2103632062703,-10.3075362332311,78.7536327549218,93.3835055385191,0
40,19,0,2,105,-15.2103632062703,-21.1978107470094,88.6755523949884,107.600020257181,0
40,20,0,2,120,-15.2103632062703,-32.127051028667,80.6783764356515,113.076791433968,0
40,21,0,2,135,-15.2103632062703,-42.684490112377,68.1597285915086,116.76905904265,0
40,22,0,2,150,-15.2103632062703,-52.1962532490295,51.91906769049,119.684991436106,0
40,23,0,2,165,-15.2103632062703,-59.3860456398989,29.3688978535129,121.561669257717,0
41,0,0,2,-180,-14.9008874558747,-61.9008874558747,-1.43965556933808e-14,121.900887455875,0
41,1,0,2,-165,-14.9008874558747,-59.0985495284971,-29.1449104018675,121.253412297834,0
41,2,0,2,-150,-14.9008874558747,-51.9475007146608,-51.6195366091936,119.379915073521,0
41,3,0,2,-135,-14.9008874558747,-42.4641690447477,-67.864598172501,116.46797172712,0
41,4,0,2,-120,-14.9008874558747,-31.921323538707,-80.4056831412355,112.779240855235,0
41,5,0,2,-105,-14.9008874558747,-20.9956611241154,-88.9267176594849,107.550766736589,0
41,6,22.0729107771598,2,-90,-14.9008874558747,-10.1004437831603,-78.9873026079294,93.3161633199447,0
41,7,42.8630242117172,2,-75,-14.9008874558747,0.432504025229383,-68.9824097892811,79.2887586497619,7.96649592104072
41,8,61.1620944798433,2,-60,-14.9008874558747,10.2536104334613,-58.2645119678996,65.6093154203747,25.2572759726578
41,9,75.9066461319688,2,-45,-14.9008874558747,18.9280350515587,-46.2521781535906,52.5572112024173,46.148883447782
41,10,86.2397794203366,2,-30,-14.9008874558747,25.893363974274,-32.4869235773301,40.7462802789895,65.3358916869917
41,11,91.5609701976382,2,-15,-14.9008874558747,30.48436373972,-16.8720515580956,31.6057873897084,77.9800979612683
41,12,91.5609701976382,2,0,-14.9008874558747,32.0991125441253,0,27.9008874558747,80.917774895
41,13,86.2397794203367,2,15,-14.9008874558747,30.48436373972,16.8720515580956,31.6057873897084,73.4481781138826
41,14,75.9066461319688,2,30,-14.9008874558747,25.893363974274,32.4869235773301,40.7462802789895,57.5074338470724
41,15,61.1620944798434,2,45,-14.9008874558747,18.9280350515587,46.2521781535906,52.5572112024173,37.1846539585652
41,16,42.8630242117172,2,60,-14.9008874558747,10.2536104334613,58.2645119678996,65.6093154203747,17.7005585035162
41,17,22.0729107771598,2,75,-14.9008874558747,0.432504025229383,68.9824097892811,79.2887586497619,4.10245793211367
41,18,1.1295340658785e-14,2,90,-14.9008874558747,-10.1004437831603,78.9873026079294,93.3161633199447,0
41,19,0,2,105,-14.9008874558747,-20.9956611241154,88.9267176594849,107.550766736589,0
41,20,0,2,120,-14.9008874558747,-31.921323538707,80.4056831412355,112.779240855235,0
41,21,0,2,135,-14.9008874558747,-42.4641690447477,67.864598172501,116.46797172712,0
41,22,0,2,150,-14.9008874558747,-51.9475007146608,51.6195366091936,119.379915073521,0
41,23,0,2,165,-14.9008874558747,-59.0985495284971,29.1449104018675,121.253412297834,0
42,0,0,2,-180,-14.5869962509383,-61.5869962509383,-1.42711117122079e-14,121.586996250938,0
42,1,0,2,-165,-14.5869962509383,-58.8065640066066,-28.9215337255147,120.940749153376,0
42,2,0,2,-150,-14.5869962509383,-51.6944313649322,-51.319112157347,119.070458969661,0
42,3,0,2,-135,-14.5869962509383,-42.2399366114309,-67.5673749085481,116.162543298644,0
42,4,0,2,-120,-14.5869962509383,-31.7120685258029,-80.1303442614923,112.477390890514,0
42,5,0,2,-105,-14.5869962509383,-20.7902521456989,-89.1807719808678,107.500284274355,0
42,6,20.9956577008572,2,-90,-14.5869962509383,-9.89022879391784,-79.2239990879131,93.2477660555185,0
42,7,40.7711240922511,2,-75,-14.5869962509383,0.654659683200118,-69.2041732673545,79.1987461747149,7.64062323420263
42,8,58.1771209484095,2,-60,-14.5869962509383,10.4937725788437,-58.4699841446823,65.4915510811447,24.1334651232109
42,9,72.2020750002769,2,-45,-14.5869962509383,19.1907749420212,-46.4338816168554,52.4017211005299,44.0520284928785
42,10,82.0309068969924,2,-30,-14.5869962509383,26.1800837143946,-32.6291006721409,40.5379463916729,62.3414939430802
42,11,87.0924006550693,2,-15,-14.5869962509383,30.7905646717423,-16.9523108117294,31.3309540739317,74.3924156538613
42,12,87.0924006550693,2,0,-14.5869962509383,32.4130037490617,0,27.5869962509383,77.1907528623274
42,13,82.0309068969925,2,15,-14.5869962509383,30.7905646717423,16.9523108117294,31.3309540739317,70.0689988614875
42,14,72.2020750002769,2,30,-14.5869962509383,26.1800837143946,32.6291006721409,40.5379463916729,54.8718207755498
42,15,58.1771209484096,2,45,-14.5869962509383,19.1907749420212,46.4338816168554,52.4017211005299,35.4951043947581
42,16,40.7711240922511,2,60,-14.5869962509383,10.4937725788437,58.4699841446823,65.4915510811447,16.9129803138074
42,17,20.9956577008572,2,75,-14.5869962509383,0.654659683200118,69.2041732673545,79.1987461747149,3.93464525735321
42,18,1.07440794048704e-14,2,90,-14.5869962509383,-9.89022879391784,79.2239990879131,93.2477660555185,0
42,19,0,2,105,-14.5869962509383,-20.7902521456989,89.1807719808678,107.500284274355,0
42,20,0,2,120,-14.5869962509383,-31.7120685258029,80.1303442614923,112.477390890514,0
42,21,0,2,135,-14.5869962509383,-42.2399366114309,67.5673749085481,116.162543298644,0
42,22,0,2,150,-14.5869962509383,-51.6944313649322,51.319112157347,119.070458969661,0
42,23,0,2,165,-14.5869962509383,-58.8065640066066,28.9215337255147,120.940749153376,0
43,0,0,2,-180,-14.2687826041997,-61.2687826041997,-1.41465073184482e-14,121.2687826042,0
43,1,0,2,-165,-14.2687826041997,-58.5101704785349,-28.698889292632,120.623772288211,0
43,2,0,2,-150,-14.2687826041997,-51.4371037844563,-51.0179658985516,118.756714201155,0
43,3,0,2,-135,-14.2687826041997,-42.0118387159392,-67.2682108797562,115.852863218635,0
43,4,0,2,-120,-14.2687826041997,-31.4993307654386,-79.8524811914373,112.171329769227,0
43,5,0,2,-105,-14.2687826041997,-20.5816340736661,-89.4376191595153,107.448567660612,0
43,6,19.9423217764323,2,-90,-14.2687826041997,-9.67695038162305,-79.4636459984498,93.17833206574,0
43,7,38.7256682986087,2,-75,-14.2687826041997,0.879864511325877,-69.4290106311824,79.1078016320688,7.31766941836494
43,8,55.2584197413468,2,-60,-14.2687826041997,10.7371069582347,-58.6786116567319,65.3728533473019,23.0268211993053
43,9,68.5797526849012,2,-45,-14.2687826041997,19.4569496912483,-46.6186800833073,52.2451120034289,41.9903355499481
43,10,77.9154796796673,2,-30,-14.2687826041997,26.4706084304273,-32.7739513533814,40.3278969348839,59.3991247421323
43,11,82.7230422066965,2,-15,-14.2687826041997,31.1009313549641,-17.0341987440843,31.0530145339484,70.8680344922474
43,12,82.7230422066965,2,0,-14.2687826041997,32.7312173958003,0,27.2687826041997,73.5297818837664
43,13,77.9154796796673,2,15,-14.2687826041997,31.1009313549641,17.0341987440843,31.0530145339484,66.7494419223822
43,14,68.5797526849012,2,30,-14.2687826041997,26.4706084304273,32.7739513533814,40.3278969348839,52.2820022576086
43,15,55.2584197413468,2,45,-14.2687826041997,19.4569496912483,46.6186800833073,52.2451120034289,33.8338867677176
43,16,38.7256682986087,2,60,-14.2687826041997,10.7371069582347,58.6786116567319,65.3728533473019,16.1374328818969
43,17,19.9423217764324,2,75,-14.2687826041997,0.879864511325877,69.4290106311824,79.1078016320688,3.76833569583189
43,18,1.02050572426087e-14,2,90,-14.2687826041997,-9.67695038162305,79.4636459984498,93.17833206574,0
43,19,0,2,105,-14.2687826041997,-20.5816340736661,89.4376191595153,107.448567660612,0
43,20,0,2,120,-14.2687826041997,-31.4993307654386,79.8524811914373,112.171329769227,0
43,21,0,2,135,-14.2687826041997,-42.0118387159392,67.2682108797562,115.852863218635,0
43,22,0,2,150,-14.2687826041997,-51.4371037844563,51.0179658985516,118.756714201155,0
43,23,0,2,165,-14.2687826041997,-58.5101704785349,28.698889292632,120.623772288211,0
44,0,0,2,-180,-13.9463408092299,-60.9463408092299,-1.40227964531019e-14,120.94634080923,0
44,1,0,2,-165,-13.9463408092299,-58.2094522830677,-28.4770921576859,120.302575456816,0
44,2,0,2,-150,-13.9463408092299,-51.1755789912795,-50.7162646482044,118.43877315693,0
44,3,0,2,-135,-13.9463408092299,-41.7799234415886,-66.9672561469924,115.539022279334,0
44,4,0,2,-120,-13.9463408092299,-31.283156806862,-79.5722146660027,111.861147057489,0
44,5,0,2,-105,-13.9463408092299,-20.3698586287413,-89.6971630574033,107.39561240463,0
44,6,18.9132151300526,2,-90,-13.9463408092299,-9.46066892684105,-79.7061669192682,93.1078801762743,0
44,7,36.7272629434863,2,-75,-13.9463408092299,1.10804783139246,-69.656863159958,79.0159673629723,6.99784465793598
44,8,52.4068557328136,2,-60,-13.9463408092299,10.9835324775926,-58.8903542001841,65.2532905503685,21.9379071235591
44,9,65.0407525581196,2,-45,-13.9463408092299,19.7264695490506,-46.8065535577246,52.0874822086814,39.9647835420174
44,10,73.894717258264,2,-30,-13.9463408092299,26.7648435797158,-32.9214745479908,40.1162600881894,56.5101406236291
44,11,78.4541895877266,2,-15,-13.9463408092299,31.4153687713035,-17.1177224300241,30.7720977047649,67.4085578041925
44,12,78.4541895877266,2,0,-13.9463408092299,33.0536591907701,0,26.9463408092299,69.9365209129225
44,13,73.894717258264,2,15,-13.9463408092299,31.4153687713035,17.1177224300241,30.7720977047649,63.4910174447509
44,14,65.0407525581196,2,30,-13.9463408092299,26.7648435797158,32.9214745479908,40.1162600881894,49.7391722940107
44,15,52.4068557328137,2,45,-13.9463408092299,19.7264695490506,46.8065535577246,52.0874822086814,32.2017898487272
44,16,36.7272629434863,2,60,-13.9463408092299,10.9835324775926,58.8903542001841,65.2532905503685,15.3743107097389
44,17,18.9132151300526,2,75,-13.9463408092299,1.10804783139246,69.656863159958,79.0159673629723,3.60363748493557
44,18,9.67843389589956e-15,2,90,-13.9463408092299,-9.46066892684105,79.7061669192682,93.1078801762743,0
44,19,0,2,105,-13.9463408092299,-20.3698586287413,89.6971630574033,107.39561240463,0
44,20,0,2,120,-13.9463408092299,-31.283156806862,79.5722146660027,111.861147057489,0
44,21,0,2,135,-13.9463408092299,-41.7799234415886,66.9672561469924,115.539022279334,0
44,22,0,2,150,-13.9463408092299,-51.1755789912795,50.7162646482044,118.43877315693,0
44,23,0,2,165,-13.9463408092299,-58.2094522830677,28.4770921576859,120.302575456816,0
45,0,0,2,-180,-13.6197664124916,-60.6197664124917,-1.39000289078669e-14,120.619766412492,0
45,1,0,2,-165,-13.6197664124916,-57.9044946513825,-28.2562510746161,119.977253676558,0
45,2,0,2,-150,-13.6197664124916,-50.9099204155193,-50.4141703872215,118.116729511136,0
45,3,0,2,-135,-13.6197664124916,-41.5442410532177,-66.6646586303802,115.221112577564,0
45,4,0,2,-120,-13.6197664124916,-31.0635949781179,-79.2896646697831,111.546933632536,0
45,5,0,2,-105,-13.6197664124916,-20.1549789887007,-89.9593076576021,107.341414764208,0
45,6,17.9086427082271,2,-90,-13.6197664124916,-9.24144606305086,-79.9514852423385,93.0364297171552,0
45,7,34.7765001975198,2,-75,-13.6197664124916,1.33913780590122,-69.8876717923594,78.9232860837752,6.6813702359717
45,8,49.6232739027674,2,-60,-13.6197664124916,11.23296687988,-59.1051711141582,65.1329314343451,20.8673017206365
45,9,61.5861233020478,2,-45,-13.6197664124916,19.9992435326093,-46.9974818558156,51.9289308073736,37.9763711971707
45,10,69.9698110714631,2,-30,-13.6197664124916,27.06269332286,-33.071669325503,39.9031658802309,53.6759206887077
45,11,74.2871077513199,2,-15,-13.6197664124916,31.7337806174771,-17.2028892607927,30.4883353230624,64.0156129116331
45,12,74.2871077513199,2,0,-13.6197664124916,33.3802335875084,0,26.6197664124916,66.4126529113547
45,13,69.9698110714631,2,15,-13.6197664124916,31.7337806174771,17.2028892607927,30.4883353230624,60.2952581764943
45,14,61.5861233020478,2,30,-13.6197664124916,27.06269332286,33.071669325503,39.9031658802309,47.2445447438674
45,15,49.6232739027675,2,45,-13.6197664124916,19.9992435326093,46.9974818558156,51.9289308073736,30.5996183670764
45,16,34.7765001975198,2,60,-13.6197664124916,11.23296687988,59.1051711141582,65.1329314343451,14.6240194436053
45,17,17.9086427082272,2,75,-13.6197664124916,1.33913780590122,69.8876717923594,78.9232860837752,3.44066457745321
45,18,9.16436541460617e-15,2,90,-13.6197664124916,-9.24144606305086,79.9514852423385,93.0364297171552,0
45,19,0,2,105,-13.6197664124916,-20.1549789887007,89.9593076576021,107.341414764208,0
45,20,0,2,120,-13.6197664124916,-31.0635949781179,79.2896646697831,111.546933632536,0
45,21,0,2,135,-13.6197664124916,-41.5442410532177,66.6646586303802,115.221112577564,0
45,22,0,2,150,-13.6197664124916,-50.9099204155193,50.4141703872215,118.116729511136,0
45,23,0,2,165,-13.6197664124916,-57.9044946513825,28.2562510746161,119.977253676558,0
46,0,0,2,-180,-13.2891561850267,-60.2891561850267,-1.37782504859164e-14,120.289156185027,0
46,1,0,2,-165,-13.2891561850267,-57.5953846633663,-28.0364686238432,119.647903199586,0
46,2,0,2,-150,-13.2891561850267,-50.6401938740469,-50.1118401926156,117.790678195584,0
46,3,0,2,-135,-13.2891561850267,-41.3048439952023,-66.3605639964443,114.899227487904,0
46,4,0,2,-120,-13.2891561850267,-30.840695388428,-79.004950351005,111.22878165652,0
46,5,0,2,-105,-13.2891561850267,-19.937049784762,-89.7760428787663,107.065609865043,0
46,6,16.9289021874451,2,-90,-13.2891561850267,-9.01934466376341,-80.1995242062241,92.9640005212992,0
46,7,32.8739581138115,2,-75,-13.2891561850267,1.5730614599794,-70.1213771422633,78.8298008575391,6.36847819721508
46,8,46.9084990865791,2,-60,-13.2891561850267,11.4853267734578,-59.3230213806497,65.0118451010144,19.815598841911
46,9,58.2168885978913,2,-45,-13.2891561850267,20.2751794571386,-47.1914445942671,51.7695576090172,36.0261155417364
46,10,66.1419241536741,2,-30,-13.2891561850267,27.3640605529733,-33.2245348905305,39.6887461315481,50.8978645216805
46,11,70.2230314937575,2,-15,-13.2891561850267,32.0560693330314,-17.28970694609,30.2018619651747,60.6908486793118
46,12,70.2230314937575,2,0,-13.2891561850267,33.7108438149733,0,26.2891561850267,62.9598823137695
46,13,66.1419241536741,2,15,-13.2891561850267,32.0560693330314,17.28970694609,30.2018619651747,57.1637171563292
46,14,58.2168885978913,2,30,-13.2891561850267,27.3640605529733,33.2245348905305,39.6887461315481,44.7993514951989
46,15,46.9084990865791,2,45,-13.2891561850267,20.2751794571386,47.1914445942671,51.7695576090172,29.0281917959413
46,16,32.8739581138115,2,60,-13.2891561850267,11.4853267734578,59.3230213806497,65.0118451010144,13.8869752606399
46,17,16.9289021874451,2,75,-13.2891561850267,1.5730614599794,70.1213771422633,78.8298008575391,3.27953646805419
46,18,8.66300412831401e-15,2,90,-13.2891561850267,-9.01934466376341,80.1995242062241,92.9640005212992,0
46,19,0,2,105,-13.2891561850267,-19.937049784762,89.7760428787663,107.065609865043,0
46,20,0,2,120,-13.2891561850267,-30.840695388428,79.004950351005,111.22878165652,0
46,21,0,2,135,-13.2891561850267,-41.3048439952023,66.3605639964443,114.899227487904,0
46,22,0,2,150,-13.2891561850267,-50.6401938740469,50.1118401926156,117.790678195584,0
46,23,0,2,165,-13.2891561850267,-57.5953846633663,28.0364686238432,119.647903199586,0
47,0,0,2,-180,-12.9546080937807,-59.9546080937807,-1.36575031646488e-14,119.954608093781,0
47,1,0,2,-165,-12.9546080937807,-57.2822112025105,-27.8178413514934,119.314621484308,0
47,2,0,2,-150,-12.9546080937807,-50.3664675414135,-49.8094261843803,117.460715371695,0
47,3,0,2,-135,-12.9546080937807,-41.0617868858349,-66.0551155539555,114.573461635304,0
47,4,0,2,-120,-12.9546080937807,-30.6145099279269,-78.7181899398164,110.906784549683,0
47,5,0,2,-105,-12.9546080937807,-19.7161270961295,-89.508984157939,106.745967200581,0
47,6,15.9742838859672,2,-90,-12.9546080937807,-8.79442882828748,-80.4502069286645,92.8906129223186,0
47,7,31.0202004566413,2,-75,-12.9546080937807,1.80974470438043,-70.357919512976,78.7355550648819,6.05941098870763
47,8,44.2633357306163,2,-60,-12.9546080937807,11.7405276614465,-59.5438636229195,64.8901009541294,18.7834064488155
47,9,54.934046822607,2,-45,-12.9546080937807,20.5541839674019,-47.3884211791138,51.6094630640112,34.1150503322811
47,10,62.4121907904034,2,-30,-12.9546080937807,27.6688469255846,-33.3800705737227,39.4731343934733,48.177390033383
47,11,66.2631650885446,2,-15,-12.9546080937807,32.3821361288011,-17.3781835154481,29.9128150873173,57.4359329746438
47,12,66.2631650885446,2,0,-12.9546080937807,34.0453919062193,0,25.9546080937807,59.5799324024772
47,13,62.4121907904034,2,15,-12.9546080937807,32.3821361288011,17.3781835154481,29.9128150873173,54.0979653212793
47,14,54.934046822607,2,30,-12.9546080937807,27.6688469255846,33.3800705737227,39.4731343934733,42.4048405666895
47,15,44.2633357306164,2,45,-12.9546080937807,20.5541839674019,47.3884211791138,51.6094630640112,27.4883430889567
47,16,31.0202004566413,2,60,-12.9546080937807,11.7405276614465,59.5438636229195,64.8901009541294,13.1636042264615
47,17,15.9742838859672,2,75,-12.9546080937807,1.80974470438043,70.357919512976,78.7355550648819,3.12037800821631
47,18,8.17449860119245e-15,2,90,-12.9546080937807,-8.79442882828748,80.4502069286645,92.8906129223186,0
47,19,0,2,105,-12.9546080937807,-19.7161270961295,89.508984157939,106.745967200581,0
47,20,0,2,120,-12.9546080937807,-30.6145099279269,78.7181899398164,110.906784549683,0
47,21,0,2,135,-12.9546080937807,-41.0617868858349,66.0551155539555,114.573461635304,0
47,22,0,2,150,-12.9546080937807,-50.3664675414135,49.8094261843803,117.460715371695,0
47,23,0,2,165,-12.9546080937807,-57.2822112025105,27.8178413514934,119.314621484308,0
48,0,0,2,-180,-12.6162212725731,-59.6162212725731,-1.35378252594129e-14,119.616221272573,0
48,1,0,2,-165,-12.6162212725731,-56.9650649095517,-27.6004599192954,118.97750716649,0
48,2,0,2,-150,-12.6162212725731,-50.0888119172222,-49.5070754880831,117.126938401989,0
48,3,0,2,-135,-12.6162212725731,-40.8151265081479,-65.7484541584902,114.243910867134,0
48,4,0,2,-120,-12.6162212725731,-30.3850922647732,-78.4295006709728,110.581036962931,0
48,5,0,2,-105,-12.6162212725731,-19.4922684426941,-89.2396115016864,106.422604835937,0
48,6,15.0450706777985,2,-90,-12.6162212725731,-8.56676386614455,-80.7034564373587,92.8162877516231,0
48,7,29.2157765344102,2,-75,-12.6162212725731,2.04911235957247,-70.597238909965,78.6405923741742,5.75442107863557
48,8,41.6885676538688,2,-60,-12.6162212725731,11.9984839720544,-59.7676561023616,64.7677686425263,17.7713456569379
48,9,51.7385707530624,2,-45,-12.6162212725731,20.8361625700901,-47.5883907923884,51.4487481836549,32.2442244301493
48,10,58.7817161821407,2,-30,-12.6162212725731,27.9769528891894,-33.5382758211339,39.2564658828748,45.5159312316295
48,11,62.4086819295578,2,-15,-12.6162212725731,32.711881015789,-17.4683273188643,29.6213350680954,54.2525500451113
48,12,62.4086819295578,2,0,-12.6162212725731,34.3837787274269,0,25.6162212725731,56.2745425976427
48,13,58.7817161821407,2,15,-12.6162212725731,32.711881015789,17.4683273188643,29.6213350680954,51.0995890364851
48,14,51.7385707530624,2,30,-12.6162212725731,27.9769528891894,33.5382758211339,39.2564658828748,40.0622741452838
48,15,41.6885676538688,2,45,-12.6162212725731,20.8361625700901,47.5883907923884,51.4487481836549,25.9809173704947
48,16,29.2157765344102,2,60,-12.6162212725731,11.9984839720544,59.7676561023616,64.7677686425263,12.4543416252555
48,17,15.0450706777986,2,75,-12.6162212725731,2.04911235957247,70.597238909965,78.6405923741742,2.96331920994528
48,18,7.698993587972e-15,2,90,-12.6162212725731,-8.56676386614455,80.7034564373587,92.8162877516231,0
48,19,0,2,105,-12.6162212725731,-19.4922684426941,89.2396115016864,106.422604835937,0
48,20,0,2,120,-12.6162212725731,-30.3850922647732,78.4295006709728,110.581036962931,0
48,21,0,2,135,-12.6162212725731,-40.8151265081479,65.7484541584902,114.243910867134,0
48,22,0,2,150,-12.6162212725731,-50.0888119172222,49.5070754880831,117.126938401989,0
48,23,0,2,165,-12.6162212725731,-56.9650649095517,27.6004599192954,118.97750716649,0
49,0,0,2,-180,-12.2740959927222,-59.2740959927222,-1.34192515873127e-14,119.274095992722,0
49,1,0,2,-165,-12.2740959927222,-56.6440381350164,-27.3844092636718,118.636660029974,0
49,2,0,2,-150,-12.2740959927222,-49.8072997901524,-49.2049302125228,116.789445821106,0
49,3,0,2,-135,-12.2740959927222,-40.5649217972701,-65.440718125686,113.910672224706,0
49,4,0,2,-120,-12.2740959927222,-30.1524978396606,-78.138998710985,110.251634749816,0
49,5,0,2,-105,-12.2740959927222,-19.2655327758967,-88.9680198979833,106.095618094358,0
49,6,14.1415379088668,2,-90,-12.2740959927222,-8.33641628013703,-80.9591956989282,92.7410463348026,0
49,7,27.4612210368691,2,-75,-12.2740959927222,2.29108818091093,-70.8392750520801,78.5449567111148,5.45377055412517
49,8,39.1849578156856,2,-60,-12.2740959927222,12.2591090898729,-59.9943567138364,64.6449180022028,16.7800497430245
49,9,48.6314072777809,2,-45,-12.2740959927222,21.1210196670644,-47.7913323770178,51.2875144577154,30.4147001224519
49,10,55.2515761168646,2,-30,-12.2740959927222,28.2882777164541,-33.6991501819384,39.0388774125228,42.914935924273
49,11,58.6607241833438,2,-15,-12.2740959927222,33.0452028344644,-17.5601470266438,29.3275652533035,51.1423978197298
49,12,58.6607241833438,2,0,-12.2740959927222,34.7259040072779,0,25.2740959927221,53.0454656701152
49,13,55.2515761168646,2,15,-12.2740959927222,33.0452028344644,17.5601470266438,29.3275652533035,48.1701875534994
49,14,48.6314072777809,2,30,-12.2740959927222,28.2882777164541,33.6991501819384,39.0388774125228,37.7729265644635
49,15,39.1849578156857,2,45,-12.2740959927222,21.1210196670644,47.7913323770178,51.2875144577154,24.5067705827942
49,16,27.4612210368691,2,60,-12.2740959927222,12.2591090898729,59.9943567138364,64.6449180022028,11.7596312638723
49,17,14.1415379088668,2,75,-12.2740959927222,2.29108818091093,70.8392750520801,78.5449567111148,2.80849503865381
49,18,7.23662999105032e-15,2,90,-12.2740959927222,-8.33641628013703,80.9591956989282,92.7410463348026,0
49,19,0,2,105,-12.2740959927222,-19.2655327758967,88.9680198979833,106.095618094358,0
49,20,0,2,120,-12.2740959927222,-30.1524978396606,78.138998710985,110.251634749816,0
49,21,0,2,135,-12.2740959927222,-40.5649217972701,65.440718125686,113.910672224706,0
49,22,0,2,150,-12.2740959927222,-49.8072997901524,49.2049302125228,116.789445821106,0
49,23,0,2,165,-12.2740959927222,-56.6440381350164,27.3844092636718,118.636660029974,0
50,0,0,2,-180,-11.9283336333318,-58.9283336333319,-1.33018136302854e-14,118.928333633332,0
50,1,0,2,-165,-11.9283336333318,-56.3192248908176,-27.1697687626179,118.292180977028,0
50,2,0,2,-150,-11.9283336333318,-49.5220061988447,-48.903127441771,116.4483373064,0
50,3,0,2,-135,-11.9283336333318,-40.3112338244111,-65.1320431531415,113.573843914269,0
50,4,0,2,-120,-11.9283336333318,-29.9167838577591,-77.8467990897747,109.918674937941,0
50,5,0,2,-105,-11.9283336333318,-19.0359804677653,-88.6943039543665,105.765103468018,0
50,6,13.2639533154313,2,-90,-11.9283336333318,-8.10345374807623,-81.2173476460426,92.6649104872834,0
50,7,25.7570538766783,2,-75,-11.9283336333318,2.53559488488947,-71.0839673812585,78.4486922277085,5.15773069875405
50,8,36.7532480896943,2,-60,-11.9283336333318,12.5223153881359,-60.2239229794599,64.5216189974088,15.8101631171554
50,9,45.6134771163584,2,-45,-11.9283336333318,21.4086585894697,-47.99722461993,51.1258637695603,28.6275513935569
50,10,51.822816651263,2,-30,-11.9283336333318,28.6027195360778,-33.8626932944282,38.820507316844,40.3758633605633
50,11,55.0204024506703,2,-15,-11.9283336333318,33.3819992844747,-17.6536516284063,29.0316520030107,48.1071851413556
50,12,55.0204024506703,2,0,-11.9283336333318,35.0716663666682,0,24.9283336333319,49.8944648838554
50,13,51.822816651263,2,15,-11.9283336333318,33.3819992844747,17.6536516284063,29.0316520030107,45.3113704034432
50,14,45.6134771163584,2,30,-11.9283336333318,28.6027195360778,33.8626932944282,38.820507316844,35.5380822282145
50,15,36.7532480896943,2,45,-11.9283336333318,21.4086585894697,47.99722461993,51.1258637695603,23.0667680932076
50,16,25.7570538766783,2,60,-11.9283336333318,12.5223153881359,60.2239229794599,64.5216189974088,11.0799247515169
50,17,13.2639533154313,2,75,-11.9283336333318,2.53559488488947,71.0839673812585,78.4486922277085,2.6560451955953
50,18,6.78754481873979e-15,2,90,-11.9283336333318,-8.10345374807623,81.2173476460426,92.6649104872834,0
50,19,0,2,105,-11.9283336333318,-19.0359804677653,88.6943039543665,105.765103468018,0
50,20,0,2,120,-11.9283336333318,-29.9167838577591,77.8467990897747,109.918674937941,0
50,21,0,2,135,-11.9283336333318,-40.3112338244111,65.1320431531415,113.573843914269,0
50,22,0,2,150,-11.9283336333318,-49.5220061988447,48.903127441771,116.4483373064,0
50,23,0,2,165,-11.9283336333318,-56.3192248908176,27.1697687626179,118.292180977028,0
51,0,0,2,-180,-11.5790366512515,-58.5790366512515,-1.31855396967371e-14,118.579036651251,0
51,1,0,2,-165,-11.5790366512515,-55.9907208010465,-26.9566124090355,117.944171998337,0
51,2,0,2,-150,-11.5790366512515,-49.233008389856,-48.6017992408854,116.103713648085,0
51,3,0,2,-135,-11.5790366512515,-40.054125777581,-64.8225622508779,113.233525277493,0
51,4,0,2,-120,-11.5790366512515,-29.678009278126,-77.5530156368699,109.582255699813,0
51,5,0,2,-105,-11.5790366512515,-18.8036732981408,-88.4185578539758,105.431158589051,0
51,6,12.4125769447468,2,-90,-11.5790366512515,-7.86794510318068,-81.4778352026953,92.5879025092547,0
51,7,24.1037800353463,2,-75,-11.5790366512515,2.78255417646086,-71.3312550707094,78.3518432706763,4.86658155059459
51,8,34.3941590439671,2,-60,-11.5790366512515,12.7880142619405,-60.4563120408425,64.3979416608001,14.8623402624498
51,9,42.6856745466339,2,-45,-11.5790366512515,21.6989816327198,-48.2060459333406,50.9638983088737,26.8838621512859
51,10,48.4964538007643,2,-30,-11.5790366512515,28.9201753653167,-34.0289048702253,38.6014953728301,37.9001818166857
51,11,51.4887954374314,2,-15,-11.5790366512515,33.7221669547674,-17.7488504312035,28.7337447409014,45.1486289368222
51,12,51.4887954374314,2,0,-11.5790366512515,35.4209633487485,0,24.5790366512515,46.8233110751993
51,13,48.4964538007643,2,15,-11.5790366512515,33.7221669547674,17.7488504312035,28.7337447409014,42.524754731603
51,14,42.6856745466339,2,30,-11.5790366512515,28.9201753653167,34.0289048702253,38.6014953728301,33.3590334858629
51,15,34.3941590439671,2,45,-11.5790366512515,21.6989816327198,48.2060459333406,50.9638983088737,21.6617832649509
51,16,24.1037800353463,2,60,-11.5790366512515,12.7880142619405,60.4563120408425,64.3979416608001,10.4156807566835
51,17,12.4125769447468,2,75,-11.5790366512515,2.78255417646086,71.3312550707094,78.3518432706763,2.50611389027193
51,18,6.35187114466904e-15,2,90,-11.5790366512515,-7.86794510318068,81.4778352026953,92.5879025092547,0
51,19,0,2,105,-11.5790366512515,-18.8036732981408,88.4185578539758,105.431158589051,0
51,20,0,2,120,-11.5790366512515,-29.678009278126,77.5530156368699,109.582255699813,0
51,21,0,2,135,-11.5790366512515,-40.054125777581,64.8225622508779,113.233525277493,0
51,22,0,2,150,-11.5790366512515,-49.233008389856,48.6017992408854,116.103713648085,0
51,23,0,2,165,-11.5790366512515,-55.9907208010465,26.9566124090355,117.944171998337,0
52,0,0,2,-180,-11.2263085507152,-58.2263085507153,-1.30704550811062e-14,118.226308550715,0
52,1,0,2,-165,-11.2263085507152,-55.6586230520889,-26.7450089892707,117.592736142648,0
52,2,0,2,-150,-11.2263085507152,-48.9403857728921,-48.3010726745557,115.755676718979,0
52,3,0,2,-135,-11.2263085507152,-39.7936629391532,-64.5124056802494,112.889816761465,0
52,4,0,2,-120,-11.2263085507152,-29.436234800629,-77.2577609221582,109.242476323149,0
52,5,0,2,-105,-11.2263085507152,-18.5686744401113,-88.140875314296,105.093882200034,0
52,6,11.5876610780062,2,-90,-11.2263085507152,-7.62996031315675,-81.7405813076234,92.51004517986,0
52,7,22.5018894135929,2,-75,-11.2263085507152,3.03188677741836,-71.5810770315823,78.2544543493266,4.58061144165508
52,8,32.1083897275017,2,-60,-11.2263085507152,13.0561161624227,-60.6914806497748,64.2739560327101,13.9372446447517
52,9,39.8488671396961,2,-45,-11.2263085507152,21.9918900923597,-48.4177744341893,50.8017204819817,25.1847244121488
52,10,45.2734732384699,2,-30,-11.2263085507152,29.2405411431753,-34.1977846766458,38.3819827158603,35.489366131533
52,11,48.0669496350032,2,-15,-11.2263085507152,34.0656013541166,-17.8457530566982,28.4339960058216,42.2684513320824
52,12,48.0669496350032,2,0,-11.2263085507152,35.7736914492848,0,24.2263085507152,43.8337796763921
52,13,45.2734732384699,2,15,-11.2263085507152,34.0656013541166,17.8457530566982,28.4339960058216,39.8119625802311
52,14,39.8488671396961,2,30,-11.2263085507152,29.2405411431753,34.1977846766458,38.3819827158603,31.2370784631076
52,15,32.1083897275017,2,45,-11.2263085507152,21.9918900923597,48.4177744341893,50.8017204819817,20.2926959948495
52,16,22.5018894135929,2,60,-11.2263085507152,13.0561161624227,60.6914806497748,64.2739560327101,9.76736424305243
52,17,11.5876610780062,2,75,-11.2263085507152,3.03188677741836,71.5810770315823,78.2544543493266,2.35884960326367
52,18,5.92973806835028e-15,2,90,-11.2263085507152,-7.62996031315675,81.7405813076234,92.51004517986,0
52,19,0,2,105,-11.2263085507152,-18.5686744401113,88.140875314296,105.093882200034,0
52,20,0,2,120,-11.2263085507152,-29.436234800629,77.2577609221582,109.242476323149,0
52,21,0,2,135,-11.2263085507152,-39.7936629391532,64.5124056802494,112.889816761465,0
52,22,0,2,150,-11.2263085507152,-48.9403857728921,48.3010726745557,115.755676718979,0
52,23,0,2,165,-11.2263085507152,-55.6586230520889,26.7450089892707,117.592736142648,0
53,0,0,2,-180,-10.8702538526719,-57.8702538526719,-1.29565822208013e-14,117.870253852672,0
53,1,0,2,-165,-10.8702538526719,-55.3230303421892,-26.5350222656804,117.237977486081,0
53,2,0,2,-150,-10.8702538526719,-48.6442198735253,-48.001069837928,115.404329443833,0
53,3,0,2,-135,-10.8702538526719,-39.5299126603899,-64.2017009011628,112.542819888205,0
53,4,0,2,-120,-10.8702538526719,-29.1915228504318,-76.9611462011987,108.899437180651,0
53,5,0,2,-105,-10.8702538526719,-18.3310484436781,-87.8613495486074,104.753374123926,0
53,6,10.7894501555839,2,-90,-10.8702538526719,-7.3895704579773,-82.005508935872,92.4313617506546,0
53,7,20.951856686181,2,-75,-10.8702538526719,3.28351245582537,-71.8333719181235,78.1565701029213,4.3001165196315
53,8,29.8966174630775,2,-60,-10.8702538526719,13.3265306318848,-60.9293851573626,64.1497320995976,13.0355475948297
53,9,37.1038955028028,2,-45,-10.8702538526719,22.2872843008059,-48.6323879217001,50.639432819824,23.5312364500734
53,10,42.1548300030779,2,-30,-10.8702538526719,29.5637117642699,-34.3693325171456,38.1621117501979,33.1448951989181
53,11,44.7558790101467,2,-15,-10.8702538526719,34.4121969420524,-17.9443694373476,28.1325615054416,39.4683767197136
53,12,44.7558790101467,2,0,-10.8702538526719,36.1297461473281,0,23.8702538526719,40.9276476910116
53,13,42.1548300030779,2,15,-10.8702538526719,34.4121969420524,17.9443694373476,28.1325615054416,37.1746181264759
53,14,37.1038955028028,2,30,-10.8702538526719,29.5637117642699,34.3693325171456,38.1621117501979,29.1735188547128
53,15,29.8966174630775,2,45,-10.8702538526719,22.2872843008059,48.6323879217001,50.639432819824,18.9603912216691
53,16,20.951856686181,2,60,-10.8702538526719,13.3265306318848,60.9293851573626,64.1497320995976,9.13544568612376
53,17,10.789450155584,2,75,-10.8702538526719,3.28351245582537,71.8333719181235,78.1565701029213,2.21440483994759
53,18,5.52127067692441e-15,2,90,-10.8702538526719,-7.3895704579773,82.005508935872,92.4313617506546,0
53,19,0,2,105,-10.8702538526719,-18.3310484436781,87.8613495486074,104.753374123926,0
53,20,0,2,120,-10.8702538526719,-29.1915228504318,76.9611462011987,108.899437180651,0
53,21,0,2,135,-10.8702538526719,-39.5299126603899,64.2017009011628,112.542819888205,0
53,22,0,2,150,-10.8702538526719,-48.6442198735253,48.001069837928,115.404329443833,0
53,23,0,2,165,-10.8702538526719,-55.3230303421892,26.5350222656804,117.237977486081,0
54,0,0,2,-180,-10.5109780638126,-57.5109780638126,-1.2843940850039e-14,117.510978063813,0
54,1,0,2,-165,-10.5109780638126,-54.9840428305762,-26.3267111621355,116.880001101101,0
54,2,0,2,-150,-10.5109780638126,-48.344594283601,-47.7019078988363,115.049775768279,0
54,3,0,2,-135,-10.5109780638126,-39.2629443330503,-63.8905725274395,112.192637223726,0
54,4,0,2,-120,-10.5109780638126,-28.9439375600968,-76.6632813650814,108.553239699284,0
54,5,0,2,-105,-10.5109780638126,-18.0908612176801,-87.5800732301472,104.409735233481,0
54,6,10.0181807046031,2,-90,-10.5109780638126,-7.14684770637597,-82.2725411185057,92.3518759383286,0
54,7,19.45414116126,2,-75,-10.5109780638126,3.53735005647981,-72.0880781313323,78.0582352675705,4.02540025292823
54,8,27.7594976465503,2,-60,-10.5109780638126,13.5991663398637,-61.1699815016174,64.0253397317362,12.1579271657033
54,9,34.4515730302916,2,-45,-10.5109780638126,22.5850636649673,-48.8498638530408,50.4771378836154,21.9245009132014
54,10,39.141448215885,2,-30,-10.5109780638126,29.8895811133699,-34.5435482097827,37.942026053919,30.8682494225761
54,11,41.5565647045466,2,-15,-10.5109780638126,34.7618471601885,-18.0447098115352,27.829600171919,36.750128786294
54,12,41.5565647045466,2,0,-10.5109780638126,36.4890219361874,0,23.5109780638126,38.1066906290499
54,13,39.141448215885,2,15,-10.5109780638126,34.7618471601885,18.0447098115352,27.829600171919,34.6143448825175
54,14,34.4515730302916,2,30,-10.5109780638126,29.8895811133699,34.5435482097827,37.942026053919,27.1696576844478
54,15,27.7594976465503,2,45,-10.5109780638126,22.5850636649673,48.8498638530408,50.4771378836154,17.6657574087163
54,16,19.45414116126,2,60,-10.5109780638126,13.5991663398637,61.1699815016174,64.0253397317362,8.52040027242
54,17,10.0181807046032,2,75,-10.5109780638126,3.53735005647981,72.0880781313323,78.0582352675705,2.07293587560144
54,18,5.12659000809496e-15,2,90,-10.5109780638126,-7.14684770637597,82.2725411185057,92.3518759383286,0
54,19,0,2,105,-10.5109780638126,-18.0908612176801,87.5800732301472,104.409735233481,0
54,20,0,2,120,-10.5109780638126,-28.9439375600968,76.6632813650814,108.553239699284,0
54,21,0,2,135,-10.5109780638126,-39.2629443330503,63.8905725274395,112.192637223726,0
54,22,0,2,150,-10.5109780638126,-48.344594283601,47.7019078988363,115.049775768279,0
54,23,0,2,165,-10.5109780638126,-54.9840428305762,26.3267111621355,116.880001101101,0
55,0,0,2,-180,-10.1485876453076,-57.1485876453076,-1.27325481501706e-14,117.148587645308,0
55,1,0,2,-165,-10.1485876453076,-54.6417620862552,-26.12012995145,116.518913025194,0
55,2,0,2,-150,-10.1485876453076,-48.0415946095331,-47.403699150664,114.692120627396,0
55,3,0,2,-135,-10.1485876453076,-38.9928293582098,-63.5791422901285,111.839372346643,0
55,4,0,2,-120,-10.1485876453076,-28.6935447493636,-76.364274894807,108.203986329051,0
55,5,0,2,-105,-10.1485876453076,-17.8481800100069,-87.2971384589845,104.063067420163,0
55,6,9.27408126884749,2,-90,-10.1485876453076,-6.90186529107774,-82.5416009604787,92.271611916698,0
55,7,18.0091866442634,2,-75,-10.1485876453076,3.79331753239738,-72.3451338211311,77.9594946426919,3.75677291995012
55,8,25.6976635526446,2,-60,-10.1485876453076,13.8739311201331,-61.4132251935098,63.9008486202104,11.3050669677798
55,9,31.8926856625526,2,-45,-10.1485876453076,22.8851267047478,-49.0701793170616,50.3149381682528,20.3656229134156
55,10,36.2342208069487,2,-30,-10.1485876453076,30.2180421006208,-34.7204315636261,37.7218702780363,28.6609081404227
55,11,38.4699547440786,2,-15,-10.1485876453076,35.1144444639437,-18.1467847175901,27.525274219398,34.115427507299
55,12,38.4699547440786,2,0,-10.1485876453076,36.8514123546924,0,23.1485876453076,35.3726794095701
55,13,36.2342208069487,2,15,-10.1485876453076,35.1144444639437,18.1467847175901,27.525274219398,32.1327628651083
55,14,31.8926856625527,2,30,-10.1485876453076,30.2180421006208,34.7204315636261,37.7218702780363,25.2267970379676
55,15,25.6976635526447,2,45,-10.1485876453076,22.8851267047478,49.0701793170616,50.3149381682528,16.4096850044675
55,16,18.0091866442634,2,60,-10.1485876453076,13.8739311201331,61.4132251935098,63.9008486202104,7.92270708313835
55,17,9.27408126884751,2,75,-10.1485876453076,3.79331753239738,72.3451338211311,77.9594946426919,1.93460249240745
55,18,4.74581301426201e-15,2,90,-10.1485876453076,-6.90186529107774,82.5416009604787,92.271611916698,0
55,19,0,2,105,-10.1485876453076,-17.8481800100069,87.2971384589845,104.063067420163,0
55,20,0,2,120,-10.1485876453076,-28.6935447493636,76.364274894807,108.203986329051,0
55,21,0,2,135,-10.1485876453076,-38.9928293582098,63.5791422901285,111.839372346643,0
55,22,0,2,150,-10.1485876453076,-48.0415946095331,47.403699150664,114.692120627396,0
55,23,0,2,165,-10.1485876453076,-54.6417620862552,26.12012995145,116.518913025194,0
56,0,0,2,-180,-9.78318998125883,-56.7831899812589,-1.26224188961582e-14,116.783189981259,0
56,1,0,2,-165,-9.78318998125883,-54.2962910365616,-25.9153284438015,116.154820229215,0
56,2,0,2,-150,-9.78318998125883,-47.7353084186831,-47.106551075057,114.331469913919,0
56,3,0,2,-135,-9.78318998125883,-38.7196411124173,-63.2675290085579,111.483129816367,0
56,4,0,2,-120,-9.78318998125883,-28.4404119026675,-76.0642338201485,107.851780511301,0
56,5,0,2,-105,-9.78318998125883,-17.6030733861352,-87.0126367315868,103.713473562558,0
56,6,8.55737234103877,2,-90,-9.78318998125883,-6.65469748278828,-82.8126116566771,92.1905943079684,0
56,7,16.6174213063992,2,-75,-9.78318998125883,4.05133197729643,-72.6044768870695,77.8603930570754,3.49455108370915
56,8,23.7117261473006,2,-60,-9.78318998125883,14.1507320086297,-61.6590713015016,63.776328213293,10.4776549845518
56,9,29.4279916531385,2,-45,-9.78318998125883,23.1873710924307,-49.2933110060941,50.1529360035328,18.8557080933567
56,10,33.4340092504933,2,-30,-9.78318998125883,30.5489866974569,-34.8999823530437,37.5017900395804,26.5243470246439
56,11,35.4969637578884,2,-15,-9.78318998125883,35.4698803546562,-18.2506049866319,27.219749203137,31.5659861172747
56,12,35.4969637578884,2,0,-9.78318998125883,37.2168100187412,0,22.7831899812588,32.7273772389594
56,13,33.4340092504933,2,15,-9.78318998125883,35.4698803546562,18.2506049866319,27.219749203137,29.7314857418297
56,14,29.4279916531385,2,30,-9.78318998125883,30.5489866974569,34.8999823530437,37.5017900395804,23.3462357744204
56,15,23.7117261473006,2,45,-9.78318998125883,23.1873710924307,49.2933110060941,50.1529360035328,15.1930648850592
56,16,16.6174213063992,2,60,-9.78318998125883,14.1507320086297,61.6590713015016,63.776328213293,7.34284826417886
56,17,8.55737234103879,2,75,-9.78318998125883,4.05133197729643,72.6044768870695,77.8603930570754,1.7995677088938
56,18,4.37905252786668e-15,2,90,-9.78318998125883,-6.65469748278828,82.8126116566771,92.1905943079684,0
56,19,0,2,105,-9.78318998125883,-17.6030733861352,87.0126367315868,103.713473562558,0
56,20,0,2,120,-9.78318998125883,-28.4404119026675,76.0642338201485,107.851780511301,0
56,21,0,2,135,-9.78318998125883,-38.7196411124173,63.2675290085579,111.483129816367,0
56,22,0,2,150,-9.78318998125883,-47.7353084186831,47.106551075057,114.331469913919,0
56,23,0,2,165,-9.78318998125883,-54.2962910365616,25.9153284438015,116.154820229215,0
57,0,0,2,-180,-9.41489334688008,-56.4148933468801,-1.25135655989132e-14,116.41489334688,0
57,1,0,2,-165,-9.41489334688008,-53.9477339155654,-25.7123521752931,115.787830585464,0
57,2,0,2,-150,-9.41489334688008,-47.4258251840144,-46.81056641371,113.967930446094,0
57,3,0,2,-135,-9.41489334688008,-38.4434549113253,-62.955848568892,111.124015140873,0
57,4,0,2,-120,-9.41489334688008,-28.1846081444665,-75.7632636829411,107.496726646575,0
57,5,0,2,-105,-9.41489334688008,-17.3556112060255,-86.7266589130648,103.36105749432,0
57,6,7.86826629750015,2,-90,-9.41489334688008,-6.40541956296768,-83.0854965061536,92.1088481732778,0
57,7,15.2792575577739,2,-75,-9.41489334688008,4.31130965906488,-72.8660449775836,77.7609753345908,3.23905705282906
57,8,21.8022739066313,2,-60,-9.41489334688008,14.4294752822895,-61.9074744345732,63.6518476522784,9.67638237166075
57,9,27.0582213440765,2,-45,-9.41489334688008,23.4916936929455,-49.5192351857974,49.9912334532564,17.3958606757544
57,10,30.7416433096367,2,-30,-9.41489334688008,30.8823059732062,-35.0822002898001,37.2819318084117,24.4600354642745
57,11,32.6384727073678,2,-15,-9.41489334688008,35.8280454120852,-18.3561817341743,26.9131940800004,29.1035080631415
57,12,32.6384727073678,2,0,-9.41489334688008,37.5851066531199,0,22.4148933468801,30.172536472901
57,13,30.7416433096367,2,15,-9.41489334688008,35.8280454120852,18.3561817341743,26.9131940800004,27.4121179614592
57,14,27.0582213440765,2,30,-9.41489334688008,30.8823059732062,35.0822002898001,37.2819318084117,21.5292672226416
57,15,21.8022739066313,2,45,-9.41489334688008,23.4916936929455,49.5192351857974,49.9912334532564,14.0167867825289
57,16,15.2792575577739,2,60,-9.41489334688008,14.4294752822895,61.9074744345732,63.6518476522784,6.78130818451642
57,17,7.86826629750016,2,75,-9.41489334688008,4.31130965906488,72.8660449775836,77.7609753345908,1.66799750237133
57,18,4.02641722795641e-15,2,90,-9.41489334688008,-6.40541956296768,83.0854965061536,92.1088481732778,0
57,19,0,2,105,-9.41489334688008,-17.3556112060255,86.7266589130648,103.36105749432,0
57,20,0,2,120,-9.41489334688008,-28.1846081444665,75.7632636829411,107.496726646575,0
57,21,0,2,135,-9.41489334688008,-38.4434549113253,62.955848568892,111.124015140873,0
57,22,0,2,150,-9.41489334688008,-47.4258251840144,46.81056641371,113.967930446094,0
57,23,0,2,165,-9.41489334688008,-53.9477339155654,25.7123521752931,115.787830585464,0
58,0,0,2,-180,-9.04380687641257,-56.0438068764126,-1.24059986432692e-14,116.043806876413,0
58,1,0,2,-165,-9.04380687641257,-53.5961962124059,-25.5112425958766,115.418052835457,0
58,2,0,2,-150,-9.04380687641257,-47.1132362272045,-46.5158432484576,113.601609935204,0
58,3,0,2,-135,-9.04380687641257,-38.1643479709259,-62.6442139099401,110.762134744088,0
58,4,0,2,-120,-9.04380687641257,-27.9262042124467,-75.4614685047366,107.138930062017,0
58,5,0,2,-105,-9.04380687641257,-17.1058645994177,-86.4392952120653,103.005923971658,0
58,6,7.20696733522445,2,-90,-9.04380687641257,-6.15410779541541,-83.3601789245786,92.0263990025262,0
58,7,13.995091925186,2,-75,-9.04380687641257,4.57316605418835,-73.1297754878404,77.6612862595831,2.99061833006696
58,8,19.9698726425451,2,-60,-9.04380687641257,14.7100664987839,-62.1583887237686,63.5274757068539,8.90194224218625
58,9,24.7840769494531,2,-45,-9.04380687641257,23.7979906050156,-49.7479276630388,49.8299322123092,15.9871814999648
58,10,28.1579207905131,2,-30,-9.04380687641257,31.217890132397,-35.2670849928945,37.0624427875404,22.4694339369887
58,11,29.8953286251061,2,-15,-9.04380687641257,36.1888293272988,-18.4635263504201,26.6057812699857,26.7296839485482
58,12,29.8953286251061,2,0,-9.04380687641257,37.9561931235874,0,22.0438068764126,27.7098954702483
58,13,28.1579207905131,2,15,-9.04380687641257,36.1888293272988,18.4635263504201,26.6057812699857,25.1762518759065
58,14,24.7840769494531,2,30,-9.04380687641257,31.217890132397,35.2670849928945,37.0624427875404,19.7771768678533
58,15,19.9698726425451,2,45,-9.04380687641257,23.7979906050156,49.7479276630388,49.8299322123092,12.8817377027469
58,16,13.995091925186,2,60,-9.04380687641257,14.7100664987839,62.1583887237686,63.5274757068539,6.23857258491836
58,17,7.20696733522446,2,75,-9.04380687641257,4.57316605418835,73.1297754878404,77.6612862595831,1.54006052494219
58,18,3.68801160798107e-15,2,90,-9.04380687641257,-6.15410779541541,83.3601789245786,92.0263990025262,0
58,19,0,2,105,-9.04380687641257,-17.1058645994177,86.4392952120653,103.005923971658,0
58,20,0,2,120,-9.04380687641257,-27.9262042124467,75.4614685047366,107.138930062017,0
58,21,0,2,135,-9.04380687641257,-38.1643479709259,62.6442139099401,110.762134744088,0
58,22,0,2,150,-9.04380687641257,-47.1132362272045,46.5158432484576,113.601609935204,0
58,23,0,2,165,-9.04380687641257,-53.5961962124059,25.5112425958766,115.418052835457,0
59,0,0,2,-180,-8.67004053078629,-55.6700405307863,-1.22997264214077e-14,115.670040530786,0
59,1,0,2,-165,-8.67004053078629,-53.241784619629,-25.3120372559379,115.045596557442,0
59,2,0,2,-150,-8.67004053078629,-46.7976346603939,-46.2224750889103,113.23261695277,0
59,3,0,2,-135,-8.67004053078629,-37.8823993665284,-62.3327350159527,110.397595932895,0
59,4,0,2,-120,-8.67004053078629,-27.6652724286828,-75.1589507587459,106.778496978364,0
59,5,0,2,-105,-8.67004053078629,-16.8539059395707,-86.1506351582787,102.648178640385,0
59,6,6.57367141136619,2,-90,-8.67004053078629,-5.90083939669655,-83.6365824549384,91.9432727035017,0
59,7,12.7653049346271,2,-75,-8.67004053078629,4.8368158831163,-73.3956055561959,77.5613705419994,2.74956704950617
59,8,18.215065335083,2,-60,-8.67004053078629,14.9924105371381,-62.4117678022832,63.4032807100926,8.15502844105839
59,9,22.6062323473325,2,-45,-8.67004053078629,24.106157203185,-49.9793637518029,49.6691335018162,14.6307660506476
59,10,25.6836073058662,2,-30,-8.67004053078629,31.5556285527694,-35.4546359560702,36.8434707867452,20.5539913768764
59,11,27.268344363897,2,-15,-8.67004053078629,36.552120935945,-18.5726504891738,26.2976867183864,24.4461884772435
59,12,27.268344363897,2,0,-8.67004053078629,38.3299594692137,0,21.6700405307863,25.3411754470373
59,13,25.6836073058662,2,15,-8.67004053078629,36.552120935945,18.5726504891738,26.2976867183864,23.0254648612257
59,14,22.6062323473325,2,30,-8.67004053078629,31.5556285527694,35.4546359560702,36.8434707867452,18.0912400348299
59,15,18.2150653350831,2,45,-8.67004053078629,24.106157203185,49.9793637518029,49.6691335018162,11.7888003370145
59,16,12.7653049346271,2,60,-8.67004053078629,14.9924105371381,62.4117678022832,63.4032807100926,5.71512771904052
59,17,6.5736714113662,2,75,-8.67004053078629,4.8368158831163,73.3956055561959,77.5613705419994,1.41592781367437
59,18,3.36393594482926e-15,2,90,-8.67004053078629,-5.90083939669655,83.6365824549384,91.9432727035017,0
59,19,0,2,105,-8.67004053078629,-16.8539059395707,86.1506351582787,102.648178640385,0
59,20,0,2,120,-8.67004053078629,-27.6652724286828,75.1589507587459,106.778496978364,0
59,21,0,2,135,-8.67004053078629,-37.8823993665284,62.3327350159527,110.397595932895,0
59,22,0,2,150,-8.67004053078629,-46.7976346603939,46.2224750889103,113.23261695277,0
59,23,0,2,165,-8.67004053078629,-53.241784619629,25.3120372559379,115.045596557442,0
60,0,0,3,-180,-8.29370506503591,-55.2937050650359,-1.21947554616029e-14,115.293705065036,0
60,1,0,3,-165,-8.29370506503591,-52.8846069815909,-25.1147699909101,114.670572133641,0
60,2,0,3,-150,-8.29370506503591,-46.4791153267402,-45.930550966892,112.861060897452,0
60,3,0,3,-135,-8.29370506503591,-37.5976899896147,-62.0215189161189,110.030506863777,0
60,4,0,3,-120,-8.29370506503591,-27.4018866688288,-74.8558113459815,106.415534476533,0
60,5,0,3,-105,-8.29370506503591,-16.5998088154886,-85.8607675825214,102.287928002543,0
60,6,5.96856618517526,3,-90,-8.29370506503591,-5.64569250544029,-83.9146307765123,91.8594955903155,0
60,7,11.5902609985235,3,-75,-8.29370506503591,5.10217314654208,-73.6634720593042,77.4612727822927,2.51623940360469
60,8,16.5383719715221,3,-60,-8.29370506503591,15.2764116392188,-62.6675647841265,63.279330493158,7.43633431152914
60,9,20.525332880072,3,-45,-8.29370506503591,24.4160881807231,-50.2135182371244,49.5089379624839,13.3277024835498
60,10,23.3194360481815,3,-30,-8.29370506503591,31.8954098239997,-35.6448525129258,36.6251640892944,18.7151425450024
60,11,24.758298355872,3,-15,-8.29370506503591,36.917808251903,-18.6835660552976,25.9890899581089,22.2546774034529
60,12,24.758298355872,3,0,-8.29370506503591,38.7062949349641,0,21.2937050650359,23.0680773388844
60,13,23.3194360481816,3,15,-8.29370506503591,36.917808251903,18.6835660552976,25.9890899581089,20.9613164452252
60,14,20.525332880072,3,30,-8.29370506503591,31.8954098239997,35.6448525129258,36.6251640892944,16.4727195735133
60,15,16.5383719715221,3,45,-8.29370506503591,24.4160881807231,50.2135182371244,49.5089379624839,10.7388514713313
60,16,11.5902609985235,3,60,-8.29370506503591,15.2764116392188,62.6675647841265,63.279330493158,5.21145948895754
60,17,5.96856618517527,3,75,-8.29370506503591,5.10217314654208,73.6634720593042,77.4612727822927,1.29577249555241
60,18,3.05428626911407e-15,3,90,-8.29370506503591,-5.64569250544029,83.9146307765123,91.8594955903155,0
60,19,0,3,105,-8.29370506503591,-16.5998088154886,85.8607675825214,102.287928002543,0
60,20,0,3,120,-8.29370506503591,-27.4018866688288,74.8558113459815,106.415534476533,0
60,21,0,3,135,-8.29370506503591,-37.5976899896147,62.0215189161189,110.030506863777,0
60,22,0,3,150,-8.29370506503591,-46.4791153267402,45.930550966892,112.861060897452,0
60,23,0,3,165,-8.29370506503591,-52.8846069815909,25.1147699909101,114.670572133641,0
61,0,0,3,-180,-7.91491199548196,-54.914911995482,-1.20910905521898e-14,114.914911995482,0
61,1,0,3,-165,-7.91491199548196,-52.5247722429895,-24.9194711033562,114.293090717249,0
61,2,0,3,-150,-7.91491199548196,-46.157774739943,-45.640155536954,112.48705196165,0
61,3,0,3,-135,-7.91491199548196,-37.3103025027094,-61.7106696904758,109.660976509121,0
61,4,0,3,-120,-7.91491199548196,-27.136122329421,-74.5521495755044,106.050150463825,0
61,5,0,3,-105,-7.91491199548196,-16.3436480026843,-85.5697805993453,101.925279382632,0
61,6,5.39183096238941,3,-90,-7.91491199548196,-5.38874615054474,-84.194247712168,91.7750943711585,0
61,7,10.4703083077529,3,-75,-7.91491199548196,5.36915116257005,-73.9333116059166,77.3610374361509,2.29097506131234
61,8,14.9402893922919,3,-60,-7.91491199548196,15.5619734520704,-62.9257322413928,63.1556923198133,6.74655145666217
61,9,18.5419951630933,3,-45,-7.91491199548196,24.727677593401,-50.4503653370472,49.3494455462552,12.0790696533805
61,10,21.0661075724258,3,-30,-7.91491199548196,32.2371217871425,-35.8377337995594,36.4076713115915,16.9543054095533
61,11,22.3659343818344,3,-15,-7.91491199548196,37.2857785013134,-18.7962851906321,25.6801741715661,20.1567844972496
61,12,22.3659343818344,3,0,-7.91491199548196,39.085088004518,0,20.914911995482,20.8922786800213
61,13,21.0661075724258,3,15,-7.91491199548196,37.2857785013134,18.7962851906321,25.6801741715661,18.9853454492
61,14,18.5419951630933,3,30,-7.91491199548196,32.2371217871425,35.8377337995594,36.4076713115915,14.9228635530671
61,15,14.9402893922919,3,45,-7.91491199548196,24.727677593401,50.4503653370472,49.3494455462552,9.73276039734705
61,16,10.4703083077529,3,60,-7.91491199548196,15.5619734520704,62.9257322413928,63.1556923198133,4.72805257720219
61,17,5.39183096238942,3,75,-7.91491199548196,5.36915116257005,73.9333116059166,77.3610374361509,1.17976948782867
61,18,2.75915433671723e-15,3,90,-7.91491199548196,-5.38874615054474,84.194247712168,91.7750943711585,0
61,19,0,3,105,-7.91491199548196,-16.3436480026843,85.5697805993453,101.925279382632,0
61,20,0,3,120,-7.91491199548196,-27.136122329421,74.5521495755044,106.050150463825,0
61,21,0,3,135,-7.91491199548196,-37.3103025027094,61.7106696904758,109.660976509121,0
61,22,0,3,150,-7.91491199548196,-46.157774739943,45.640155536954,112.48705196165,0
61,23,0,3,165,-7.91491199548196,-52.5247722429895,24.9194711033562,114.293090717249,0
62,0,0,3,-180,-7.53377356668594,-54.5337735666859,-1.19887348606967e-14,114.533773566686,0
62,1,0,3,-165,-7.53377356668594,-52.1623903975714,-24.7261675420205,113.913264199185,0
62,2,0,3,-150,-7.53377356668594,-45.8337110228927,-45.3513691822599,112.110701097835,0
62,3,0,3,-135,-7.53377356668594,-37.0203212923987,-61.4002884819208,109.289114623194,0
62,4,0,3,-120,-7.53377356668594,-26.8680562933736,-74.2480631486671,105.68245363976,0
62,5,0,3,-105,-7.53377356668594,-16.0854994325268,-85.2777615921234,101.560340893447,0
62,6,4.84363664210214,3,-90,-7.53377356668594,-5.13008021832289,-84.4753572340178,91.690096135395,0
62,7,9.40577872846814,3,-75,-7.53377356668594,5.63766260474242,-74.2050605294122,77.2607087791009,2.07411657849499
62,8,13.4212911437502,3,-60,-7.53377356668594,15.8489990710832,-63.1862221801788,63.0324328208317,6.08636849881988
62,9,16.6568069021658,3,-45,-7.53377356668594,25.0408189041388,-50.6898786626123,49.1907554064139,10.885935148764
62,10,18.9242895884572,3,-30,-7.53377356668594,32.5806515747994,-36.0332787146773,36.1911412555869,15.2728785423651
62,11,20.0919613508612,3,-15,-7.53377356668594,37.6559181569859,-18.9108202582987,25.371126251467,18.1541185328809
62,12,20.0919613508612,3,0,-7.53377356668594,39.4662264333141,0,20.5337735666859,18.8154305071829
62,13,18.9242895884572,3,15,-7.53377356668594,37.6559181569859,18.9108202582987,25.371126251467,17.0990671512859
62,14,16.6568069021658,3,30,-7.53377356668594,32.5806515747994,36.0332787146773,36.1911412555869,13.4429029703485
62,15,13.4212911437502,3,45,-7.53377356668594,25.0408189041388,50.6898786626123,49.1907554064139,8.7713873290173
62,16,9.40577872846814,3,60,-7.53377356668594,15.8489990710832,63.1862221801788,63.0324328208317,4.26538957740116
62,17,4.84363664210214,3,75,-7.53377356668594,5.63766260474242,74.2050605294122,77.2607087791009,1.06809519441311
62,18,2.47862760159976e-15,3,90,-7.53377356668594,-5.13008021832289,84.4753572340178,91.690096135395,0
62,19,0,3,105,-7.53377356668594,-16.0854994325268,85.2777615921234,101.560340893447,0
62,20,0,3,120,-7.53377356668594,-26.8680562933736,74.2480631486671,105.68245363976,0
62,21,0,3,135,-7.53377356668594,-37.0203212923987,61.4002884819208,109.289114623194,0
62,22,0,3,150,-7.53377356668594,-45.8337110228927,45.3513691822599,112.110701097835,0
62,23,0,3,165,-7.53377356668594,-52.1623903975714,24.7261675420205,113.913264199185,0
63,0,0,3,-180,-7.15040271818999,-54.15040271819,-1.18876900481168e-14,114.15040271819,0
63,1,0,3,-165,-7.15040271818999,-51.7975724370638,-24.5348830774163,113.531205174622,0
63,2,0,3,-150,-7.15040271818999,-45.5070238455928,-45.0642681251616,111.732119984611,0
63,3,0,3,-135,-7.15040271818999,-36.7278324206335,-61.0904735140188,108.915031707811,0
63,4,0,3,-120,-7.15040271818999,-26.5977668937515,-73.9436481472381,105.31255346157,0
63,5,0,3,-105,-7.15040271818999,-15.8254401602274,-84.9847972005495,101.193221401551,0
63,6,4.32414566612153,3,-90,-7.15040271818999,-4.86977541862712,-84.7578834674817,91.6045283400107,0
63,7,8.39698770375805,3,-75,-7.15040271818999,5.90761954089572,-74.4786548791098,77.1603308710378,1.86600880192531
63,8,11.9818273378606,3,-60,-7.15040271818999,16.1373910839715,-63.4489860151941,62.9096179284095,5.45646984013369
63,9,14.8703267192569,3,-45,-7.15040271818999,25.355405028515,-50.9320311758859,49.0329657862915,9.74935333924557
63,10,16.8946167631685,3,-30,-7.15040271818999,32.9258856520175,-36.2314858770996,35.9757227538215,13.6722385385852
63,11,17.9370530902379,3,-15,-7.15040271818999,38.0281129731813,-19.0271838252986,25.0621368597033,16.2482603079596
63,12,17.9370530902379,3,0,-7.15040271818999,39.84959728181,0,20.15040271819,16.83915429651
63,13,16.8946167631685,3,15,-7.15040271818999,38.0281129731813,19.0271838252986,25.0621368597033,15.3039704788842
63,14,14.8703267192569,3,30,-7.15040271818999,32.9258856520175,36.2314858770996,35.9757227538215,12.0340494787434
63,15,11.9818273378606,3,45,-7.15040271818999,25.355405028515,50.9320311758859,49.0329657862915,7.85558182896956
63,16,8.39698770375805,3,60,-7.15040271818999,16.1373910839715,63.4489860151941,62.9096179284095,3.82395012559997
63,17,4.32414566612154,3,75,-7.15040271818999,5.90761954089572,74.4786548791098,77.1603308710378,0.960927198950021
63,18,2.21278918988754e-15,3,90,-7.15040271818999,-4.86977541862712,84.7578834674817,91.6045283400107,0
63,19,0,3,105,-7.15040271818999,-15.8254401602274,84.9847972005495,101.193221401551,0
63,20,0,3,120,-7.15040271818999,-26.5977668937515,73.9436481472381,105.31255346157,0
63,21,0,3,135,-7.15040271818999,-36.7278324206335,61.0904735140188,108.915031707811,0
63,22,0,3,150,-7.15040271818999,-45.5070238455928,45.0642681251616,111.732119984611,0
63,23,0,3,165,-7.15040271818999,-51.7975724370638,24.5348830774163,113.531205174622,0
64,0,0,3,-180,-6.76491305105028,-53.7649130510503,-1.17879563783215e-14,113.76491305105,0
64,1,0,3,-165,-6.76491305105028,-51.4304303003687,-24.3456384735705,113.147026909297,0
64,2,0,3,-150,-6.76491305105028,-45.1778143624928,-44.7789245418104,111.351420992525,0
64,3,0,3,-135,-6.76491305105028,-36.4329235744502,-60.7813201142835,108.53883897771,0
64,4,0,3,-120,-6.76491305105028,-26.3253338759047,-73.6389990252831,104.940560109362,0
64,5,0,3,-105,-6.76491305105028,-15.5635483315159,-84.6909733104931,100.8240304924,0
64,6,3.83351197083531,3,-90,-6.76491305105028,-4.60791324999064,-85.041750693807,91.5184187954333,0
64,7,7.44423416017472,3,-75,-6.76491305105028,6.17893347281624,-74.7540304104083,77.0599475207327,1.66699826811847
64,8,10.622324518815,3,-60,-6.76491305105028,16.42705161554,-63.7139745431088,62.7873128106862,4.85753442694585
64,9,13.1830839870003,3,-45,-6.76491305105028,25.6713283811335,-51.1767951460424,48.8761739067406,8.67036343929696
64,10,14.9776905324218,3,-30,-6.76491305105028,33.2727098579279,-36.4323535805964,35.7615645069975,12.1537374661742
64,11,15.9018481457889,3,-15,-6.76491305105028,38.4022480207694,-19.1453886433182,24.7534004833969,14.4407597013586
64,12,15.9018481457889,3,0,-6.76491305105028,40.2350869489497,0,19.7649130510503,14.9650389415512
64,13,14.9776905324218,3,15,-6.76491305105028,38.4022480207694,19.1453886433182,24.7534004833969,13.6015152375414
64,14,13.1830839870003,3,30,-6.76491305105028,33.2727098579279,36.4323535805964,35.7615645069975,10.6974931432649
64,15,10.622324518815,3,45,-6.76491305105028,25.6713283811335,51.1767951460424,48.8761739067406,6.9861812485682
64,16,7.44423416017472,3,60,-6.76491305105028,16.42705161554,63.7139745431088,62.7873128106862,3.40421003437099
64,17,3.83351197083531,3,75,-6.76491305105028,6.17893347281624,74.7540304104083,77.0599475207327,0.858443955240107
64,18,1.96171787523923e-15,3,90,-6.76491305105028,-4.60791324999064,85.041750693807,91.5184187954333,0
64,19,0,3,105,-6.76491305105028,-15.5635483315159,84.6909733104931,100.8240304924,0
64,20,0,3,120,-6.76491305105028,-26.3253338759047,73.6389990252831,104.940560109362,0
64,21,0,3,135,-6.76491305105028,-36.4329235744502,60.7813201142835,108.53883897771,0
64,22,0,3,150,-6.76491305105028,-45.1778143624928,44.7789245418104,111.351420992525,0
64,23,0,3,165,-6.76491305105028,-51.4304303003687,24.3456384735705,113.147026909297,0
65,0,0,3,-180,-6.37741879417479,-53.3774187941748,-1.1689532822642e-14,113.377418794175,0
65,1,0,3,-165,-6.37741879417479,-51.061076823056,-24.1584516556046,112.760843305611,0
65,2,0,3,-150,-6.37741879417479,-44.8461851493662,-44.4954066801761,110.968717149648,0
65,3,0,3,-135,-6.37741879417479,-36.1356840142375,-60.4729207426112,108.160648325651,0
65,4,0,3,-120,-6.37741879417479,-26.0508383580506,-73.3342086046752,104.566584450961,0
65,5,0,3,-105,-6.37741879417479,-15.2999031480632,-84.3963750461363,100.452878435139,0
65,6,3.37188094159612,3,-90,-6.37741879417479,-4.34457596382644,-85.3268833511011,91.431795650746,0
65,7,6.54780041915522,3,-75,-6.37741879417479,6.45151537666132,-75.0311225738131,76.9596022503708,1.47743259830573
65,8,9.34318553663914,3,-60,-6.37741879417479,16.717882373214,-63.9811379146945,62.6655818064791,4.29023452120032
65,9,11.5955786718312,3,-45,-6.37741879417479,25.9884809228399,-51.4241421035206,48.7204758525538,7.64998759422587
65,10,13.17407892283,3,-30,-6.37741879417479,33.6210094481276,-36.6358797459885,35.5488149140036,10.7187003518691
65,11,13.9869495926623,3,-15,-6.37741879417479,38.7782077227592,-19.2654476276477,24.4451154870316,12.7331327775445
65,12,13.9869495926623,3,0,-6.37741879417479,40.6225812058252,0,19.3774187941748,13.1946377803376
65,13,13.17407892283,3,15,-6.37741879417479,38.7782077227592,19.2654476276477,24.4451154870316,11.9931293835682
65,14,11.5955786718312,3,30,-6.37741879417479,33.6210094481276,36.6358797459885,35.5488149140036,9.43440022774537
65,15,9.34318553663914,3,45,-6.37741879417479,25.9884809228399,51.4241421035206,48.7204758525538,6.16400918562803
65,16,6.54780041915522,3,60,-6.37741879417479,16.717882373214,63.9811379146945,62.6655818064791,3.00664043179159
65,17,3.37188094159613,3,75,-6.37741879417479,6.45151537666132,75.0311225738131,76.9596022503708,0.760824475673719
65,18,1.72548805550391e-15,3,90,-6.37741879417479,-4.34457596382644,85.3268833511011,91.431795650746,0
65,19,0,3,105,-6.37741879417479,-15.2999031480632,84.3963750461363,100.452878435139,0
65,20,0,3,120,-6.37741879417479,-26.0508383580506,73.3342086046752,104.566584450961,0
65,21,0,3,135,-6.37741879417479,-36.1356840142375,60.4729207426112,108.160648325651,0
65,22,0,3,150,-6.37741879417479,-44.8461851493662,44.4954066801761,110.968717149648,0
65,23,0,3,165,-6.37741879417479,-51.061076823056,24.1584516556046,112.760843305611,0
66,0,0,3,-180,-5.98803477047457,-52.9880347704746,-1.15924171596699e-14,112.988034770475,0
66,1,0,3,-165,-5.98803477047457,-50.689625687185,-23.9733378728789,112.372768868535,0
66,2,0,3,-150,-5.98803477047457,-44.5122401398539,-44.2137789808755,110.584122106926,0
66,3,0,3,-135,-5.98803477047457,-35.8362045206807,-60.1653650245405,107.780572287254,0
66,4,0,3,-120,-5.98803477047457,-25.7743627903914,-73.029368074093,104.190738006476,0
66,5,0,3,-105,-5.98803477047457,-15.0345848317066,-84.1010867643213,100.079876147079,0
66,6,2.93938936964076,3,-90,-5.98803477047457,-4.07984652772507,-85.6132060339318,91.3446873783161,0
66,7,5.70795211336364,3,-75,-5.98803477047457,6.72527574411256,-75.3098665029032,76.8593382601778,1.29765989085013
66,8,8.14478942781957,3,-60,-5.98803477047457,17.0097846933085,-64.2504256058134,62.5444883603437,3.75523448174419
66,9,10.1082811858356,3,-45,-5.98803477047457,26.3067542087779,-51.6740427922801,48.5659664580201,6.68922899283673
66,10,11.484316383438,3,-30,-5.98803477047457,33.9706691378136,-36.8420618704509,35.3376218943569,9.3684227101379
66,11,12.1929248566266,3,-15,-5.98803477047457,39.1558758902034,-19.387373834116,24.1374841594186,11.126858944964
66,12,12.1929248566266,3,0,-5.98803477047457,41.0119652295254,0,18.9880347704746,11.5294656793805
66,13,11.484316383438,3,15,-5.98803477047457,39.1558758902034,19.387373834116,24.1374841594186,10.4802063475693
66,14,10.1082811858356,3,30,-5.98803477047457,33.9706691378136,36.8420618704509,35.3376218943569,8.24591101986799
66,15,8.14478942781957,3,45,-5.98803477047457,26.3067542087779,51.6740427922801,48.5659664580201,5.38987396368287
66,16,5.70795211336364,3,60,-5.98803477047457,17.0097846933085,64.2504256058134,62.5444883603437,2.63170690736765
66,17,2.93938936964077,3,75,-5.98803477047457,6.72527574411256,75.3098665029032,76.8593382601778,0.668248018346871
66,18,1.50416973067545e-15,3,90,-5.98803477047457,-4.07984652772507,85.6132060339318,91.3446873783161,0
66,19,0,3,105,-5.98803477047457,-15.0345848317066,84.1010867643213,100.079876147079,0
66,20,0,3,120,-5.98803477047457,-25.7743627903914,73.029368074093,104.190738006476,0
66,21,0,3,135,-5.98803477047457,-35.8362045206807,60.1653650245405,107.780572287254,0
66,22,0,3,150,-5.98803477047457,-44.5122401398539,44.2137789808755,110.584122106926,0
66,23,0,3,165,-5.98803477047457,-50.689625687185,23.9733378728789,112.372768868535,0
67,0,0,3,-180,-5.59687636283953,-52.5968763628395,-1.14966060703453e-14,112.59687636284,0
67,1,0,3,-165,-5.59687636283953,-50.31619137148,-23.7903098574764,111.982918671335,0
67,2,0,3,-150,-5.59687636283953,-44.1760845617912,-43.9341022002417,110.197750103325,0
67,3,0,3,-135,-5.59687636283953,-35.5345773405055,-59.8587397890136,107.3987240056,0
67,4,0,3,-120,-5.59687636283953,-25.4959909128521,-72.7245669913677,103.813132912582,0
67,5,0,3,-105,-5.59687636283953,-14.767674587535,-83.8051920510311,99.7051351578916,0
67,6,2.53616541155592,3,-90,-5.59687636283953,-3.81380858789473,-85.9006434915579,91.2571227578613,0
67,7,4.9249381079784,3,-75,-5.59687636283953,7.00012462422482,-75.5901970013032,76.7591983931866,1.12802811241604
67,8,7.02749130298681,3,-60,-5.59687636283953,17.3026595880084,-64.5217863873185,62.4240949580753,3.25318955847318
67,9,8.72163224735718,3,-45,-5.59687636283953,26.6260394372756,-51.9264671201879,48.4127391918251,5.7890700116158
67,10,9.90890362735447,3,-30,-5.59687636283953,34.3215731456742,-37.0508969739557,35.1281327030686,8.10416812153616
67,11,10.5203055459291,3,-15,-5.59687636283953,39.5351357584751,-19.5111804339407,23.8307127540735,9.62337817594534
67,12,10.5203055459291,3,0,-5.59687636283953,41.4031236371605,0,18.5968763628395,9.97099618227575
67,13,9.90890362735447,3,15,-5.59687636283953,39.5351357584751,19.5111804339407,23.8307127540735,9.06410241591582
67,14,8.72163224735718,3,30,-5.59687636283953,34.3215731456742,37.0508969739557,35.1281327030686,7.13313769968159
67,15,7.02749130298681,3,45,-5.59687636283953,26.6260394372756,51.9264671201879,48.4127391918251,4.66456713665489
67,16,4.9249381079784,3,60,-5.59687636283953,17.3026595880084,64.5217863873185,62.4240949580753,2.27986866695836
67,17,2.53616541155593,3,75,-5.59687636283953,7.00012462422482,75.5901970013032,76.7591983931866,0.580893773535484
67,18,1.29782848214991e-15,3,90,-5.59687636283953,-3.81380858789473,85.9006434915579,91.2571227578613,0
67,19,0,3,105,-5.59687636283953,-14.767674587535,83.8051920510311,99.7051351578916,0
67,20,0,3,120,-5.59687636283953,-25.4959909128521,72.7245669913677,103.813132912582,0
67,21,0,3,135,-5.59687636283953,-35.5345773405055,59.8587397890136,107.3987240056,0
67,22,0,3,150,-5.59687636283953,-44.1760845617912,43.9341022002417,110.197750103325,0
67,23,0,3,165,-5.59687636283953,-50.31619137148,23.7903098574764,111.982918671335,0
68,0,0,3,-180,-5.20405947994767,-52.2040594799477,-1.14020952284172e-14,112.204059479948,0
68,1,0,3,-165,-5.20405947994767,-49.9408891018817,-23.6093779778444,111.59140832112,0
68,2,0,3,-150,-5.20405947994767,-43.8378248734245,-43.6564335350961,109.809715930787,0
68,3,0,3,-135,-5.20405947994767,-35.2308961311461,-59.5531291103102,107.015217195601,0
68,4,0,3,-120,-5.20405947994767,-25.2158077115279,-72.4198932890287,103.433881886544,0
68,5,0,3,-105,-5.20405947994767,-14.4992545658941,-83.5087737199203,99.328767573519,0
68,6,2.16232855130267,3,-90,-5.20405947994767,-3.54654643078734,-86.1891206248558,91.1691308599798,0
68,7,4.19899042694811,3,-75,-5.20405947994767,7.27597166593437,-75.8720485287222,76.6592251002052,0.968884489207655
68,8,5.99162224168852,3,-60,-5.20405947994767,17.5964077930313,-64.7951682939311,62.3044630627665,2.78474470221983
68,9,7.4360427504027,3,-45,-5.20405947994767,26.9462274995495,-52.1813841075734,48.2608860415143,4.95047039512606
68,10,8.44830748337911,3,-30,-5.20405947994767,34.6736052385447,-37.2623815427989,34.9204937379811,6.92716586673652
68,11,8.96958729376976,3,-15,-5.20405947994767,39.9158700239188,-19.6368806863878,23.5250115213751,8.22408829541205
68,12,8.96958729376976,3,0,-5.20405947994767,41.7959405200523,0,18.2040594799477,8.52065873042819
68,13,8.44830748337911,3,15,-5.20405947994767,39.9158700239188,19.6368806863878,23.5250115213751,7.74613417702735
68,14,7.4360427504027,3,30,-5.20405947994767,34.6736052385447,37.2623815427989,34.9204937379811,6.09716225711758
68,15,5.99162224168852,3,45,-5.20405947994767,26.9462274995495,52.1813841075734,48.2608860415143,3.98886202270039
68,16,4.19899042694811,3,60,-5.20405947994767,17.5964077930313,64.7951682939311,62.3044630627665,1.9515776987336
68,17,2.16232855130267,3,75,-5.20405947994767,7.27597166593437,75.8720485287222,76.6592251002052,0.498940550205238
68,18,1.10652545329245e-15,3,90,-5.20405947994767,-3.54654643078734,86.1891206248558,91.1691308599798,0
68,19,0,3,105,-5.20405947994767,-14.4992545658941,83.5087737199203,99.328767573519,0
68,20,0,3,120,-5.20405947994767,-25.2158077115279,72.4198932890287,103.433881886544,0
68,21,0,3,135,-5.20405947994767,-35.2308961311461,59.5531291103102,107.015217195601,0
68,22,0,3,150,-5.20405947994767,-43.8378248734245,43.6564335350961,109.809715930787,0
68,23,0,3,165,-5.20405947994767,-49.9408891018817,23.6093779778444,111.59140832112,0
69,0,0,3,-180,-4.80970052191912,-51.8097005219191,-1.13088793863747e-14,111.809700521919,0
69,1,0,3,-165,-4.80970052191912,-49.5638348024932,-23.4305503874553,111.198353924227,0
69,2,0,3,-150,-4.80970052191912,-43.4975686996175,-43.3808267487168,109.420134898992,0
69,3,0,3,-135,-4.80970052191912,-34.9252559044556,-59.2486143538336,106.630166108163,0
69,4,0,3,-120,-4.80970052191912,-24.9338993739276,-72.1154332828983,103.053098190011,0
69,5,0,3,-105,-4.80970052191912,-14.2294078233699,-83.2119138128115,98.9508860398316,0
69,6,1.81798956481076,3,-90,-4.80970052191912,-3.27814494395686,-86.4785624820051,91.0807410291689,0
69,7,3.53032418423791,3,-75,-4.80970052191912,7.55272616118674,-76.155355186129,76.5594604050399,0.820574899592046
69,8,5.03748919428344,3,-60,-4.80970052191912,17.8909298159415,-65.0705185921673,62.185653051542,2.35053339323781
69,9,6.25189364288542,3,-45,-4.80970052191912,27.2672090302136,-52.4387618339946,48.1104973977525,4.17436547719483
69,10,7.10296075767165,3,-30,-4.80970052191912,35.0266487768325,-37.4765114701524,34.7148503396805,5.8386086223469
69,11,7.54122961143387,3,-15,-4.80970052191912,40.2979608808752,-19.7644879091331,23.2205947306667,6.93034234550094
69,12,7.54122961143387,3,0,-4.80970052191912,42.1902994780809,0,17.8097005219191,7.17983596319739
69,13,7.10296075767165,3,15,-4.80970052191912,40.2979608808752,19.7644879091331,23.2205947306667,6.52757603914988
69,14,6.25189364288542,3,30,-4.80970052191912,35.0266487768325,37.4765114701524,34.7148503396805,5.13903446389194
69,15,5.03748919428344,3,45,-4.80970052191912,27.2672090302136,52.4387618339946,48.1104973977525,3.36351227092431
69,16,3.53032418423791,3,60,-4.80970052191912,17.8909298159415,65.0705185921673,62.185653051542,1.64727795216375
69,17,1.81798956481076,3,75,-4.80970052191912,7.55272616118674,76.155355186129,76.5594604050399,0.422566463234313
69,18,9.30317331319183e-16,3,90,-4.80970052191912,-3.27814494395686,86.4785624820051,91.0807410291689,0
69,19,0,3,105,-4.80970052191912,-14.2294078233699,83.2119138128115,98.9508860398316,0
69,20,0,3,120,-4.80970052191912,-24.9338993739276,72.1154332828983,103.053098190011,0
69,21,0,3,135,-4.80970052191912,-34.9252559044556,59.2486143538336,106.630166108163,0
69,22,0,3,150,-4.80970052191912,-43.4975686996175,43.3808267487168,109.420134898992,0
69,23,0,3,165,-4.80970052191912,-49.5638348024932,23.4305503874553,111.198353924227,0
70,0,0,3,-180,-4.41391634582407,-51.4139163458241,-1.12169524569598e-14,111.413916345824,0
70,1,0,3,-165,-4.41391634582407,-49.1851450469339,-23.2538331683802,110.803872051461,0
70,2,0,3,-150,-4.41391634582407,-43.1554247681404,-43.1073322975293,109.029122799963,0
70,3,0,3,-135,-4.41391634582407,-34.6177529695722,-58.9452742254258,106.243685494151,0
70,4,0,3,-120,-4.41391634582407,-24.6503532430987,-71.811271683577,102.670895592582,0
70,5,0,3,-105,-4.41391634582407,-13.9582182828113,-82.9146936020675,98.5716037060451,0
70,6,1.50325048715333,3,-90,-4.41391634582407,-3.00868957619559,-86.7688942530076,90.9919828663616,0
70,7,2.9191375200865,3,-75,-4.41391634582407,7.83029708864493,-76.4400507001342,76.4599458700349,0.683443269417437
70,8,4.1653748909854,3,-60,-4.41391634582407,18.1861259850836,-65.3477837473888,62.0677241530909,1.95117649108224
70,9,5.16953581374192,3,-45,-4.41391634582407,27.5888744585777,-52.6985673832674,47.9616619386255,3.46166444735881
70,10,5.87326210550188,3,-30,-4.41391634582407,35.380586760718,-37.6932819935933,34.5113465841367,4.83965022445192
70,11,6.2356557521292,3,-15,-4.41391634582407,40.6812900590809,-19.8940154462121,22.9176806802188,5.74344603296636
70,12,6.2356557521292,3,0,-4.41391634582407,42.5860836541759,0,17.4139163458241,5.94986110454024
70,13,5.87326210550188,3,15,-4.41391634582407,40.6812900590809,19.8940154462121,22.9176806802188,5.40965782610725
70,14,5.16953581374192,3,30,-4.41391634582407,35.380586760718,37.6932819935933,34.5113465841367,4.25976990501609
70,15,4.1653748909854,3,45,-4.41391634582407,27.5888744585777,52.6985673832674,47.9616619386255,2.78925046456117
70,16,2.9191375200865,3,60,-4.41391634582407,18.1861259850836,65.3477837473888,62.0677241530909,1.36740453200395
70,17,1.50325048715333,3,75,-4.41391634582407,7.83029708864493,76.4400507001342,76.4599458700349,0.351948622024146
70,18,7.69256330499522e-16,3,90,-4.41391634582407,-3.00868957619559,86.7688942530076,90.9919828663616,0
70,19,0,3,105,-4.41391634582407,-13.9582182828113,82.9146936020675,98.5716037060451,0
70,20,0,3,120,-4.41391634582407,-24.6503532430987,71.811271683577,102.670895592582,0
70,21,0,3,135,-4.41391634582407,-34.6177529695722,58.9452742254258,106.243685494151,0
70,22,0,3,150,-4.41391634582407,-43.1554247681404,43.1073322975293,109.029122799963,0
70,23,0,3,165,-4.41391634582407,-49.1851450469339,23.2538331683802,110.803872051461,0
71,0,0,3,-180,-4.01682423105565,-51.0168242310557,-1.11263075903816e-14,111.016824231056,0
71,1,0,3,-165,-4.01682423105565,-48.8049370101147,-23.0792304697057,110.408079703187,0
71,2,0,3,-150,-4.01682423105565,-42.8115028461264,-42.8359974580742,108.636795872516,0
71,3,0,3,-135,-4.01682423105565,-34.3084848750557,-58.6431848238967,105.855890568183,0
71,4,0,3,-120,-4.01682423105565,-24.3652577707211,-71.5074916106661,102.287388335173,0
71,5,0,3,-105,-4.01682423105565,-13.6857706924539,-82.6171935947499,98.191034187918,0
71,6,1.21820458231172,3,-90,-4.01682423105565,-2.73826629699676,-87.0600412631095,90.902886211008,0
71,7,2.36561154229296,3,-75,-4.01682423105565,8.10859315793585,-76.726068406653,76.3607225619854,0.55783097133013
71,8,3.37553775808424,3,-60,-4.01682423105565,18.4818964990998,-65.6269093900604,61.9507343861207,1.58728110862339
71,9,4.18928998895618,3,-45,-4.01682423105565,27.9111140607177,-52.9607667868144,47.8144665142411,2.8132486668996
71,10,4.75957591311951,3,-30,-4.01682423105565,35.7353018771363,-37.9126876295596,34.3101250682888,3.93140350561671
71,11,5.05325258556686,3,-15,-4.01682423105565,41.0657388614452,-20.0254766334425,22.6164916927258,4.66465526600577
71,12,5.05325258556687,3,0,-4.01682423105565,42.9831757689444,0,17.0168242310557,4.8320154429728
71,13,4.75957591311951,3,15,-4.01682423105565,41.0657388614452,20.0254766334425,22.6164916927258,4.39356245727753
71,14,4.18928998895618,3,30,-4.01682423105565,35.7353018771363,37.9126876295596,34.3101250682888,3.46034807496803
71,15,3.37553775808424,3,45,-4.01682423105565,27.9111140607177,52.9607667868144,47.8144665142411,2.26678676411366
71,16,2.36561154229296,3,60,-4.01682423105565,18.4818964990998,65.6269093900604,61.9507343861207,1.11238290919137
71,17,1.21820458231172,3,75,-4.01682423105565,8.10859315793585,76.726068406653,76.3607225619854,0.287262821169312
71,18,6.23390176683994e-16,3,90,-4.01682423105565,-2.73826629699676,87.0600412631095,90.902886211008,0
71,19,0,3,105,-4.01682423105565,-13.6857706924539,82.6171935947499,98.191034187918,0
71,20,0,3,120,-4.01682423105565,-24.3652577707211,71.5074916106661,102.287388335173,0
71,21,0,3,135,-4.01682423105565,-34.3084848750557,58.6431848238967,105.855890568183,0
71,22,0,3,150,-4.01682423105565,-42.8115028461264,42.8359974580742,108.636795872516,0
71,23,0,3,165,-4.01682423105565,-48.8049370101147,23.0792304697057,110.408079703187,0
72,0,0,3,-180,-3.61854184457739,-50.6185418445774,-1.10369372473579e-14,110.618541844577,0
72,1,0,3,-165,-3.61854184457739,-48.4233284204419,-22.906744640754,110.011094274298,0
72,2,0,3,-150,-3.61854184457739,-42.4659136767731,-42.5668664538419,108.243270766561,0
72,3,0,3,-135,-3.61854184457739,-33.9975503503974,-58.3424196964569,105.466896972258,0
72,4,0,3,-120,-3.61854184457739,-24.0787024692544,-71.2041746095615,101.9026910932,0
72,5,0,3,-105,-3.61854184457739,-13.4121505842045,-82.3194935384661,97.8092915307458,0
72,6,0.962936315539321,3,-90,-3.61854184457739,-2.46696155539121,-87.3519289652029,90.813481122734,0
72,7,1.86991027255059,3,-75,-3.61854184457739,8.38752285439265,-77.0133412339255,76.2618310184841,0.444076229381168
72,8,2.66821184136851,3,-60,-3.61854184457739,18.7781414769963,-65.9078402812986,61.8347404988579,1.25943951286003
72,9,3.31144663652151,3,-45,-3.61854184457739,28.2338180123008,-53.2253249654002,47.6689960319013,2.22997003865658
72,10,3.76223218977866,3,-30,-3.61854184457739,36.090676547544,-38.1347221046934,34.1113266888522,3.11493821087528
72,11,3.99437048332346,3,-15,-3.61854184457739,41.4511882022054,-20.1588847611988,22.3172540937366,3.69517378688129
72,12,3.99437048332346,3,0,-3.61854184457739,43.3814581554226,0,16.6185418445774,3.82752591139959
72,13,3.76223218977866,3,15,-3.61854184457739,41.4511882022054,20.1588847611988,22.3172540937366,3.48042371779796
72,14,3.31144663652151,3,30,-3.61854184457739,36.090676547544,38.1347221046934,34.1113266888522,2.74171054338412
72,15,2.66821184136851,3,45,-3.61854184457739,28.2338180123008,53.2253249654002,47.6689960319013,1.7968075938227
72,16,1.86991027255059,3,60,-3.61854184457739,18.7781414769963,65.9078402812986,61.8347404988579,0.882628150523911
72,17,0.962936315539323,3,75,-3.61854184457739,8.38752285439265,77.0133412339255,76.2618310184841,0.228683233851441
72,18,4.92762093162025e-16,3,90,-3.61854184457739,-2.46696155539121,87.3519289652029,90.813481122734,0
72,19,0,3,105,-3.61854184457739,-13.4121505842045,82.3194935384661,97.8092915307458,0
72,20,0,3,120,-3.61854184457739,-24.0787024692544,71.2041746095615,101.9026910932,0
72,21,0,3,135,-3.61854184457739,-33.9975503503974,58.3424196964569,105.466896972258,0
72,22,0,3,150,-3.61854184457739,-42.4659136767731,42.5668664538419,108.243270766561,0
72,23,0,3,165,-3.61854184457739,-48.4233284204419,22.906744640754,110.011094274298,0
73,0,0,3,-180,-3.21918720605607,-50.2191872060561,-1.09488332681191e-14,110.219187206056,0
73,1,0,3,-165,-3.21918720605607,-48.0404375124593,-22.7363763590924,109.613033519067,0
73,2,0,3,-150,-3.21918720605607,-42.1187689163621,-42.2999805815917,107.848664507285,0
73,3,0,3,-135,-3.21918720605607,-33.68504924701,-58.0430498967511,105.076820739238,0
73,4,0,3,-120,-3.21918720605607,-23.790777863222,-70.9014006706625,101.516918939592,0
73,5,0,3,-105,-3.21918720605607,-13.1374442311492,-82.021672428812,97.4264901721713,0
73,6,0.737521328332729,3,-90,-3.21918720605607,-2.19486223820809,-87.6444829312843,90.7237978626064,0
73,7,1.43218059784371,3,-75,-3.21918720605607,8.66699448424833,-77.301801684976,76.1633112147614,0.34251353019801
73,8,2.04360673677268,3,-60,-3.21918720605607,19.074761008719,-66.1905202778024,61.7197979097198,0.968228055119141
73,9,2.53626588036866,3,-45,-3.21918720605607,28.5568764421419,-53.4922056693254,47.5253333421258,1.71264943464481
73,10,2.88152646994899,3,-30,-3.21918720605607,36.4465929764756,-38.3593782840326,33.9150904146946,2.39127899799167
73,11,3.05932321501844,3,-15,-3.21918720605607,41.8375186454623,-20.2942530344163,22.0201981701371,2.83615090642678
73,12,3.05932321501844,3,0,-3.21918720605607,43.7808127939439,0,16.2191872060561,2.93756277306266
73,13,2.88152646994899,3,15,-3.21918720605607,41.8375186454623,20.2942530344163,22.0201981701371,2.67132412473434
73,14,2.53626588036866,3,30,-3.21918720605607,36.4465929764756,38.3593782840326,33.9150904146946,2.10475919492622
73,15,2.04360673677268,3,45,-3.21918720605607,28.5568764421419,53.4922056693254,47.5253333421258,1.37997437471395
73,16,1.43218059784371,3,60,-3.21918720605607,19.074761008719,66.1905202778024,61.7197979097198,0.67854416893314
73,17,0.73752132833273,3,75,-3.21918720605607,8.66699448424833,77.301801684976,76.1633112147614,0.176382108613886
73,18,3.77410787853948e-16,3,90,-3.21918720605607,-2.19486223820809,87.6444829312843,90.7237978626064,0
73,19,0,3,105,-3.21918720605607,-13.1374442311492,82.021672428812,97.4264901721713,0
73,20,0,3,120,-3.21918720605607,-23.790777863222,70.9014006706625,101.516918939592,0
73,21,0,3,135,-3.21918720605607,-33.68504924701,58.0430498967511,105.076820739238,0
73,22,0,3,150,-3.21918720605607,-42.1187689163621,42.2999805815917,107.848664507285,0
73,23,0,3,165,-3.21918720605607,-48.0404375124593,22.7363763590924,109.613033519067,0
74,0,0,3,-180,-2.81887865288982,-49.8188786528898,-1.08619869375098e-14,109.81887865289,0
74,1,0,3,-165,-2.81887865288982,-47.6563829799296,-22.5681247533434,109.214015515889,0
74,2,0,3,-150,-2.81887865288982,-41.7701810716583,-42.0353783368042,107.453094459213,0
74,3,0,3,-135,-2.81887865288982,-33.3710824787937,-57.7451440451944,104.685778256202,0
74,4,0,3,-120,-2.81887865288982,-23.5015754397154,-70.5992482508298,101.130187307655,0
74,5,0,3,-105,-2.81887865288982,-12.8617386043465,-81.7238085183087,97.0427449048281,0
74,6,0.542026416017502,3,-90,-2.81887865288982,-1.92205562780903,-87.9376288430465,90.6338668740369,0
74,7,1.05255222692193,3,-75,-2.81887865288982,8.94691622023555,-77.5913818195909,76.0652025310769,0.253473041976911
74,8,1.50190752826932,3,-60,-2.81887865288982,19.3716552061991,-66.4748922962621,61.6059606492866,0.714206133140451
74,9,1.86397742328545,3,-45,-2.81887865288982,28.8801794864715,-53.7613714171609,47.3835591258199,1.26207518533227
74,10,2.11771972574248,3,-30,-2.81887865288982,36.8029332008918,-38.5866480960226,33.7215530531987,1.7614035270301
74,11,2.24838785533736,3,-15,-2.81887865288982,42.2246104440994,-20.4315945296961,21.7255581055107,2.08867934622642
74,12,2.24838785533736,3,0,-2.81887865288982,44.1811213471102,0,15.8188786528898,2.16323741954524
74,13,2.11771972574248,3,15,-2.81887865288982,42.2246104440994,20.4315945296961,21.7255581055107,1.96729289466425
74,14,1.86397742328545,3,30,-2.81887865288982,36.8029332008918,38.5866480960226,33.7215530531987,1.55035454775696
74,15,1.50190752826932,3,45,-2.81887865288982,28.8801794864715,53.7613714171609,47.3835591258199,1.01692230732676
74,16,1.05255222692193,3,60,-2.81887865288982,19.3716552061991,66.4748922962621,61.6059606492866,0.500522996102514
74,17,0.542026416017503,3,75,-2.81887865288982,8.94691622023555,77.5913818195909,76.0652025310769,0.130529470163754
74,18,2.77370441841009e-16,3,90,-2.81887865288982,-1.92205562780903,87.9376288430465,90.6338668740369,0
74,19,0,3,105,-2.81887865288982,-12.8617386043465,81.7238085183087,97.0427449048281,0
74,20,0,3,120,-2.81887865288982,-23.5015754397154,70.5992482508298,101.130187307655,0
74,21,0,3,135,-2.81887865288982,-33.3710824787937,57.7451440451944,104.685778256202,0
74,22,0,3,150,-2.81887865288982,-41.7701810716583,42.0353783368042,107.453094459213,0
74,23,0,3,165,-2.81887865288982,-47.6563829799296,22.5681247533434,109.214015515889,0
75,0,0,3,-180,-2.41773480514236,-49.4177348051424,-1.07763890463311e-14,109.417734805142,0
75,1,0,3,-165,-2.41773480514236,-47.2712839293614,-22.4019875208281,108.814158631928,0
75,2,0,3,-150,-2.41773480514236,-41.4202634377511,-41.7730955379464,107.056678290175,0
75,3,0,3,-135,-2.41773480514236,-33.0557519623742,-57.4487683913253,104.293886227679,0
75,4,0,3,-120,-2.41773480514236,-23.2111875982,-70.2977942969307,100.742611953804,0
75,5,0,3,-105,-2.41773480514236,-12.5851213289676,-81.4259793267348,96.6581708388359,0
75,6,0.376509507955285,3,-90,-2.41773480514236,-1.64862935934707,-88.2312924816908,90.5437187633613,0
75,7,0.731137651864587,3,-75,-2.41773480514236,9.22719614754542,-77.8820132359034,75.967543720724,0.177280042527823
75,8,1.04327473302475,3,-60,-2.41773480514236,19.6687242548259,-66.7608982773463,61.4932813036987,0.497915187448898
75,9,1.29478047885087,3,-45,-2.41773480514236,29.2036173438861,-54.0327834331139,47.2437517828867,0.879001634246106
75,10,1.47103828958173,3,-30,-2.41773480514236,37.1595791403232,-38.8165224543238,33.5308490111032,1.2262406440023
75,11,1.56180470192872,3,-15,-2.41773480514236,42.6123435790885,-20.5709221493836,21.4335718888959,1.45379319392659
75,12,1.56180470192872,3,0,-2.41773480514236,44.5822651948577,0,15.4177348051423,1.50560028642883
75,13,1.47103828958173,3,15,-2.41773480514236,42.6123435790885,20.5709221493836,21.4335718888959,1.36930401781883
75,14,1.29478047885087,3,30,-2.41773480514236,37.1595791403232,38.8165224543238,33.5308490111032,1.07931415481996
75,15,1.04327473302475,3,45,-2.41773480514236,29.2036173438861,54.0327834331139,47.2437517828867,0.708259207082198
75,16,0.731137651864587,3,60,-2.41773480514236,19.6687242548259,66.7608982773463,61.4932813036987,0.348944079114841
75,17,0.376509507955286,3,75,-2.41773480514236,9.22719614754542,77.8820132359034,75.967543720724,0.0912928248356784
75,18,1.92670699236781e-16,3,90,-2.41773480514236,-1.64862935934707,88.2312924816908,90.5437187633613,0
75,19,0,3,105,-2.41773480514236,-12.5851213289676,81.4259793267348,96.6581708388359,0
75,20,0,3,120,-2.41773480514236,-23.2111875982,70.2977942969307,100.742611953804,0
75,21,0,3,135,-2.41773480514236,-33.0557519623742,57.4487683913253,104.293886227679,0
75,22,0,3,150,-2.41773480514236,-41.4202634377511,41.7730955379464,107.056678290175,0
75,23,0,3,165,-2.41773480514236,-47.2712839293614,22.4019875208281,108.814158631928,0
76,0,0,3,-180,-2.0158745303931,-49.0158745303931,-1.0692029949063e-14,109.015874530393,0
76,1,0,3,-165,-2.0158745303931,-46.8852598339813,-22.2379610400956,108.413581487684,0
76,2,0,3,-150,-2.0158745303931,-41.0691300363883,-41.5131654492564,106.659533935176,0
76,3,0,3,-135,-2.0158745303931,-32.7391605571018,-57.1539868778966,103.901261638794,0
76,4,0,3,-120,-2.0158745303931,-22.919707599702,-69.9971142713095,100.354308920174,0
76,5,0,3,-105,-2.0158745303931,-12.3076806398448,-81.1282616527513,96.2728833641646,0
76,6,0.241019650378085,3,-90,-2.0158745303931,-1.37467137760128,-88.5253997170368,90.4533842801233,0
76,7,0.468032114746979,3,-75,-2.0158745303931,9.50774231009777,-78.1736270516705,75.8703728787046,0.114254357576376
76,8,0.667844253834296,3,-60,-2.0158745303931,19.9658684653028,-67.0484791493726,61.3818109596069,0.3198777343139
76,9,0.828843712403854,3,-45,-2.0158745303931,29.5270803309569,-54.3064015831229,47.1059873225949,0.564147761379766
76,10,0.941673787132813,3,-30,-2.0158745303931,37.51641264781,-39.048991176401,33.3431100503932,0.786668663075948
76,11,0.999777204198559,3,-15,-2.0158745303931,43.0005977991838,-20.7122485724858,21.1444811931629,0.932465976801904
76,12,0.999777204198559,3,0,-2.0158745303931,44.9841254696069,0,15.0158745303931,0.965638891846897
76,13,0.941673787132813,3,15,-2.0158745303931,43.0005977991838,20.7122485724858,21.1444811931629,0.878274443606095
76,14,0.828843712403854,3,30,-2.0158745303931,37.51641264781,39.048991176401,33.3431100503932,0.692411091871759
76,15,0.667844253834296,3,45,-2.0158745303931,29.5270803309569,54.3064015831229,47.1059873225949,0.454564395087527
76,16,0.468032114746979,3,60,-2.0158745303931,19.9658684653028,67.0484791493726,61.3818109596069,0.224173602740248
76,17,0.241019650378085,3,75,-2.0158745303931,9.50774231009777,78.1736270516705,75.8703728787046,0.0588368713375956
76,18,1.23336658402967e-16,3,90,-2.0158745303931,-1.37467137760128,88.5253997170368,90.4533842801233,0
76,19,0,3,105,-2.0158745303931,-12.3076806398448,81.1282616527513,96.2728833641646,0
76,20,0,3,120,-2.0158745303931,-22.919707599702,69.9971142713095,100.354308920174,0
76,21,0,3,135,-2.0158745303931,-32.7391605571018,57.1539868778966,103.901261638794,0
76,22,0,3,150,-2.0158745303931,-41.0691300363883,41.5131654492564,106.659533935176,0
76,23,0,3,165,-2.0158745303931,-46.8852598339813,22.2379610400956,108.413581487684,0
77,0,0,3,-180,-1.6134169085144,-48.6134169085144,-1.06088996181123e-14,108.613416908514,0
77,1,0,3,-165,-1.6134169085144,-46.4984304881518,-22.0760404784053,108.012402921478,0
77,2,0,3,-150,-1.6134169085144,-40.7168955548499,-41.2556189017804,106.2617795602,0
77,3,0,3,-135,-1.6134169085144,-32.4214120048977,-56.860861206434,103.508021718314,0
77,4,0,3,-120,-1.6134169085144,-22.6272295154539,-69.6972821790214,99.9653944971416,0
77,5,0,3,-105,-1.6134169085144,-12.0295053364903,-80.8307315867182,95.8869981128857,0
77,6,0.135596991854812,3,-90,-1.6134169085144,-1.10026989343928,-88.8198764960144,90.3628942971002,0
77,7,0.263313579418033,3,-75,-1.6134169085144,9.78846275707304,-78.4661538853332,75.7737274111347,0.0647098104961533
77,8,0.375727338851396,3,-60,-1.6134169085144,20.2629883258398,-67.3375747917703,61.2715991508027,0.180596437483709
77,9,0.466305191064025,3,-45,-1.6134169085144,29.8504589384628,-54.5821843097927,46.9703392560188,0.318195878664296
77,10,0.529783080522417,3,-30,-1.6134169085144,37.8733155616364,-39.2840428988891,33.1584650398887,0.443513751529203
77,11,0.562471903023991,3,-15,-1.6134169085144,43.3892526610101,-20.8555862022931,20.858531218926,0.525608858337069
77,12,0.562471903023991,3,0,-1.6134169085144,45.3865830914856,0,14.6134169085144,0.544276002805789
77,13,0.529783080522417,3,15,-1.6134169085144,43.3892526610101,20.8555862022931,20.858531218926,0.495062382000983
77,14,0.466305191064025,3,30,-1.6134169085144,37.8733155616364,39.2840428988891,33.1584650398887,0.390372535948884
77,15,0.375727338851397,3,45,-1.6134169085144,29.8504589384628,54.5821843097927,46.9703392560188,0.256387647006921
77,16,0.263313579418033,3,60,-1.6134169085144,20.2629883258398,67.3375747917703,61.2715991508027,0.126563838898048
77,17,0.135596991854812,3,75,-1.6134169085144,9.78846275707304,78.4661538853332,75.7737274111347,0.0333232173827356
77,18,6.93888645122168e-17,3,90,-1.6134169085144,-1.10026989343928,88.8198764960144,90.3628942971002,0
77,19,0,3,105,-1.6134169085144,-12.0295053364903,80.8307315867182,95.8869981128857,0
77,20,0,3,120,-1.6134169085144,-22.6272295154539,69.6972821790214,99.9653944971416,0
77,21,0,3,135,-1.6134169085144,-32.4214120048977,56.860861206434,103.508021718314,0
77,22,0,3,150,-1.6134169085144,-40.7168955548499,41.2556189017804,106.2617795602,0
77,23,0,3,165,-1.6134169085144,-46.4984304881518,22.0760404784053,108.012402921478,0
78,0,0,3,-180,-1.21048119638529,-48.2104811963853,-1.05269876947286e-14,108.210481196385,0
78,1,0,3,-165,-1.21048119638529,-46.1109159622334,-21.9162198942474,107.610741953887,0
78,2,0,3,-150,-1.21048119638529,-40.3636752854048,-41.0004844124274,105.863533525941,0
78,3,0,3,-135,-1.21048119638529,-32.1026108700286,-56.569450904005,103.114283901632,0
78,4,0,3,-120,-1.21048119638529,-22.3338481750759,-69.398370596668,99.5759851857544,0
78,5,0,3,-105,-1.21048119638529,-11.7506847376461,-80.5334645245964,95.5006309213278,0
78,6,0.0602727713943934,3,-90,-1.21048119638529,-0.825513339959584,-89.1146488306293,90.2722797901078,0
78,7,0.117042708397955,3,-75,-1.21048119638529,10.0692655896562,-78.7595238369518,75.6776440054378,0.0289536846097578
78,8,0.167010548622361,3,-60,-1.21048119638529,20.5599845546337,-67.6281239984534,61.1626938066525,0.0805532207647747
78,9,0.207272342819481,3,-45,-1.21048119638529,30.1736438882177,-54.8600885662848,46.8368784908724,0.141790400547796
78,10,0.235488221856243,3,-30,-1.21048119638529,38.2301697578609,-39.5216649897378,32.9770397032631,0.197548421323602
78,11,0.25001838140358,3,-15,-1.21048119638529,43.7781875695475,-21.0009471105692,20.5759704996296,0.234068962212225
78,12,0.25001838140358,3,0,-1.21048119638529,45.7895188036147,0,14.2104811963853,0.24236793375469
78,13,0.235488221856243,3,15,-1.21048119638529,43.7781875695475,21.0009471105692,20.5759704996296,0.22046572493451
78,14,0.207272342819481,3,30,-1.21048119638529,38.2301697578609,39.5216649897378,32.9770397032631,0.173878437678421
78,15,0.167010548622362,3,45,-1.21048119638529,30.1736438882177,54.8600885662848,46.8368784908724,0.114248202450705
78,16,0.117042708397955,3,60,-1.21048119638529,20.5599845546337,67.6281239984534,61.1626938066525,0.0564525247432501
78,17,0.0602727713943935,3,75,-1.21048119638529,10.0692655896562,78.7595238369518,75.6776440054378,0.0149101027940652
78,18,3.08433034601495e-17,3,90,-1.21048119638529,-0.825513339959584,89.1146488306293,90.2722797901078,0
78,19,0,3,105,-1.21048119638529,-11.7506847376461,80.5334645245964,95.5006309213278,0
78,20,0,3,120,-1.21048119638529,-22.3338481750759,69.398370596668,99.5759851857544,0
78,21,0,3,135,-1.21048119638529,-32.1026108700286,56.569450904005,103.114283901632,0
78,22,0,3,150,-1.21048119638529,-40.3636752854048,41.0004844124274,105.863533525941,0
78,23,0,3,165,-1.21048119638529,-46.1109159622334,21.9162198942474,107.610741953887,0
79,0,0,3,-180,-0.807186792553389,-47.8071867925534,-1.04462835367287e-14,107.807186792553,0
79,1,0,3,-165,-0.807186792553389,-45.7228365578895,-21.7584923349947,107.208717752121,0
79,2,0,3,-150,-0.807186792553389,-40.0095850653873,-40.7477883008237,105.464914351497,0
79,3,0,3,-135,-0.807186792553389,-31.7828624788866,-56.2798133909481,102.720165793702,0
79,4,0,3,-120,-0.807186792553389,-22.0396591143673,-69.1004507026783,99.1861976601009,0
79,5,0,3,-105,-0.807186792553389,-11.4713086354257,-80.2365351828345,95.113897792155,0
79,6,0.0150693091889821,3,-90,-0.807186792553389,-0.550490328367039,-89.4096427854825,90.1815718176174,0
79,7,0.0292628449026108,3,-75,-0.807186792553389,10.3500590079404,-79.0536664691105,75.5821586013839,0.0072861991586514
79,8,0.0417557304366131,3,-60,-0.807186792553389,20.8567581525865,-67.9200644412186,61.055141202461,0.0202084233914052
79,9,0.0518219246935441,3,-45,-0.807186792553389,30.4965261904538,-55.1400697492941,46.7056732290673,0.035536692497428
79,10,0.0588764170523183,3,-30,-0.807186792553389,38.5868572036368,-39.7618434571523,32.7989563643032,0.0494901308418652
79,11,0.0625092260590802,3,-15,-0.807186792553389,44.167281819017,-21.1483429781687,20.2970506631816,0.0586278276899381
79,12,0.0625092260590802,3,0,-0.807186792553389,46.1928132074466,0,13.8071867925534,0.0607029814821831
79,13,0.0588764170523183,3,15,-0.807186792553389,44.167281819017,21.1483429781687,20.2970506631816,0.0552205914480817
79,14,0.0518219246935441,3,30,-0.807186792553389,38.5868572036368,39.7618434571523,32.7989563643032,0.0435602905537166
79,15,0.0417557304366131,3,45,-0.807186792553389,30.4965261904538,55.1400697492941,46.7056732290673,0.0286338371510982
79,16,0.0292628449026108,3,60,-0.807186792553389,20.8567581525865,67.9200644412186,61.055141202461,0.014162270740939
79,17,0.0150693091889821,3,75,-0.807186792553389,10.3500590079404,79.0536664691105,75.5821586013839,0.00375212964766878
79,18,7.71139712838605e-18,3,90,-0.807186792553389,-0.550490328367039,89.4096427854825,90.1815718176174,0
79,19,0,3,105,-0.807186792553389,-11.4713086354257,80.2365351828345,95.113897792155,0
79,20,0,3,120,-0.807186792553389,-22.0396591143673,69.1004507026783,99.1861976601009,0
79,21,0,3,135,-0.807186792553389,-31.7828624788866,56.2798133909481,102.720165793702,0
79,22,0,3,150,-0.807186792553389,-40.0095850653873,40.7477883008237,105.464914351497,0
79,23,0,3,165,-0.807186792553389,-45.7228365578895,21.7584923349947,107.208717752121,0
80,0,0,3,-180,-0.403653201854317,-47.4036532018543,-1.03667762631722e-14,107.403653201854,0
80,1,0,3,-165,-0.403653201854317,-45.3343127638312,-21.6028499297937,106.806449594356,0
80,2,0,3,-150,-0.403653201854317,-39.6547412179259,-40.4975548037816,105.066040678012,0
80,3,0,3,-135,-0.403653201854317,-31.4622728598466,-55.9920040493268,102.325785131918,0
80,4,0,3,-120,-0.403653201854317,-21.7447585227794,-68.8035923088762,98.7961487296279,0
80,5,0,3,-105,-0.403653201854317,-11.1914672491085,-79.9400176141336,94.7269148563836,0
80,6,0,3,-90,-0.403653201854317,-0.275289603633849,-89.7047844649347,90.090801500224,0
80,7,0,3,-75,-0.403653201854317,10.6307513579381,-79.3485107878873,75.4873063630313,0
80,8,0,3,-60,-0.403653201854317,21.1532104562067,-68.2133326332967,60.9489859118851,0
80,9,0,3,-45,-0.403653201854317,30.8189972017225,-55.422081631248,46.5767888673221,0
80,10,0,3,-30,-0.403653201854317,38.9432600113196,-40.0045628553558,32.6243336903052,0
80,11,0,3,-15,-0.403653201854317,44.5564146341718,-21.2977850319455,20.0220261452884,0
80,12,0,3,0,-0.403653201854317,46.5963467981457,0,13.4036532018543,0
80,13,0,3,15,-0.403653201854317,44.5564146341718,21.2977850319455,20.0220261452884,0
80,14,0,3,30,-0.403653201854317,38.9432600113196,40.0045628553558,32.6243336903052,0
80,15,0,3,45,-0.403653201854317,30.8189972017225,55.422081631248,46.5767888673221,0
80,16,0,3,60,-0.403653201854317,21.1532104562067,68.2133326332967,60.9489859118851,0
80,17,0,3,75,-0.403653201854317,10.6307513579381,79.3485107878873,75.4873063630313,0
80,18,0,3,90,-0.403653201854317,-0.275289603633849,89.7047844649347,90.090801500224,0
80,19,0,3,105,-0.403653201854317,-11.1914672491085,79.9400176141336,94.7269148563836,0
80,20,0,3,120,-0.403653201854317,-21.7447585227794,68.8035923088762,98.7961487296279,0
80,21,0,3,135,-0.403653201854317,-31.4622728598466,55.9920040493268,102.325785131918,0
80,22,0,3,150,-0.403653201854317,-39.6547412179259,40.4975548037816,105.066040678012,0
80,23,0,3,165,-0.403653201854317,-45.3343127638312,21.6028499297937,106.806449594356,0
81,0,0,3,-180,-5.74359348800109e-15,-47,-1.02884547961257e-14,107,0
81,1,0,3,-165,-5.74359348800109e-15,-44.9454652119981,-21.4492839778094,106.404056834048,0
81,2,0,3,-150,-5.74359348800109e-15,-39.299260493353,-40.2498061872148,104.667031232305,0
81,3,0,3,-135,-5.74359348800109e-15,-31.1409486832706,-55.7060762918787,101.931259748986,0
81,4,0,3,-120,-5.74359348800109e-15,-21.4492431906414,-68.5078638931822,98.4059553014273,0
81,5,0,3,-105,-5.74359348800109e-15,-10.9112511786459,-79.6439852239863,94.339798335357,0
81,6,0.0150693091889821,3,-90,-5.74359348800109e-15,-1.35127318034782e-15,-90,90,9.22729063182436e-19
81,7,0.0292628449026108,3,-75,-5.74359348800109e-15,10.9112511786459,-79.6439852239863,75.3931216516251,0.00737966604358714
81,8,0.0417557304366131,3,-60,-5.74359348800109e-15,21.4492431906414,-68.5078638931822,60.8442707615184,0.0203427668853388
81,9,0.0518219246935441,3,-45,-5.74359348800109e-15,31.1409486832706,-55.7060762918787,46.4502879011583,0.0357044603901366
81,10,0.0588764170523183,3,-30,-5.74359348800109e-15,39.299260493353,-40.2498061872148,32.4532864345793,0.0496816415952411
81,11,0.0625092260590802,3,-15,-5.74359348800109e-15,44.9454652119981,-21.4492839778094,19.7511538494761,0.0588317589039236
81,12,0.0625092260590802,3,0,-5.74359348800109e-15,47,0,13,0.0609071186448609
81,13,0.0588764170523183,3,15,-5.74359348800109e-15,44.9454652119981,21.4492839778094,19.7511538494761,0.0554126709211702
81,14,0.0518219246935441,3,30,-5.74359348800109e-15,39.299260493353,40.2498061872148,32.4532864345793,0.0437288547486239
81,15,0.0417557304366131,3,45,-5.74359348800109e-15,31.1409486832706,55.7060762918787,46.4502879011583,0.0287690168254404
81,16,0.0292628449026108,3,60,-5.74359348800109e-15,21.4492431906414,68.5078638931822,60.8442707615184,0.0142564200417786
81,17,0.0150693091889821,3,75,-5.74359348800109e-15,10.9112511786459,79.6439852239863,75.3931216516251,0.00380026172070253
81,18,7.71139712838605e-18,3,90,-5.74359348800109e-15,-1.35127318034782e-15,90,90,4.72186890511603e-34
81,19,0,3,105,-5.74359348800109e-15,-10.9112511786459,79.6439852239863,94.339798335357,0
81,20,0,3,120,-5.74359348800109e-15,-21.4492431906414,68.5078638931822,98.4059553014273,0
81,21,0,3,135,-5.74359348800109e-15,-31.1409486832706,55.7060762918787,101.931259748986,0
81,22,0,3,150,-5.74359348800109e-15,-39.299260493353,40.2498061872148,104.667031232305,0
81,23,0,3,165,-5.74359348800109e-15,-44.9454652119981,21.4492839778094,106.404056834048,0
82,0,0,3,-180,0.403653201854305,-46.5963467981457,-1.02113078996497e-14,106.596346798146,0
82,1,0,3,-165,0.403653201854305,-44.5564146341718,-21.2977850319455,106.001658864223,0
82,2,0,3,-150,0.403653201854305,-38.9432600113196,-40.0045628553558,104.268004790481,0
82,3,0,3,-135,0.403653201854305,-30.8189972017225,-55.422081631248,101.536707535767,0
82,4,0,3,-120,0.403653201854305,-21.1532104562067,-68.2133326332967,98.0157343425036,0
82,5,0,3,-105,0.403653201854305,-10.6307513579381,-79.3485107878873,93.9526645026932,0
82,6,0.0602727713943934,3,-90,0.403653201854305,0.275289603633846,-89.7047844649347,89.6139847962697,0.000406068829451305
82,7,0.117042708397955,3,-75,0.403653201854305,11.1914672491085,-79.9400176141336,75.2996379995088,0.0297012323936107
82,8,0.167010548622361,3,-60,0.403653201854305,21.7447585227794,-68.8035923088762,60.7410367877618,0.0816276960743026
82,9,0.207272342819481,3,-45,0.403653201854305,31.4622728598466,-55.9920040493268,46.326229832611,0.143132199580658
82,10,0.235488221856243,3,-30,0.403653201854305,39.6547412179259,-40.4975548037816,32.2859251791139,0.199080111394274
82,11,0.25001838140358,3,-15,0.403653201854305,45.3343127638312,-21.6028499297937,19.4846927486837,0.235699988196513
82,12,0.25001838140358,3,0,0.403653201854305,47.4036532018543,0,12.5963467981457,0.244000606189355
82,13,0.235488221856243,3,15,0.403653201854305,45.3343127638312,21.6028499297937,19.4846927486837,0.222001961617129
82,14,0.207272342819481,3,30,0.403653201854305,39.6547412179259,40.4975548037816,32.2859251791139,0.175226602724295
82,15,0.167010548622362,3,45,0.403653201854305,31.4622728598466,55.9920040493268,46.326229832611,0.115329362578346
82,16,0.117042708397955,3,60,0.403653201854305,21.7447585227794,68.8035923088762,60.7410367877618,0.0572055280796935
82,17,0.0602727713943935,3,75,0.403653201854305,11.1914672491085,79.9400176141336,75.2996379995088,0.0152950629278426
82,18,3.08433034601495e-17,3,90,0.403653201854305,0.275289603633846,89.7047844649347,89.6139847962697,2.07797050686794e-19
82,19,0,3,105,0.403653201854305,-10.6307513579381,79.3485107878873,93.9526645026932,0
82,20,0,3,120,0.403653201854305,-21.1532104562067,68.2133326332967,98.0157343425036,0
82,21,0,3,135,0.403653201854305,-30.8189972017225,55.422081631248,101.536707535767,0
82,22,0,3,150,0.403653201854305,-38.9432600113196,40.0045628553558,104.268004790481,0
82,23,0,3,165,0.403653201854305,-44.5564146341718,21.2977850319455,106.001658864223,0
83,0,0,3,-180,0.807186792553378,-46.1928132074466,-1.01353242161436e-14,106.192813207447,0
83,1,0,3,-165,0.807186792553378,-44.167281819017,-21.1483429781687,105.599375081764,0
83,2,0,3,-150,0.807186792553378,-38.5868572036368,-39.7618434571523,103.869080141547,0
83,3,0,3,-135,0.807186792553378,-30.4965261904538,-55.1400697492941,101.14224640414,0
83,4,0,3,-120,0.807186792553378,-20.8567581525864,-67.9200644412186,97.6256028420426,0
83,5,0,3,-105,0.807186792553378,-10.3500590079404,-79.0536664691105,93.565629646225,0
83,6,0.135596991854812,3,-90,0.807186792553378,0.550490328367037,-89.4096427854825,89.2280856141799,0.00182676810124783
83,7,0.263313579418033,3,-75,0.807186792553378,11.4713086354257,-80.2365351828345,75.2068880850998,0.0672317311089232
83,8,0.375727338851396,3,-60,0.807186792553378,22.0396591143674,-69.1004507026782,60.639323196096,0.184221258605472
83,9,0.466305191064025,3,-45,0.807186792553378,31.7828624788866,-56.2798133909481,46.204671081986,0.322722515508768
83,10,0.529783080522417,3,-30,0.807186792553378,40.0095850653872,-40.7477883008237,32.1223560785216,0.448680979101079
83,11,0.562471903023991,3,-15,0.807186792553378,45.7228365578895,-21.7584923349947,19.2229034233118,0.531111188468458
83,12,0.562471903023991,3,0,0.807186792553378,47.8071867925534,0,12.1928132074466,0.54978388330375
83,13,0.529783080522417,3,15,0.807186792553378,45.7228365578895,21.7584923349947,19.2229034233118,0.500244936705292
83,14,0.466305191064025,3,30,0.807186792553378,40.0095850653872,40.7477883008237,32.1223560785216,0.394920633328284
83,15,0.375727338851397,3,45,0.807186792553378,31.7828624788866,56.2798133909481,46.204671081986,0.260035003390921
83,16,0.263313579418033,3,60,0.807186792553378,22.0396591143674,69.1004507026782,60.639323196096,0.12910415078283
83,17,0.135596991854812,3,75,0.807186792553378,11.4713086354257,80.2365351828345,75.2068880850998,0.0346219154960043
83,18,6.93888645122168e-17,3,90,0.807186792553378,0.550490328367037,89.4096427854825,89.2280856141799,9.34809559849592e-19
83,19,0,3,105,0.807186792553378,-10.3500590079404,79.0536664691105,93.565629646225,0
83,20,0,3,120,0.807186792553378,-20.8567581525864,67.9200644412186,97.6256028420426,0
83,21,0,3,135,0.807186792553378,-30.4965261904538,55.1400697492941,101.14224640414,0
83,22,0,3,150,0.807186792553378,-38.5868572036368,39.7618434571523,103.869080141547,0
83,23,0,3,165,0.807186792553378,-44.167281819017,21.1483429781687,105.599375081764,0
84,0,0,3,-180,1.21048119638528,-45.7895188036147,-1.0060492300175e-14,105.789518803615,0
84,1,0,3,-165,1.21048119638528,-43.7781875695475,-21.0009471105692,105.197324851694,0
84,2,0,3,-150,1.21048119638528,-38.2301697578609,-39.5216649897378,103.470376051029,0
84,3,0,3,-135,1.21048119638528,-30.1736438882177,-54.8600885662848,100.747994249865,0
84,4,0,3,-120,1.21048119638528,-20.5599845546337,-67.6281239984534,97.2356777736939,0
84,5,0,3,-105,1.21048119638528,-10.0692655896562,-78.7595238369518,93.1788100299474,0
84,6,0.241019650378085,3,-90,1.21048119638528,0.825513339959581,-89.1146488306293,88.8424184372133,0.00486913566182583
84,7,0.468032114746979,3,-75,1.21048119638528,11.7506847376461,-80.5334645245964,75.114903708981,0.12022875044123
84,8,0.667844253834296,3,-60,1.21048119638528,22.3338481750759,-69.398370596668,60.5391673228619,0.328464818251791
84,9,0.828843712403854,3,-45,1.21048119638528,32.1026108700286,-56.5694509040049,46.0856649039878,0.574871149844927
84,10,0.941673787132813,3,-30,1.21048119638528,40.3636752854047,-41.0004844124274,31.9626806064595,0.798909521971816
84,11,0.999777204198559,3,-15,1.21048119638528,46.1109159622334,-21.9162198942474,18.9660475307113,0.945500635013101
84,12,0.999777204198559,3,0,1.21048119638528,48.2104811963853,0,11.7895188036147,0.978686685254165
84,13,0.941673787132813,3,15,1.21048119638528,46.1109159622334,21.9162198942474,18.9660475307113,0.890551574861112
84,14,0.828843712403854,3,30,1.21048119638528,40.3636752854047,41.0004844124274,31.9626806064595,0.703185267673291
84,15,0.667844253834296,3,45,1.21048119638528,32.1026108700286,56.5694509040049,46.0856649039878,0.463204809753063
84,16,0.468032114746979,3,60,1.21048119638528,22.3338481750759,69.398370596668,60.5391673228619,0.230191519390555
84,17,0.241019650378085,3,75,1.21048119638528,11.7506847376461,80.5334645245964,75.114903708981,0.0619134680798661
84,18,1.23336658402967e-16,3,90,1.21048119638528,0.825513339959581,89.1146488306293,88.8424184372133,2.49167618033738e-18
84,19,0,3,105,1.21048119638528,-10.0692655896562,78.7595238369518,93.1788100299474,0
84,20,0,3,120,1.21048119638528,-20.5599845546337,67.6281239984534,97.2356777736939,0
84,21,0,3,135,1.21048119638528,-30.1736438882177,54.8600885662848,100.747994249865,0
84,22,0,3,150,1.21048119638528,-38.2301697578609,39.5216649897378,103.470376051029,0
84,23,0,3,165,1.21048119638528,-43.7781875695475,21.0009471105692,105.197324851694,0
85,0,0,3,-180,1.61341690851441,-45.3865830914856,-9.98680064992037e-15,105.386583091486,0
85,1,0,3,-165,1.61341690851441,-43.3892526610101,-20.8555862022931,104.795627471486,0
85,2,0,3,-150,1.61341690851441,-37.8733155616363,-39.2840428988891,103.072011224632,0
85,3,0,3,-135,1.61341690851441,-29.8504589384627,-54.5821843097926,100.354068915492,0
85,4,0,3,-120,1.61341690851441,-20.2629883258397,-67.3375747917703,96.846076057884,0
85,5,0,3,-105,1.61341690851441,-9.78846275707303,-78.4661538853332,92.792321855991,0
85,6,0.376509507955285,3,-90,1.61341690851441,1.10026989343929,-88.8198764960141,88.4570991725527,0.0101376860518811
85,7,0.731137651864587,3,-75,1.61341690851441,12.0295053364904,-80.8307315867182,75.0237157711579,0.188940013354102
85,8,1.04327473302475,3,-60,1.61341690851441,22.6272295154539,-69.6972821790214,60.4406045996574,0.514674076768465
85,9,1.29478047885087,3,-45,1.61341690851441,32.4214120048977,-56.860861206434,45.9692613085371,0.899929649239875
85,10,1.47103828958173,3,-30,1.61341690851441,40.7168955548499,-41.2556189017804,31.8069953057755,1.2501300424669
85,11,1.56180470192872,3,-15,1.61341690851441,46.4984304881518,-22.0760404784053,18.7143872013474,1.47923168231393
85,12,1.56180470192872,3,0,1.61341690851441,48.6134169085144,0,11.3865830914856,1.53106437626022
85,13,1.47103828958173,3,15,1.61341690851441,46.4984304881518,22.0760404784053,18.7143872013474,1.39326411372624
85,14,1.29478047885087,3,30,1.61341690851441,40.7168955548499,41.2556189017804,31.8069953057755,1.10034115799351
85,15,1.04327473302475,3,45,1.61341690851441,32.4214120048977,56.860861206434,45.9692613085371,0.725122041834495
85,16,0.731137651864587,3,60,1.61341690851441,22.6272295154539,69.6972821790214,60.4406045996574,0.360688880936545
85,17,0.376509507955286,3,75,1.61341690851441,12.0295053364904,80.8307315867182,75.0237157711579,0.0972972890667014
85,18,1.92670699236781e-16,3,90,1.61341690851441,1.10026989343929,88.8198764960141,88.4570991725527,5.18774431717903e-18
85,19,0,3,105,1.61341690851441,-9.78846275707303,78.4661538853332,92.792321855991,0
85,20,0,3,120,1.61341690851441,-20.2629883258397,67.3375747917703,96.846076057884,0
85,21,0,3,135,1.61341690851441,-29.8504589384627,54.5821843097926,100.354068915492,0
85,22,0,3,150,1.61341690851441,-37.8733155616363,39.2840428988891,103.072011224632,0
85,23,0,3,165,1.61341690851441,-43.3892526610101,20.8555862022931,104.795627471486,0
86,0,0,3,-180,2.01587453039311,-44.9841254696069,-9.91423773633814e-15,104.984125469607,0
86,1,0,3,-165,2.01587453039311,-43.0005977991838,-20.7122485724858,104.394402135389,0
86,2,0,3,-150,2.01587453039311,-37.51641264781,-39.048991176401,102.674104271915,0
86,3,0,3,-135,2.01587453039311,-29.5270803309569,-54.3064015831229,99.9605881533038,0
86,4,0,3,-120,2.01587453039311,-19.9658684653028,-67.0484791493726,96.4569145241771,0
86,5,0,3,-105,2.01587453039311,-9.50774231009777,-78.1736270516705,92.4062812266372,0
86,6,0.542026416017502,3,-90,2.01587453039311,1.37467137760129,-88.5253997170368,88.072243612978,0.0182334154956941
86,7,1.05255222692193,3,-75,2.01587453039311,12.3076806398448,-81.1282616527513,74.9333542495285,0.273602976066585
86,8,1.50190752826932,3,-60,2.01587453039311,22.9197075997021,-69.9971142713095,60.3436685204483,0.74313857159003
86,9,1.86397742328545,3,-45,2.01587453039311,32.7391605571018,-57.1539868778966,45.8555069865904,1.29820481711002
86,10,2.11771972574248,3,-30,2.01587453039311,41.0691300363884,-41.5131654492564,31.6553915436866,1.802645310949
86,11,2.24838785533736,3,-15,2.01587453039311,46.8852598339813,-22.2379610400955,18.4681843572777,2.13259521609863
86,12,2.24838785533736,3,0,2.01587453039311,49.0158745303931,0,10.9841254696069,2.20719741646895
86,13,2.11771972574248,3,15,2.01587453039311,46.8852598339813,22.2379610400955,18.4681843572777,2.00865653380718
86,14,1.86397742328545,3,30,2.01587453039311,41.0691300363884,41.5131654492564,31.6553915436866,1.58665479711781
86,15,1.50190752826932,3,45,2.01587453039311,32.7391605571018,57.1539868778966,45.8555069865904,1.04603390775857
86,16,1.05255222692193,3,60,2.01587453039311,22.9197075997021,69.9971142713095,60.3436685204483,0.520799146229732
86,17,0.542026416017503,3,75,2.01587453039311,12.3076806398448,81.1282616527513,74.9333542495285,0.140895659840824
86,18,2.77370441841009e-16,3,90,2.01587453039311,1.37467137760129,88.5253997170368,88.072243612978,9.3305609521217e-18
86,19,0,3,105,2.01587453039311,-9.50774231009777,78.1736270516705,92.4062812266372,0
86,20,0,3,120,2.01587453039311,-19.9658684653028,67.0484791493726,96.4569145241771,0
86,21,0,3,135,2.01587453039311,-29.5270803309569,54.3064015831229,99.9605881533038,0
86,22,0,3,150,2.01587453039311,-37.51641264781,39.048991176401,102.674104271915,0
86,23,0,3,165,2.01587453039311,-43.0005977991838,20.7122485724858,104.394402135389,0
87,0,0,3,-180,2.41773480514235,-44.5822651948577,-9.84279203019075e-15,104.582265194858,0
87,1,0,3,-165,2.41773480514235,-42.6123435790885,-20.5709221493836,103.993767898797,0
87,2,0,3,-150,2.41773480514235,-37.1595791403232,-38.8165224543238,102.276773670036,0
87,3,0,3,-135,2.41773480514235,-29.2036173438861,-54.0327834331139,99.5676695883255,0
87,4,0,3,-120,2.41773480514235,-19.6687242548259,-66.7608982773464,96.0683098736953,0
87,5,0,3,-105,2.41773480514235,-9.22719614754544,-77.8820132359034,92.0208041063929,0
87,6,0.737521328332729,3,-90,2.41773480514235,1.64862935934707,-88.2312924816908,87.6879673988097,0.0297528132604793
87,7,1.43218059784371,3,-75,2.41773480514235,12.5851213289676,-81.4259793267348,74.843848179611,0.374444447303948
87,8,2.04360673677268,3,-60,2.41773480514235,23.2111875982001,-70.2977942969306,60.2483906114901,1.01412122673963
87,9,2.53626588036866,3,-45,2.41773480514235,33.0557519623742,-57.4487683913253,45.7444452412624,1.76995825668338
87,10,2.88152646994899,3,-30,2.41773480514235,41.4202634377511,-41.7730955379464,31.5079552733401,2.45669613405153
87,11,3.05932321501844,3,-15,2.41773480514235,47.2712839293614,-22.4019875208281,18.2276999491789,2.90580925349195
87,12,3.05932321501844,3,0,2.41773480514235,49.4177348051424,0,10.5822651948577,3.00729098203265
87,13,2.88152646994899,3,15,2.41773480514235,47.2712839293614,22.4019875208281,18.2276999491789,2.73693418186587
87,14,2.53626588036866,3,30,2.41773480514235,41.4202634377511,41.7730955379464,31.5079552733401,2.16233813855571
87,15,2.04360673677268,3,45,2.41773480514235,33.0557519623742,57.4487683913253,45.7444452412624,1.42615119540969
87,16,1.43218059784371,3,60,2.41773480514235,23.2111875982001,70.2977942969306,60.2483906114901,0.710706575126895
87,17,0.73752132833273,3,75,2.41773480514235,12.5851213289676,81.4259793267348,74.843848179611,0.192825378711463
87,18,3.77410787853948e-16,3,90,2.41773480514235,1.64862935934707,88.2312924816908,87.6879673988097,1.52253667278934e-17
87,19,0,3,105,2.41773480514235,-9.22719614754544,77.8820132359034,92.0208041063929,0
87,20,0,3,120,2.41773480514235,-19.6687242548259,66.7608982773464,96.0683098736953,0
87,21,0,3,135,2.41773480514235,-29.2036173438861,54.0327834331139,99.5676695883255,0
87,22,0,3,150,2.41773480514235,-37.1595791403232,38.8165224543238,102.276773670036,0
87,23,0,3,165,2.41773480514235,-42.6123435790885,20.5709221493836,103.993767898797,0
88,0,0,3,-180,2.81887865288981,-44.1811213471102,-9.77245202703001e-15,104.18112134711,0
88,1,0,3,-165,2.81887865288981,-42.2246104440995,-20.4315945296961,103.593843642662,0
88,2,0,3,-150,2.81887865288981,-36.8029332008918,-38.5866480960226,101.880137727541,0
88,3,0,3,-135,2.81887865288981,-28.8801794864715,-53.761371417161,99.1754306813986,0
88,4,0,3,-120,2.81887865288981,-19.3716552061991,-66.4748922962621,95.6803786416184,0
88,5,0,3,-105,2.81887865288981,-8.94691622023556,-77.5913818195909,91.6360062841402,0
88,6,0.962936315539321,3,-90,2.81887865288981,1.92205562780902,-87.9376288430465,87.3043859799286,0.0452868812084273
88,7,1.86991027255059,3,-75,2.81887865288981,12.8617386043465,-81.7238085183087,74.755225635574,0.491680228874863
88,8,2.66821184136851,3,-60,2.81887865288981,23.5015754397154,-70.5992482508298,60.154800404149,1.32785795755054
88,9,3.31144663652151,3,-45,2.81887865288981,33.3710824787937,-57.7451440451943,45.6361159245405,2.31540600574876
88,10,3.76223218977866,3,-30,2.81887865288981,41.7701810716582,-42.0353783368041,31.3647668031412,3.21246104895702
88,11,3.99437048332346,3,-15,2.81887865288981,47.6563829799295,-22.5681247533434,17.9931931089665,3.79901869134574
88,12,3.99437048332346,3,0,2.81887865288981,49.8188786528898,0,10.1811213471102,3.931474738309
88,13,3.76223218977866,3,15,2.81887865288981,47.6563829799295,22.5681247533434,17.9931931089665,3.57823353387581
88,14,3.31144663652151,3,30,2.81887865288981,41.7701810716582,42.0353783368041,31.3647668031412,2.82754832740691
88,15,2.66821184136851,3,45,2.81887865288981,33.3710824787937,57.7451440451943,45.6361159245405,1.86564797813086
88,16,1.86991027255059,3,60,2.81887865288981,23.5015754397154,70.5992482508298,60.154800404149,0.930576499517481
88,17,0.962936315539323,3,75,2.81887865288981,12.8617386043465,81.7238085183087,74.755225635574,0.253197575822977
88,18,4.92762093162025e-16,3,90,2.81887865288981,1.92205562780902,87.9376288430465,87.3043859799286,2.31745942249006e-17
88,19,0,3,105,2.81887865288981,-8.94691622023556,77.5913818195909,91.6360062841402,0
88,20,0,3,120,2.81887865288981,-19.3716552061991,66.4748922962621,95.6803786416184,0
88,21,0,3,135,2.81887865288981,-28.8801794864715,53.761371417161,99.1754306813986,0
88,22,0,3,150,2.81887865288981,-36.8029332008918,38.5866480960226,101.880137727541,0
88,23,0,3,165,2.81887865288981,-42.2246104440995,20.4315945296961,103.593843642662,0
89,0,0,3,-180,3.21918720605606,-43.780812793944,-9.70320627025356e-15,103.780812793944,0
89,1,0,3,-165,3.21918720605606,-41.8375186454623,-20.2942530344163,103.194748037968,0
89,2,0,3,-150,3.21918720605606,-36.4465929764756,-38.3593782840326,101.484314548232,0
89,3,0,3,-135,3.21918720605606,-28.5568764421419,-53.4922056693255,98.7839886923462,0
89,4,0,3,-120,3.21918720605606,-19.074761008719,-66.1905202778024,95.2932371597743,0
89,5,0,3,-105,3.21918720605606,-8.66699448424834,-77.301801684976,91.2520033353793,0
89,6,1.21820458231172,3,-90,3.21918720605606,2.19486223820809,-87.6444829312843,86.9216145778772,0.065420163340107
89,7,2.36561154229296,3,-75,3.21918720605606,13.1374442311492,-82.0216724288119,74.6675137126081,0.625514778129336
89,8,3.37553775808424,3,-60,3.21918720605606,23.790777863222,-70.9014006706625,60.0629254107052,1.68455732963564
89,9,4.18928998895618,3,-45,3.21918720605606,33.68504924701,-58.0430498967511,45.5305553798682,2.93471826326976
89,10,4.75957591311951,3,-30,3.21918720605606,42.1187689163621,-42.2999805815917,31.2259005752535,4.07005614343892
89,11,5.05325258556686,3,-15,3.21918720605606,48.0404375124593,-22.7363763590924,17.7649202160873,4.81229520237042
89,12,5.05325258556687,3,0,3.21918720605606,50.2191872060561,0,9.78081279394395,4.97980276573255
89,13,4.75957591311951,3,15,3.21918720605606,48.0404375124593,22.7363763590924,17.7649202160873,4.53262209718999
89,14,4.18928998895618,3,30,3.21918720605606,42.1187689163621,42.2999805815917,31.2259005752535,3.58238754196547
89,15,3.37553775808424,3,45,3.21918720605606,33.68504924701,58.0430498967511,45.5305553798682,2.36466139444187
89,16,2.36561154229296,3,60,3.21918720605606,23.790777863222,70.9014006706625,60.0629254107052,1.18055508432586
89,17,1.21820458231172,3,75,3.21918720605606,13.1374442311492,82.0216724288119,74.6675137126081,0.322117539332875
89,18,6.23390176683994e-16,3,90,3.21918720605606,2.19486223820809,87.6444829312843,86.9216145778772,3.34773713507913e-17
89,19,0,3,105,3.21918720605606,-8.66699448424834,77.301801684976,91.2520033353793,0
89,20,0,3,120,3.21918720605606,-19.074761008719,66.1905202778024,95.2932371597743,0
89,21,0,3,135,3.21918720605606,-28.5568764421419,53.4922056693255,98.7839886923462,0
89,22,0,3,150,3.21918720605606,-36.4465929764756,38.3593782840326,101.484314548232,0
89,23,0,3,165,3.21918720605606,-41.8375186454623,20.2942530344163,103.194748037968,0
90,0,0,3,-180,3.61854184457738,-43.3814581554226,-9.6350433723376e-15,103.381458155423,0
90,1,0,3,-165,3.61854184457738,-41.4511882022054,-20.1588847611989,102.796599510272,0
90,2,0,3,-150,3.61854184457738,-36.090676547544,-38.1347221046934,101.089421995125,0
90,3,0,3,-135,3.61854184457738,-28.2338180123008,-53.2253249654003,98.3934606432349,0
90,4,0,3,-120,3.61854184457738,-18.7781414769963,-65.9078402812987,94.9070015193372,0
90,5,0,3,-105,3.61854184457738,-8.38752285439266,-77.0133412339255,90.8689105845804,0
90,6,1.50325048715333,3,-90,3.61854184457738,2.46696155539121,-87.3519289652029,86.5397681480697,0.0907297870982834
90,7,2.9191375200865,3,-75,3.61854184457738,13.4121505842045,-82.3194935384661,74.5807385106794,0.776140892785279
90,8,4.1653748909854,3,-60,3.61854184457738,24.0787024692544,-71.2041746095615,59.9727911032167,2.08440027237507
90,9,5.16953581374192,3,-45,3.61854184457738,33.9975503503974,-58.3424196964569,45.4277963908561,3.62801920774561
90,10,5.87326210550188,3,-30,3.61854184457738,42.4659136767731,-42.5668664538419,31.0914249546875,5.02953500113704
90,11,6.2356557521292,3,-15,3.61854184457738,48.4233284204419,-22.906744640754,17.5431338768618,5.94563727824101
90,12,6.2356557521292,3,0,3.61854184457738,50.6185418445774,0,9.3814581554226,6.15225363744072
90,13,5.87326210550188,3,15,3.61854184457738,48.4233284204419,22.906744640754,17.5431338768618,5.60009845114181
90,14,5.16953581374192,3,30,3.61854184457738,42.4659136767731,42.5668664538419,31.0914249546875,4.42690294555221
90,15,4.1653748909854,3,45,3.61854184457738,33.9975503503974,58.3424196964569,45.4277963908561,2.92329150168274
90,16,2.9191375200865,3,60,3.61854184457738,24.0787024692544,71.2041746095615,59.9727911032167,1.46076912672058
90,17,1.50325048715333,3,75,3.61854184457738,13.4121505842045,82.3194935384661,74.5807385106794,0.399684553108864
90,18,7.69256330499522e-16,3,90,3.61854184457738,2.46696155539121,87.3519289652029,86.5397681480697,4.64290307481599e-17
90,19,0,3,105,3.61854184457738,-8.38752285439266,77.0133412339255,90.8689105845804,0
90,20,0,3,120,3.61854184457738,-18.7781414769963,65.9078402812987,94.9070015193372,0
90,21,0,3,135,3.61854184457738,-28.2338180123008,53.2253249654003,98.3934606432349,0
90,22,0,3,150,3.61854184457738,-36.090676547544,38.1347221046934,101.089421995125,0
90,23,0,3,165,3.61854184457738,-41.4511882022054,20.1588847611989,102.796599510272,0
91,0,0,4,-180,4.01682423105564,-42.9831757689444,-9.56795203434578e-15,102.983175768944,0
91,1,0,4,-165,4.01682423105564,-41.0657388614452,-20.0254766334425,102.39951620433,0
91,2,0,4,-150,4.01682423105564,-35.7353018771363,-37.9126876295596,100.695577654489,0
91,3,0,4,-135,4.01682423105564,-27.9111140607177,-52.9607667868144,98.0039632817487,0
91,4,0,4,-120,4.01682423105564,-18.4818964990998,-65.6269093900604,94.5217875336483,0
91,5,0,4,-105,4.01682423105564,-8.10859315793587,-76.726068406653,90.4868430676604,0
91,6,1.81798956481076,4,-90,4.01682423105564,2.73826629699676,-87.0600412631095,86.1589613421235,0.12178451816663
91,7,3.53032418423791,4,-75,4.01682423105564,13.6857706924539,-82.6171935947499,74.4949251196981,0.943739418543832
91,8,5.03748919428344,4,-60,4.01682423105564,24.3652577707211,-71.5074916106661,59.8844208955104,2.52753984702684
91,9,6.25189364288542,4,-45,4.01682423105564,34.3084848750557,-58.6431848238966,45.3278681363635,4.39538690692124
91,10,7.10296075767165,4,-30,4.01682423105564,42.8115028461264,-42.8359974580742,30.9614020303886,6.09088877115514
91,11,7.54122961143387,4,-15,4.01682423105564,48.8049370101147,-23.0792304697057,17.328081817803,7.19897041840361
91,12,7.54122961143387,4,0,4.01682423105564,51.0168242310557,0,8.98317576894438,7.44873064727547
91,13,7.10296075767165,4,15,4.01682423105564,48.8049370101147,23.0792304697057,17.328081817803,6.78059242487876
91,14,6.25189364288542,4,30,4.01682423105564,42.8115028461264,42.8359974580742,30.9614020303886,5.36108674777326
91,15,5.03748919428344,4,45,4.01682423105564,34.3084848750557,58.6431848238966,45.3278681363635,3.54160120326225
91,16,3.53032418423791,4,60,4.01682423105564,24.3652577707211,71.5074916106661,59.8844208955104,1.77132589360385
91,17,1.81798956481076,4,75,4.01682423105564,13.6857706924539,82.6171935947499,74.4949251196981,0.485991746161303
91,18,9.30317331319183e-16,4,90,4.01682423105564,2.73826629699676,87.0600412631095,86.1589613421235,6.2320626107975e-17
91,19,0,4,105,4.01682423105564,-8.10859315793587,76.726068406653,90.4868430676604,0
91,20,0,4,120,4.01682423105564,-18.4818964990998,65.6269093900604,94.5217875336483,0
91,21,0,4,135,4.01682423105564,-27.9111140607177,52.9607667868144,98.0039632817487,0
91,22,0,4,150,4.01682423105564,-35.7353018771363,37.9126876295596,100.695577654489,0
91,23,0,4,165,4.01682423105564,-41.0657388614452,20.0254766334425,102.39951620433,0
92,0,0,4,-180,4.41391634582406,-42.5860836541759,-9.50192106381022e-15,102.586083654176,0
92,1,0,4,-165,4.41391634582406,-40.6812900590809,-19.8940154462121,102.003615948807,0
92,2,0,4,-150,4.41391634582406,-35.380586760718,-37.6932819935933,100.302898800013,0
92,3,0,4,-135,4.41391634582406,-27.5888744585777,-52.6985673832674,97.6156130446885,0
92,4,0,4,-120,4.41391634582406,-18.1861259850836,-65.3477837473888,94.1377107011738,0
92,5,0,4,-105,4.41391634582406,-7.83029708864495,-76.4400507001343,90.1059154946026,0
92,6,2.16232855130267,4,-90,4.41391634582406,3.00868957619559,-86.7688942530076,85.7793084703296,0.15914383045806
92,7,4.19899042694811,4,-75,4.41391634582406,13.9582182828113,-82.9146936020674,74.4100976061383,1.1284789798449
92,8,5.99162224168852,4,-60,4.41391634582406,24.6503532430987,-71.811271683577,59.7978361283662,3.01410106939968
92,9,7.4360427504027,4,-45,4.41391634582406,34.6177529695722,-58.9452742254258,45.2307961521737,5.23685331817234
92,10,8.44830748337911,4,-30,4.41391634582406,43.1554247681404,-43.1073322975293,30.8358874297163,7.25404636069269
92,11,8.96958729376976,4,-15,4.41391634582406,49.1851450469339,-23.2538331683802,17.1200056956519,8.57214746286601
92,12,8.96958729376976,4,0,4.41391634582406,51.4139163458241,0,8.58608365417589,8.86906218632545
92,13,8.44830748337911,4,15,4.41391634582406,49.1851450469339,23.2538331683802,17.1200056956519,8.07396541081248
92,14,7.4360427504027,4,30,4.41391634582406,43.1554247681404,43.1073322975293,30.8358874297163,6.38487637407094
92,15,5.99162224168852,4,45,4.41391634582406,34.6177529695722,58.9452742254258,45.2307961521737,4.21961624896824
92,16,4.19899042694811,4,60,4.41391634582406,24.6503532430987,71.811271683577,59.7978361283662,2.11231299733887
92,17,2.16232855130267,4,75,4.41391634582406,13.9582182828113,82.9146936020674,74.4100976061383,0.581125953992008
92,18,1.10652545329245e-15,4,90,4.41391634582406,3.00868957619559,86.7688942530076,85.7793084703296,8.14384562559717e-17
92,19,0,4,105,4.41391634582406,-7.83029708864495,76.4400507001343,90.1059154946026,0
92,20,0,4,120,4.41391634582406,-18.1861259850836,65.3477837473888,94.1377107011738,0
92,21,0,4,135,4.41391634582406,-27.5888744585777,52.6985673832674,97.6156130446885,0
92,22,0,4,150,4.41391634582406,-35.380586760718,37.6932819935933,100.302898800013,0
92,23,0,4,165,4.41391634582406,-40.6812900590809,19.8940154462121,102.003615948807,0
93,0,0,4,-180,4.80970052191911,-42.1902994780809,-9.43693939107633e-15,102.190299478081,0
93,1,0,4,-165,4.80970052191911,-40.2979608808752,-19.7644879091331,101.609016221093,0
93,2,0,4,-150,4.80970052191911,-35.0266487768325,-37.4765114701524,99.9115023570682,0
93,3,0,4,-135,4.80970052191911,-27.2672090302136,-52.4387618339946,97.2285260216098,0
93,4,0,4,-120,4.80970052191911,-17.8909298159415,-65.0705185921673,93.7548861686148,0
93,5,0,4,-105,4.80970052191911,-7.55272616118675,-76.155355186129,89.7262422122343,0
93,6,2.53616541155592,4,-90,4.80970052191911,3.27814494395686,-86.4785624820051,85.4009234642808,0.203356992942707
93,7,4.9249381079784,4,-75,4.80970052191911,14.2294078233698,-83.2119138128115,74.3262790011361,1.33051573404481
93,8,7.02749130298681,4,-60,4.80970052191911,24.9338993739276,-72.1154332828982,59.7130560579459,3.54418078686338
93,9,8.72163224735718,4,-45,4.80970052191911,34.9252559044555,-59.2486143538336,45.1366022994635,6.15240437861795
93,10,9.90890362735447,4,-30,4.80970052191911,43.4975686996175,-43.3808267487168,30.7149301476719,8.51887474905113
93,11,10.5203055459291,4,-15,4.80970052191911,49.5638348024932,-23.4305503874553,16.9191398289426,10.0649490668215
93,12,10.5203055459291,4,0,4.80970052191911,51.8097005219191,0,8.19029947808088,10.4130022657251
93,13,9.90890362735447,4,15,4.80970052191911,49.5638348024932,23.4305503874553,16.9191398289426,9.48001081165918
93,14,8.72163224735718,4,30,4.80970052191911,43.4975686996175,43.3808267487168,30.7149301476719,7.49815474210619
93,15,7.02749130298681,4,45,4.80970052191911,34.9252559044555,59.2486143538336,45.1366022994635,4.95732530757611
93,16,4.9249381079784,4,60,4.80970052191911,24.9338993739276,72.1154332828982,59.7130560579459,2.48379830955745
93,17,2.53616541155593,4,75,4.80970052191911,14.2294078233698,83.2119138128115,74.3262790011361,0.685167592004631
93,18,1.29782848214991e-15,4,90,4.80970052191911,3.27814494395686,86.4785624820051,85.4009234642808,1.04063597856375e-16
93,19,0,4,105,4.80970052191911,-7.55272616118675,76.155355186129,89.7262422122343,0
93,20,0,4,120,4.80970052191911,-17.8909298159415,65.0705185921673,93.7548861686148,0
93,21,0,4,135,4.80970052191911,-27.2672090302136,52.4387618339946,97.2285260216098,0
93,22,0,4,150,4.80970052191911,-35.0266487768325,37.4765114701524,99.9115023570682,0
93,23,0,4,165,4.80970052191911,-40.2979608808752,19.7644879091331,101.609016221093,0
94,0,0,4,-180,5.20405947994768,-41.7959405200523,-9.37299608419887e-15,101.795940520052,0
94,1,0,4,-165,5.20405947994768,-39.9158700239188,-19.6368806863879,101.21583411223,0
94,2,0,4,-150,5.20405947994768,-34.6736052385447,-37.2623815427989,99.5215048671251,0
94,3,0,4,-135,5.20405947994768,-26.9462274995495,-52.1813841075734,96.8428179186108,0
94,4,0,4,-120,5.20405947994768,-17.5964077930313,-64.7951682939311,93.3734286941829,0
94,5,0,4,-105,5.20405947994768,-7.27597166593436,-75.8720485287222,89.347937167179,0
94,6,2.93938936964076,4,-90,5.20405947994768,3.54654643078736,-86.1891206248558,85.0239198396757,0.254962174916316
94,7,5.70795211336364,4,-75,5.20405947994768,14.4992545658941,-83.5087737199203,74.243491290095,1.54999314922823
94,8,8.14478942781957,4,-60,5.20405947994768,25.2158077115279,-72.4198932890287,59.6300978475162,4.11784760930853
94,9,10.1082811858356,4,-45,5.20405947994768,35.2308961311461,-59.5531291103102,45.045304740248,7.14198018374315
94,10,11.484316383438,4,-30,5.20405947994768,43.8378248734245,-43.6564335350961,30.5985723921832,9.88517942099056
94,11,12.1929248566266,4,-15,5.20405947994768,49.9408891018817,-23.6093779778444,16.7257098582006,11.6770843145292
94,12,12.1929248566266,4,0,5.20405947994768,52.2040594799477,0,7.79594052005232,12.0802311829878
94,13,11.484316383438,4,15,5.20405947994768,49.9408891018817,23.6093779778444,16.7257098582006,10.9984546186432
94,14,10.1082811858356,4,30,5.20405947994768,43.8378248734245,43.6564335350961,30.5985723921832,8.70075064319109
94,15,8.14478942781957,4,45,5.20405947994768,35.2308961311461,59.5531291103102,45.045304740248,5.75468011077489
94,16,5.70795211336364,4,60,5.20405947994768,25.2158077115279,72.4198932890287,59.6300978475162,2.88582991277583
94,17,2.93938936964077,4,75,5.20405947994768,14.4992545658941,83.5087737199203,74.243491290095,0.798190541085787
94,18,1.50416973067545e-15,4,90,5.20405947994768,3.54654643078736,86.1891206248558,85.0239198396757,1.30471447552106e-16
94,19,0,4,105,5.20405947994768,-7.27597166593436,75.8720485287222,89.347937167179,0
94,20,0,4,120,5.20405947994768,-17.5964077930313,64.7951682939311,93.3734286941829,0
94,21,0,4,135,5.20405947994768,-26.9462274995495,52.1813841075734,96.8428179186108,0
94,22,0,4,150,5.20405947994768,-34.6736052385447,37.2623815427989,99.5215048671251,0
94,23,0,4,165,5.20405947994768,-39.9158700239188,19.6368806863879,101.21583411223,0
95,0,0,4,-180,5.59687636283954,-41.4031236371605,-9.31008036247249e-15,101.40312363716,0
95,1,0,4,-165,5.59687636283954,-39.5351357584751,-19.5111804339408,100.824186291961,0
95,2,0,4,-150,5.59687636283954,-34.3215731456742,-37.0508969739557,99.1330224522939,0
95,3,0,4,-135,5.59687636283954,-26.6260394372756,-51.9264671201879,96.4586040222853,0
95,4,0,4,-120,5.59687636283954,-17.3026595880084,-64.5217863873185,92.9934526110587,0
95,5,0,4,-105,5.59687636283954,-7.00012462422482,-75.5901970013032,88.9711138689997,0
95,6,3.37188094159612,4,-90,5.59687636283954,3.81380858789474,-85.9006434915579,84.6484106593141,0.314485571256026
95,7,6.54780041915522,4,-75,5.59687636283954,14.767674587535,-83.8051920510311,74.1617554038223,1.78704180579599
95,8,9.34318553663914,4,-60,5.59687636283954,25.4959909128521,-72.7245669913677,59.5489765625025,4.73514189350736
95,9,11.5955786718312,4,-45,5.59687636283954,35.5345773405055,-59.8587397890136,44.9569179199527,8.20547525305113
95,10,13.17407892283,4,-30,5.59687636283954,44.1760845617912,-43.9341022002417,30.4868494466873,11.3527049170565
95,11,13.9869495926623,4,-15,5.59687636283954,50.31619137148,-23.7903098574763,16.5399313443662,13.4081914694566
95,12,13.9869495926623,4,0,5.59687636283954,52.5968763628395,0,7.40312363716048,13.8703563287203
95,13,13.17407892283,4,15,5.59687636283954,50.31619137148,23.7903098574763,16.5399313443662,12.6289561180448
95,14,11.5955786718312,4,30,5.59687636283954,44.1760845617912,43.9341022002417,30.4868494466873,9.9924392266761
95,15,9.34318553663914,4,45,5.59687636283954,35.5345773405055,59.8587397890136,44.9569179199527,6.6115956672174
95,16,6.54780041915522,4,60,5.59687636283954,25.4959909128521,72.7245669913677,59.5489765625025,3.31843608943462
95,17,3.37188094159613,4,75,5.59687636283954,14.767674587535,83.8051920510311,74.1617554038223,0.920262045429974
95,18,1.72548805550391e-15,4,90,5.59687636283954,3.81380858789474,85.9006434915579,84.6484106593141,1.60931274333112e-16
95,19,0,4,105,5.59687636283954,-7.00012462422482,75.5901970013032,88.9711138689997,0
95,20,0,4,120,5.59687636283954,-17.3026595880084,64.5217863873185,92.9934526110587,0
95,21,0,4,135,5.59687636283954,-26.6260394372756,51.9264671201879,96.4586040222853,0
95,22,0,4,150,5.59687636283954,-34.3215731456742,37.0508969739557,99.1330224522939,0
95,23,0,4,165,5.59687636283954,-39.5351357584751,19.5111804339408,100.824186291961,0
96,0,0,4,-180,5.98803477047458,-41.0119652295254,-9.24818160867612e-15,101.011965229525,0
96,1,0,4,-165,5.98803477047458,-39.1558758902034,-19.3873738341161,100.434188973916,0
96,2,0,4,-150,5.98803477047458,-33.9706691378136,-36.8420618704509,98.7461707800281,0
96,3,0,4,-135,5.98803477047458,-26.3067542087779,-51.6740427922801,96.0759991638513,0
96,4,0,4,-120,5.98803477047458,-17.0097846933085,-64.2504256058134,92.6150717910439,0
96,5,0,4,-105,5.98803477047458,-6.72527574411256,-75.3098665029032,88.5958853535495,0
96,6,3.83351197083531,4,-90,5.98803477047458,4.07984652772508,-85.6132060339318,84.2745084963018,0.382440549152491
96,7,7.44423416017472,4,-75,5.98803477047458,15.0345848317066,-84.1010867643213,74.0810912112167,2.04177922190073
96,8,10.622324518815,4,-60,5.98803477047458,25.7743627903914,-73.029368074093,59.4697051689047,5.39607578016878
96,9,13.1830839870003,4,-45,5.98803477047458,35.8362045206807,-60.1653650245405,44.8714525572456,9.34273888100488
96,10,14.9776905324218,4,-30,5.98803477047458,44.5122401398539,-44.2137789808756,30.379789551175,12.9211354981483
96,11,15.9018481457889,4,-15,5.98803477047458,50.689625687185,-23.9733378728789,16.3620083176503,15.2578388572889
96,12,15.9018481457889,4,0,5.98803477047458,52.9880347704746,0,7.01196522952545,15.7829131301517
96,13,14.9776905324218,4,15,5.98803477047458,50.689625687185,23.9733378728789,16.3620083176503,14.3711087228909
96,14,13.1830839870003,4,30,5.98803477047458,44.5122401398539,44.2137789808756,30.379789551175,11.3729425848911
96,15,10.622324518815,4,45,5.98803477047458,35.8362045206807,60.1653650245405,44.8714525572456,7.52795054529316
96,16,7.44423416017472,4,60,5.98803477047458,25.7743627903914,73.029368074093,59.4697051689047,3.78162534786737
96,17,3.83351197083531,4,75,5.98803477047458,15.0345848317066,84.1010867643213,74.0810912112167,1.05144262264522
96,18,1.96171787523923e-15,4,90,5.98803477047458,4.07984652772508,85.6132060339318,84.2745084963018,1.95705782894758e-16
96,19,0,4,105,5.98803477047458,-6.72527574411256,75.3098665029032,88.5958853535495,0
96,20,0,4,120,5.98803477047458,-17.0097846933085,64.2504256058134,92.6150717910439,0
96,21,0,4,135,5.98803477047458,-26.3067542087779,51.6740427922801,96.0759991638513,0
96,22,0,4,150,5.98803477047458,-33.9706691378136,36.8420618704509,98.7461707800281,0
96,23,0,4,165,5.98803477047458,-39.1558758902034,19.3873738341161,100.434188973916,0
97,0,0,4,-180,6.37741879417478,-40.6225812058252,-9.18728938010659e-15,100.622581205825,0
97,1,0,4,-165,6.37741879417478,-38.7782077227592,-19.2654476276477,100.045957880932,0
97,2,0,4,-150,6.37741879417478,-33.6210094481276,-36.6358797459885,98.3610650279892,0
97,3,0,4,-135,6.37741879417478,-25.9884809228399,-51.4241421035206,95.6951176834691,0
97,4,0,4,-120,6.37741879417478,-16.717882373214,-63.9811379146945,92.2383996084243,0
97,5,0,4,-105,6.37741879417478,-6.45151537666133,-75.0311225738131,88.2223641465447,0
97,6,4.32414566612153,4,-90,6.37741879417478,4.34457596382643,-85.3268833511011,83.9023253974843,0.459326817745247
97,7,8.39698770375805,4,-75,6.37741879417478,15.2999031480632,-84.3963750461362,74.0015175135258,2.3143097027322
97,8,11.9818273378606,4,-60,6.37741879417478,26.0508383580506,-73.3342086046752,59.3922945350975,6.10063328282634
97,9,14.8703267192569,4,-45,6.37741879417478,36.1356840142375,-60.4729207426111,44.7889156412285,10.5535755712692
97,10,16.8946167631685,4,-30,6.37741879417478,44.8461851493662,-44.4954066801761,30.2774138027593,14.5900959212674
97,11,17.9370530902379,4,-15,6.37741879417478,51.061076823056,-24.1584516556046,16.1921317916982,17.2255258780136
97,12,17.9370530902379,4,0,6.37741879417478,53.3774187941748,0,6.62258120582518,17.8173661275025
97,13,16.8946167631685,4,15,6.37741879417478,51.061076823056,24.1584516556046,16.1921317916982,16.2244409262225
97,14,14.8703267192569,4,30,6.37741879417478,44.8461851493662,44.4954066801761,30.2774138027593,12.841930435944
97,15,11.9818273378606,4,45,6.37741879417478,36.1356840142375,60.4729207426111,44.7889156412285,8.50358722302034
97,16,8.39698770375805,4,60,6.37741879417478,26.0508383580506,73.3342086046752,59.3922945350975,4.27538648459415
97,17,4.32414566612154,4,75,6.37741879417478,15.2999031480632,84.3963750461362,74.0015175135258,1.19178598614044
97,18,2.21278918988754e-15,4,90,6.37741879417478,4.34457596382643,85.3268833511011,83.9023253974843,2.35050688716452e-16
97,19,0,4,105,6.37741879417478,-6.45151537666133,75.0311225738131,88.2223641465447,0
97,20,0,4,120,6.37741879417478,-16.717882373214,63.9811379146945,92.2383996084243,0
97,21,0,4,135,6.37741879417478,-25.9884809228399,51.4241421035206,95.6951176834691,0
97,22,0,4,150,6.37741879417478,-33.6210094481276,36.6358797459885,98.3610650279892,0
97,23,0,4,165,6.37741879417478,-38.7782077227592,19.2654476276477,100.045957880932,0
98,0,0,4,-180,6.76491305105027,-40.2350869489497,-9.12739341847301e-15,100.23508694895,0
98,1,0,4,-165,6.76491305105027,-38.4022480207694,-19.1453886433182,99.6596082105432,0
98,2,0,4,-150,6.76491305105027,-33.2727098579279,-36.4323535805964,97.9778198490885,0
98,3,0,4,-135,6.76491305105027,-25.6713283811335,-51.1767951460424,95.3160733947607,0
98,4,0,4,-120,6.76491305105027,-16.42705161554,-63.7139745431088,91.8635489040565,0
98,5,0,4,-105,6.76491305105027,-6.17893347281625,-74.7540304104083,87.8506622273777,0
98,6,4.84363664210214,4,-90,6.76491305105027,4.60791324999063,-85.0417506938069,83.5319728471243,0.545629622022564
98,7,9.40577872846814,4,-75,6.76491305105027,15.5635483315159,-84.690973310493,73.9230520401864,2.60472421358475
98,8,13.4212911437502,4,-60,6.76491305105027,26.3253338759047,-73.6389990252831,59.3167534370257,6.84877042754646
98,9,16.6568069021658,4,-45,6.76491305105027,36.4329235744502,-60.7813201142835,44.7093104360666,11.8377455520187
98,10,18.9242895884572,4,-30,6.76491305105027,45.1778143624928,-44.7789245418104,30.1797360767249,16.3591523230533
98,11,20.0919613508612,4,-15,6.76491305105027,51.4304303003687,-24.3456384735705,16.0304782605759,19.3106841429178
98,12,20.0919613508612,4,0,6.76491305105027,53.7649130510503,0,6.23508694894973,19.9731101788372
98,13,18.9242895884572,4,15,6.76491305105027,51.4304303003687,24.3456384735705,16.0304782605759,18.1884173720124
98,14,16.6568069021658,4,30,6.76491305105027,45.1778143624928,44.7789245418104,30.1797360767249,14.3990209013933
98,15,13.4212911437502,4,45,6.76491305105027,36.4329235744502,60.7813201142835,44.7093104360666,9.5383125032577
98,16,9.40577872846814,4,60,6.76491305105027,26.3253338759047,73.6389990252831,59.3167534370257,4.79968868223049
98,17,4.84363664210214,4,75,6.76491305105027,15.5635483315159,84.690973310493,73.9230520401864,1.34133897975979
98,18,2.47862760159976e-15,4,90,6.76491305105027,4.60791324999063,85.0417506938069,83.5319728471243,2.7921430555712e-16
98,19,0,4,105,6.76491305105027,-6.17893347281625,74.7540304104083,87.8506622273777,0
98,20,0,4,120,6.76491305105027,-16.42705161554,63.7139745431088,91.8635489040565,0
98,21,0,4,135,6.76491305105027,-25.6713283811335,51.1767951460424,95.3160733947607,0
98,22,0,4,150,6.76491305105027,-33.2727098579279,36.4323535805964,97.9778198490885,0
98,23,0,4,165,6.76491305105027,-38.4022480207694,19.1453886433182,99.6596082105432,0
99,0,0,4,-180,7.15040271818998,-39.84959728181,-9.06848365871981e-15,99.84959728181,0
99,1,0,4,-165,7.15040271818998,-38.0281129731813,-19.0271838252986,99.2752546006173,0
99,2,0,4,-150,7.15040271818998,-32.9258856520175,-36.2314858770996,97.5965493367144,0
99,3,0,4,-135,7.15040271818998,-25.355405028515,-50.9320311758859,94.9389795495433,0
99,4,0,4,-120,7.15040271818998,-16.1373910839715,-63.4489860151941,91.4906319496924,0
99,5,0,4,-105,7.15040271818998,-5.90761954089573,-74.4786548791098,87.4808909931845,0
99,6,5.39183096238941,4,-90,7.15040271818998,4.86977541862712,-84.7578834674817,83.1635617308409,0.641818962277926
99,7,10.4703083077529,4,-75,7.15040271818998,15.8254401602274,-84.9847972005494,73.8457114462606,2.91310027657128
99,8,14.9402893922919,4,-60,7.15040271818998,26.5977668937515,-73.9436481472381,59.243088566801,7.64041544229775
99,9,18.5419951630933,4,-45,7.15040271818998,36.7278324206335,-61.0904735140188,44.6326364930998,13.1949653698454
99,10,21.0661075724258,4,-30,7.15040271818998,45.5070238455928,-45.0642681251616,30.0867629688887,18.2278132074108
99,11,22.3659343818344,4,-15,7.15040271818998,51.7975724370638,-24.5348830774163,15.877208198572,21.5126787319664
99,12,22.3659343818344,4,0,7.15040271818998,54.15040271819,0,5.84959728181008,22.2494717886661
99,13,21.0661075724258,4,15,7.15040271818998,51.7975724370638,24.5348830774163,15.877208198572,20.2624400394701
99,14,18.5419951630933,4,30,7.15040271818998,45.5070238455928,45.0642681251616,30.0867629688887,16.0437813755386
99,15,14.9402893922919,4,45,7.15040271818998,36.7278324206335,61.0904735140188,44.6326364930998,10.6318979922478
99,16,10.4703083077529,4,60,7.15040271818998,26.5977668937515,73.9436481472381,59.243088566801,5.35448164219942
99,17,5.39183096238942,4,75,7.15040271818998,15.8254401602274,84.9847972005494,73.8457114462606,1.50014152459405
99,18,2.75915433671723e-15,4,90,7.15040271818998,4.86977541862712,84.7578834674817,83.1635617308409,3.28437146028725e-16
99,19,0,4,105,7.15040271818998,-5.90761954089573,74.4786548791098,87.4808909931845,0
99,20,0,4,120,7.15040271818998,-16.1373910839715,63.4489860151941,91.4906319496924,0
99,21,0,4,135,7.15040271818998,-25.355405028515,50.9320311758859,94.9389795495433,0
99,22,0,4,150,7.15040271818998,-32.9258856520175,36.2314858770996,97.5965493367144,0
99,23,0,4,165,7.15040271818998,-38.0281129731813,19.0271838252986,99.2752546006173,0
100,0,0,4,-180,7.53377356668593,-39.4662264333141,-9.01055023684274e-15,99.4662264333141,0
100,1,0,4,-165,7.53377356668593,-37.6559181569859,-18.9108202582987,98.8930110951814,0
100,2,0,4,-150,7.53377356668593,-32.5806515747994,-36.0332787146773,97.2173669901588,0
100,3,0,4,-135,7.53377356668593,-25.0408189041388,-50.6898786626123,94.5639488027883,0
100,4,0,4,-120,7.53377356668593,-15.8489990710832,-63.1862221801789,91.1197604125559,0
100,5,0,4,-105,7.53377356668593,-5.63766260474243,-74.2050605294122,87.1131612231829,0
100,6,5.96856618517526,4,-90,7.53377356668593,5.13008021832289,-84.4753572340179,82.7972022998296,0.748348840342937
100,7,11.5902609985235,4,-75,7.53377356668593,16.0854994325268,-85.2777615921234,73.7695113114725,3.23950189078046
100,8,16.5383719715221,4,-60,7.53377356668593,26.8680562933736,-74.2480631486672,59.171304544694,8.47546899468047
100,9,20.525332880072,4,-45,7.53377356668593,37.0203212923987,-61.4002884819208,44.5588896704567,14.6249085595727
100,10,23.3194360481815,4,-30,7.53377356668593,45.8337110228927,-45.3513691822599,29.9984937599662,20.1955305332271
100,11,24.758298355872,4,-15,7.53377356668593,52.1623903975714,-24.7261675420205,15.7324645850335,23.8308095666941
100,12,24.758298355872,4,0,7.53377356668593,54.5337735666859,0,5.46622643331401,24.6457105552119
100,13,23.3194360481816,4,15,7.53377356668593,52.1623903975714,24.7261675420205,15.7324645850335,22.4458495361461
100,14,20.525332880072,4,30,7.53377356668593,45.8337110228927,45.3513691822599,29.9984937599662,17.7757294828092
100,15,16.5383719715221,4,45,7.53377356668593,37.0203212923987,61.4002884819208,44.5588896704567,11.7840806393227
100,16,11.5902609985235,4,60,7.53377356668593,26.8680562933736,74.2480631486672,59.171304544694,5.93969575133455
100,17,5.96856618517527,4,75,7.53377356668593,16.0854994325268,85.2777615921234,73.7695113114725,1.66822657786453
100,18,3.05428626911407e-15,4,90,7.53377356668593,5.13008021832289,84.4753572340179,82.7972022998296,3.82951535872054e-16
100,19,0,4,105,7.53377356668593,-5.63766260474243,74.2050605294122,87.1131612231829,0
100,20,0,4,120,7.53377356668593,-15.8489990710832,63.1862221801789,91.1197604125559,0
100,21,0,4,135,7.53377356668593,-25.0408189041388,50.6898786626123,94.5639488027883,0
100,22,0,4,150,7.53377356668593,-32.5806515747994,36.0332787146773,97.2173669901588,0
100,23,0,4,165,7.53377356668593,-37.6559181569859,18.9108202582987,98.8930110951814,0
101,0,0,4,-180,7.91491199548195,-39.0850880045181,-8.95358349675892e-15,99.0850880045181,0
101,1,0,4,-165,7.91491199548195,-37.2857785013134,-18.7962851906321,98.5129911104253,0
101,2,0,4,-150,7.91491199548195,-32.2371217871426,-35.8377337995594,96.8403856802513,0
101,3,0,4,-135,7.91491199548195,-24.727677593401,-50.4503653370472,94.1910931778192,0
101,4,0,4,-120,7.91491199548195,-15.5619734520704,-62.9257322413928,90.7510453201848,0
101,5,0,4,-105,7.91491199548195,-5.36915116257007,-73.9333116059166,86.7475830432976,0
101,6,6.57367141136619,4,-90,7.91491199548195,5.38874615054474,-84.194247712168,82.4330041353789,0.865656533741389
101,7,12.7653049346271,4,-75,7.91491199548195,16.3436480026843,-85.5697805993453,73.6944661408516,3.58397947560784
101,8,18.215065335083,4,-60,7.91491199548195,27.136122329421,-74.5521495755044,59.1014039345078,9.35380447657805
101,9,22.6062323473325,4,-45,7.91491199548195,37.3103025027094,-61.7106696904758,44.4880621601585,16.1272063870694
101,10,25.6836073058662,4,-30,7.91491199548195,46.157774739943,-45.6401555369539,29.9149204024927,22.2617008978998
101,11,27.268344363897,4,-15,7.91491199548195,52.5247722429895,-24.9194711033562,15.5963714782683,26.2643128934087
101,12,27.268344363897,4,0,7.91491199548195,54.914911995482,0,5.08508800451809,27.1610207309202
101,13,25.6836073058662,4,15,7.91491199548195,52.5247722429895,24.9194711033562,15.5963714782683,24.7379264949368
101,14,22.6062323473325,4,30,7.91491199548195,46.157774739943,45.6401555369539,29.9149204024927,19.5943341194832
101,15,18.2150653350831,4,45,7.91491199548195,37.3103025027094,61.7106696904758,44.4880621601585,12.9945633354291
101,16,12.7653049346271,4,60,7.91491199548195,27.136122329421,74.5521495755044,59.1014039345078,6.55524228136702
101,17,6.5736714113662,4,75,7.91491199548195,16.3436480026843,85.5697805993453,73.6944661408516,1.84562010374057
101,18,3.36393594482926e-15,4,90,7.91491199548195,5.38874615054474,84.194247712168,82.4330041353789,4.42981242520573e-16
101,19,0,4,105,7.91491199548195,-5.36915116257007,73.9333116059166,86.7475830432976,0
101,20,0,4,120,7.91491199548195,-15.5619734520704,62.9257322413928,90.7510453201848,0
101,21,0,4,135,7.91491199548195,-24.727677593401,50.4503653370472,94.1910931778192,0
101,22,0,4,150,7.91491199548195,-32.2371217871426,35.8377337995594,96.8403856802513,0
101,23,0,4,165,7.91491199548195,-37.2857785013134,18.7962851906321,98.5129911104253,0
102,0,0,4,-180,8.29370506503589,-38.7062949349641,-8.89757399628822e-15,98.7062949349641,0
102,1,0,4,-165,8.29370506503589,-36.917808251903,-18.6835660552976,98.1353074009026,0
102,2,0,4,-150,8.29370506503589,-31.8954098239997,-35.6448525129258,96.4657176152133,0
102,3,0,4,-135,8.29370506503589,-24.4160881807231,-50.2135182371244,93.8205240317592,0
102,4,0,4,-120,8.29370506503589,-15.2764116392188,-62.6675647841265,90.3845970255531,0
102,5,0,4,-105,8.29370506503589,-5.10217314654209,-73.6634720593042,86.3842658910869,0
102,6,7.20696733522445,4,-90,8.29370506503589,5.64569250544028,-83.9146307765123,82.0710761137003,0.994161898831796
102,7,13.995091925186,4,-75,8.29370506503589,16.5998088154886,-85.8607675825213,73.6205893669839,3.94656983692702
102,8,19.9698726425451,4,-60,8.29370506503589,27.4018866688288,-74.8558113459814,59.0333872623107,10.2752683341631
102,9,24.7840769494531,4,-45,8.29370506503589,37.5976899896147,-62.0215189161189,44.4201425226741,17.7014486619534
102,10,28.1579207905131,4,-30,8.29370506503589,46.4791153267402,-45.930550966892,29.8360275306931,24.425666812125
102,11,29.8953286251061,4,-15,8.29370506503589,52.8846069815909,-25.1147699909101,15.4690326638508,28.8123628712025
102,12,29.8953286251061,4,0,8.29370506503589,55.2937050650359,0,4.70629493496417,29.7945328904759
102,13,28.1579207905131,4,15,8.29370506503589,52.8846069815909,25.1147699909101,15.4690326638508,27.137893069806
102,14,24.7840769494531,4,30,8.29370506503589,46.4791153267402,45.930550966892,29.8360275306931,21.4990165757327
102,15,19.9698726425451,4,45,8.29370506503589,37.5976899896147,62.0215189161189,44.4201425226741,14.2630155679677
102,16,13.995091925186,4,60,8.29370506503589,27.4018866688288,74.8558113459814,59.0333872623107,7.20101362019697
102,17,7.20696733522446,4,75,8.29370506503589,16.5998088154886,85.8607675825213,73.6205893669839,2.03234105591894
102,18,3.68801160798107e-15,4,90,8.29370506503589,5.64569250544028,83.9146307765123,82.0710761137003,5.0874111849849e-16
102,19,0,4,105,8.29370506503589,-5.10217314654209,73.6634720593042,86.3842658910869,0
102,20,0,4,120,8.29370506503589,-15.2764116392188,62.6675647841265,90.3845970255531,0
102,21,0,4,135,8.29370506503589,-24.4160881807231,50.2135182371244,93.8205240317592,0
102,22,0,4,150,8.29370506503589,-31.8954098239997,35.6448525129258,96.4657176152133,0
102,23,0,4,165,8.29370506503589,-36.917808251903,18.6835660552976,98.1353074009026,0
103,0,0,4,-180,8.67004053078629,-38.3299594692137,-8.84251251230083e-15,98.3299594692137,0
103,1,0,4,-165,8.67004053078629,-36.552120935945,-18.5726504891738,97.7600720259368,0
103,2,0,4,-150,8.67004053078629,-31.5556285527694,-35.4546359560702,96.0934743067421,0
103,3,0,4,-135,8.67004053078629,-24.106157203185,-49.9793637518029,93.452352021241,0
103,4,0,4,-120,8.67004053078629,-14.9924105371381,-62.4117678022832,90.020525172485,0
103,5,0,4,-105,8.67004053078629,-4.8368158831163,-73.3956055561959,86.023318480987,0
103,6,7.86826629750015,4,-90,8.67004053078629,5.90083939669656,-83.6365824549384,81.7115263710912,1.1342667039258
103,7,15.2792575577739,4,-75,8.67004053078629,16.8539059395707,-86.1506351582787,73.5478933538644,4.32729615570462
103,8,21.8022739066313,4,-60,8.67004053078629,27.6652724286828,-75.1589507587459,58.9672530384955,11.2396804415644
103,9,27.0582213440765,4,-45,8.67004053078629,37.8823993665284,-62.3327350159527,44.3551157288556,19.347184616883
103,10,30.7416433096367,4,-30,8.67004053078629,46.7976346603939,-46.2224750889103,29.7617924935308,26.6867180611508
103,11,32.6384727073678,4,-15,8.67004053078629,53.241784619629,-25.3120372559379,15.3505304033144,31.4740732589762
103,12,32.6384727073678,4,0,8.67004053078629,55.6700405307863,0,4.32995946921369,32.5453157002936
103,13,30.7416433096367,4,15,8.67004053078629,53.241784619629,25.3120372559379,15.3505304033144,29.6449145247659
103,14,27.0582213440765,4,30,8.67004053078629,46.7976346603939,46.2224750889103,29.7617924935308,23.4891517337729
103,15,21.8022739066313,4,45,8.67004053078629,37.8823993665284,62.3327350159527,44.3551157288556,15.5890741292864
103,16,15.2792575577739,4,60,8.67004053078629,27.6652724286828,75.1589507587459,58.9672530384955,7.87688353376309
103,17,7.86826629750016,4,75,8.67004053078629,16.8539059395707,86.1506351582787,73.5478933538644,2.22840137176098
103,18,4.02641722795641e-15,4,90,8.67004053078629,5.90083939669656,83.6365824549384,81.7115263710912,5.80436760158356e-16
103,19,0,4,105,8.67004053078629,-4.8368158831163,73.3956055561959,86.023318480987,0
103,20,0,4,120,8.67004053078629,-14.9924105371381,62.4117678022832,90.020525172485,0
103,21,0,4,135,8.67004053078629,-24.106157203185,49.9793637518029,93.452352021241,0
103,22,0,4,150,8.67004053078629,-31.5556285527694,35.4546359560702,96.0934743067421,0
103,23,0,4,165,8.67004053078629,-36.552120935945,18.5726504891738,97.7600720259368,0
104,0,0,4,-180,9.04380687641258,-37.9561931235874,-8.78839004508225e-15,97.9561931235874,0
104,1,0,4,-165,9.04380687641258,-36.1888293272988,-18.4635263504201,97.3873963162432,0
104,2,0,4,-150,9.04380687641258,-31.217890132397,-35.2670849928945,95.7237665363365,0
104,3,0,4,-135,9.04380687641258,-23.7979906050155,-49.7479276630388,93.0866870683904,0
104,4,0,4,-120,9.04380687641258,-14.7100664987838,-62.1583887237686,89.6589386613757,0
104,5,0,4,-105,9.04380687641258,-4.57316605418835,-73.1297754878404,85.6648487698889,0
104,6,8.55737234103877,4,-90,9.04380687641258,6.15410779541542,-83.3601789245786,81.3544622694447,1.2863539932884
104,7,16.6174213063992,4,-75,9.04380687641258,17.1058645994177,-86.4392952120653,73.4763894023489,4.72616799860146
104,8,23.7117261473006,4,-60,9.04380687641258,27.9262042124467,-75.4614685047367,58.9029977831266,12.2468345163844
104,9,29.4279916531385,4,-45,9.04380687641258,38.1643479709259,-62.6442139099401,44.2929632091568,21.0639238499547
104,10,33.4340092504933,4,-30,9.04380687641258,47.1132362272045,-46.5158432484576,29.6921854110011,29.0440931474601
104,11,35.4969637578884,4,-15,9.04380687641258,53.596196212406,-25.5112425958766,15.2409243091261,34.2484991954162
104,12,35.4969637578884,4,0,9.04380687641258,56.0438068764126,0,3.95619312358741,35.4123777831777
104,13,33.4340092504933,4,15,9.04380687641258,53.596196212406,25.5112425958766,15.2409243091261,32.258100910408
104,14,29.4279916531385,4,30,9.04380687641258,47.1132362272045,46.5158432484576,29.6921854110011,25.5640693376856
104,15,23.7117261473006,4,45,9.04380687641258,38.1643479709259,62.6442139099401,44.2929632091568,16.9723438760202
104,16,16.6174213063992,4,60,9.04380687641258,27.9262042124467,75.4614685047367,58.9029977831266,8.58270745724172
104,17,8.55737234103879,4,75,9.04380687641258,17.1058645994177,86.4392952120653,73.4763894023489,2.43380597775182
104,18,4.37905252786668e-15,4,90,9.04380687641258,6.15410779541542,83.3601789245786,81.3544622694447,6.58264182221759e-16
104,19,0,4,105,9.04380687641258,-4.57316605418835,73.1297754878404,85.6648487698889,0
104,20,0,4,120,9.04380687641258,-14.7100664987838,62.1583887237686,89.6589386613757,0
104,21,0,4,135,9.04380687641258,-23.7979906050155,49.7479276630388,93.0866870683904,0
104,22,0,4,150,9.04380687641258,-31.217890132397,35.2670849928945,95.7237665363365,0
104,23,0,4,165,9.04380687641258,-36.1888293272988,18.4635263504201,97.3873963162432,0
105,0,0,4,-180,9.41489334688007,-37.5851066531199,-8.73519782196425e-15,97.5851066531199,0
105,1,0,4,-165,9.41489334688007,-35.8280454120852,-18.3561817341743,97.0173908407761,0
105,2,0,4,-150,9.41489334688007,-30.8823059732062,-35.0822002898001,95.3567043218731,0
105,3,0,4,-135,9.41489334688007,-23.4916936929455,-49.5192351857974,92.7236383270952,0
105,4,0,4,-120,9.41489334688007,-14.4294752822895,-61.9074744345733,89.2999456152323,0
105,5,0,4,-105,9.41489334688007,-4.31130965906489,-72.8660449775836,85.3089639230637,0
105,6,9.27408126884749,4,-90,9.41489334688007,6.40541956296768,-83.0854965061536,80.9999903621261,1.45078748284298
105,7,18.0091866442634,4,-75,9.41489334688007,17.3556112060255,-86.7266589130647,73.4060877571919,5.14318135004457
105,8,25.6976635526446,4,-60,9.41489334688007,28.1846081444665,-75.7632636829411,58.8406160545231,13.2964985751457
105,9,31.8926856625526,4,-45,9.41489334688007,38.4434549113253,-62.955848568892,44.2336629100087,22.8511373265581
105,10,36.2342208069487,4,-30,9.41489334688007,47.4258251840144,-46.81056641371,29.6271692535658,31.4969808096402
105,11,38.4699547440786,4,-15,9.41489334688007,53.9477339155654,-25.712352175293,15.1402503709241,37.1346390656206
105,12,38.4699547440786,4,0,9.41489334688007,56.4148933468801,0,3.58510665311996,38.3946696715961
105,13,36.2342208069487,4,15,9.41489334688007,53.9477339155654,25.712352175293,15.1402503709241,34.9765088220476
105,14,31.8926856625527,4,30,9.41489334688007,47.4258251840144,46.81056641371,29.6271692535658,27.723055330299
105,15,25.6976635526447,4,45,9.41489334688007,38.4434549113253,62.955848568892,44.2336629100087,18.4123985363411
105,16,18.0091866442634,4,60,9.41489334688007,28.1846081444665,75.7632636829411,58.8406160545231,9.31832281422871
105,17,9.27408126884751,4,75,9.41489334688007,17.3556112060255,86.7266589130647,73.4060877571919,2.64855280601625
105,18,4.74581301426201e-15,4,90,9.41489334688007,6.40541956296768,83.0854965061536,80.9999903621261,7.42409508544266e-16
105,19,0,4,105,9.41489334688007,-4.31130965906489,72.8660449775836,85.3089639230637,0
105,20,0,4,120,9.41489334688007,-14.4294752822895,61.9074744345733,89.2999456152323,0
105,21,0,4,135,9.41489334688007,-23.4916936929455,49.5192351857974,92.7236383270952,0
105,22,0,4,150,9.41489334688007,-30.8823059732062,35.0822002898001,95.3567043218731,0
105,23,0,4,165,9.41489334688007,-35.8280454120852,18.3561817341743,97.0173908407761,0
106,0,0,4,-180,9.78318998125882,-37.2168100187412,-8.6829273002679e-15,97.2168100187412,0
106,1,0,4,-165,9.78318998125882,-35.4698803546562,-18.2506049866319,96.6501653738119,0
106,2,0,4,-150,9.78318998125882,-30.5489866974569,-34.8999823530437,94.9923968844445,0
106,3,0,4,-135,9.78318998125882,-23.1873710924307,-49.2933110060941,92.3633141495713,0
106,4,0,4,-120,9.78318998125882,-14.1507320086297,-61.6590713015016,88.9436533460463,0
106,5,0,4,-105,9.78318998125882,-4.05133197729644,-72.6044768870695,84.9557702804499,0
106,6,10.0181807046031,4,-90,9.78318998125882,6.65469748278828,-82.8126116566772,80.6482163602312,1.62791098831962
106,7,19.45414116126,4,-75,9.78318998125882,17.6030733861352,-87.0126367315869,73.3369976156589,5.57831866519785
106,8,27.7594976465503,4,-60,9.78318998125882,28.4404119026675,-76.0642338201485,58.7801004810236,14.3884154266431
106,9,34.4515730302916,4,-45,9.78318998125882,38.7196411124173,-63.2675290085579,44.1771893571973,24.7082584368887
106,10,39.141448215885,4,-30,9.78318998125882,47.7353084186831,-47.106551075057,29.5666999444545,34.0445216119946
106,11,41.5565647045466,4,-15,9.78318998125882,54.2962910365616,-25.9153284438015,15.04852015622,40.1314364478442
106,12,41.5565647045466,4,0,9.78318998125882,56.7831899812588,0,3.21681001874122,41.491085842783
106,13,39.141448215885,4,15,9.78318998125882,54.2962910365616,25.9153284438015,15.04852015622,37.7991432333317
106,14,34.4515730302916,4,30,9.78318998125882,47.7353084186831,47.106551075057,29.5666999444545,29.965353252335
106,15,27.7594976465503,4,45,9.78318998125882,38.7196411124173,63.2675290085579,44.1771893571973,19.9087815620523
106,16,19.45414116126,4,60,9.78318998125882,28.4404119026675,76.0642338201485,58.7801004810236,10.0835493624846
106,17,10.0181807046032,4,75,9.78318998125882,17.6030733861352,87.0126367315869,73.3369976156589,2.87263282159681
106,18,5.12659000809496e-15,4,90,9.78318998125882,6.65469748278828,82.8126116566772,80.6482163602312,8.33048679482566e-16
106,19,0,4,105,9.78318998125882,-4.05133197729644,72.6044768870695,84.9557702804499,0
106,20,0,4,120,9.78318998125882,-14.1507320086297,61.6590713015016,88.9436533460463,0
106,21,0,4,135,9.78318998125882,-23.1873710924307,49.2933110060941,92.3633141495713,0
106,22,0,4,150,9.78318998125882,-30.5489866974569,34.8999823530437,94.9923968844445,0
106,23,0,4,165,9.78318998125882,-35.4698803546562,18.2506049866319,96.6501653738119,0
107,0,0,4,-180,10.1485876453076,-36.8514123546924,-8.63157016960163e-15,96.8514123546924,0
107,1,0,4,-165,10.1485876453076,-35.1144444639437,-18.1467847175902,96.2858288622771,0
107,2,0,4,-150,10.1485876453076,-30.2180421006209,-34.7204315636261,94.630952615471,0
107,3,0,4,-135,10.1485876453076,-22.8851267047478,-49.0701793170616,92.0058220532364,0
107,4,0,4,-120,10.1485876453076,-13.8739311201331,-61.4132251935098,88.5901683215121,0
107,5,0,4,-105,10.1485876453076,-3.79331753239739,-72.3451338211311,84.605373323319,0
107,6,10.7894501555839,4,-90,10.1485876453076,6.90186529107773,-82.5416009604787,80.2992450992438,1.81804788650078
107,7,20.951856686181,4,-75,10.1485876453076,17.8481800100069,-87.2971384589844,73.2691271376949,6.03154894320695
107,8,29.8966174630775,4,-60,10.1485876453076,28.6935447493636,-76.364274894807,58.7214417958632,15.5223032010772
107,9,37.1038955028028,4,-45,10.1485876453076,38.9928293582098,-63.5791422901284,44.1235137260626,26.6346841051754
107,10,42.1548300030779,4,-30,10.1485876453076,48.0415946095331,-47.403699150664,29.5107264843947,36.6858095992802
107,11,44.7558790101467,4,-15,10.1485876453076,54.6417620862552,-26.1201299514499,14.9657202061367,43.2377821336394
107,12,44.7558790101467,4,0,10.1485876453076,57.1485876453076,0,2.85141235469244,44.7004668286865
107,13,42.1548300030779,4,15,10.1485876453076,54.6417620862552,26.1201299514499,14.9657202061367,40.7249593989755
107,14,37.1038955028028,4,30,10.1485876453076,48.0415946095331,47.403699150664,29.5107264843947,32.2901656988778
107,15,29.8966174630775,4,45,10.1485876453076,38.9928293582098,63.5791422901284,44.1235137260626,21.461007022354
107,16,20.951856686181,4,60,10.1485876453076,28.6935447493636,76.364274894807,58.7214417958632,10.8781895647582
107,17,10.789450155584,4,75,10.1485876453076,17.8481800100069,87.2971384589844,73.2691271376949,3.10603006017214
107,18,5.52127067692441e-15,4,90,10.1485876453076,6.90186529107773,82.5416009604787,80.2992450992438,9.30347176198428e-16
107,19,0,4,105,10.1485876453076,-3.79331753239739,72.3451338211311,84.605373323319,0
107,20,0,4,120,10.1485876453076,-13.8739311201331,61.4132251935098,88.5901683215121,0
107,21,0,4,135,10.1485876453076,-22.8851267047478,49.0701793170616,92.0058220532364,0
107,22,0,4,150,10.1485876453076,-30.2180421006209,34.7204315636261,94.630952615471,0
107,23,0,4,165,10.1485876453076,-35.1144444639437,18.1467847175902,96.2858288622771,0
108,0,0,4,-180,10.5109780638126,-36.4890219361874,-8.58111835355533e-15,96.4890219361874,0
108,1,0,4,-165,10.5109780638126,-34.7618471601885,-18.0447098115353,95.9244893933314,0
108,2,0,4,-150,10.5109780638126,-29.8895811133699,-34.5435482097827,94.2724790440925,0
108,3,0,4,-135,10.5109780638126,-22.5850636649673,-48.8498638530409,91.6512686879041,0
108,4,0,4,-120,10.5109780638126,-13.5991663398637,-61.1699815016174,88.2395961321032,0
108,5,0,4,-105,10.5109780638126,-3.53735005647982,-72.0880781313323,84.2578776413331,0
108,6,11.5876610780062,4,-90,10.5109780638126,7.14684770637597,-82.2725411185057,79.9531805061088,2.02150061013238
108,7,22.5018894135929,4,-75,10.5109780638126,18.0908612176801,-87.5800732301471,73.202483457631,6.50282782004125
108,8,32.1083897275017,4,-60,10.5109780638126,28.9439375600968,-76.6632813650814,58.6646288750929,16.6978559127658
108,9,39.8488671396961,4,-45,10.5109780638126,39.2629443330503,-63.8905725274395,44.0726039183149,28.6297759465588
108,10,45.2734732384699,4,-30,10.5109780638126,48.344594283601,-47.7019078988363,29.4591910981676,39.4198940107942
108,11,48.0669496350032,4,-15,10.5109780638126,54.9840428305762,-26.3267111621355,14.8918116432984,46.4525162144858
108,12,48.0669496350032,4,0,10.5109780638126,57.5109780638126,0,2.48902193618732,48.021601393593
108,13,45.2734732384699,4,15,10.5109780638126,54.9840428305762,26.3267111621355,14.8918116432984,43.7528648201262
108,14,39.8488671396961,4,30,10.5109780638126,48.344594283601,47.7019078988363,29.4591910981676,34.6966558280813
108,15,32.1083897275017,4,45,10.5109780638126,39.2629443330503,63.8905725274395,44.0726039183149,23.0685605360016
108,16,22.5018894135929,4,60,10.5109780638126,28.9439375600968,76.6632813650814,58.6646288750929,11.7020289831396
108,17,11.5876610780062,4,75,10.5109780638126,18.0908612176801,87.5800732301471,73.202483457631,3.34872167586732
108,18,5.92973806835028e-15,4,90,10.5109780638126,7.14684770637597,82.2725411185057,79.9531805061088,1.03445976219023e-15
108,19,0,4,105,10.5109780638126,-3.53735005647982,72.0880781313323,84.2578776413331,0
108,20,0,4,120,10.5109780638126,-13.5991663398637,61.1699815016174,88.2395961321032,0
108,21,0,4,135,10.5109780638126,-22.5850636649673,48.8498638530409,91.6512686879041,0
108,22,0,4,150,10.5109780638126,-29.8895811133699,34.5435482097827,94.2724790440925,0
108,23,0,4,165,10.5109780638126,-34.7618471601885,18.0447098115353,95.9244893933314,0
109,0,0,4,-180,10.8702538526719,-36.1297461473281,-8.53156401082877e-15,96.1297461473282,0
109,1,0,4,-165,10.8702538526719,-34.4121969420524,-17.9443694373477,95.5662541622162,0
109,2,0,4,-150,10.8702538526719,-29.5637117642699,-34.3693325171456,93.9170828048551,0
109,3,0,4,-135,10.8702538526719,-22.2872843008059,-48.6323879217001,91.2997598033075,0
109,4,0,4,-120,10.8702538526719,-13.3265306318848,-60.9293851573626,87.89204145852,0
109,5,0,4,-105,10.8702538526719,-3.28351245582538,-71.8333719181235,83.9133869000088,0
109,6,12.4125769447468,4,-90,10.8702538526719,7.3895704579773,-82.005508935872,79.6101255667362,2.23855017698316
109,7,24.1037800353463,4,-75,10.8702538526719,18.3310484436781,-87.8613495486072,73.1370726974031,6.992097680211
109,8,34.3941590439671,4,-60,10.8702538526719,29.1915228504318,-76.9611462011987,58.6096487784566,17.9147440541425
109,9,42.6856745466339,4,-45,10.8702538526719,39.5299126603899,-64.2017009011628,44.0244246452364,30.6928614674414
109,10,48.4964538007643,4,-30,10.8702538526719,48.6442198735253,-48.001069837928,29.4120294022336,42.2457810478975
109,11,51.4887954374314,4,-15,10.8702538526719,55.3230303421892,-26.5350222656803,14.8267300048248,49.7744302278576
109,12,51.4887954374314,4,0,10.8702538526719,57.8702538526719,0,2.12974614732819,51.4532287721094
109,13,48.4964538007643,4,15,10.8702538526719,55.3230303421892,26.5350222656803,14.8267300048248,46.881721265707
109,14,42.6856745466339,4,30,10.8702538526719,48.6442198735253,48.001069837928,29.4120294022336,37.18394891691
109,15,34.3941590439671,4,45,10.8702538526719,39.5299126603899,64.2017009011628,44.0244246452364,24.7309002384941
109,16,24.1037800353463,4,60,10.8702538526719,29.1915228504318,76.9611462011987,58.6096487784566,12.5548366953406
109,17,12.4125769447468,4,75,10.8702538526719,18.3310484436781,87.8613495486072,73.1370726974031,3.60067799878417
109,18,6.35187114466904e-15,4,90,10.8702538526719,7.3895704579773,82.005508935872,79.6101255667362,1.14553024229919e-15
109,19,0,4,105,10.8702538526719,-3.28351245582538,71.8333719181235,83.9133869000088,0
109,20,0,4,120,10.8702538526719,-13.3265306318848,60.9293851573626,87.89204145852,0
109,21,0,4,135,10.8702538526719,-22.2872843008059,48.6323879217001,91.2997598033075,0
109,22,0,4,150,10.8702538526719,-29.5637117642699,34.3693325171456,93.9170828048551,0
109,23,0,4,165,10.8702538526719,-34.4121969420524,17.9443694373477,95.5662541622162,0
110,0,0,4,-180,11.2263085507152,-35.7736914492848,-8.48289953583065e-15,95.7736914492848,0
110,1,0,4,-165,11.2263085507152,-34.0656013541166,-17.8457530566982,95.211229440377,0
110,2,0,4,-150,11.2263085507152,-29.2405411431753,-34.1977846766458,93.5648696056991,0
110,3,0,4,-135,11.2263085507152,-21.9918900923597,-48.4177744341893,90.9514002169644,0
110,4,0,4,-120,11.2263085507152,-13.0561161624227,-60.6914806497748,87.5476080395194,0
110,5,0,4,-105,11.2263085507152,-3.03188677741837,-71.5810770315823,83.5720038086021,0
110,6,13.2639533154313,4,-90,11.2263085507152,7.62996031315675,-81.7405813076234,79.2701822939549,2.46945575344991
110,7,25.7570538766783,4,-75,11.2263085507152,18.5686744401113,-88.140875314296,73.0728999812566,7.4992877865904
110,8,36.7532480896943,4,-60,11.2263085507152,29.436234800629,-77.2577609221582,58.5564867931382,19.1726152186847
110,9,45.6134771163584,4,-45,11.2263085507152,39.7936629391532,-64.5124056802493,43.9789375170163,32.8232353050394
110,10,51.822816651263,4,-30,11.2263085507152,48.9403857728921,-48.3010726745556,29.3691705925251,45.1624356889508
110,11,55.0204024506703,4,-15,11.2263085507152,55.6586230520889,-26.7450089892706,14.7703853086335,53.2022693555438
110,12,55.0204024506703,4,0,11.2263085507152,58.2263085507152,0,1.77369144928486,54.9940409600527
110,13,51.822816651263,4,15,11.2263085507152,55.6586230520889,26.7450089892706,14.7703853086335,50.1103468429803
110,14,45.6134771163584,4,30,11.2263085507152,48.9403857728921,48.3010726745556,29.3691705925251,39.7511339586124
110,15,36.7532480896943,4,45,11.2263085507152,39.7936629391532,64.5124056802493,43.9789375170163,26.4474577808471
110,16,25.7570538766783,4,60,11.2263085507152,29.436234800629,77.2577609221582,58.5564867931382,13.4363657312496
110,17,13.2639533154313,4,75,11.2263085507152,18.5686744401113,88.140875314296,73.0728999812566,3.86186260185542
110,18,6.78754481873979e-15,4,90,11.2263085507152,7.62996031315675,81.7405813076234,79.2701822939549,1.26369123939359e-15
110,19,0,4,105,11.2263085507152,-3.03188677741837,71.5810770315823,83.5720038086021,0
110,20,0,4,120,11.2263085507152,-13.0561161624227,60.6914806497748,87.5476080395194,0
110,21,0,4,135,11.2263085507152,-21.9918900923597,48.4177744341893,90.9514002169644,0
110,22,0,4,150,11.2263085507152,-29.2405411431753,34.1977846766458,93.5648696056991,0
110,23,0,4,165,11.2263085507152,-34.0656013541166,17.8457530566982,95.211229440377,0
111,0,0,4,-180,11.5790366512515,-35.4209633487485,-8.43511755878243e-15,95.4209633487485,0
111,1,0,4,-165,11.5790366512515,-33.7221669547674,-17.7488504312035,94.85952054387,0
111,2,0,4,-150,11.5790366512515,-28.9201753653167,-34.0289048702253,93.2159441962593,0
111,3,0,4,-135,11.5790366512515,-21.6989816327198,-48.2060459333406,90.6062937823952,0
111,4,0,4,-120,11.5790366512515,-12.7880142619404,-60.4563120408425,87.2063986401397,0
111,5,0,4,-105,11.5790366512515,-2.78255417646087,-71.3312550707094,83.2338300884278,0
111,6,14.1415379088668,4,-90,11.5790366512515,7.86794510318068,-81.4778352026953,78.9334516959276,2.71445425302112
111,7,27.4612210368691,4,-75,11.5790366512515,18.8036732981408,-88.4185578539755,73.0099694519082,8.02431442753811
111,8,39.1849578156856,4,-60,11.5790366512515,29.6780092781261,-77.5530156368699,58.5051264802841,20.4710947503511
111,9,48.6314072777809,4,-45,11.5790366512515,40.054125777581,-64.8225622508779,43.9361011379458,35.0201605017802
111,10,55.2515761168646,4,-30,11.5790366512515,49.233008389856,-48.6017992408854,29.3305376513668,48.1687835455371
111,11,58.6607241833438,4,-15,11.5790366512515,55.9907208010465,-26.9566124090354,14.7226623561042,56.7347346669383
111,12,58.6607241833438,4,0,11.5790366512515,58.5790366512515,0,1.42096334874874,58.6426850506968
111,13,55.2515761168646,4,15,11.5790366512515,55.9907208010465,26.9566124090354,14.7226623561042,53.4375181104655
111,14,48.6314072777809,4,30,11.5790366512515,49.233008389856,48.6017992408854,29.3305376513668,42.3972652965328
111,15,39.1849578156857,4,45,11.5790366512515,40.054125777581,64.8225622508779,43.9361011379458,28.2176393564447
111,16,27.4612210368691,4,60,11.5790366512515,29.6780092781261,77.5530156368699,58.5051264802841,14.3463535280635
111,17,14.1415379088668,4,75,11.5790366512515,18.8036732981408,88.4185578539755,73.0099694519082,4.13223237660646
111,18,7.23662999105032e-15,4,90,11.5790366512515,7.86794510318068,81.4778352026953,78.9334516959276,1.38906398889121e-15
111,19,0,4,105,11.5790366512515,-2.78255417646087,71.3312550707094,83.2338300884278,0
111,20,0,4,120,11.5790366512515,-12.7880142619404,60.4563120408425,87.2063986401397,0
111,21,0,4,135,11.5790366512515,-21.6989816327198,48.2060459333406,90.6062937823952,0
111,22,0,4,150,11.5790366512515,-28.9201753653167,34.0289048702253,93.2159441962593,0
111,23,0,4,165,11.5790366512515,-33.7221669547674,17.7488504312035,94.85952054387,0
112,0,0,4,-180,11.9283336333319,-35.0716663666682,-8.38821094535912e-15,95.0716663666682,0
112,1,0,4,-165,11.9283336333319,-33.3819992844747,-17.6536516284063,94.5112318020616,0
112,2,0,4,-150,11.9283336333319,-28.6027195360778,-33.8626932944282,92.8704103364887,0
112,3,0,4,-135,11.9283336333319,-21.4086585894697,-47.99722461993,90.2645433577021,0
112,4,0,4,-120,11.9283336333319,-12.5223153881359,-60.2239229794599,86.8685150203332,0
112,5,0,4,-105,11.9283336333319,-2.53559488488947,-71.0839673812585,82.8989664416264,0
112,6,15.0450706777985,4,-90,11.9283336333319,8.10345374807625,-81.2173476460426,78.6000337450473,2.97375996982815
112,7,29.2157765344102,4,-75,11.9283336333319,19.0359804677653,-88.6943039543665,72.9482842881305,8.5670810804676
112,8,41.6885676538688,4,-60,11.9283336333319,29.9167838577592,-77.8467990897747,58.4555497241966,21.8097864170536
112,9,51.7385707530624,4,-45,11.9283336333319,40.3112338244111,-65.1320431531415,43.8958712071806,37.2828698101288
112,10,58.7817161821407,4,-30,11.9283336333319,49.5220061988447,-48.9031274417711,29.2960475723641,51.2637127537773
112,11,62.4086819295578,4,-15,11.9283336333319,56.3192248908176,-27.1697687626179,14.6834212688092,60.3704853999348
112,12,62.4086819295578,4,0,11.9283336333319,58.9283336333319,0,1.07166636666832,62.3977656087413
112,13,58.7817161821407,4,15,11.9283336333319,56.3192248908176,27.1697687626179,14.6834212688092,56.8619722262765
112,14,51.7385707530624,4,30,11.9283336333319,49.5220061988447,48.9031274417711,29.2960475723641,45.1213642888128
112,15,41.6885676538688,4,45,11.9283336333319,40.3112338244111,65.1320431531415,43.8958712071806,30.0408267524077
112,16,29.2157765344102,4,60,11.9283336333319,29.9167838577592,77.8467990897747,58.4555497241966,15.2845224022639
112,17,15.0450706777986,4,75,11.9283336333319,19.0359804677653,88.6943039543665,72.9482842881305,4.41173761738824
112,18,7.698993587972e-15,4,90,11.9283336333319,8.10345374807625,81.2173476460426,78.6000337450473,1.52175815123687e-15
112,19,0,4,105,11.9283336333319,-2.53559488488947,71.0839673812585,82.8989664416264,0
112,20,0,4,120,11.9283336333319,-12.5223153881359,60.2239229794599,86.8685150203332,0
112,21,0,4,135,11.9283336333319,-21.4086585894697,47.99722461993,90.2645433577021,0
112,22,0,4,150,11.9283336333319,-28.6027195360778,33.8626932944282,92.8704103364887,0
112,23,0,4,165,11.9283336333319,-33.3819992844747,17.6536516284063,94.5112318020616,0
113,0,0,4,-180,12.2740959927222,-34.7259040072778,-8.34217279589732e-15,94.7259040072778,0
113,1,0,4,-165,12.2740959927222,-33.0452028344644,-17.5601470266439,94.1664665266314,0
113,2,0,4,-150,12.2740959927222,-28.288277716454,-33.6991501819384,92.5283707656125,0
113,3,0,4,-135,12.2740959927222,-21.1210196670644,-47.7913323770178,89.9262507745223,0
113,4,0,4,-120,12.2740959927222,-12.2591090898729,-59.9943567138364,86.5340579040154,0
113,5,0,4,-105,12.2740959927222,-2.29108818091093,-70.8392750520801,82.5675125203935,0
113,6,15.9742838859672,4,-90,12.2740959927222,8.33641628013705,-80.9591956989282,78.270027347326,3.24756424743004
113,7,31.0202004566413,4,-75,12.2740959927222,19.2655327758967,-88.9680198979833,72.8878467237226,9.12747859098658
113,8,44.2633357306163,4,-60,12.2740959927222,30.1524978396606,-78.1389987109851,58.4077367840915,23.1882731056456
113,9,54.934046822607,4,-45,12.2740959927222,40.5649217972701,-65.440718125686,43.858200624761,39.6105670233712
113,10,62.4121907904034,4,-30,12.2740959927222,49.8072997901524,-49.2049302125228,29.2656116019888,54.4460758944874
113,11,66.2631650885446,4,-15,12.2740959927222,56.6440381350164,-27.3844092636718,14.6524982516891,64.1081412720106
113,12,66.2631650885446,4,0,12.2740959927222,59.2740959927222,0,0.725904007277674,66.2578470743231
113,13,62.4121907904034,4,15,12.2740959927222,56.6440381350164,27.3844092636718,14.6524982516891,60.3824091248935
113,14,54.934046822607,4,30,12.2740959927222,49.8072997901524,49.2049302125228,29.2656116019888,47.9224209984771
113,15,44.2633357306164,4,45,12.2740959927222,40.5649217972701,65.440718125686,43.858200624761,31.9163784218793
113,16,31.0202004566413,4,60,12.2740959927222,30.1524978396606,78.1389987109851,58.4077367840915,16.2505800366722
113,17,15.9742838859672,4,75,12.2740959927222,19.2655327758967,88.9680198979833,72.8878467237226,4.70032211362745
113,18,8.17449860119245e-15,4,90,12.2740959927222,8.33641628013705,80.9591956989282,78.270027347326,1.66187164241022e-15
113,19,0,4,105,12.2740959927222,-2.29108818091093,70.8392750520801,82.5675125203935,0
113,20,0,4,120,12.2740959927222,-12.2591090898729,59.9943567138364,86.5340579040154,0
113,21,0,4,135,12.2740959927222,-21.1210196670644,47.7913323770178,89.9262507745223,0
113,22,0,4,150,12.2740959927222,-28.288277716454,33.6991501819384,92.5283707656125,0
113,23,0,4,165,12.2740959927222,-33.0452028344644,17.5601470266439,94.1664665266314,0
114,0,0,4,-180,12.6162212725731,-34.3837787274269,-8.29699644419919e-15,94.3837787274269,0
114,1,0,4,-165,12.6162212725731,-32.711881015789,-17.4683273188643,93.8253269808865,0
114,2,0,4,-150,12.6162212725731,-27.9769528891894,-33.5382758211339,92.1899271714241,0
114,3,0,4,-135,12.6162212725731,-20.8361625700901,-47.5883907923884,89.5915168073637,0
114,4,0,4,-120,12.6162212725731,-11.9984839720544,-59.7676561023616,86.2031269485456,0
114,5,0,4,-105,12.6162212725731,-2.04911235957247,-70.597238909965,82.2395668966819,0
114,6,16.9289021874451,4,-90,12.6162212725731,8.56676386614457,-80.7034564373587,77.943530312294,3.53603518289724
114,7,32.8739581138115,4,-75,12.6162212725731,19.4922684426941,-89.2396115016864,72.8286580678306,9.70538536669177
114,8,46.9084990865791,4,-60,12.6162212725731,30.3850922647732,-78.4295006709728,58.3616663483046,24.6061175358723
114,9,58.2168885978913,4,-45,12.6162212725731,40.815126508148,-65.7484541584902,43.8230396025629,42.0024283278521
114,10,66.1419241536741,4,-30,12.6162212725731,50.0888119172222,-49.5070754880831,29.2391354965001,57.7146919358966
114,11,70.2230314937575,4,-15,12.6162212725731,56.9650649095517,-27.6004599192954,14.629706569968,67.9462848140524
114,12,70.2230314937575,4,0,12.6162212725731,59.6162212725731,0,0.383778727427383,70.221456189356
114,13,66.1419241536741,4,15,12.6162212725731,56.9650649095517,27.6004599192954,14.629706569968,63.997493715356
114,14,58.2168885978913,4,30,12.6162212725731,50.0888119172222,49.5070754880831,29.2391354965001,50.7993959033783
114,15,46.9084990865791,4,45,12.6162212725731,40.815126508148,65.7484541584902,43.8230396025629,33.8436305735948
114,16,32.8739581138115,4,60,12.6162212725731,30.3850922647732,78.4295006709728,58.3616663483046,17.2442199807928
114,17,16.9289021874451,4,75,12.6162212725731,19.4922684426941,89.2396115016864,72.8286580678306,4.99792324962406
114,18,8.66300412831401e-15,4,90,12.6162212725731,8.56676386614457,80.7034564373587,77.943530312294,1.80949048249687e-15
114,19,0,4,105,12.6162212725731,-2.04911235957247,70.597238909965,82.2395668966819,0
114,20,0,4,120,12.6162212725731,-11.9984839720544,59.7676561023616,86.2031269485456,0
114,21,0,4,135,12.6162212725731,-20.8361625700901,47.5883907923884,89.5915168073637,0
114,22,0,4,150,12.6162212725731,-27.9769528891894,33.5382758211339,92.1899271714241,0
114,23,0,4,165,12.6162212725731,-32.711881015789,17.4683273188643,93.8253269808865,0
115,0,0,4,-180,12.9546080937807,-34.0453919062193,-8.25267545595924e-15,94.0453919062193,0
115,1,0,4,-165,12.9546080937807,-32.3821361288011,-17.3781835154481,93.4879143493966,0
115,2,0,4,-150,12.9546080937807,-27.6688469255846,-33.3800705737227,91.8551801599322,0
115,3,0,4,-135,12.9546080937807,-20.5541839674019,-47.3884211791138,89.2604411433329,0
115,4,0,4,-120,12.9546080937807,-11.7405276614465,-59.5438636229195,85.8758207146468,0
115,5,0,4,-105,12.9546080937807,-1.80974470438045,-70.357919512976,81.9152270323917,0
115,6,17.9086427082271,4,-90,12.9546080937807,8.79442882828748,-80.4502069286645,77.6206393234213,3.8393173661801
115,7,34.7765001975198,4,-75,12.9546080937807,19.7161270961295,-89.5089841579382,72.7707187265702,10.3006675846829
115,8,49.6232739027674,4,-60,12.9546080937807,30.6145099279269,-78.7181899398164,58.3173155908282,26.0628629907019
115,9,61.5861233020478,4,-45,12.9546080937807,41.0617868858349,-66.0551155539555,43.7903357798445,44.4576036721409
115,10,69.9698110714631,4,-30,12.9546080937807,50.3664675414135,-49.8094261843803,29.2165197927592,61.0683481926338
115,11,74.2871077513199,4,-15,12.9546080937807,57.2822112025105,-27.8178413514934,14.6148377224684,71.8834637194759
115,12,74.2871077513199,4,0,12.9546080937807,59.9546080937807,0,0.0453919062236973,74.2870844384892
115,13,69.9698110714631,4,15,12.9546080937807,57.2822112025105,27.8178413514934,14.6148377224684,67.7058580938593
115,14,61.5861233020478,4,30,12.9546080937807,50.3664675414135,49.8094261843803,29.2165197927592,53.75122162046
115,15,49.6232739027675,4,45,12.9546080937807,41.0617868858349,66.0551155539555,43.7903357798445,35.8218982750936
115,16,34.7765001975198,4,60,12.9546080937807,30.6145099279269,78.7181899398164,58.3173155908282,18.2651221626376
115,17,17.9086427082272,4,75,12.9546080937807,19.7161270961295,89.5089841579382,72.7707187265702,5.30447211141334
115,18,9.16436541460617e-15,4,90,12.9546080937807,8.79442882828748,80.4502069286645,77.6206393234213,1.96468866231577e-15
115,19,0,4,105,12.9546080937807,-1.80974470438045,70.357919512976,81.9152270323917,0
115,20,0,4,120,12.9546080937807,-11.7405276614465,59.5438636229195,85.8758207146468,0
115,21,0,4,135,12.9546080937807,-20.5541839674019,47.3884211791138,89.2604411433329,0
115,22,0,4,150,12.9546080937807,-27.6688469255846,33.3800705737227,91.8551801599322,0
115,23,0,4,165,12.9546080937807,-32.3821361288011,17.3781835154481,93.4879143493966,0
116,0,0,4,-180,13.2891561850267,-33.7108438149733,-8.20920362683956e-15,93.7108438149733,0
116,1,0,4,-165,13.2891561850267,-32.0560693330315,-17.28970694609,93.1543287079605,0
116,2,0,4,-150,13.2891561850267,-27.3640605529733,-33.2245348905306,91.5242292253665,0
116,3,0,4,-135,13.2891561850267,-20.2751794571386,-47.1914445942671,88.9331223522672,0
116,4,0,4,-120,13.2891561850267,-11.4853267734578,-59.3230213806497,85.5522366367779,0
116,5,0,4,-105,13.2891561850267,-1.57306145997941,-70.1213771422633,81.5945892500587,0
116,6,18.9132151300526,4,-90,13.2891561850267,9.01934466376341,-80.1995242062241,77.3014499090778,4.15753165467081
116,7,36.7272629434863,4,-75,13.2891561850267,19.937049784762,-89.7760428787679,72.7140282259156,10.9131794118287
116,8,52.4068557328136,4,-60,13.2891561850267,30.840695388428,-79.004950351005,58.2746602300528,27.5580340604412
116,9,65.0407525581196,4,-45,13.2891561850267,41.3048439952023,-66.3605639964443,43.7600343430354,46.9752181485979
116,10,73.894717258264,4,-30,13.2891561850267,50.6401938740469,-50.1118401926156,29.1976600914365,64.5058022946975
116,11,78.4541895877266,4,-15,13.2891561850267,57.5953846633663,-28.0364686238432,14.6076627899862,75.9181932012059
116,12,78.4541895877266,4,0,13.2891561850267,60.2891561850267,0,0.28915618502611,78.4531904969932
116,13,73.894717258264,4,15,13.2891561850267,57.5953846633663,28.0364686238432,14.6076627899862,71.506103763756
116,14,65.0407525581196,4,30,13.2891561850267,50.6401938740469,50.1118401926156,29.1976600914365,56.776804638808
116,15,52.4068557328137,4,45,13.2891561850267,41.3048439952023,66.3605639964443,43.7600343430354,37.8504765659218
116,16,36.7272629434863,4,60,13.2891561850267,30.840695388428,79.004950351005,58.2746602300528,19.3129534102091
116,17,18.9132151300526,4,75,13.2891561850267,19.937049784762,89.7760428787679,72.7140282259156,5.61989360019497
116,18,9.67843389589956e-15,4,90,13.2891561850267,9.01934466376341,80.1995242062241,77.3014499090778,2.12752802805609e-15
116,19,0,4,105,13.2891561850267,-1.57306145997941,70.1213771422633,81.5945892500587,0
116,20,0,4,120,13.2891561850267,-11.4853267734578,59.3230213806497,85.5522366367779,0
116,21,0,4,135,13.2891561850267,-20.2751794571386,47.1914445942671,88.9331223522672,0
116,22,0,4,150,13.2891561850267,-27.3640605529733,33.2245348905306,91.5242292253665,0
116,23,0,4,165,13.2891561850267,-32.0560693330315,17.28970694609,93.1543287079605,0
117,0,0,4,-180,13.6197664124916,-33.3802335875084,-8.16657498021731e-15,93.3802335875084,0
117,1,0,4,-165,13.6197664124916,-31.7337806174771,-17.2028892607927,92.8246689939095,0
117,2,0,4,-150,13.6197664124916,-27.06269332286,-33.071669325503,91.1971727205534,0
117,3,0,4,-135,13.6197664124916,-19.9992435326093,-46.9974818558156,88.6096578572774,0
117,4,0,4,-120,13.6197664124916,-11.23296687988,-59.1051711141582,85.2324709939667,0
117,5,0,4,-105,13.6197664124916,-1.33913780590123,-69.8876717923594,81.2777487040537,0
117,6,19.9423217764323,4,-90,13.6197664124916,9.24144606305087,-79.9514852423385,76.9860564140426,4.49077498279249
117,7,38.7256682986087,4,-75,13.6197664124916,20.1549789887007,-89.9593076575931,72.6185612966072,11.5685825921937
117,8,55.2584197413468,4,-60,13.6197664124916,31.063594978118,-79.2896646697831,58.2336745895858,29.0911373980282
117,9,68.5797526849012,4,-45,13.6197664124916,41.5442410532177,-66.6646586303801,43.7320781494125,49.5543733828218
117,10,77.9154796796673,4,-30,13.6197664124916,50.9099204155193,-50.4141703872215,29.1824473510672,68.0257841601591
117,11,82.7230422066965,4,-15,13.6197664124916,57.9044946513825,-28.2562510746161,14.6079339341606,80.0489583491338
117,12,82.7230422066965,4,0,13.6197664124916,60.6197664124916,0,0.619766412491735,82.7182026779331
117,13,77.9154796796673,4,15,13.6197664124916,57.9044946513825,28.2562510746161,14.6079339341606,75.3968038560068
117,14,68.5797526849012,4,30,13.6197664124916,50.9099204155193,50.4141703872215,29.1824473510672,59.8750270559857
117,15,55.2584197413468,4,45,13.6197664124916,41.5442410532177,66.6646586303801,43.7320781494125,39.9286415771847
117,16,38.7256682986087,4,60,13.6197664124916,31.063594978118,79.2896646697831,58.2336745895858,20.3873679808172
117,17,19.9423217764324,4,75,13.6197664124916,20.1549789887007,89.9593076575931,72.6185612966072,5.95740258817044
117,18,1.02050572426087e-14,4,90,13.6197664124916,9.24144606305087,79.9514852423385,76.9860564140426,2.29805818383857e-15
117,19,0,4,105,13.6197664124916,-1.33913780590123,69.8876717923594,81.2777487040537,0
117,20,0,4,120,13.6197664124916,-11.23296687988,59.1051711141582,85.2324709939667,0
117,21,0,4,135,13.6197664124916,-19.9992435326093,46.9974818558156,88.6096578572774,0
117,22,0,4,150,13.6197664124916,-27.06269332286,33.071669325503,91.1971727205534,0
117,23,0,4,165,13.6197664124916,-31.7337806174771,17.2028892607927,92.8246689939095,0
118,0,0,4,-180,13.9463408092299,-33.0536591907701,-8.12478376462751e-15,93.0536591907701,0
118,1,0,4,-165,13.9463408092299,-31.4153687713036,-17.1177224300241,92.4990329767608,0
118,2,0,4,-150,13.9463408092299,-26.7648435797158,-32.9214745479908,90.8741078276684,0
118,3,0,4,-135,13.9463408092299,-19.7264695490506,-46.8065535577246,88.2901439057122,0
118,4,0,4,-120,13.9463408092299,-10.9835324775926,-58.8903542001841,84.9166188811152,0
118,5,0,4,-105,13.9463408092299,-1.10804783139247,-69.656863159958,80.9647993523036,0
118,6,20.9956577008572,4,-90,13.9463408092299,9.46066892684105,-79.7061669192682,76.6745519715788,4.83912020637741
118,7,40.7711240922511,4,-75,13.9463408092299,20.3698586287413,-89.6971630574033,72.3066391851731,12.3912688369525
118,8,58.1771209484095,4,-60,13.9463408092299,31.283156806862,-79.5722146660027,58.1943316610151,30.6616624828959
118,9,72.2020750002769,4,-45,13.9463408092299,41.7799234415886,-66.9672561469924,43.7064078542958,52.1941489264841
118,10,82.0309068969924,4,-30,13.9463408092299,51.1755789912795,-50.7162646482044,29.1707681913811,71.6269979653927
118,11,87.0924006550693,4,-15,13.9463408092299,58.2094522830676,-28.4770921576859,14.6153860199249,84.2742164807324
118,12,87.0924006550693,4,0,13.9463408092299,60.9463408092299,0,0.946340809229459,87.0805213710604
118,13,82.0309068969925,4,15,13.9463408092299,58.2094522830676,28.4770921576859,14.6153860199249,79.3765053431854
118,14,72.2020750002769,4,30,13.9463408092299,51.1755789912795,50.7162646482044,29.1707681913811,63.0447483121947
118,15,58.1771209484096,4,45,13.9463408092299,41.7799234415886,66.9672561469924,43.7064078542958,42.0556516538302
118,16,40.7711240922511,4,60,13.9463408092299,31.283156806862,79.5722146660027,58.1943316610151,21.4880080964035
118,17,20.9956577008572,4,75,13.9463408092299,20.3698586287413,89.6971630574033,72.3066391851731,6.38105631797873
118,18,1.07440794048704e-14,4,90,13.9463408092299,9.46066892684105,79.7061669192682,76.6745519715788,2.4763164120793e-15
118,19,0,4,105,13.9463408092299,-1.10804783139247,69.656863159958,80.9647993523036,0
118,20,0,4,120,13.9463408092299,-10.9835324775926,58.8903542001841,84.9166188811152,0
118,21,0,4,135,13.9463408092299,-19.7264695490506,46.8065535577246,88.2901439057122,0
118,22,0,4,150,13.9463408092299,-26.7648435797158,32.9214745479908,90.8741078276684,0
118,23,0,4,165,13.9463408092299,-31.4153687713036,17.1177224300241,92.4990329767608,0
119,0,0,4,-180,14.2687826041997,-32.7312173958003,-8.08382445092229e-15,92.7312173958003,0
119,1,0,4,-165,14.2687826041997,-31.1009313549641,-17.0341987440843,92.1775172292254,0
119,2,0,4,-150,14.2687826041997,-26.4706084304273,-32.7739513533814,90.5551305293758,0
119,3,0,4,-135,14.2687826041997,-19.4569496912483,-46.6186800833074,87.9746755405531,0
119,4,0,4,-120,14.2687826041997,-10.7371069582347,-58.6786116567319,84.6047741807859,0
119,5,0,4,-105,14.2687826041997,-0.879864511325888,-69.4290106311824,80.6558339285451,0
119,6,22.0729107771598,4,-90,14.2687826041997,9.67695038162305,-79.4636459984498,76.3670284760832,5.20261598152612
119,7,42.8630242117172,4,-75,14.2687826041997,20.5816340736661,-89.4376191595147,71.9987154491288,13.2463168486604
119,8,61.1620944798433,4,-60,14.2687826041997,31.4993307654386,-79.8524811914373,58.1566031684806,32.2690823908127
119,9,75.9066461319688,4,-45,14.2687826041997,42.0118387159392,-67.2682108797562,43.6829620413941,54.8936036490999
119,10,86.2397794203366,4,-30,14.2687826041997,51.4371037844562,-51.0179658985516,29.1625052043266,75.3081241067014
119,11,91.5609701976382,4,-15,14.2687826041997,58.5101704785349,-28.698889292632,14.6297383331959,88.5923994775992
119,12,91.5609701976382,4,0,14.2687826041997,61.2687826041997,0,1.26878260419962,91.5385214659512
119,13,86.2397794203367,4,15,14.2687826041997,58.5101704785349,28.698889292632,14.6297383331959,83.4437312402309
119,14,75.9066461319688,4,30,14.2687826041997,51.4371037844562,51.0179658985516,29.1625052043266,66.2848069168619
119,15,61.1620944798434,4,45,14.2687826041997,42.0118387159392,67.2682108797562,43.6829620413941,44.2307484760721
119,16,42.8630242117172,4,60,14.2687826041997,31.4993307654386,79.8524811914373,58.1566031684806,22.6145044830526
119,17,22.0729107771598,4,75,14.2687826041997,20.5816340736661,89.4376191595147,71.9987154491288,6.82137519000681
119,18,1.1295340658785e-14,4,90,14.2687826041997,9.67695038162305,79.4636459984498,76.3670284760832,2.66232761149856e-15
119,19,0,4,105,14.2687826041997,-0.879864511325888,69.4290106311824,80.6558339285451,0
119,20,0,4,120,14.2687826041997,-10.7371069582347,58.6786116567319,84.6047741807859,0
119,21,0,4,135,14.2687826041997,-19.4569496912483,46.6186800833074,87.9746755405531,0
119,22,0,4,150,14.2687826041997,-26.4706084304273,32.7739513533814,90.5551305293758,0
119,23,0,4,165,14.2687826041997,-31.1009313549641,17.0341987440843,92.1775172292254,0
120,0,0,4,-180,14.5869962509383,-32.4130037490617,-8.04369172916732e-15,92.4130037490617,0
120,1,0,4,-165,14.5869962509383,-30.7905646717423,-16.9523108117294,91.8602170985823,0
120,2,0,4,-150,14.5869962509383,-26.1800837143946,-32.6291006721409,90.2403355803625,0
120,3,0,4,-135,14.5869962509383,-19.1907749420212,-46.4338816168555,87.6633465722477,0
120,4,0,4,-120,14.5869962509383,-10.4937725788437,-58.4699841446823,84.2970295354787,0
120,5,0,4,-105,14.5869962509383,-0.654659683200131,-69.2041732673545,80.3509439151223,0
120,6,23.1737617920046,4,-90,14.5869962509383,9.89022879391784,-79.2239990879132,76.0635765563242,5.58128667757423
120,7,45.0007487818547,4,-75,14.5869962509383,20.7902521456989,-89.1807719808678,71.6948804580196,14.1337131623383
120,8,64.2124558235699,4,-60,14.5869962509383,31.7120685258029,-80.1303442614923,58.1204596349169,33.91285456712
120,9,79.6923683355993,4,-45,14.5869962509383,42.2399366114309,-67.5673749085481,43.6616773559283,57.6517771243322
120,10,90.5408500699363,4,-30,14.5869962509383,51.6944313649322,-51.319112157347,29.1575372712095,79.0678211472946
120,11,96.1274267008081,4,-15,14.5869962509383,58.8065640066066,-28.9215337255147,14.6506963649617,93.0019161008152
120,12,96.1274267008081,4,0,14.5869962509383,61.5869962509383,0,1.58699625093834,96.0905547520373
120,13,90.5408500699364,4,15,14.5869962509383,58.8065640066066,28.9215337255147,14.6506963649617,87.5969827852463
120,14,79.6923683355993,4,30,14.5869962509383,51.6944313649322,51.319112157347,29.1575372712095,69.5940221623316
120,15,64.2124558235699,4,45,14.5869962509383,42.2399366114309,67.5673749085481,43.6616773559283,46.453158176412
120,16,45.0007487818548,4,60,14.5869962509383,31.7120685258029,80.1303442614923,58.1204596349169,23.7664769128853
120,17,23.1737617920047,4,75,14.5869962509383,20.7902521456989,89.1807719808678,71.6948804580196,7.27835227027638
120,18,1.18586776537457e-14,4,90,14.5869962509383,9.89022879391784,79.2239990879132,76.0635765563242,2.85610425258336e-15
120,19,0,4,105,14.5869962509383,-0.654659683200131,69.2041732673545,80.3509439151223,0
120,20,0,4,120,14.5869962509383,-10.4937725788437,58.4699841446823,84.2970295354787,0
120,21,0,4,135,14.5869962509383,-19.1907749420212,46.4338816168555,87.6633465722477,0
120,22,0,4,150,14.5869962509383,-26.1800837143946,32.6291006721409,90.2403355803625,0
120,23,0,4,165,14.5869962509383,-30.7905646717423,16.9523108117294,91.8602170985823,0
121,0,0,5,-180,14.9008874558747,-32.0991125441253,-8.00438050529446e-15,92.0991125441253,0
121,1,0,5,-165,14.9008874558747,-30.48436373972,-16.8720515580956,91.5472266784256,0
121,2,0,5,-150,14.9008874558747,-25.893363974274,-32.4869235773301,89.9298164792754,0
121,3,0,5,-135,14.9008874558747,-18.9280350515587,-46.2521781535906,87.3562495509912,0
121,4,0,5,-120,14.9008874558747,-10.2536104334612,-58.2645119678997,83.9934763204076,0
121,5,0,5,-105,14.9008874558747,-0.432504025229383,-68.9824097892811,80.0502195163359,0
121,6,24.2978845394778,5,-90,14.9008874558747,10.1004437831603,-78.9873026079294,75.7642855492789,5.97513232372925
121,7,47.1836643487378,5,-75,14.9008874558747,20.9956611241154,-88.9267176594849,71.3952232764959,15.0533971570943
121,8,67.3273010916908,5,-60,14.9008874558747,31.921323538707,-80.4056831412355,58.0858704498254,35.5924216008175
121,9,83.5581198199769,5,-45,14.9008874558747,42.4641690447477,-67.864598172501,43.6424886401582,60.467691006503
121,10,94.9328443457334,5,-30,14.9008874558747,51.9475007146608,-51.6195366091936,29.1557398843925,82.904727743682
121,11,100.790417024965,5,-15,14.9008874558747,59.0985495284971,-29.1449104018675,14.6779536333012,97.5011542781384
121,12,100.790417024965,5,0,14.9008874558747,61.9008874558747,0,1.90088745587459,100.73495228832
121,13,94.9328443457334,5,15,14.9008874558747,59.0985495284971,29.1449104018675,14.6779536333012,91.8347415937688
121,14,83.5581198199769,5,30,14.9008874558747,51.9475007146608,51.6195366091936,29.1557398843925,72.9711958194423
121,15,67.3273010916909,5,45,14.9008874558747,42.4641690447477,67.864598172501,43.6424886401582,48.7220924487681
121,16,47.1836643487378,5,60,14.9008874558747,31.921323538707,80.4056831412355,58.0858704498254,24.9435347465458
121,17,24.2978845394778,5,75,14.9008874558747,20.9956611241154,88.9267176594849,71.3952232764959,7.75195634121548
121,18,1.24339234608432e-14,5,90,14.9008874558747,10.1004437831603,78.9873026079294,75.7642855492789,3.05764635028002e-15
121,19,0,5,105,14.9008874558747,-0.432504025229383,68.9824097892811,80.0502195163359,0
121,20,0,5,120,14.9008874558747,-10.2536104334612,58.2645119678997,83.9934763204076,0
121,21,0,5,135,14.9008874558747,-18.9280350515587,46.2521781535906,87.3562495509912,0
121,22,0,5,150,14.9008874558747,-25.893363974274,32.4869235773301,89.9298164792754,0
121,23,0,5,165,14.9008874558747,-30.48436373972,16.8720515580956,91.5472266784256,0
122,0,0,5,-180,15.2103632062703,-31.7896367937297,-7.96588589752923e-15,91.7896367937297,0
122,1,0,5,-165,15.2103632062703,-30.1824222641769,-16.7934142219665,91.2386387807934,0
122,2,0,5,-150,15.2103632062703,-25.610542427361,-32.3474212906575,89.6236654410704,0
122,3,0,5,-135,15.2103632062703,-18.6688185076104,-46.0735895079764,87.0534757394618,0
122,4,0,5,-120,15.2103632062703,-10.016700425704,-58.0622350718553,83.6942046167844,0
122,5,0,5,-105,15.2103632062703,-0.213467035523242,-68.7637785600757,79.7537496323554,0
122,6,25.4449459177485,5,-90,15.2103632062703,10.3075362332312,-78.7536327549218,75.4692434745799,6.3841285888812
122,7,49.4111240673727,5,-75,15.2103632062703,21.1978107470094,-88.6755523949881,71.0998316389812,16.0052611024314
122,8,70.5057072883294,5,-60,15.2103632062703,32.127051028667,-80.6783764356515,58.0528039384337,37.3072119969805
122,9,87.5027550795069,5,-45,15.2103632062703,42.684490112377,-68.1597285915087,43.6253290709411,63.3403503930595
122,10,99.4144608050369,5,-30,15.2103632062703,52.1962532490295,-51.9190676904899,29.1569854720321,86.8174645456728
122,11,105.54855942544,5,-15,15.2103632062703,59.3860456398989,-29.3688978535129,14.7111935160419,102.088483356209
122,12,105.54855942544,5,0,15.2103632062703,62.2103632062703,0,2.21036320627027,105.47002673572
122,13,99.4144608050369,5,15,15.2103632062703,59.3860456398989,29.3688978535129,14.7111935160419,96.1554717800845
122,14,87.5027550795069,5,30,15.2103632062703,52.1962532490295,51.9190676904899,29.1569854720321,76.4151138098703
122,15,70.5057072883294,5,45,15.2103632062703,42.684490112377,68.1597285915087,43.6253290709411,51.0367496462883
122,16,49.4111240673727,5,60,15.2103632062703,32.127051028667,80.6783764356515,58.0528039384337,26.1452774745189
122,17,25.4449459177485,5,75,15.2103632062703,21.1978107470094,88.6755523949881,71.0998316389812,8.24213192550562
122,18,1.302090762233e-14,5,90,15.2103632062703,10.3075362332312,78.7536327549218,75.4692434745799,3.2669414536627e-15
122,19,0,5,105,15.2103632062703,-0.213467035523242,68.7637785600757,79.7537496323554,0
122,20,0,5,120,15.2103632062703,-10.016700425704,58.0622350718553,83.6942046167844,0
122,21,0,5,135,15.2103632062703,-18.6688185076104,46.0735895079764,87.0534757394618,0
122,22,0,5,150,15.2103632062703,-25.610542427361,32.3474212906575,89.6236654410704,0
122,23,0,5,165,15.2103632062703,-30.1824222641769,16.7934142219665,91.2386387807934,0
123,0,0,5,-180,15.5153317977814,-31.4846682022186,-7.92820323261032e-15,91.4846682022186,0
123,1,0,5,-165,15.5153317977814,-29.8848326104258,-16.716392352423,90.9345449086868,0
123,2,0,5,-150,15.5153317977814,-25.3317109376103,-32.2105951871301,89.3219733697801,0
123,3,0,5,-135,15.5153317977814,-18.4132125065185,-45.8981353204345,86.7551150860211,0
123,4,0,5,-120,15.5153317977814,-9.78312124229706,-57.8631930407932,83.3993031856195,0
123,5,0,5,-105,15.5153317977814,0.00238298764580168,-68.5483375665411,79.4616218337015,0
123,6,26.6146060277749,5,-90,15.5153317977814,10.5114483026433,-78.5230654636802,75.1785370095807,6.80822679403516
123,7,51.6824678933722,5,-75,15.5153317977814,21.3966522112235,-88.4273723867347,70.8087919249922,16.9891502651345
123,8,73.7467325831338,5,-60,15.5153317977814,32.3292079862728,-80.9483021840121,58.0212274320976,39.0566409450358
123,9,91.5251052336299,5,-45,15.5153317977814,42.9008560851285,-68.4526121962961,43.6101302989532,66.2687451688443
123,10,103.984371448169,5,-30,15.5153317977814,52.4406328340769,-52.2175291930524,29.1611437243812,90.804636064318
123,11,110.400443961951,5,-15,15.5153317977814,59.6689729112909,-29.5933681008575,14.7500910686139,106.762256311118
123,12,110.400443961951,5,0,15.5153317977814,62.5153317977814,0,2.51533179778135,110.294074645198
123,13,103.984371448169,5,15,15.5153317977814,59.6689729112909,29.5933681008575,14.7500910686139,100.557622039329
123,14,91.5251052336299,5,30,15.5153317977814,52.4406328340769,52.2175291930524,29.1611437243812,79.9245478502578
123,15,73.7467325831339,5,45,15.5153317977814,42.9008560851285,68.4526121962961,43.6101302989532,53.3963158645011
123,16,51.6824678933722,5,60,15.5153317977814,32.3292079862728,80.9483021840121,58.0212274320976,27.3712952555464
123,17,26.6146060277749,5,75,15.5153317977814,21.3966522112235,88.4273723867347,70.8087919249922,8.7487993411245
123,18,1.36194562021308e-14,5,90,15.5153317977814,10.5114483026433,78.5230654636802,75.1785370095807,3.48396465229538e-15
123,19,0,5,105,15.5153317977814,0.00238298764580168,68.5483375665411,79.4616218337015,0
123,20,0,5,120,15.5153317977814,-9.78312124229706,57.8631930407932,83.3993031856195,0
123,21,0,5,135,15.5153317977814,-18.4132125065185,45.8981353204345,86.7551150860211,0
123,22,0,5,150,15.5153317977814,-25.3317109376103,32.2105951871301,89.3219733697801,0
123,23,0,5,165,15.5153317977814,-29.8848326104258,16.716392352423,90.9345449086868,0
124,0,0,5,-180,15.8157028616326,-31.1842971383674,-7.89132804181802e-15,91.1842971383674,0
124,1,0,5,-165,15.8157028616326,-29.591685777087,-16.6409798049159,90.6350352289864,0
124,2,0,5,-150,15.8157028616326,-25.0569599882886,-32.0764467983634,89.0248298317091,0
124,3,0,5,-135,15.8157028616326,-18.1613029250878,-45.7258350625072,86.4612561983843,0
124,4,0,5,-120,15.8157028616326,-9.55295032756521,-57.667425093463,83.108859442045,0
124,5,0,5,-105,15.8157028616326,0.214978964490948,-68.3361443991409,79.1739223363075,0
124,6,27.8065182740229,5,-90,15.8157028616326,10.7121234333915,-78.2956763679215,74.8922514650492,7.24735395676044
124,7,53.9970227785411,5,-75,15.8157028616326,21.5921381704561,-88.1822737696215,70.5221891351147,18.0048630753485
124,8,77.0494165903623,5,-60,15.8157028616326,32.5277531578473,-81.2153379582346,57.9911073398036,40.8401110804784
124,9,95.6239783731857,5,-45,15.8157028616326,43.1132253988429,-68.7430932669317,43.5968225892094,69.251851328122
124,10,108.641222111979,5,-30,15.8157028616326,52.6805857993819,-52.5147403855071,29.1680819202422,94.8648325022873
124,11,115.344632916398,5,-15,15.8157028616326,59.947253926277,-29.81818657237,14.7943148040524,111.520811910897
124,12,115.344632916398,5,0,15.8157028616326,62.8157028616326,0,2.81570286163259,115.205378694997
124,13,108.641222111979,5,15,15.8157028616326,59.947253926277,29.81818657237,14.7943148040524,105.039627684294
124,14,95.6239783731857,5,30,15.8157028616326,52.6805857993819,52.5147403855071,29.1680819202422,83.498257063277
124,15,77.0494165903624,5,45,15.8157028616326,43.1132253988429,68.7430932669317,43.5968225892094,55.7999660065445
124,16,53.9970227785411,5,60,15.8157028616326,32.5277531578473,81.2153379582346,57.9911073398036,28.6211694504457
124,17,27.806518274023,5,75,15.8157028616326,21.5921381704561,88.1822737696215,70.5221891351147,9.27185478687031
124,18,1.42293918373838e-14,5,90,15.8157028616326,10.7121234333915,78.2956763679215,74.8922514650492,3.70867859897796e-15
124,19,0,5,105,15.8157028616326,0.214978964490948,68.3361443991409,79.1739223363075,0
124,20,0,5,120,15.8157028616326,-9.55295032756521,57.667425093463,83.108859442045,0
124,21,0,5,135,15.8157028616326,-18.1613029250878,45.7258350625072,86.4612561983843,0
124,22,0,5,150,15.8157028616326,-25.0569599882886,32.0764467983634,89.0248298317091,0
124,23,0,5,165,15.8157028616326,-29.591685777087,16.6409798049159,90.6350352289864,0
125,0,0,5,-180,16.111387391395,-30.888612608605,-7.85525605682732e-15,90.888612608605,0
125,1,0,5,-165,16.111387391395,-29.3030713698081,-16.5671707367988,90.3401985457752,0
125,2,0,5,-150,16.111387391395,-24.7863786552565,-31.9449778146119,88.732323029064,0
125,3,0,5,-135,16.111387391395,-17.9131742932868,-45.5567080405157,86.1719863177683,0
125,4,0,5,-120,16.111387391395,-9.32626385887612,-57.4749700774535,82.8229594301691,0
125,5,0,5,-105,16.111387391395,0.424255051282454,-68.1272562305926,78.8907359771664,0
125,6,29.0203294671706,5,-90,16.111387391395,10.9095063584761,-78.0715407592487,74.6104707614986,7.70141286700468
125,7,56.3541028703148,5,-75,16.111387391395,21.7842227315622,-87.940352547664,70.2401068676498,19.0521513503642
125,8,80.4127806534657,5,-60,16.111387391395,32.722647032466,-81.4793609650893,57.9624092206237,42.6570132376664
125,9,99.7981599136021,5,-45,16.111387391395,43.3215586412577,-69.0310144796241,43.5853349625248,72.2886322704384
125,10,113.383632871112,5,-30,16.111387391395,52.9160609464525,-52.8105161528087,29.1776652522263,98.9966315413582
125,11,120.379661218888,5,-15,16.111387391395,60.2208133177637,-30.0432120429749,14.8435284148974,116.362476823675
125,12,120.379661218889,5,0,16.111387391395,63.111387391395,0,3.11138739139493,120.202209870562
125,13,113.383632871112,5,15,16.111387391395,60.2208133177637,30.0432120429749,14.8435284148974,109.599912631077
125,14,99.7981599136022,5,30,16.111387391395,52.9160609464525,52.8105161528087,29.1776652522263,87.134989550944
125,15,80.4127806534657,5,45,16.111387391395,43.3215586412577,69.0310144796241,43.5853349625248,58.2468648273096
125,16,56.3541028703148,5,60,16.111387391395,32.722647032466,81.4793609650893,57.9624092206237,29.8944731496762
125,17,29.0203294671706,5,75,16.111387391395,21.7842227315622,87.940352547664,70.2401068676498,9.81117045760325
125,18,1.48505337909967e-14,5,90,16.111387391395,10.9095063584761,78.0715407592487,74.6104707614986,3.94103354854229e-15
125,19,0,5,105,16.111387391395,0.424255051282454,68.1272562305926,78.8907359771664,0
125,20,0,5,120,16.111387391395,-9.32626385887612,57.4749700774535,82.8229594301691,0
125,21,0,5,135,16.111387391395,-17.9131742932868,45.5567080405157,86.1719863177683,0
125,22,0,5,150,16.111387391395,-24.7863786552565,31.9449778146119,88.732323029064,0
125,23,0,5,165,16.111387391395,-29.3030713698081,16.5671707367988,90.3401985457752,0
126,0,0,5,-180,16.4022977693611,-30.5977022306389,-7.8199832054009e-15,90.5977022306389,0
126,1,0,5,-165,16.4022977693611,-29.0190775754322,-16.494959602356,90.0501222740751,0
126,2,0,5,-150,16.4022977693611,-24.5200545808763,-31.816190085578,88.4445397740247,0
126,3,0,5,-135,16.4022977693611,-17.6689097677713,-45.3907733977597,85.887391293525,0
126,4,0,5,-120,16.4022977693611,-9.10313672302968,-57.2858664621601,82.5416877984671,0
126,5,0,5,-105,16.4022977693611,0.630146656849691,-67.9217297931191,78.6121461905712,0
126,6,30.255679928765,5,-90,16.4022977693611,11.1035431081149,-77.8507335445627,74.3332774061606,8.17028219357492
126,7,58.753009714992,5,-75,16.4022977693611,21.9728614490701,-87.7017045254326,69.9626272959377,20.1307205745599
126,8,83.8358281350847,5,-60,16.4022977693611,32.9138518263607,-81.7402481521004,57.9350978569812,44.506727191399
126,9,104.046412954803,5,-45,16.4022977693611,43.525818535007,-69.3162170616081,43.5755953375681,75.3780400665186
126,10,118.21019844691,5,-30,16.4022977693611,53.1470095524524,-53.1046671541656,29.1897571495527,103.198600081878
126,11,125.504036881872,5,-15,16.4022977693611,60.4895778017734,-30.2682965931185,14.8973924197915,121.28556766553
126,12,125.504036881872,5,0,16.4022977693611,63.4022977693611,0,3.40229776936111,125.282829580961
126,13,118.21019844691,5,15,16.4022977693611,60.4895778017734,30.2682965931185,14.8973924197915,114.23689132791
126,14,104.046412954803,5,30,16.4022977693611,53.1470095524524,53.1046671541656,29.1897571495527,90.8334839256617
126,15,83.8358281350847,5,45,16.4022977693611,43.525818535007,69.3162170616081,43.5755953375681,60.7361679534428
126,16,58.753009714992,5,60,16.4022977693611,32.9138518263607,81.7402481521004,57.9350978569812,31.1907716930448
126,17,30.255679928765,5,75,16.4022977693611,21.9728614490701,87.7017045254326,69.9626272959377,10.3665946884058
126,18,1.54826980052034e-14,5,90,16.4022977693611,11.1035431081149,77.8507335445627,74.3332774061606,4.18096741234183e-15
126,19,0,5,105,16.4022977693611,0.630146656849691,67.9217297931191,78.6121461905712,0
126,20,0,5,120,16.4022977693611,-9.10313672302968,57.2858664621601,82.5416877984671,0
126,21,0,5,135,16.4022977693611,-17.6689097677713,45.3907733977597,85.887391293525,0
126,22,0,5,150,16.4022977693611,-24.5200545808763,31.816190085578,88.4445397740247,0
126,23,0,5,165,16.4022977693611,-29.0190775754322,16.494959602356,90.0501222740751,0
127,0,0,5,-180,16.6883477925076,-30.3116522074924,-7.78550560693661e-15,90.3116522074924,0
127,1,0,5,-165,16.6883477925076,-28.7397911366203,-16.4243411473628,89.764892414004,0
127,2,0,5,-150,16.6883477925076,-24.2580739485405,-31.69008562006,88.1615654632655,0
127,3,0,5,-135,16.6883477925076,-17.4285911062233,-45.2280501153081,85.6075555582663,0
127,4,0,5,-120,16.6883477925076,-8.88364249358465,-57.1001523304236,82.2651277757157,0
127,5,0,5,-105,16.6883477925076,0.832590458024679,-67.7196213544005,78.3382349849529,0
127,6,31.5122035978035,5,-90,16.6883477925076,11.2941810146617,-77.6333292019877,74.0607524706093,8.65381662054994
127,7,61.1930324647022,5,-75,16.6883477925076,22.1580113179411,-87.4664252374488,69.6898311463658,21.2402302338801
127,8,87.3175447123752,5,-60,16.6883477925076,33.1013314647351,-81.9978763169684,57.9091373285805,46.3886223850588
127,9,108.367478647726,5,-45,16.6883477925076,43.7259699167497,-69.5985409538885,43.5675306731684,78.51901669055
127,10,123.119488623829,5,-30,16.6883477925076,53.3733853691206,-53.3969999995679,29.2042195972074,107.469295929278
127,11,130.716241442247,5,-15,16.6883477925076,60.7534762086931,-30.4932855902702,14.9555657207436,126.288392982253
127,12,130.716241442247,5,0,16.6883477925076,63.6883477925076,0,3.68834779250753,130.445491705869
127,13,123.119488623829,5,15,16.6883477925076,60.7534762086931,30.4932855902702,14.9555657207436,118.948970621756
127,14,108.367478647726,5,30,16.6883477925076,53.3733853691206,53.3969999995679,29.2042195972074,94.5924707946531
127,15,87.3175447123752,5,45,16.6883477925076,43.7259699167497,69.5985409538885,43.5675306731684,63.267022876265
127,16,61.1930324647022,5,60,16.6883477925076,33.1013314647351,81.9978763169684,57.9091373285805,32.5096231799954
127,17,31.5122035978035,5,75,16.6883477925076,22.1580113179411,87.4664252374488,69.6898311463658,10.9379521268265
127,18,1.61256971561038e-14,5,90,16.6883477925076,11.2941810146617,77.6333292019877,74.0607524706093,4.42840582805745e-15
127,19,0,5,105,16.6883477925076,0.832590458024679,67.7196213544005,78.3382349849529,0
127,20,0,5,120,16.6883477925076,-8.88364249358465,57.1001523304236,82.2651277757157,0
127,21,0,5,135,16.6883477925076,-17.4285911062233,45.2280501153081,85.6075555582663,0
127,22,0,5,150,16.6883477925076,-24.2580739485405,31.69008562006,88.1615654632655,0
127,23,0,5,165,16.6883477925076,-28.7397911366203,16.4243411473628,89.764892414004,0
128,0,0,5,-180,16.9694526980391,-30.0305473019609,-7.75181956788353e-15,90.0305473019609,0
128,1,0,5,-165,16.9694526980391,-28.4652973269313,-16.35531040321,89.4845935253622,0
128,2,0,5,-150,16.9694526980391,-24.0005214578203,-31.5666665844967,87.8834840529323,0
128,3,0,5,-135,16.9694526980391,-17.192298642497,-45.0685570114342,85.3325621034854,0
128,4,0,5,-120,16.9694526980391,-8.66785340911395,-56.9178653688818,81.9933611474761,0
128,5,0,5,-105,16.9694526980391,1.03152441403907,-67.52098669227,78.0690829203237,0
128,6,32.7895281392048,5,-90,16.9694526980391,11.4813687162511,-77.4194017353766,73.7929755690407,9.15184701284958
128,7,63.6734480880444,5,-75,16.9694526980391,22.3396307646057,-87.234609875649,69.4217976770675,22.3802942031687
128,8,90.8568986775736,5,-60,16.9694526980391,33.2850515610325,-82.2521222203324,57.8844910868606,48.3020586431766
128,9,112.760076567352,5,-45,16.9694526980391,43.9219797124303,-69.8778249815721,43.5610671105449,81.7104952153631
128,10,128.110048673237,5,-30,16.9694526980391,53.5951446167495,-53.6873174450302,29.2209134503701,111.807269422917
128,11,136.014730411313,5,-15,16.9694526980391,61.0124395117503,-30.7180176946163,15.0177070601876,131.369255159558
128,12,136.014730411313,5,0,16.9694526980391,63.9694526980392,0,3.96945269803916,135.688444567458
128,13,128.110048673237,5,15,16.9694526980391,61.0124395117503,30.7180176946163,15.0177070601876,123.734551557499
128,14,112.760076567352,5,30,16.9694526980391,53.5951446167495,53.6873174450302,29.2209134503701,98.4106741936505
128,15,90.8568986775737,5,45,16.9694526980391,43.9219797124303,69.8778249815721,43.5610671105449,65.8385699147895
128,16,63.6734480880444,5,60,16.9694526980391,33.2850515610325,82.2521222203324,57.8844910868606,33.8505789689818
128,17,32.7895281392049,5,75,16.9694526980391,22.3396307646057,87.234609875649,69.4217976770675,11.5250439323432
128,18,1.67793407091727e-14,5,90,16.9694526980391,11.4813687162511,77.4194017353766,73.7929755690407,4.68326224442435e-15
128,19,0,5,105,16.9694526980391,1.03152441403907,67.52098669227,78.0690829203237,0
128,20,0,5,120,16.9694526980391,-8.66785340911395,56.9178653688818,81.9933611474761,0
128,21,0,5,135,16.9694526980391,-17.192298642497,45.0685570114342,85.3325621034854,0
128,22,0,5,150,16.9694526980391,-24.0005214578203,31.5666665844967,87.8834840529323,0
128,23,0,5,165,16.9694526980391,-28.4652973269313,16.35531040321,89.4845935253622,0
129,0,0,5,-180,17.2455291885055,-29.7544708114945,-7.71892157703989e-15,89.7544708114946,0
129,1,0,5,-165,17.2455291885055,-28.1956799263652,-16.2878626806261,89.2093087026551,0
129,2,0,5,-150,17.2455291885055,-23.7474803002275,-31.4459353004665,87.6103780340811,0
129,3,0,5,-135,17.2455291885055,-16.9601112625628,-44.9123127397443,85.0624924556829,0
129,4,0,5,-120,17.2455291885055,-8.45584035237783,-56.7390428570766,81.7264682331304,0
129,5,0,5,-105,17.2455291885055,1.22688777988944,-67.3258810682042,77.8047690863275,0
129,6,34.0872750541405,5,-90,17.2455291885055,11.6650561591951,-77.2090246274671,73.5300248372116,9.66418061015722
129,7,66.1935215843379,5,-75,17.2455291885055,22.5176796363127,-87.0063532150304,69.1586046573172,23.5504811846311
129,8,94.4528412437147,5,-60,17.2455291885055,33.4649793937012,-82.5028627016717,57.8611220298286,50.2463868663674
129,9,117.222905092116,5,-45,17.2455291885055,44.1138169086949,-70.1539070314865,43.5561301151451,84.9514009671591
129,10,133.180399784486,5,-30,17.2455291885055,53.81224597311,-53.975418606568,29.2396987431155,116.211065002807
129,11,141.397933732438,5,-15,17.2455291885055,61.2664008525124,-30.9423248906775,15.0834763700168,136.526452256526
129,12,141.397933732438,5,0,17.2455291885055,64.2455291885055,0,4.24552918850539,141.009932821844
129,13,133.180399784486,5,15,17.2455291885055,61.2664008525124,30.9423248906775,15.0834763700168,128.59203110484
129,14,117.222905092116,5,30,17.2455291885055,53.81224597311,53.975418606568,29.2396987431155,102.286812965887
129,15,94.4528412437147,5,45,17.2455291885055,44.1138169086949,70.1539070314865,43.5561301151451,68.449943146153
129,16,66.1935215843379,5,60,17.2455291885055,33.4649793937012,82.5028627016717,57.8611220298286,35.213184164486
129,17,34.0872750541406,5,75,17.2455291885055,22.5176796363127,87.0063532150304,69.1586046573172,12.1276480021548
129,18,1.74434349757184e-14,5,90,17.2455291885055,11.6650561591951,77.2090246274671,73.5300248372116,4.94543802046739e-15
129,19,0,5,105,17.2455291885055,1.22688777988944,67.3258810682042,77.8047690863275,0
129,20,0,5,120,17.2455291885055,-8.45584035237783,56.7390428570766,81.7264682331304,0
129,21,0,5,135,17.2455291885055,-16.9601112625628,44.9123127397443,85.0624924556829,0
129,22,0,5,150,17.2455291885055,-23.7474803002275,31.4459353004665,87.6103780340811,0
129,23,0,5,165,17.2455291885055,-28.1956799263652,16.2878626806261,89.2093087026551,0
130,0,0,5,-180,17.5164954564842,-29.4835045435158,-7.68680830074609e-15,89.4835045435158,0
130,1,0,5,-165,17.5164954564842,-27.931021197373,-16.2219935630293,88.9391195505583,0
130,2,0,5,-150,17.5164954564842,-23.499032135588,-31.3278942411981,87.3423284085875,0
130,3,0,5,-135,17.5164954564842,-16.7321063812403,-44.7593357860582,84.7974266530008,0
130,4,0,5,-120,17.5164954564842,-8.24767283040387,-56.5637216553643,81.4645278634767,0
130,5,0,5,-105,17.5164954564842,1.41862111868703,-67.1343591996608,77.5453710809032,0
130,6,35.405059792192,5,-90,17.5164954564842,11.8451945991565,-77.0022707917659,73.2719769120431,10.1906012483622
130,7,68.7525062014179,5,-75,17.5164954564842,22.692119188834,-86.7817495376037,68.900328347627,24.7503151956508
130,8,98.1043068554092,5,-60,17.5164954564842,33.6410838805153,-82.7499747981389,57.8389925771344,52.220949706675
130,9,121.75464178961,5,-45,17.5164954564842,44.301452520499,-70.426624236745,43.552644617786,88.2406526366421
130,10,138.329039503115,5,-30,17.5164954564842,54.024650557226,-54.2610991928313,29.260434990491,120.679222709977
130,11,146.864256246299,5,-15,17.5164954564842,61.5152955632025,-31.1660325465435,15.1525360076246,141.758279757371
130,12,146.864256246299,5,0,17.5164954564842,64.5164954564842,0,4.51649545648422,146.40819926503
130,13,138.329039503115,5,15,17.5164954564842,61.5152955632025,31.1660325465435,15.1525360076246,133.519803808254
130,14,121.75464178961,5,30,17.5164954564842,54.024650557226,54.2610991928313,29.260434990491,106.219602082692
130,15,98.1043068554092,5,45,17.5164954564842,44.301452520499,70.426624236745,43.552644617786,71.1002713009126
130,16,68.7525062014179,5,60,17.5164954564842,33.6410838805153,82.7499747981389,57.8389925771344,36.5969780903064
130,17,35.4050597921921,5,75,17.5164954564842,22.692119188834,86.7817495376037,68.900328347627,12.7455192223894
130,18,1.81177831702774e-14,5,90,17.5164954564842,11.8451945991565,77.0022707917659,73.2719769120431,5.21482253881977e-15
130,19,0,5,105,17.5164954564842,1.41862111868703,67.1343591996608,77.5453710809032,0
130,20,0,5,120,17.5164954564842,-8.24767283040387,56.5637216553643,81.4645278634767,0
130,21,0,5,135,17.5164954564842,-16.7321063812403,44.7593357860582,84.7974266530008,0
130,22,0,5,150,17.5164954564842,-23.499032135588,31.3278942411981,87.3423284085875,0
130,23,0,5,165,17.5164954564842,-27.931021197373,16.2219935630293,88.9391195505583,0
131,0,0,5,-180,17.7822712088223,-29.2177287911777,-7.65547657798531e-15,89.2177287911777,0
131,1,0,5,-165,17.7822712088223,-27.6714018613389,-16.15769889954,88.6741061598334,0
131,2,0,5,-150,17.7822712088223,-23.2552570690242,-31.2125460271502,87.0794146655303,0
131,3,0,5,-135,17.7822712088223,-16.508359919711,-44.6096444640927,84.5374432223705,0
131,4,0,5,-120,17.7822712088223,-8.04341895546063,-56.3919381916785,81.2076173588857,0
131,5,0,5,-105,17.7822712088223,1.60666631301045,-66.9464752313196,77.2909649895632,0
131,6,36.7424918653012,5,-90,17.7822712088223,12.021736601131,-76.7992125232389,73.0189069118896,10.730869607667
131,7,71.349643656915,5,-75,17.7822712088223,22.8629120725735,-86.5608925547781,68.6470434805462,25.9792761041595
131,8,101.810213504591,5,-60,17.7822712088223,33.8133355505136,-82.9933358660989,57.8180647452498,54.2250822214674
131,9,126.35394380845,5,-45,17.7822712088223,44.4848595549579,-70.695813167888,43.5505351548096,91.5771633435657
131,10,143.554442176059,5,-30,17.7822712088223,54.2323219079256,-54.5441517562193,29.2829814831715,125.210279616503
131,11,152.412078163562,5,-15,17.7822712088223,61.7590611856307,-31.3889595023559,15.2245518765786,147.06303223692
131,12,152.412078163562,5,0,17.7822712088223,64.7822712088223,0,4.78227120882228,151.881486548595
131,13,143.554442176059,5,15,17.7822712088223,61.7590611856307,31.3889595023559,15.2245518765786,138.516263355683
131,14,126.35394380845,5,30,17.7822712088223,54.2323219079256,54.5441517562193,29.2829814831715,110.20775390218
131,15,101.810213504591,5,45,17.7822712088223,44.4848595549579,70.695813167888,43.5505351548096,73.788678620807
131,16,71.349643656915,5,60,17.7822712088223,33.8133355505136,82.9933358660989,57.8180647452498,38.0014947478148
131,17,36.7424918653013,5,75,17.7822712088223,22.8629120725735,86.5608925547781,68.6470434805462,13.3783897438006
131,18,1.8802185468926e-14,5,90,17.7822712088223,12.021736601131,76.7992125232389,73.0189069118896,5.49129333268647e-15
131,19,0,5,105,17.7822712088223,1.60666631301045,66.9464752313196,77.2909649895632,0
131,20,0,5,120,17.7822712088223,-8.04341895546063,56.3919381916785,81.2076173588857,0
131,21,0,5,135,17.7822712088223,-16.508359919711,44.6096444640927,84.5374432223705,0
131,22,0,5,150,17.7822712088223,-23.2552570690242,31.2125460271502,87.0794146655303,0
131,23,0,5,165,17.7822712088223,-27.6714018613389,16.15769889954,88.6741061598334,0
132,0,0,5,-180,18.0427776904283,-28.9572223095717,-7.62492341540391e-15,88.9572223095717,0
132,1,0,5,-165,18.0427776904283,-27.4169010755373,-16.0949747976837,88.4143470837011,0
132,2,0,5,-150,18.0427776904283,-23.01623362854,-31.099893420715,86.8217147580561,0
132,3,0,5,-135,18.0427776904283,-16.2889462838002,-44.4632569100078,84.2826191571793,0
132,4,0,5,-120,18.0427776904283,-7.84314542691163,-56.2237284471974,80.9558125080232,0
132,5,0,5,-105,18.0427776904283,1.79096657528181,-66.7622827052884,77.0416253652885,0
132,6,38.0991749634808,5,-90,18.0427776904283,12.1946360382711,-76.5999214478958,72.7708884174757,11.2847234864833
132,7,73.9841643629504,5,-75,18.0427776904283,23.0300223171326,-86.3438753283149,68.3988232421661,27.2368002097308
132,8,105.569463051141,5,-60,18.0427776904283,33.9817065136315,-83.232823705143,57.7983002226154,56.258112504124
132,9,131.019448276184,5,-45,18.0427776904283,44.6640129715077,-70.9613100301949,43.5497260069767,94.9598416518983
132,10,148.855059403732,5,-30,18.0427776904283,54.4352259571148,-54.8243659622009,29.3071975739928,129.802771181512
132,11,158.039755544862,5,-15,18.0427776904283,61.9976374865441,-31.6109181895914,15.2991944318456,152.439004935539
132,12,158.039755544862,5,0,18.0427776904283,65.0427776904284,0,5.04277769042835,157.428038800749
132,13,148.855059403732,5,15,18.0427776904283,61.9976374865441,31.6109181895914,15.2991944318456,143.579804061922
132,14,131.019448276184,5,30,18.0427776904283,54.4352259571148,54.8243659622009,29.3071975739928,114.249979362778
132,15,105.569463051141,5,45,18.0427776904283,44.6640129715077,70.9613100301949,43.5497260069767,76.514285676736
132,16,73.9841643629505,5,60,18.0427776904283,33.9817065136315,83.232823705143,57.7983002226154,39.4262632579477
132,17,38.0991749634809,5,75,18.0427776904283,23.0300223171326,86.3438753283149,68.3988232421661,14.0259692810096
132,18,1.94964390684925e-14,5,90,18.0427776904283,12.1946360382711,76.5999214478958,72.7708884174757,5.77471622600481e-15
132,19,0,5,105,18.0427776904283,1.79096657528181,66.7622827052884,77.0416253652885,0
132,20,0,5,120,18.0427776904283,-7.84314542691163,56.2237284471974,80.9558125080232,0
132,21,0,5,135,18.0427776904283,-16.2889462838002,44.4632569100078,84.2826191571793,0
132,22,0,5,150,18.0427776904283,-23.01623362854,31.099893420715,86.8217147580561,0
132,23,0,5,165,18.0427776904283,-27.4169010755373,16.0949747976837,88.4143470837011,0
133,0,0,5,-180,18.2979377076097,-28.7020622923903,-7.59514598226358e-15,88.7020622923903,0
133,1,0,5,-165,18.2979377076097,-27.1675964105718,-16.033817615813,88.1599193146775,0
133,2,0,5,-150,18.2979377076097,-22.7820387432077,-30.9899393201029,86.5693050807322,0
133,3,0,5,-135,18.2979377076097,-16.0739383430188,-44.320191075873,84.0330298954605,0
133,4,0,5,-120,18.2979377076097,-7.64691751393451,-56.0591279409708,80.7091875471401,0
133,5,0,5,-105,18.2979377076097,1.97146645718838,-66.5818345303376,76.797425209043,0
133,6,39.4747070722492,5,-90,18.2979377076097,12.3638480895867,-76.4044684713571,72.5279934535015,11.8518781002276
133,7,76.6552876541813,5,-75,18.2979377076097,23.1934153143893,-86.1307901899914,68.1557392543313,28.5222808685521
133,8,109.380941548286,5,-60,18.2979377076097,34.1461704281074,-83.4683166843304,57.7796604446243,58.3193622898644
133,9,135.74977270315,5,-45,18.2979377076097,44.8388896384611,-71.2229508667347,43.5501413368398,98.3875925330312
133,10,154.229320498854,5,-30,18.2979377076097,54.6333309977466,-55.1015288764599,29.3329429557599,134.455232529736
133,11,163.745620787934,5,-15,18.2979377076097,62.2309664692055,-31.8317147825972,15.3761395714509,157.884495239515
133,12,163.745620787934,5,0,18.2979377076097,65.2979377076097,0,5.29793770760969,163.046103148654
133,13,154.229320498854,5,15,18.2979377076097,62.2309664692055,31.8317147825972,15.3761395714509,148.708822262984
133,14,135.74977270315,5,30,18.2979377076097,54.6333309977466,55.1015288764599,29.3329429557599,118.344989108581
133,15,109.380941548286,5,45,18.2979377076097,44.8388896384611,71.2229508667347,43.5501413368398,79.2762101448612
133,16,76.6552876541813,5,60,18.2979377076097,34.1461704281074,83.4683166843304,57.7796604446243,40.8708082857788
133,17,39.4747070722492,5,75,18.2979377076097,23.1934153143893,86.1307901899914,68.1557392543313,14.6879454343434
133,18,2.02003382466522e-14,5,90,18.2979377076097,12.3638480895867,76.4044684713571,72.5279934535015,6.0649454863465e-15
133,19,0,5,105,18.2979377076097,1.97146645718838,66.5818345303376,76.797425209043,0
133,20,0,5,120,18.2979377076097,-7.64691751393451,56.0591279409708,80.7091875471401,0
133,21,0,5,135,18.2979377076097,-16.0739383430188,44.320191075873,84.0330298954605,0
133,22,0,5,150,18.2979377076097,-22.7820387432077,30.9899393201029,86.5693050807322,0
133,23,0,5,165,18.2979377076097,-27.1675964105718,16.033817615813,88.1599193146775,0
134,0,0,5,-180,18.5476756509464,-28.4523243490536,-7.56614160533666e-15,88.4523243490536,0
134,1,0,5,-165,18.5476756509464,-26.9235638282974,-15.9742239552796,87.9108982618814,0
134,2,0,5,-150,18.5476756509464,-22.5527477219526,-30.8826867524618,86.3222604473904,0
134,3,0,5,-135,18.5476756509464,-15.863407410353,-44.1804647221113,83.788749298609,0
134,4,0,5,-120,18.5476756509464,-7.45479903908974,-55.8981717135649,80.4678151399333,0
134,5,0,5,-105,18.5476756509464,2.1481118581739,-66.4051829502304,76.5584359509069,0
134,6,40.868680591756,5,-90,18.5476756509464,12.5293292365634,-76.2129237264982,72.2902924709151,12.4320264041134
134,7,79.3622220191288,5,-75,18.5476756509464,23.3530578001537,-85.9217286601209,67.9178615575558,29.8350691604215
134,8,113.24351957269,5,-60,18.5476756509464,34.3067024657538,-83.6996938704051,57.7621066683135,60.4081475351909
134,9,140.543515392131,5,-45,18.5476756509464,45.0094682860569,-71.4805717666894,43.5517053243494,101.859318274616
134,10,159.675632951874,5,-30,18.5476756509464,54.8266076464819,-55.3754252693807,29.3600779298252,139.166199649455
134,11,169.527983121765,5,-15,18.5476756509464,62.4589923810218,-32.0511493837065,15.4550694180948,163.397804063318
134,12,169.527983121765,5,0,18.5476756509464,65.5476756509464,0,5.54767565094639,168.733931138333
134,13,159.675632951874,5,15,18.5476756509464,62.4589923810218,32.0511493837065,15.4550694180948,153.90171761801
134,14,140.543515392131,5,30,18.5476756509464,54.8266076464819,55.3754252693807,29.3600779298252,122.49149454377
134,15,113.24351957269,5,45,18.5476756509464,45.0094682860569,71.4805717666894,43.5517053243494,82.0735675389131
134,16,79.3622220191289,5,60,18.5476756509464,34.3067024657538,83.6996938704051,57.7621066683135,42.3346504465963
134,17,40.8686805917561,5,75,18.5476756509464,23.3530578001537,85.9217286601209,67.9178615575558,15.363984033314
134,18,2.09136744228872e-14,5,90,18.5476756509464,12.5293292365634,76.2129237264982,72.2902924709151,6.36182399009991e-15
134,19,0,5,105,18.5476756509464,2.1481118581739,66.4051829502304,76.5584359509069,0
134,20,0,5,120,18.5476756509464,-7.45479903908974,55.8981717135649,80.4678151399333,0
134,21,0,5,135,18.5476756509464,-15.863407410353,44.1804647221113,83.788749298609,0
134,22,0,5,150,18.5476756509464,-22.5527477219526,30.8826867524618,86.3222604473904,0
134,23,0,5,165,18.5476756509464,-26.9235638282974,15.9742239552796,87.9108982618814,0
135,0,0,5,-180,18.7919175176962,-28.2080824823038,-7.53790776375609e-15,88.2080824823039,0
135,1,0,5,-165,18.7919175176962,-26.6848776602318,-15.9161906523806,87.6673577288176,0
135,2,0,5,-150,18.7919175176962,-22.3284342329302,-30.7781388662866,86.0806540694697,0
135,3,0,5,-135,18.7919175176962,-15.6574232227918,-44.0440954089825,83.5498496306283,0
135,4,0,5,-120,18.7919175176962,-7.26685236272177,-55.7408943097834,80.2317663579778,0
135,5,0,5,-105,18.7919175176962,2.32085003302562,-66.2323795112198,76.3247274318284,0
135,6,42.2806824575632,5,-90,18.7919175176962,12.6910372587396,-76.0253565202681,72.0578543298514,13.0248394390331
135,7,82.1041653347203,5,-75,18.7919175176962,23.5089178344679,-85.7167813650784,67.6852585946424,31.1744745959166
135,8,117.156052559122,5,-60,18.7919175176962,34.4632792751922,-83.9268351577247,57.7456000466368,62.5237789695188
135,9,145.399255853711,5,-45,18.7919175176962,45.175729456119,-71.7340090784638,43.5543423004659,105.373919332866
135,10,165.192382902874,5,-30,18.7919175176962,55.0150288010646,-55.6458379372873,29.3884636650205,143.934210507013
135,11,175.385129107602,5,-15,18.7919175176962,62.6816617170542,-32.2690162431203,15.5356729955567,168.977237130431
135,12,175.385129107602,5,0,18.7919175176962,65.7919175176962,0,5.79191751769618,174.489780048784
135,13,165.192382902874,5,15,18.7919175176962,62.6816617170542,32.2690162431203,15.5356729955567,159.156894315677
135,14,145.399255853711,5,30,18.7919175176962,55.0150288010646,55.6458379372873,29.3884636650205,126.688208813574
135,15,117.156052559122,5,45,18.7919175176962,45.175729456119,71.7340090784638,43.5543423004659,84.905471896931
135,16,82.1041653347203,5,60,18.7919175176962,34.4632792751922,83.9268351577247,57.7456000466368,43.817306692493
135,17,42.2806824575632,5,75,18.7919175176962,23.5089178344679,85.7167813650784,67.6852585946424,16.0537295007849
135,18,2.16362362202934e-14,5,90,18.7919175176962,12.6910372587396,76.0253565202681,72.0578543298514,6.66518339946768e-15
135,19,0,5,105,18.7919175176962,2.32085003302562,66.2323795112198,76.3247274318284,0
135,20,0,5,120,18.7919175176962,-7.26685236272177,55.7408943097834,80.2317663579778,0
135,21,0,5,135,18.7919175176962,-15.6574232227918,44.0440954089825,83.5498496306283,0
135,22,0,5,150,18.7919175176962,-22.3284342329302,30.7781388662866,86.0806540694697,0
135,23,0,5,165,18.7919175176962,-26.6848776602318,15.9161906523806,87.6673577288176,0
136,0,0,5,-180,19.0305909337226,-27.9694090662774,-7.51044208383087e-15,87.9694090662774,0
136,1,0,5,-165,19.0305909337226,-26.4516105864603,-15.8597147701108,87.429369891644,0
136,2,0,5,-150,19.0305909337226,-22.1091702834942,-30.6762989231738,85.8445575348609,0
136,3,0,5,-135,19.0305909337226,-15.4560539225808,-43.9111004871662,83.3164015379107,0
136,4,0,5,-120,19.0305909337226,-7.0831383681749,-55.5873297605293,80.0011106617325,0
136,5,0,5,-105,19.0305909337226,2.48962959858435,-66.0634750287866,76.0963678859938,0
136,6,43.7102942630442,5,-90,19.0305909337226,12.8489312282872,-75.8418352797839,71.8307462832341,13.6299666996173
136,7,84.8803051039753,5,-75,19.0305909337226,23.66096478062,-85.5160379539924,67.4579971950022,32.5397658618867
136,8,121.117381139619,5,-60,19.0305909337226,34.615878943159,-84.1496213996301,57.7301017021974,64.6655626177077
136,9,150.315555227196,5,-45,19.0305909337226,45.3376554484566,-71.9830996270677,43.5579768785637,108.930295126343
136,10,170.77793561978,5,-30,19.0305909337226,55.1985695924631,-55.912548039742,29.4179624466179,148.757806075316
136,11,181.315323146681,5,-15,19.0305909337226,62.8989232192577,-32.4851040145726,15.617646805726,174.621106149858
136,12,181.315323146681,5,0,19.0305909337226,66.0305909337226,0,6.03059093372262,180.31191409731
136,13,170.77793561978,5,15,19.0305909337226,62.8989232192577,32.4851040145726,15.617646805726,164.472762182323
136,14,150.315555227196,5,30,19.0305909337226,55.1985695924631,55.912548039742,29.4179624466179,130.933847709544
136,15,121.117381139619,5,45,19.0305909337226,45.3376554484566,71.9830996270677,43.5579768785637,87.7710364208634
136,16,84.8803051039753,5,60,19.0305909337226,34.615878943159,84.1496213996301,57.7301017021974,45.3182906785604
136,17,43.7102942630442,5,75,19.0305909337226,23.66096478062,85.5160379539924,67.4579971950022,16.7568052368725
136,18,2.23678095282161e-14,5,90,19.0305909337226,12.8489312282872,75.8418352797839,71.8307462832341,6.97484435081303e-15
136,19,0,5,105,19.0305909337226,2.48962959858435,66.0634750287866,76.0963678859938,0
136,20,0,5,120,19.0305909337226,-7.0831383681749,55.5873297605293,80.0011106617325,0
136,21,0,5,135,19.0305909337226,-15.4560539225808,43.9111004871662,83.3164015379107,0
136,22,0,5,150,19.0305909337226,-22.1091702834942,30.6762989231738,85.8445575348609,0
136,23,0,5,165,19.0305909337226,-26.4516105864603,15.8597147701108,87.429369891644,0
137,0,0,5,-180,19.2636251749416,-27.7363748250584,-7.48374233383788e-15,87.7363748250584,0
137,1,0,5,-165,19.2636251749416,-26.2238336150363,-15.804793589743,87.1970052779264,0
137,2,0,5,-150,19.2636251749416,-21.8950262007518,-30.5771702889733,85.6140407872586,0
137,3,0,5,-135,19.2636251749416,-15.2593660391901,-43.7814970875067,83.0884740295535,0
137,4,0,5,-120,19.2636251749416,-6.90371644780503,-55.4375115638686,79.7759158821182,0
137,5,0,5,-105,19.2636251749416,2.65440053960723,-65.8985195536935,75.8734239238125,0
137,6,45.1570923833676,5,-90,19.2636251749416,13.0029715036442,-75.6624274978073,71.6090339610361,14.2470365235595
137,7,87.6898186967662,5,-75,19.2636251749416,23.8091692829501,-85.3195870147575,67.2361425596688,33.9301716034377
137,8,125.126331487031,5,-60,19.2636251749416,34.7644809539964,-84.3679345409803,57.7155728003219,66.8328002923157
137,9,155.290956706978,5,-45,19.2636251749416,45.4952302641524,-72.2276809352342,43.562534083431,112.527344769485
137,10,176.430635982777,5,-30,19.2636251749416,55.3772073318564,-56.1753354521128,29.4484379150777,153.635531274099
137,11,187.316807994525,5,-15,19.2636251749416,63.1107278713161,-32.6991960476075,15.700695312822,180.327729885735
137,12,187.316807994525,5,0,19.2636251749416,66.2636251749417,0,6.26362517494169,186.198605533476
137,13,176.430635982777,5,15,19.2636251749416,63.1107278713161,32.6991960476075,15.700695312822,169.847737689404
137,14,155.290956706978,5,30,19.2636251749416,55.3772073318564,56.1753354521128,29.4484379150777,135.227130497159
137,15,125.126331487031,5,45,19.2636251749416,45.4952302641524,72.2276809352342,43.562534083431,90.6693740676095
137,16,87.6898186967662,5,60,19.2636251749416,34.7644809539964,84.3679345409803,57.7155728003219,46.8371131078655
137,17,45.1570923833677,5,75,19.2636251749416,23.8091692829501,85.3195870147575,67.2361425596688,17.4728140216403
137,18,2.31081775656955e-14,5,90,19.2636251749416,13.0029715036442,75.6624274978073,71.6090339610361,7.29061665388853e-15
137,19,0,5,105,19.2636251749416,2.65440053960723,65.8985195536935,75.8734239238125,0
137,20,0,5,120,19.2636251749416,-6.90371644780503,55.4375115638686,79.7759158821182,0
137,21,0,5,135,19.2636251749416,-15.2593660391901,43.7814970875067,83.0884740295535,0
137,22,0,5,150,19.2636251749416,-21.8950262007518,30.5771702889733,85.6140407872586,0
137,23,0,5,165,19.2636251749416,-26.2238336150363,15.804793589743,87.1970052779264,0
138,0,0,5,-180,19.4909511882782,-27.5090488117218,-7.45780641880069e-15,87.5090488117218,0
138,1,0,5,-165,19.4909511882782,-26.0016160618838,-15.7514246022675,86.9703327458893,0
138,2,0,5,-150,19.4909511882782,-21.6860706127004,-30.4807564243921,85.389172106026,0
138,3,0,5,-135,19.4909511882782,-15.0674244719846,-43.655302109982,82.8661344582139,0
138,4,0,5,-120,19.4909511882782,-6.72864448976768,-55.2914726653659,79.5562482026695,0
138,5,0,5,-105,19.4909511882782,2.81511421381367,-65.7375623374362,75.6559605155151,0
138,6,46.620648101026,5,-90,19.4909511882782,13.153119722248,-75.4871996777104,71.3927813551953,14.8756565012998
138,7,90.5318735935812,5,-75,19.4909511882782,23.9535032435273,-85.1275159895375,67.0197582470031,35.3448812405962
138,8,129.181715662849,5,-60,19.4909511882782,34.9090661474514,-84.5816577515698,57.7019746213615,69.0247900545343
138,9,160.323985974222,5,-45,19.4909511882782,45.6484395459018,-72.467591447722,43.5679394776847,116.163967744338
138,10,182.148808974752,5,-30,19.4909511882782,55.5509214525742,-56.4339791325163,29.4797552944195,158.565935820006
138,11,193.387805281651,5,-15,19.4909511882782,63.3170288889555,-32.9110707170882,15.7845313418384,186.095435117862
138,12,193.387805281651,5,0,19.4909511882782,66.4909511882782,0,6.49095118827822,192.148135619411
138,13,182.148808974752,5,15,19.4909511882782,63.3170288889555,32.9110707170882,15.7845313418384,175.280244858196
138,14,160.323985974222,5,30,19.4909511882782,55.5509214525742,56.4339791325163,29.4797552944195,139.566780664044
138,15,129.181715662849,5,45,19.4909511882782,45.6484395459018,72.467591447722,43.5679394776847,93.5995980902715
138,16,90.5318735935812,5,60,19.4909511882782,34.9090661474514,84.5816577515698,57.7019746213615,48.3732820544796
138,17,46.620648101026,5,75,19.4909511882782,23.9535032435273,85.1275159895375,67.0197582470031,18.2013384356515
138,18,2.38571209457036e-14,5,90,19.4909511882782,13.153119722248,75.4871996777104,71.3927813551953,7.61229950148296e-15
138,19,0,5,105,19.4909511882782,2.81511421381367,65.7375623374362,75.6559605155151,0
138,20,0,5,120,19.4909511882782,-6.72864448976768,55.2914726653659,79.5562482026695,0
138,21,0,5,135,19.4909511882782,-15.0674244719846,43.655302109982,82.8661344582139,0
138,22,0,5,150,19.4909511882782,-21.6860706127004,30.4807564243921,85.389172106026,0
138,23,0,5,165,19.4909511882782,-26.0016160618838,15.7514246022675,86.9703327458893,0
139,0,0,5,-180,19.7125016121285,-27.2874983878715,-7.43263237526576e-15,87.2874983878715,0
139,1,0,5,-165,19.7125016121285,-25.785025531204,-15.6996054997127,86.7494194641665,0
139,2,0,5,-150,19.7125016121285,-21.4823704299449,-30.3870608751019,85.1700180865741,0
139,3,0,5,-135,19.7125016121285,-14.8802924735846,-43.5325322119606,82.6494485015048,0
139,4,0,5,-120,19.7125016121285,-6.55797886556166,-55.1492454377561,79.3421721422586,0
139,5,0,5,-105,19.7125016121285,2.97172335614721,-65.5806517971731,75.4440409753616,0
139,6,48.100527732874,5,-90,19.7125016121285,13.2993387924234,-75.316217278041,71.1820508051776,15.5154139051686
139,7,93.4056276322177,5,-75,19.7125016121285,24.0939397977826,-84.9399110899191,66.8089061590781,36.7830458178748
139,8,133.282331969219,5,-60,19.7125016121285,35.0496166749124,-84.7906755601385,57.6892686321098,71.2408266428939
139,9,165.413151633734,5,-45,19.7125016121285,45.7972705155804,-72.7026707582305,43.5741192854347,119.839064509206
139,10,187.930760177639,5,-30,19.7125016121285,55.7196934471289,-56.6882575021503,29.511781610127,163.547574984853
139,11,199.526516040538,5,-15,19.7125016121285,63.5177817056479,-33.1205017903232,15.8688763985039,191.922557491316
139,12,199.526516040539,5,0,19.7125016121285,66.7125016121285,0,6.71250161212854,198.158795494625
139,13,187.930760177639,5,15,19.7125016121285,63.5177817056479,33.1205017903232,15.8688763985039,180.768716060033
139,14,165.413151633734,5,30,19.7125016121285,55.7196934471289,56.6882575021503,29.511781610127,143.951526587385
139,15,133.282331969219,5,45,19.7125016121285,45.7972705155804,72.7026707582305,43.5741192854347,96.5608225285717
139,16,93.4056276322177,5,60,19.7125016121285,35.0496166749124,84.7906755601385,57.6892686321098,49.9263032639188
139,17,48.100527732874,5,75,19.7125016121285,24.0939397977826,84.9399110899191,66.8089061590781,18.9419412974641
139,18,2.46144177401534e-14,5,90,19.7125016121285,13.2993387924234,75.316217278041,71.1820508051776,7.93968168902637e-15
139,19,0,5,105,19.7125016121285,2.97172335614721,65.5806517971731,75.4440409753616,0
139,20,0,5,120,19.7125016121285,-6.55797886556166,55.1492454377561,79.3421721422586,0
139,21,0,5,135,19.7125016121285,-14.8802924735846,43.5325322119606,82.6494485015048,0
139,22,0,5,150,19.7125016121285,-21.4823704299449,30.3870608751019,85.1700180865741,0
139,23,0,5,165,19.7125016121285,-25.785025531204,15.6996054997127,86.7494194641665,0
140,0,0,5,-180,19.9282107963205,-27.0717892036795,-7.40821836608624e-15,87.0717892036795,0
140,1,0,5,-165,19.9282107963205,-25.5741278963897,-15.6493341663739,86.5343308920581,0
140,2,0,5,-150,19.9282107963205,-21.2839908279894,-30.2960872614046,84.9566436212631,0
140,3,0,5,-135,19.9282107963205,-14.6980316339032,-43.41320379581,82.4384801439324,0
140,4,0,5,-120,19.9282107963205,-6.39177441830739,-55.0108616600258,79.1337505383902,0
140,5,0,5,-105,19.9282107963205,3.12418208228667,-65.4278354802162,75.237726946453,0
140,6,49.5962927586382,5,-90,19.9282107963205,13.4415928844784,-75.1495446568026,70.9769029841822,16.1658761371
140,7,96.3102292573335,5,-75,19.9282107963205,24.2304532891845,-84.7568572118939,66.6036465287391,38.2437788849858
140,8,137.426965305032,5,-60,19.9282107963205,35.1861159542191,-84.9948739886893,57.6774165562317,73.4802018689502
140,9,170.556945655896,5,-45,19.9282107963205,45.9417119092318,-72.9327598383438,43.5810005130487,123.551537043116
140,10,193.774776274512,5,-30,19.9282107963205,55.8835067995086,-56.9379488379375,29.5443858965651,168.579010260769
140,11,205.731121238707,5,-15,19.9282107963205,63.712943953635,-33.3272588319455,15.9534609181201,197.807442253705
140,12,205.731121238707,5,0,19.9282107963205,66.9282107963205,0,6.92821079632051,204.228886923857
140,13,193.774776274512,5,15,19.9282107963205,63.712943953635,33.3272588319455,15.9534609181201,186.311592710717
140,14,170.556945655896,5,30,19.9282107963205,55.8835067995086,56.9379488379375,29.5443858965651,148.380102119373
140,15,137.426965305032,5,45,19.9282107963205,45.9417119092318,72.9327598383438,43.5810005130487,99.5521626475652
140,16,96.3102292573335,5,60,19.9282107963205,35.1861159542191,84.9948739886893,57.6774165562317,51.4956804304447
140,17,49.5962927586383,5,75,19.9282107963205,24.2304532891845,84.7568572118939,66.6036465287391,19.6941661171672
140,18,2.5379843545661e-14,5,90,19.9282107963205,13.4415928844784,75.1495446568026,70.9769029841822,8.27254184369804e-15
140,19,0,5,105,19.9282107963205,3.12418208228667,65.4278354802162,75.237726946453,0
140,20,0,5,120,19.9282107963205,-6.39177441830739,55.0108616600258,79.1337505383902,0
140,21,0,5,135,19.9282107963205,-14.6980316339032,43.41320379581,82.4384801439324,0
140,22,0,5,150,19.9282107963205,-21.2839908279894,30.2960872614046,84.9566436212631,0
140,23,0,5,165,19.9282107963205,-25.5741278963897,15.6493341663739,86.5343308920581,0
141,0,0,5,-180,20.1380148215676,-26.8619851784324,-7.38456267522349e-15,86.8619851784324,0
141,1,0,5,-165,20.1380148215676,-25.3689872814524,-15.6006086699756,86.3251307602987,0
141,2,0,5,-150,20.1380148215676,-21.0909952301015,-30.2078392675049,84.7491118808252,0
141,3,0,5,-135,20.1380148215676,-14.520701864849,-43.2973329959221,82.2332916593774,0
141,4,0,5,-120,20.1380148215676,-6.23008445173756,-54.8763524959719,78.9310445310654,0
141,5,0,5,-105,20.1380148215676,3.27244589144215,-65.2791600281712,75.0370783861432,0
141,6,51.1074999508605,5,-90,20.1380148215676,13.5798474210658,-74.9872450155646,70.7773968859783,16.8265911940428
141,7,99.2448177727806,5,-75,20.1380148215676,24.3630192430499,-84.5784378508328,66.4040379073261,39.7261574070003
141,8,141.614387525981,5,-60,20.1380148215676,35.3185486231888,-85.1941406868146,57.6663804436004,75.7422049793058
141,9,175.753843823527,5,-45,20.1380148215676,46.0817539096813,-73.1577012679107,43.5885110668823,127.300289325275
141,10,199.679125557278,5,-30,20.1380148215676,56.0423469129298,-57.18283167632,29.5774393939478,173.658809931216
141,11,211.999782317729,5,-15,20.1380148215676,63.9024754402384,-33.5311076464089,16.0380244505558,203.748444878952
141,12,211.999782317729,5,0,20.1380148215676,67.1380148215676,0,7.13801482156756,210.356722926852
141,13,199.679125557278,5,15,20.1380148215676,63.9024754402384,33.5311076464089,16.0380244505558,191.907325858051
141,14,175.753843823527,5,30,20.1380148215676,56.0423469129298,57.18283167632,29.5774393939478,152.851247089799
141,15,141.614387525982,5,45,20.1380148215676,46.0817539096813,73.1577012679107,43.5885110668823,102.57273532396
141,16,99.2448177727807,5,60,20.1380148215676,35.3185486231888,85.1941406868146,57.6663804436004,53.0809154507744
141,17,51.1074999508605,5,75,20.1380148215676,24.3630192430499,84.5784378508328,66.4040379073261,20.4575375650796
141,18,2.61531715500408e-14,5,90,20.1380148215676,13.5798474210658,74.9872450155646,70.7773968859783,8.61064866259023e-15
141,19,0,5,105,20.1380148215676,3.27244589144215,65.2791600281712,75.0370783861432,0
141,20,0,5,120,20.1380148215676,-6.23008445173756,54.8763524959719,78.9310445310654,0
141,21,0,5,135,20.1380148215676,-14.520701864849,43.2973329959221,82.2332916593774,0
141,22,0,5,150,20.1380148215676,-21.0909952301015,30.2078392675049,84.7491118808252,0
141,23,0,5,165,20.1380148215676,-25.3689872814524,15.6006086699756,86.3251307602987,0
142,0,0,5,-180,20.341851518409,-26.658148481591,-7.36166370257618e-15,86.658148481591,0
142,1,0,5,-165,20.341851518409,-25.1696660429645,-15.5534272527905,86.1218810523419,0
142,2,0,5,-150,20.341851518409,-20.9034452907433,-30.1223206304441,84.547484296317,0
142,3,0,5,-135,20.341851518409,-14.3483613856797,-43.1849356652179,82.0339435941208,0
142,4,0,5,-120,20.341851518409,-6.07296071987774,-54.7457484723133,78.7341135472122,0
142,5,0,5,-105,20.341851518409,3.41647166847172,-65.1346711408142,74.8421535520451,0
142,6,52.633701506235,5,-90,20.341851518409,13.7140690668688,-74.8293803435181,70.5835898123669,17.4970881502088
142,7,102.208523596648,5,-75,20.341851518409,24.4916143395833,-84.4047350166304,66.210137153049,41.2292227022905
142,8,145.843357808491,5,-60,20.341851518409,35.4469004920079,-85.3883650657426,57.6561227384476,78.0261229834524
142,9,181.002306183541,5,-45,20.341851518409,46.2173880769943,-73.3773394662554,43.5965798678555,131.084227748893
142,10,205.642058439817,5,-30,20.341851518409,56.1962010332771,-57.4226852269614,29.6108157349531,178.785549547189
142,11,218.330641738039,5,-15,20.341851518409,64.0863381194454,-33.7318107576801,16.1223157884759,209.743931576943
142,12,218.330641738039,5,0,20.341851518409,67.3418515184091,0,7.34185151840904,216.540628289377
142,13,205.642058439817,5,15,20.341851518409,64.0863381194454,33.7318107576801,16.1223157884759,197.554376661862
142,14,181.002306183541,5,30,20.341851518409,56.1962010332771,57.4226852269614,29.6108157349531,157.363707725205
142,15,145.843357808491,5,45,20.341851518409,46.2173880769943,73.3773394662554,43.5965798678555,105.621659379553
142,16,102.208523596648,5,60,20.341851518409,35.4469004920079,85.3883650657426,57.6561227384476,54.6815086538337
142,17,52.6337015062351,5,75,20.341851518409,24.4916143395833,84.4047350166304,66.210137153049,21.2315619547568
142,18,2.69341725995155e-14,5,90,20.341851518409,13.7140690668688,74.8293803435181,70.5835898123669,8.95376115948891e-15
142,19,0,5,105,20.341851518409,3.41647166847172,65.1346711408142,74.8421535520451,0
142,20,0,5,120,20.341851518409,-6.07296071987774,54.7457484723133,78.7341135472122,0
142,21,0,5,135,20.341851518409,-14.3483613856797,43.1849356652179,82.0339435941208,0
142,22,0,5,150,20.341851518409,-20.9034452907433,30.1223206304441,84.547484296317,0
142,23,0,5,165,20.341851518409,-25.1696660429645,15.5534272527905,86.1218810523419,0
143,0,0,5,-180,20.5396604856325,-26.4603395143675,-7.33951995884685e-15,86.4603395143675,0
143,1,0,5,-165,20.5396604856325,-24.9762247525198,-15.5077883227404,85.9246419861674,0
143,2,0,5,-150,20.5396604856325,-20.7214008795667,-30.0395351287445,84.3518205416009,0
143,3,0,5,-135,20.5396604856325,-14.1810667089939,-43.0760273612,81.8404947504136,0
143,4,0,5,-120,20.5396604856325,-5.92045341739361,-54.6190794564272,78.5430152856798,0
143,5,0,5,-105,20.5396604856325,3.55621768535649,-64.9944135397927,74.653008988622,0
143,6,54.1744451783029,5,-90,20.5396604856325,13.8442257176712,-74.6760113616003,70.3955373612551,18.1768776553228
143,7,105.200468518939,5,-75,20.5396604856325,24.6162163862431,-84.2358291491939,66.0219994200031,42.7519814066459
143,8,150.112623017399,5,-60,20.5396604856325,35.5711584946423,-85.5774384318065,57.6466063462305,80.331240947049
143,9,186.300777503271,5,-45,20.5396604856325,46.3486072770106,-73.5915209236172,43.6051369627688,134.902261468977
143,10,211.661807976426,5,-30,20.5396604856325,56.3450581684908,-57.6572897950451,29.6443911211308,183.957812308255
143,11,224.721823529359,5,-15,20.5396604856325,64.2644960587987,-33.9291279254029,16.2060930455826,215.792279688643
143,12,224.721823529359,5,0,20.5396604856325,67.5396604856325,0,7.53966048563249,222.778939955133
143,13,211.661807976426,5,15,20.5396604856325,64.2644960587987,33.9291279254029,16.2060930455826,203.251216766161
143,14,186.300777503271,5,30,20.5396604856325,56.3450581684908,57.6572897950451,29.6443911211308,161.916236984264
143,15,150.112623017399,5,45,20.5396604856325,46.3486072770106,73.5915209236172,43.6051369627688,108.698055861477
143,16,105.200468518939,5,60,20.5396604856325,35.5711584946423,85.5774384318065,57.6466063462305,56.296959006291
143,17,54.174445178303,5,75,20.5396604856325,24.6162163862431,84.2358291491939,66.0219994200031,22.015727739475
143,18,2.77226152666187e-14,5,90,20.5396604856325,13.8442257176712,74.6760113616003,70.3955373612551,9.3016289198423e-15
143,19,0,5,105,20.5396604856325,3.55621768535649,64.9944135397927,74.653008988622,0
143,20,0,5,120,20.5396604856325,-5.92045341739361,54.6190794564272,78.5430152856798,0
143,21,0,5,135,20.5396604856325,-14.1810667089939,43.0760273612,81.8404947504136,0
143,22,0,5,150,20.5396604856325,-20.7214008795667,30.0395351287445,84.3518205416009,0
143,23,0,5,165,20.5396604856325,-24.9762247525198,15.5077883227404,85.9246419861674,0
144,0,0,5,-180,20.7313831081719,-26.2686168918281,-7.31813006045557e-15,86.2686168918281,0
144,1,0,5,-165,20.7313831081719,-24.7887221797166,-15.463690444502,85.7334719966132,0
144,2,0,5,-150,20.7313831081719,-20.5449200659689,-29.9594865708156,84.1621785163606,0
144,3,0,5,-135,20.7313831081719,-14.018872627348,-42.9706233316154,81.6530021705931,0
144,4,0,5,-120,20.7313831081719,-5.77261117058113,-54.4963746337848,78.3578057027935,0
144,5,0,5,-105,20.7313831081719,3.69164360207225,-64.8584309322449,74.4696995143601,0
144,6,55.7292744114622,5,-90,20.7313831081719,13.9702864888744,-74.5271974668045,70.2132934153338,18.8654524480578
144,7,108.2197659618,5,-75,20.7313831081719,24.7368042895334,-84.0717990344487,65.839678147811,44.2934064620096
144,8,154.420918077283,5,-60,20.7313831081719,35.6913106394255,-85.7612541190449,57.6377946991308,82.65684225039
144,9,191.647687731313,5,-45,20.7313831081719,46.4754056081974,-73.8000944322047,43.6141136322677,138.753302683948
144,10,217.7365903854,5,-30,20.7313831081719,56.4889090041862,-57.8864272107897,29.6780444892913,189.174189348364
144,11,231.171433846591,5,-15,20.7313831081719,64.4369154016502,-34.1228166964994,16.2891236912848,221.89187796676
144,12,231.171433846591,5,0,20.7313831081719,67.7313831081719,0,7.73138310817191,229.070007298643
144,13,217.7365903854,5,15,20.7313831081719,64.4369154016502,34.1228166964994,16.2891236912848,208.996328563492
144,14,191.647687731313,5,30,20.7313831081719,56.4889090041862,57.8864272107897,29.6780444892913,166.50759480934
144,15,154.420918077283,5,45,20.7313831081719,46.4754056081974,73.8000944322047,43.6141136322677,111.801048269102
144,16,108.219765961801,5,60,20.7313831081719,35.6913106394255,85.7612541190449,57.6377946991308,57.9267642936947
144,17,55.7292744114622,5,75,20.7313831081719,24.7368042895334,84.0717990344487,65.839678147811,22.8095060213962
144,18,2.85182659187721e-14,5,90,20.7313831081719,13.9702864888744,74.5271974668045,70.2132934153338,9.65399236350019e-15
144,19,0,5,105,20.7313831081719,3.69164360207225,64.8584309322449,74.4696995143601,0
144,20,0,5,120,20.7313831081719,-5.77261117058113,54.4963746337848,78.3578057027935,0
144,21,0,5,135,20.7313831081719,-14.018872627348,42.9706233316154,81.6530021705931,0
144,22,0,5,150,20.7313831081719,-20.5449200659689,29.9594865708156,84.1621785163606,0
144,23,0,5,165,20.7313831081719,-24.7887221797166,15.463690444502,85.7334719966132,0
145,0,0,5,-180,20.9169625744764,-26.0830374255236,-7.29749272451009e-15,86.0830374255236,0
145,1,0,5,-165,20.9169625744764,-24.6072152756657,-15.4211323306418,85.5484277182397,0
145,2,0,5,-150,20.9169625744764,-20.3740591042032,-29.8821787831704,83.9786143296534,0
145,3,0,5,-135,20.9169625744764,-13.8618322004839,-42.868738499795,81.4715211217418,0
145,4,0,5,-120,20.9169625744764,-5.62948102897532,-54.3776624851631,78.178538998465,0
145,5,0,5,-105,20.9169625744764,3.82271046689707,-64.7267659744267,74.2922782095115,0
145,6,57.297728476255,5,-90,20.9169625744764,14.0922217035239,-74.3829966767992,70.0369101313448,19.562287883863
145,7,111.265521242239,5,-75,20.9169625744764,24.8533580263248,-83.9127217210382,65.6632250518758,45.8524381283483
145,8,158.766966347338,5,-60,20.9169625744764,35.8073459589882,-85.9397076206418,57.6296518200988,85.002208811962
145,9,197.041452462771,5,-45,20.9169625744764,46.5977783270733,-74.0029113162619,43.6234424953756,142.636266851147
145,10,223.864605577607,5,-30,20.9169625744764,56.627745815822,-58.1098812647504,29.7116576681035,194.43327992669
145,11,237.677561531004,5,-15,20.9169625744764,64.6035643248755,-34.3126329908477,16.3711845477971,228.041126742325
145,12,237.677561531004,5,0,20.9169625744764,67.9169625744764,0,7.91696257447641,235.412192279539
145,13,223.864605577607,5,15,20.9169625744764,64.6035643248755,34.3126329908477,16.3711845477971,214.788205351831
145,14,197.041452462772,5,30,20.9169625744764,56.627745815822,58.1098812647504,29.7116576681035,171.136548294475
145,15,158.766966347338,5,45,20.9169625744764,46.5977783270733,74.0029113162619,43.6234424953756,114.929762727692
145,16,111.265521242239,5,60,20.9169625744764,35.8073459589882,85.9397076206418,57.6296518200988,59.570421277141
145,17,57.2977284762551,5,75,20.9169625744764,24.8533580263248,83.9127217210382,65.6632250518758,23.6123510726432
145,18,2.9320888787516e-14,5,90,20.9169625744764,14.0922217035239,74.3829966767992,70.0369101313448,1.00105830148191e-14
145,19,0,5,105,20.9169625744764,3.82271046689707,64.7267659744267,74.2922782095115,0
145,20,0,5,120,20.9169625744764,-5.62948102897532,54.3776624851631,78.178538998465,0
145,21,0,5,135,20.9169625744764,-13.8618322004839,42.868738499795,81.4715211217418,0
145,22,0,5,150,20.9169625744764,-20.3740591042032,29.8821787831704,83.9786143296534,0
145,23,0,5,165,20.9169625744764,-24.6072152756657,15.4211323306418,85.5484277182397,0
146,0,0,5,-180,21.0963438933451,-25.9036561066549,-7.27760676384199e-15,85.9036561066549,0
146,1,0,5,-165,21.0963438933451,-24.4317591570261,-15.3801128328013,85.369563968729,0
146,2,0,5,-150,21.0963438933451,-20.2088724190416,-29.807615598503,83.8011822840003,0
146,3,0,5,-135,21.0963438933451,-13.7099967431541,-42.7703874497343,81.2961050808933,0
146,4,0,5,-120,21.0963438933451,-5.49110845755321,-54.262970763707,78.0052676028557,0
146,5,0,5,-105,21.0963438933451,3.94938071619461,-64.5994602354388,74.1207964043992,0
146,6,58.8793426058921,5,-90,21.0963438933451,14.2100028799112,-74.2434655749771,69.8664379299256,20.2668424764231
146,7,114.336831837232,5,-75,21.0963438933451,24.9658586148069,-83.7586724378903,65.4926901142309,47.427985017217
146,8,163.149479999666,5,-60,21.0963438933451,35.9192544596947,-86.1126967189164,57.6221423853627,87.3666212770973
146,9,202.48047340875,5,-45,21.0963438933451,46.7157217724654,-74.1998256605387,43.6330576105286,146.55007283653
146,10,230.044037689892,5,-30,21.0963438933451,56.7615623777575,-58.3274381474215,29.7451155251617,199.733691524086
146,11,244.238278676552,5,-15,21.0963438933451,64.7644129921868,-34.4983317193544,16.4520617552323,234.238437977964
146,12,244.238278676552,5,0,21.0963438933451,68.0963438933451,0,8.09634389334511,241.80386947908
146,13,230.044037689892,5,15,21.0963438933451,64.7644129921868,34.4983317193544,16.4520617552323,220.625351384763
146,14,202.48047340875,5,30,21.0963438933451,56.7615623777575,58.3274381474215,29.7451155251617,175.801871770273
146,15,163.149479999666,5,45,21.0963438933451,46.7157217724654,74.1998256605387,43.6330576105286,118.08332810901
146,16,114.336831837232,5,60,21.0963438933451,35.9192544596947,86.1126967189164,57.6221423853627,61.2274258254887
146,17,58.8793426058921,5,75,21.0963438933451,24.9658586148069,83.7586724378903,65.4926901142309,24.4237008675493
146,18,3.01302460383722e-14,5,90,21.0963438933451,14.2100028799112,74.2434655749771,69.8664379299256,1.03711237797423e-14
146,19,0,5,105,21.0963438933451,3.94938071619461,64.5994602354388,74.1207964043992,0
146,20,0,5,120,21.0963438933451,-5.49110845755321,54.262970763707,78.0052676028557,0
146,21,0,5,135,21.0963438933451,-13.7099967431541,42.7703874497343,81.2961050808933,0
146,22,0,5,150,21.0963438933451,-20.2088724190416,29.807615598503,83.8011822840003,0
146,23,0,5,165,21.0963438933451,-24.4317591570261,15.3801128328013,85.369563968729,0
147,0,0,5,-180,21.2694739102218,-25.7305260897782,-7.25847108211808e-15,85.7305260897782,0
147,1,0,5,-165,21.2694739102218,-24.2624070905725,-15.3406309329573,85.1969337328247,0
147,2,0,5,-150,21.2694739102218,-20.0494125919851,-29.7358008436744,83.6299348600188,0
147,3,0,5,-135,21.2694739102218,-13.5634158135303,-42.6755844109809,81.126805720779,0
147,4,0,5,-120,21.2694739102218,-5.35753732950594,-54.1523264719189,77.8380421635864,0
147,5,0,5,-105,21.2694739102218,4.07161817371386,-64.4765541611497,73.9553036682768,0
147,6,60.4736481339727,5,-90,21.2694739102218,14.3236027188156,-74.108659256057,69.7019254860186,20.9785584520098
147,7,117.432787651166,5,-75,21.2694739102218,25.0742880851791,-83.6097245128254,65.3281215749689,49.0189251456722
147,8,167.567160400889,5,-60,21.2694739102218,36.0270270707585,-86.2801216135831,57.6152317853313,89.7493591718909
147,9,207.963138869958,5,-45,21.2694739102218,46.8292332888709,-74.3906945365704,43.642894573056,150.493642999061
147,10,236.273055623157,5,-30,21.2694739102218,56.8903538695666,-58.5388868916231,29.7783061048092,205.074039846023
147,11,250.851641201152,5,-15,21.2694739102218,64.9194335032173,-34.6796674324027,16.5315507097922,240.482235208975
147,12,250.851641201152,5,0,21.2694739102218,68.2694739102218,0,8.26947391022179,248.243426020066
147,13,236.273055623157,5,15,21.2694739102218,64.9194335032173,34.6796674324027,16.5315507097922,226.506281815988
147,14,207.963138869958,5,30,21.2694739102218,56.8903538695666,58.5388868916231,29.7783061048092,180.502346806496
147,15,167.567160400889,5,45,21.2694739102218,46.8292332888709,74.3906945365704,43.642894573056,121.260876099331
147,16,117.432787651166,5,60,21.2694739102218,36.0270270707585,86.2801216135831,57.6152317853313,62.8972730232228
147,17,60.4736481339728,5,75,21.2694739102218,25.0742880851791,83.6097245128254,65.3281215749689,25.2429776253847
147,18,3.09460978413202e-14,5,90,21.2694739102218,14.3236027188156,74.108659256057,69.7019254860186,1.07353292294771e-14
147,19,0,5,105,21.2694739102218,4.07161817371386,64.4765541611497,73.9553036682768,0
147,20,0,5,120,21.2694739102218,-5.35753732950594,54.1523264719189,77.8380421635864,0
147,21,0,5,135,21.2694739102218,-13.5634158135303,42.6755844109809,81.126805720779,0
147,22,0,5,150,21.2694739102218,-20.0494125919851,29.7358008436744,83.6299348600188,0
147,23,0,5,165,21.2694739102218,-24.2624070905725,15.3406309329573,85.1969337328247,0
148,0,0,5,-180,21.4363013229461,-25.5636986770539,-7.24008466903597e-15,85.5636986770539,0
148,1,0,5,-165,21.4363013229461,-24.0992104782956,-15.3026857347777,85.0305881468149,0
148,2,0,5,-150,21.4363013229461,-19.8957303480181,-29.6667383276544,83.4649227015978,0
148,3,0,5,-135,21.4363013229461,-13.4221372021825,-42.5843432433928,80.96367289612,0
148,4,0,5,-120,21.4363013229461,-5.22880991955507,-54.0457558386514,77.6769115334893,0
148,5,0,5,-105,21.4363013229461,4.18938804944618,-64.3580870384042,73.7958477987302,0
148,6,62.0801726333609,5,-90,21.4363013229461,14.4329950904515,-73.9786312723588,69.5434197198286,21.6968623160204
148,7,120.552471285517,5,-75,21.4363013229461,25.1786294501858,-83.4659492923769,65.1695659242323,50.6241070092303
148,8,172.018698496963,5,-60,21.4363013229461,36.1306555932069,-86.441885047995,57.6088861838143,92.1497010226697
148,9,213.487824214293,5,-45,21.4363013229461,46.9383111491998,-74.5753782261763,43.6528906090624,154.465903210571
148,10,242.549813584956,5,-30,21.4363013229461,57.0141167799972,-58.7440198161202,29.8111207570278,210.45294873319
148,11,257.515689422761,5,-15,21.4363013229461,65.0685998385951,-34.8563949963365,16.6094559797153,246.770953373708
148,12,257.515689422761,5,0,21.4363013229461,68.4363013229461,0,8.43630132294603,254.729261371732
148,13,242.549813584956,5,15,21.4363013229461,65.0685998385951,34.8563949963365,16.6094559797153,232.429522539548
148,14,213.487824214293,5,30,21.4363013229461,57.0141167799972,58.7440198161202,29.8111207570278,185.236762133375
148,15,172.018698496963,5,45,21.4363013229461,46.9383111491998,74.5753782261763,43.6528906090624,124.461541215433
148,16,120.552471285517,5,60,21.4363013229461,36.1306555932069,86.441885047995,57.6088861838143,64.5794572541804
148,17,62.080172633361,5,75,21.4363013229461,25.1786294501858,83.4659492923769,65.1695659242323,26.0695883628917
148,18,3.1768202441863e-14,5,90,21.4363013229461,14.4329950904515,73.9786312723588,69.5434197198286,1.11029058904092e-14
148,19,0,5,105,21.4363013229461,4.18938804944618,64.3580870384042,73.7958477987302,0
148,20,0,5,120,21.4363013229461,-5.22880991955507,54.0457558386514,77.6769115334893,0
148,21,0,5,135,21.4363013229461,-13.4221372021825,42.5843432433928,80.96367289612,0
148,22,0,5,150,21.4363013229461,-19.8957303480181,29.6667383276544,83.4649227015978,0
148,23,0,5,165,21.4363013229461,-24.0992104782956,15.3026857347777,85.0305881468149,0
149,0,0,5,-180,21.5967766969551,-25.4032233030449,-7.22244659561297e-15,85.4032233030449,0
149,1,0,5,-165,21.5967766969551,-23.9422188430399,-15.2662764550947,84.8705764835636,0
149,2,0,5,-150,21.5967766969551,-19.7478745429015,-29.6004318294668,83.306194601619,0
149,3,0,5,-135,21.5967766969551,-13.2862069216129,-42.4966774218311,80.8067546304574,0
149,4,0,5,-120,21.5967766969551,-5.10496689778765,-53.9432842961801,77.5219227588959,0
149,5,0,5,-105,21.5967766969551,4.30265693808103,-64.2440969596144,73.6424748116126,0
149,6,63.698440056176,5,-90,21.5967766969551,14.5381550211902,-73.8534335808744,69.3909657883151,22.4211654310299
149,7,123.694958310696,5,-75,21.5967766969551,25.2788666756037,-83.3274160629933,65.0170678947464,52.2423506726653
149,8,176.502775201078,5,-60,21.5967766969551,36.2301326488699,-86.5978924331041,57.6030725754969,94.5669244414273
149,9,219.052892358257,5,-45,21.5967766969551,47.0429544771823,-74.753740441601,43.6629846656764,158.46578281202
149,10,248.87245163644,5,-30,21.5967766969551,57.1328488089889,-58.9426329689044,29.8434542577212,215.869049981244
149,11,264.228448640069,5,-15,21.5967766969551,65.2118878012584,-35.0282702953114,16.6855912031851,253.103038535039
149,12,264.228448640069,5,0,21.5967766969551,68.5967766969551,0,8.59677669695507,261.259787041503
149,13,248.87245163644,5,15,21.5967766969551,65.2118878012584,35.0282702953114,16.6855912031851,238.393609927494
149,14,219.052892358257,5,30,21.5967766969551,57.1328488089889,58.9426329689044,29.8434542577212,190.003913482953
149,15,176.502775201078,5,45,21.5967766969551,47.0429544771823,74.753740441601,43.6629846656764,127.68446076936
149,16,123.694958310696,5,60,21.5967766969551,36.2301326488699,86.5978924331041,57.6030725754969,66.2734722614245
149,17,63.6984400561761,5,75,21.5967766969551,25.2788666756037,83.3274160629933,65.0170678947464,26.9029254560066
149,18,3.25963162326651e-14,5,90,21.5967766969551,14.5381550211902,73.8534335808744,69.3909657883151,1.14735525399085e-14
149,19,0,5,105,21.5967766969551,4.30265693808103,64.2440969596144,73.6424748116126,0
149,20,0,5,120,21.5967766969551,-5.10496689778765,53.9432842961801,77.5219227588959,0
149,21,0,5,135,21.5967766969551,-13.2862069216129,42.4966774218311,80.8067546304574,0
149,22,0,5,150,21.5967766969551,-19.7478745429015,29.6004318294668,83.306194601619,0
149,23,0,5,165,21.5967766969551,-23.9422188430399,15.2662764550947,84.8705764835636,0
150,0,0,5,-180,21.7508524799322,-25.2491475200678,-7.20555600957699e-15,85.2491475200679,0
150,1,0,5,-165,21.7508524799322,-23.7914798146791,-15.2314024155178,84.7169461380939,0
150,2,0,5,-150,21.7508524799322,-19.6058921510014,-29.5368850861845,83.153797488224,0
150,3,0,5,-135,21.7508524799322,-13.1556691963334,-42.4126000208511,80.6560971035251,0
150,4,0,5,-120,21.7508524799322,-4.98604732398493,-53.8449364574313,77.373121068456,0
150,5,0,5,-105,21.7508524799322,4.4113928171019,-64.1346207878225,73.4952289315019,0
150,6,65.3279708748555,5,-90,21.7508524799322,14.6390586801206,-73.7331164912548,69.2446070772034,23.1508646057119
150,7,126.859317539977,5,-75,21.7508524799322,25.3749846507889,-83.1941919737912,64.8706704548775,53.8724488774959
150,8,181.018061784532,5,-60,21.7508524799322,36.3254516295688,-86.7480519688637,57.5977588416027,97.0003061777779
150,9,224.656694252053,5,-45,21.7508524799322,47.1431631697284,-74.9256485417342,43.6731174976401,162.49221450735
150,10,255.239096243502,5,-30,21.7508524799322,57.2465487681781,-59.1345265685578,29.875204920731,221.320983071465
150,11,270.987929717645,5,-15,21.7508524799322,65.3492749543119,-35.1950509555371,16.7597789719804,259.476947495135
150,12,270.987929717645,5,0,21.7508524799322,68.7508524799322,0,8.75085247993219,267.833426155898
150,13,255.239096243502,5,15,21.7508524799322,65.3492749543119,35.1950509555371,16.7597789719804,244.397090467046
150,14,224.656694252053,5,30,21.7508524799322,57.2465487681781,59.1345265685578,29.875204920731,194.802603352016
150,15,181.018061784532,5,45,21.7508524799322,47.1431631697284,74.9256485417342,43.6731174976401,130.928774782896
150,16,126.859317539977,5,60,21.7508524799322,36.3254516295688,86.7480519688637,57.5977588416027,67.978811183654
150,17,65.3279708748556,5,75,21.7508524799322,25.3749846507889,83.1941919737912,64.8706704548775,27.7423672101747
150,18,3.34301938257381e-14,5,90,21.7508524799322,14.6390586801206,73.7331164912548,69.2446070772034,1.18469605076966e-14
150,19,0,5,105,21.7508524799322,4.4113928171019,64.1346207878225,73.4952289315019,0
150,20,0,5,120,21.7508524799322,-4.98604732398493,53.8449364574313,77.373121068456,0
150,21,0,5,135,21.7508524799322,-13.1556691963334,42.4126000208511,80.6560971035251,0
150,22,0,5,150,21.7508524799322,-19.6058921510014,29.5368850861845,83.153797488224,0
150,23,0,5,165,21.7508524799322,-23.7914798146791,15.2314024155178,84.7169461380939,0
151,0,0,5,-180,21.8984830158976,-25.1015169841024,-7.18941213086802e-15,85.1015169841024,0
151,1,0,5,-165,21.8984830158976,-23.647039116834,-15.1980630342052,84.5697426137266,0
151,2,0,5,-150,21.8984830158976,-19.4698282536493,-29.4761017810174,83.0077764116317,0
151,3,0,5,-135,21.8984830158976,-13.0305664534699,-42.3321236994536,80.5117446391577,0
151,4,0,5,-120,21.8984830158976,-4.87208864241925,-53.7507360934402,77.2305498624804,0
151,5,0,5,-105,21.8984830158976,4.51556504456377,-64.0296941223306,73.3541525826686,0
151,6,66.9682822242496,5,-90,21.8984830158976,14.7356833655174,-73.6177286148305,69.1043851934969,23.8853426940217
151,7,130.044611305427,5,-75,21.8984830158976,25.4669691593917,-83.0663419610206,64.7304148021932,55.5131681651001
151,8,185.563220270463,5,-60,21.8984830158976,36.4166066466799,-86.8922747628195,57.5929138036899,99.4491221380978
151,9,230.297569368241,5,-45,21.8984830158976,47.2389378195317,-75.0909737438607,43.6832317502223,166.544134196317
151,10,261.647860831941,5,-30,21.8984830158976,57.3552164803403,-59.3195054421146,29.9062747019377,226.807394814382
151,11,277.792129675366,5,-15,21.8984830158976,65.4807405557546,-35.3564970886308,16.8318507042376,265.891147306005
151,12,277.792129675366,5,0,21.8984830158976,68.8984830158976,0,8.89848301589759,274.448612933187
151,13,261.647860831941,5,15,21.8984830158976,65.4807405557546,35.3564970886308,16.8318507042376,250.438520299576
151,14,230.297569368241,5,30,21.8984830158976,57.3552164803403,59.3195054421146,29.9062747019377,199.631640688418
151,15,185.563220270463,5,45,21.8984830158976,47.2389378195317,75.0909737438607,43.6832317502223,134.193625852859
151,16,130.044611305427,5,60,21.8984830158976,36.4166066466799,86.8922747628195,57.5929138036899,69.6949665686172
151,17,66.9682822242497,5,75,21.8984830158976,25.4669691593917,83.0663419610206,64.7304148021932,28.5872784387146
151,18,3.42695881251547e-14,5,90,21.8984830158976,14.7356833655174,73.6177286148305,69.1043851934969,1.22228139824661e-14
151,19,0,5,105,21.8984830158976,4.51556504456377,64.0296941223306,73.3541525826686,0
151,20,0,5,120,21.8984830158976,-4.87208864241925,53.7507360934402,77.2305498624804,0
151,21,0,5,135,21.8984830158976,-13.0305664534699,42.3321236994536,80.5117446391577,0
151,22,0,5,150,21.8984830158976,-19.4698282536493,29.4761017810174,83.0077764116317,0
151,23,0,5,165,21.8984830158976,-23.647039116834,15.1980630342052,84.5697426137266,0
152,0,0,6,-180,22.0396245587374,-24.9603754412626,-7.17401424725875e-15,84.9603754412626,0
152,1,0,6,-165,22.0396245587374,-23.5089405541335,-15.1662578178167,84.429009508778,0
152,2,0,6,-150,22.0396245587374,-19.3397260280289,-29.4180855315404,82.868174531504,0
152,3,0,6,-135,22.0396245587374,-12.9109393138831,-42.2552606859582,80.3737396937364,0
152,4,0,6,-120,22.0396245587374,-4.7631266770942,-53.6607061111151,77.0942507028017,0
152,5,0,6,-105,22.0396245587374,4.61514435659374,-63.9293512649874,73.219286380543,0
152,6,68.6188880447048,6,-90,22.0396245587374,14.8280074912828,-73.5073168147854,68.9703399584765,24.6239692040637
152,7,133.249895735761,6,-75,22.0396245587374,25.5548068503466,-82.943928674406,64.5963403575073,57.1632500144665
152,8,190.136903830318,6,-60,22.0396245587374,36.5035924812478,-87.0304749456314,57.5885072755233,101.91264737265
152,9,235.973846193783,6,-45,22.0396245587374,47.330279638209,-75.2495913304099,43.6932720384462,170.620480747877
152,10,268.096846346496,6,-30,22.0396245587374,57.4588526782302,-59.4973794578454,29.9365692957989,232.32693890869
152,11,284.639032281937,6,-15,22.0396245587374,65.6062654904551,-35.5123720505228,16.9016465093125,272.344114678642
152,12,284.639032281937,6,0,22.0396245587374,69.0396245587375,0,9.03962455873744,281.103792050735
152,13,268.096846346496,6,15,22.0396245587374,65.6062654904551,35.5123720505228,16.9016465093125,256.516464664098
152,14,235.973846193783,6,30,22.0396245587374,57.4588526782302,59.4973794578454,29.9365692957989,204.489840502848
152,15,190.136903830319,6,45,22.0396245587374,47.330279638209,75.2495913304099,43.6932720384462,137.47815896852
152,16,133.249895735761,6,60,22.0396245587374,36.5035924812478,87.0304749456314,57.5885072755233,71.4214303640917
152,17,68.6188880447049,6,75,22.0396245587374,25.5548068503466,82.943928674406,64.5963403575073,29.4370110487183
152,18,3.51142504002682e-14,6,90,22.0396245587374,14.8280074912828,73.5073168147854,68.9703399584765,1.26007903234554e-14
152,19,0,6,105,22.0396245587374,4.61514435659374,63.9293512649874,73.219286380543,0
152,20,0,6,120,22.0396245587374,-4.7631266770942,53.6607061111151,77.0942507028017,0
152,21,0,6,135,22.0396245587374,-12.9109393138831,42.2552606859582,80.3737396937364,0
152,22,0,6,150,22.0396245587374,-19.3397260280289,29.4180855315404,82.868174531504,0
152,23,0,6,165,22.0396245587374,-23.5089405541335,15.1662578178167,84.429009508778,0
153,0,0,6,-180,22.1742352851665,-24.8257647148335,-7.15936171010251e-15,84.8257647148335,0
153,1,0,6,-165,22.1742352851665,-23.3772260000208,-15.1359863536652,84.294788503819,0
153,2,0,6,-150,22.1742352851665,-19.2156267365865,-29.362839878102,82.7350331048641,0
153,3,0,6,-135,22.1742352851665,-12.7968265837897,-42.182022763059,80.2421228451667,0
153,4,0,6,-120,22.1742352851665,-4.65919562740277,-53.5748685313787,76.9642633031461,0
153,5,0,6,-105,22.1742352851665,4.71010286465568,-63.8336251872219,73.0906691236708,0
153,6,70.2792992260934,6,-90,22.1742352851665,14.9160105734281,-73.4019261575975,68.8425094011677,25.3661009161042
153,7,136.474221036025,6,-75,22.1742352851665,25.6384852092444,-82.8270124055193,64.4684847593867,58.8214119936662
153,8,194.737757182952,6,-60,22.1742352851665,36.5864045348237,-87.1625697832831,57.5845101129707,104.390156031619
153,9,241.683842725353,6,-45,22.1742352851665,47.4171903802695,-75.4013808501943,43.7031850226283,174.720195715941
153,10,274.58414181358,6,-30,22.1742352851665,57.5574589032935,-59.6679639514036,29.9659982246825,237.878275418071
153,11,291.526608652347,6,-15,22.1742352851665,65.7258321997812,-35.6624432120952,16.9690150473756,278.834335293929
153,12,291.526608652347,6,0,22.1742352851665,69.1742352851665,0,9.17423528516647,287.797417910325
153,13,274.58414181358,6,15,22.1742352851665,65.7258321997812,35.6624432120952,16.9690150473756,262.629497248216
153,14,241.683842725353,6,30,22.1742352851665,57.5574589032935,59.6679639514036,29.9659982246825,209.376023408341
153,15,194.737757182952,6,45,22.1742352851665,47.4171903802695,75.4013808501943,43.7031850226283,140.781521282554
153,16,136.474221036025,6,60,22.1742352851665,36.5864045348237,87.1625697832831,57.5845101129707,73.1576938870669
153,17,70.2792992260935,6,75,22.1742352851665,25.6384852092444,82.8270124055193,64.4684847593867,30.2909046340185
153,18,3.59639303594174e-14,6,90,22.1742352851665,14.9160105734281,73.4019261575975,68.8425094011677,1.29805603767036e-14
153,19,0,6,105,22.1742352851665,4.71010286465568,63.8336251872219,73.0906691236708,0
153,20,0,6,120,22.1742352851665,-4.65919562740277,53.5748685313787,76.9642633031461,0
153,21,0,6,135,22.1742352851665,-12.7968265837897,42.182022763059,80.2421228451667,0
153,22,0,6,150,22.1742352851665,-19.2156267365865,29.362839878102,82.7350331048641,0
153,23,0,6,165,22.1742352851665,-23.3772260000208,15.1359863536652,84.294788503819,0
154,0,0,6,-180,22.3022753071213,-24.6977246928787,-7.14545393021658e-15,84.6977246928787,0
154,1,0,6,-165,22.3022753071213,-23.2519353851083,-15.1072483020873,84.1671193495005,0
154,2,0,6,-150,22.3022753071213,-19.0975697169597,-29.3103682724561,82.6083914745659,0
154,3,0,6,-135,22.3022753071213,-12.6882652468722,-42.1124212531211,80.1169327823891,0
154,4,0,6,-120,22.3022753071213,-4.5603280641792,-53.4932444677618,76.8406255200104,0
154,5,0,6,-105,22.3022753071213,4.80041405261968,-63.7425474979133,72.968337786143,0
154,6,71.9490237527478,6,-90,22.3022753071213,14.999673216661,-73.3015998658602,68.7209297522599,26.1110825092217
154,7,139.716631769046,6,-75,22.3022753071213,25.7179925301915,-82.7156510183352,64.3468838590988,60.4863489242164
154,8,199.364416996221,6,-60,22.3022753071213,36.6650387812006,-87.2884797857453,57.5808942618778,106.880921291068
154,9,247.425866967745,6,-45,22.3022753071213,47.4996722682064,-75.5462263136426,43.7129194802331,178.842222999449
154,10,281.107824907538,6,-30,22.3022753071213,57.651037404734,-59.831080143798,29.9944749213507,243.460070168772
154,11,298.452817849073,6,-15,22.3022753071213,65.8394246093257,-35.8064827375001,17.0338133860452,285.360303018726
154,12,298.452817849073,6,0,22.3022753071213,69.3022753071213,0,9.30227530712133,294.527953805025
154,13,281.107824907538,6,15,22.3022753071213,65.8394246093257,35.8064827375001,17.0338133860452,268.776199449775
154,14,247.425866967745,6,30,22.3022753071213,57.651037404734,59.831080143798,29.9944749213507,214.289015090028
154,15,199.364416996221,6,45,22.3022753071213,47.4996722682064,75.5462263136426,43.7129194802331,144.102861837163
154,16,139.716631769046,6,60,22.3022753071213,36.6650387812006,87.2884797857453,57.5808942618778,74.9032477718606
154,17,71.9490237527479,6,75,22.3022753071213,25.7179925301915,82.7156510183352,64.3468838590988,31.1482870747934
154,18,3.68183762240926e-14,6,90,22.3022753071213,14.999673216661,73.3015998658602,68.7209297522599,1.33617887957254e-14
154,19,0,6,105,22.3022753071213,4.80041405261968,63.7425474979133,72.968337786143,0
154,20,0,6,120,22.3022753071213,-4.5603280641792,53.4932444677618,76.8406255200104,0
154,21,0,6,135,22.3022753071213,-12.6882652468722,42.1124212531211,80.1169327823891,0
154,22,0,6,150,22.3022753071213,-19.0975697169597,29.3103682724561,82.6083914745659,0
154,23,0,6,165,22.3022753071213,-23.2519353851083,15.1072483020873,84.1671193495005,0
155,0,0,6,-180,22.4237066835802,-24.5762933164198,-7.13229037390868e-15,84.5762933164198,0
155,1,0,6,-165,22.4237066835802,-23.1331066860817,-15.0800433890523,84.0460398549468,0
155,2,0,6,-150,22.4237066835802,-18.9855923724216,-29.2606740666587,82.4882870583174,0
155,3,0,6,-135,22.4237066835802,-12.5852904568634,-42.0464670037764,79.998206295417,0
155,4,0,6,-120,22.4237066835802,-4.46655492611979,-53.4158541055166,76.7233733440354,0
155,5,0,6,-105,22.4237066835802,4.88605277367642,-63.6561484121836,72.8523275104905,0
155,6,73.627566849255,6,-90,22.4237066835802,15.0789771011427,-73.2063792725954,68.6056354384594,26.8582471961211
155,7,142.976167138548,6,-75,22.4237066835802,25.7933178882606,-82.6098998821222,64.2315717159794,62.1567340575689
155,8,204.01551229097,6,-60,22.4237066835802,36.7394917192164,-87.4081288118682,57.577632803878,109.38421524998
155,9,253.198217435255,6,-45,22.4237066835802,47.5777279190011,-75.6840163815624,43.7224263740511,182.985508448963
155,10,287.665962520276,6,-30,22.4237066835802,57.7395910394234,-59.986555549688,30.0219168049462,249.07099407106
155,11,305.415607486848,6,-15,22.4237066835802,65.9470280552024,-35.9442683658972,17.0959068560685,291.920519030905
155,12,305.415607486848,6,0,22.4237066835802,69.4237066835802,0,9.42370668358019,301.293870991503
155,13,287.665962520276,6,15,22.4237066835802,65.9470280552024,35.9442683658972,17.0959068560685,274.955159552742
155,14,253.198217435255,6,30,22.4237066835802,57.7395910394234,59.986555549688,30.0219168049462,219.227645707908
155,15,204.01551229097,6,45,22.4237066835802,47.5777279190011,75.6840163815624,43.7224263740511,147.441331247069
155,16,142.976167138548,6,60,22.4237066835802,36.7394917192164,87.4081288118682,57.577632803878,76.6575818979636
155,17,73.6275668492551,6,75,22.4237066835802,25.7933178882606,82.6098998821222,64.2315717159794,32.0084751434154
155,18,3.76773348035437e-14,6,90,22.4237066835802,15.0789771011427,73.2063792725954,68.6056354384594,1.37441343663638e-14
155,19,0,6,105,22.4237066835802,4.88605277367642,63.6561484121836,72.8523275104905,0
155,20,0,6,120,22.4237066835802,-4.46655492611979,53.4158541055166,76.7233733440354,0
155,21,0,6,135,22.4237066835802,-12.5852904568634,42.0464670037764,79.998206295417,0
155,22,0,6,150,22.4237066835802,-18.9855923724216,29.2606740666587,82.4882870583174,0
155,23,0,6,165,22.4237066835802,-23.1331066860817,15.0800433890523,84.0460398549468,0
156,0,0,6,-180,22.5384934318054,-24.4615065681946,-7.11987055915426e-15,84.4615065681946,0
156,1,0,6,-165,22.5384934318054,-23.0207759151554,-15.054371399026,83.9315858767195,0
156,2,0,6,-150,22.5384934318054,-18.879730162836,-29.2137605022668,82.3747553382569,0
156,3,0,6,-135,22.5384934318054,-12.4879355305941,-41.9841703738746,79.8859782659022,0
156,4,0,6,-120,22.5384934318054,-4.37790551654932,-53.3427166813218,76.6125408918704,0
156,5,0,6,-105,22.5384934318054,4.96699524713563,-63.5744567211974,72.7426716010291,0
156,6,75.3144311270698,6,-90,22.5384934318054,15.1539049694784,-73.1163037771636,68.49665907726,27.6069173656745
156,7,146.251861273853,6,-75,22.5384934318054,25.8644511126338,-82.509811806806,64.1225805931981,63.8312202630403
156,8,208.689664847285,6,-60,22.5384934318054,36.8097603267904,-87.5214441702802,57.5747000000937,111.899308799644
156,9,258.999183655861,6,-45,22.5384934318054,47.6513602723252,-75.8146445469801,43.7316589167138,187.148999422109
156,10,294.256611334085,6,-30,22.5384934318054,57.8231231731457,-60.1342243745362,30.0482453508258,254.709722367923
156,11,312.412914340835,6,-15,22.5384934318054,66.0486292094105,-36.0755841921823,17.1551689077895,298.513490857354
156,12,312.412914340835,6,0,22.5384934318054,69.5384934318054,0,9.53849343180542,308.093647671978
156,13,294.256611334085,6,15,22.5384934318054,66.0486292094105,36.0755841921823,17.1551689077895,281.164971821115
156,14,258.999183655861,6,30,22.5384934318054,57.8231231731457,60.1342243745362,30.0482453508258,224.190749235552
156,15,208.689664847285,6,45,22.5384934318054,47.6513602723252,75.8146445469801,43.7316589167138,150.79608134132
156,16,146.251861273853,6,60,22.5384934318054,36.8097603267904,87.5214441702802,57.5747000000937,78.4201852984983
156,17,75.3144311270699,6,75,22.5384934318054,25.8644511126338,82.509811806806,64.1225805931981,32.8707751161937
156,18,3.85405515698059e-14,6,90,22.5384934318054,15.1539049694784,73.1163037771636,68.49665907726,1.41272503355964e-14
156,19,0,6,105,22.5384934318054,4.96699524713563,63.5744567211974,72.7426716010291,0
156,20,0,6,120,22.5384934318054,-4.37790551654932,53.3427166813218,76.6125408918704,0
156,21,0,6,135,22.5384934318054,-12.4879355305941,41.9841703738746,79.8859782659022,0
156,22,0,6,150,22.5384934318054,-18.879730162836,29.2137605022668,82.3747553382569,0
156,23,0,6,165,22.5384934318054,-23.0207759151554,15.054371399026,83.9315858767195,0
157,0,0,6,-180,22.6466015380063,-24.3533984619937,-7.10819405193197e-15,84.3533984619937,0
157,1,0,6,-165,22.6466015380063,-22.9149771100815,-15.030232168108,83.8237913083564,0
157,2,0,6,-150,22.6466015380063,-18.78001659612,-29.1696306998804,82.2678298510854,0
157,3,0,6,-135,22.6466015380063,-12.3962319414903,-41.925541219843,79.7802816582232,0
157,4,0,6,-120,22.6466015380063,-4.29440750050965,-53.2738504636452,76.5081603985219,0
157,5,0,6,-105,22.6466015380063,5.04321905514717,-63.4974997630513,72.639401517645,0
157,6,77.009116731901,6,-90,22.6466015380063,15.2244406140033,-73.031410802878,68.3940314721122,28.3564052327796
157,7,149.542743516094,6,-75,22.6466015380063,25.9313827605395,-82.4154369809483,64.0199409539002,65.5084412265754
157,8,213.385489612887,6,-60,22.6466015380063,36.8758420163583,-87.6283567160957,57.5720713326944,114.425471466721
157,9,264.827046678076,6,-45,22.6466015380063,47.7205725207241,-75.9380093096407,43.7405726315644,191.331644290394
157,10,300.877818397482,6,-30,22.6466015380063,57.9016375836671,-60.2739278992009,30.0733861545774,260.374933814588
157,11,319.442664957998,6,-15,22.6466015380063,66.1442160047926,-36.2002214421373,17.2114809699009,305.137731329237
157,12,319.442664957998,6,0,22.6466015380063,69.6466015380063,0,9.64660153800628,314.92576789026
157,13,300.877818397482,6,15,22.6466015380063,66.1442160047926,36.2002214421373,17.2114809699009,287.404235514907
157,14,264.827046678076,6,30,22.6466015380063,57.9016375836671,60.2739278992009,30.0733861545774,229.177162737942
157,15,213.385489612887,6,45,22.6466015380063,47.7205725207241,75.9380093096407,43.7405726315644,154.166264765903
157,16,149.542743516094,6,60,22.6466015380063,36.8758420163583,87.6283567160957,57.5720713326944,80.1905460502434
157,17,77.0091167319011,6,75,22.6466015380063,25.9313827605395,82.4154369809483,64.0199409539002,33.7344833906923
157,18,3.94077707331215e-14,6,90,22.6466015380063,15.2244406140033,73.031410802878,68.3940314721122,1.45107847440867e-14
157,19,0,6,105,22.6466015380063,5.04321905514717,63.4974997630513,72.639401517645,0
157,20,0,6,120,22.6466015380063,-4.29440750050965,53.2738504636452,76.5081603985219,0
157,21,0,6,135,22.6466015380063,-12.3962319414903,41.925541219843,79.7802816582232,0
157,22,0,6,150,22.6466015380063,-18.78001659612,29.1696306998804,82.2678298510854,0
157,23,0,6,165,22.6466015380063,-22.9149771100815,15.030232168108,83.8237913083564,0
158,0,0,6,-180,22.7479989674178,-24.2520010325822,-7.0972604627243e-15,84.2520010325822,0
158,1,0,6,-165,22.7479989674178,-22.8157423247131,-15.0076255774589,83.7226880704852,0
158,2,0,6,-150,22.7479989674178,-18.6864832202099,-29.1282876490612,82.1675421787519,0
158,3,0,6,-135,22.7479989674178,-12.3102093135084,-41.8705888825085,79.6811475110948,0
158,4,0,6,-120,22.7479989674178,-4.21608690214765,-53.2092727338281,76.4102622101774,0
158,5,0,6,-105,22.7479989674178,5.1147031393822,-63.4253033948338,72.5425468700067,0
158,6,78.7111214918297,6,-90,22.7479989674178,15.2905688644233,-72.9517357564205,68.2977816079756,29.1060134951648
158,7,152.84783870584,6,-75,22.7479989674178,25.9941040920777,-82.3268229124703,63.9236814577044,67.1870126597968
158,8,218.101595113555,6,-60,22.7479989674178,36.9377345918645,-87.7288009432311,57.5697235442761,116.961971231468
158,9,270.680079580312,6,-45,22.7479989674178,47.7853680420555,-76.0540143427618,43.749125409902,195.532391900094
158,10,307.527621703918,6,-30,22.7479989674178,57.9751383661185,-60.4055148506022,30.0972689905472,266.065309792697
158,11,326.502776271515,6,-15,22.7479989674178,66.2337775601245,-36.3179792373366,17.2647323117614,311.791757459093
158,12,326.502776271515,6,0,22.7479989674178,69.7479989674179,0,9.74799896741782,321.788720346628
158,13,307.527621703918,6,15,22.7479989674178,66.2337775601245,36.3179792373366,17.2647323117614,293.671553832496
158,14,270.680079580312,6,30,22.7479989674178,57.9751383661185,60.4055148506022,30.0972689905472,234.185725591783
158,15,218.101595113555,6,45,22.7479989674178,47.7853680420555,76.0540143427618,43.749125409902,157.551034549353
158,16,152.84783870584,6,60,22.7479989674178,36.9377345918645,87.7288009432311,57.5697235442761,81.9681511462431
158,17,78.7111214918298,6,75,22.7479989674178,25.9941040920777,82.3268229124703,63.9236814577044,34.5988871083482
158,18,4.02787353177363e-14,6,90,22.7479989674178,15.2905688644233,72.9517357564205,68.2977816079756,1.48943807622903e-14
158,19,0,6,105,22.7479989674178,5.1147031393822,63.4253033948338,72.5425468700067,0
158,20,0,6,120,22.7479989674178,-4.21608690214765,53.2092727338281,76.4102622101774,0
158,21,0,6,135,22.7479989674178,-12.3102093135084,41.8705888825085,79.6811475110948,0
158,22,0,6,150,22.7479989674178,-18.6864832202099,29.1282876490612,82.1675421787519,0
158,23,0,6,165,22.7479989674178,-22.8157423247131,15.0076255774589,83.7226880704852,0
159,0,0,6,-180,22.8426556737933,-24.1573443262068,-7.08706944319024e-15,84.1573443262068,0
159,1,0,6,-165,22.8426556737933,-22.7231016201244,-14.9865515470332,83.628306101517,0
159,2,0,6,-150,22.8426556737933,-18.5991596155271,-29.0897341986649,82.0739219396959,0
159,3,0,6,-135,22.8426556737933,-12.2298954154973,-41.8193221744315,79.5886049296956,0
159,4,0,6,-120,22.8426556737933,-4.14296810238106,-53.1489997679557,76.3188747775009,0
159,5,0,6,-105,22.8426556737933,5.18142779771045,-63.3578919659305,72.4521354121925,0
159,6,80.4199410661132,6,-90,22.8426556737933,15.35227557587,-72.8773119891579,68.2079366472365,29.8550359967946
159,7,156.166167472056,6,-75,22.8426556737933,26.0526070460283,-82.2440143722478,63.8338289575335,68.8655335188704
159,8,222.836583865445,6,-60,22.8426556737933,36.9954362074639,-87.8227150721474,57.5676346750316,119.508074322674
159,9,276.5565479826,6,-45,22.8426556737933,47.8457503344504,-76.1625686516715,43.7572775646247,199.750190990043
159,10,314.204050773157,6,-30,22.8426556737933,58.0436298411716,-60.5288417571541,30.1198278651904,271.779533363151
159,11,333.591156218033,6,-15,22.8426556737933,66.3173041058957,-36.4286653450864,17.3148199103714,318.474089244566
159,12,333.591156218033,6,0,22.8426556737933,69.8426556737933,0,9.84265567379327,328.680997136525
159,13,314.204050773157,6,15,22.8426556737933,66.3173041058957,36.4286653450864,17.3148199103714,299.965532783885
159,14,276.5565479826,6,30,22.8426556737933,58.0436298411716,60.5288417571541,30.1198278651904,239.215278651831
159,15,222.836583865445,6,45,22.8426556737933,47.8457503344504,76.1625686516715,43.7572775646247,160.949543633629
159,16,156.166167472056,6,60,22.8426556737933,36.9954362074639,87.8227150721474,57.5676346750316,83.752486352093
159,17,80.4199410661133,6,75,22.8426556737933,26.0526070460283,82.2440143722478,63.8338289575335,35.463264782143
159,18,4.11531872380469e-14,6,90,22.8426556737933,15.35227557587,72.8773119891579,68.2079366472365,1.52776770299379e-14
159,19,0,6,105,22.8426556737933,5.18142779771045,63.3578919659305,72.4521354121925,0
159,20,0,6,120,22.8426556737933,-4.14296810238106,53.1489997679557,76.3188747775009,0
159,21,0,6,135,22.8426556737933,-12.2298954154973,41.8193221744315,79.5886049296956,0
159,22,0,6,150,22.8426556737933,-18.5991596155271,29.0897341986649,82.0739219396959,0
159,23,0,6,165,22.8426556737933,-22.7231016201244,14.9865515470332,83.628306101517,0
160,0,0,6,-180,22.9305436083077,-24.0694563916924,-7.07762068301643e-15,84.0694563916924,0
160,1,0,6,-165,22.9305436083077,-22.6370830562878,-14.9670100296336,83.5406733489197,0
160,2,0,6,-150,22.9305436083077,-18.5180733879407,-29.0539730476203,81.9869967806447,0
160,3,0,6,-135,22.9305436083077,-12.1553161559752,-41.7717493678006,79.5026810783117,0
160,4,0,6,-120,22.9305436083077,-4.0750738368208,-53.0930468195718,76.2340246493895,0
160,5,0,6,-105,22.9305436083077,5.24337468090872,-63.2952882926501,72.3681930377223,0
160,6,82.1350690946323,6,-90,22.9305436083077,15.4095476174248,-72.8081707604488,68.1245219259739,30.6027583975642
160,7,159.496746522313,6,-75,22.9305436083077,26.1068842167325,-82.167053340697,63.7504084967596,70.5425872327827
160,8,227.589052789202,6,-60,22.9305436083077,37.0489453280834,-87.9100411328399,57.5657840976802,122.06304499095
160,9,282.45471056053,6,-45,22.9305436083077,47.9017229540574,-76.2635867239787,43.7649918802955,203.983989569324
160,10,320.905127235179,6,-30,22.9305436083077,58.1071164664809,-60.6437732877175,30.1410010655448,277.516288261868
160,11,340.705704357596,6,-15,22.9305436083077,66.394786911341,-36.5320969086575,17.3616483229279,325.183248403827
160,12,340.705704357596,6,0,22.9305436083077,69.9305436083077,0,9.93054360830767,335.601092418318
160,13,320.905127235179,6,15,22.9305436083077,66.394786911341,36.5320969086575,17.3616483229279,306.284779999612
160,14,282.45471056053,6,30,22.9305436083077,58.1071164664809,60.6437732877175,30.1410010655448,244.264663366979
160,15,227.589052789202,6,45,22.9305436083077,47.9017229540574,76.2635867239787,43.7649918802955,164.360944372695
160,16,159.496746522313,6,60,22.9305436083077,37.0489453280834,87.9100411328399,57.5657840976802,85.5430360470612
160,17,82.1350690946324,6,75,22.9305436083077,26.1068842167325,82.167053340697,63.7504084967596,36.326886929121
160,18,4.20308673750771e-14,6,90,22.9305436083077,15.4095476174248,72.8081707604488,68.1245219259739,1.56603079987377e-14
160,19,0,6,105,22.9305436083077,5.24337468090872,63.2952882926501,72.3681930377223,0
160,20,0,6,120,22.9305436083077,-4.0750738368208,53.0930468195718,76.2340246493895,0
160,21,0,6,135,22.9305436083077,-12.1553161559752,41.7717493678006,79.5026810783117,0
160,22,0,6,150,22.9305436083077,-18.5180733879407,29.0539730476203,81.9869967806447,0
160,23,0,6,165,22.9305436083077,-22.6370830562878,14.9670100296336,83.5406733489197,0
161,0,0,6,-180,23.0116367278692,-23.9883632721308,-7.06891390695304e-15,83.9883632721308,0
161,1,0,6,-165,23.0116367278692,-22.5577126843103,-14.9490010053008,83.4598157610747,0
161,2,0,6,-150,23.0116367278692,-18.4432501622228,-29.0210067361858,81.9067923689668,0
161,3,0,6,-135,23.0116367278692,-12.0864955783111,-41.7278781829328,79.4234011734922,0
161,4,0,6,-120,23.0116367278692,-4.01242519392989,-53.0414281032981,76.1557364671873,0
161,5,0,6,-105,23.0116367278692,5.30052678943364,-63.2375136342407,72.2907437749822,0
161,6,83.8559973479366,6,-90,23.0116367278692,15.4623728611671,-72.7443412030317,68.0475609505594,31.3484588489954
161,7,162.83858893416,6,-75,23.0116367278692,26.1569288321334,-82.0959789574659,63.6734433066426,72.2167429406771
161,8,232.357593625717,6,-60,23.0116367278692,37.0982606919839,-87.990725042923,57.5641525501349,124.626145262096
161,9,288.372819561235,6,-45,23.0116367278692,47.9532894558152,-76.3569886709483,43.7722336596569,208.232734258001
161,10,327.628865416405,6,-30,23.0116367278692,58.1656027518476,-60.7501825728956,30.1607312031127,283.274257842854
161,11,347.844312496044,6,-15,23.0116367278692,66.4662182132922,-36.6281011531001,17.4051295657351,331.91775704793
161,12,347.844312496044,6,0,23.0116367278692,70.0116367278692,0,10.0116367278692,342.547501015562
161,13,327.628865416405,6,15,23.0116367278692,66.4662182132922,36.6281011531001,17.4051295657351,312.627903480261
161,14,288.372819561235,6,30,23.0116367278692,58.1656027518476,60.7501825728956,30.1607312031127,249.332720849967
161,15,232.357593625717,6,45,23.0116367278692,47.9532894558152,76.3569886709483,43.7722336596569,167.784388001305
161,16,162.83858893416,6,60,23.0116367278692,37.0982606919839,87.990725042923,57.5641525501349,87.3392830512479
161,17,83.8559973479367,6,75,23.0116367278692,26.1569288321334,82.0959789574659,63.6734433066426,37.1890167075727
161,18,4.29115156532604e-14,6,90,23.0116367278692,15.4623728611671,72.7443412030317,68.0475609505594,1.60419042781483e-14
161,19,0,6,105,23.0116367278692,5.30052678943364,63.2375136342407,72.2907437749822,0
161,20,0,6,120,23.0116367278692,-4.01242519392989,53.0414281032981,76.1557364671873,0
161,21,0,6,135,23.0116367278692,-12.0864955783111,41.7278781829328,79.4234011734922,0
161,22,0,6,150,23.0116367278692,-18.4432501622228,29.0210067361858,81.9067923689668,0
161,23,0,6,165,23.0116367278692,-22.5577126843103,14.9490010053008,83.4598157610747,0
162,0,0,6,-180,23.0859110028366,-23.9140889971634,-7.06094887204012e-15,83.9140889971635,0
162,1,0,6,-165,23.0859110028366,-22.4850145392297,-14.9325244760533,83.3857572797183,0
162,2,0,6,-150,23.0859110028366,-18.3747135759945,-28.9908376377154,81.8333323855818,0
162,3,0,6,-135,23.0859110028366,-12.0234558563011,-41.6877157774249,79.3507884777159,0
162,4,0,6,-120,23.0859110028366,-3.9550416133996,-52.9941567794079,76.0840329593496,0
162,5,0,6,-105,23.0859110028366,5.35286847029093,-63.1845876703629,72.2198097830306,0
162,6,85.5822158778441,6,-90,23.0859110028366,15.5107401717957,-72.6858502905736,67.9770753945741,32.0914086756781
162,7,166.190704447565,6,-75,23.0859110028366,26.202734733057,-82.030827474337,63.6029548040425,73.8865567379657
162,8,237.140793353426,6,-60,23.0859110028366,37.1433812754584,-88.0647166806476,57.5627221658811,127.196634672373
162,9,294.309121321297,6,-45,23.0859110028366,48.0004533374938,-76.4427003597838,43.7789707666222,212.495369594144
162,10,334.373272928103,6,-30,23.0859110028366,58.2190931785493,-60.8479515075662,30.1789652534202,289.052123973204
162,11,355.004865309723,6,-15,23.0859110028366,66.5315911474121,-36.716516062002,17.4451830001199,338.676136295595
162,12,355.004865309723,6,0,23.0859110028366,70.0859110028366,0,10.0859110028365,349.518716959464
162,13,334.373272928103,6,15,23.0859110028366,66.5315911474121,36.716516062002,17.4451830001199,318.993510291761
162,14,294.309121321297,6,30,23.0859110028366,58.2190931785493,60.8479515075662,30.1789652534202,254.418290904788
162,15,237.140793353426,6,45,23.0859110028366,48.0004533374938,76.4427003597838,43.7789707666222,171.219024076636
162,16,166.190704447565,6,60,23.0859110028366,37.1433812754584,88.0647166806476,57.5627221658811,89.1407084400556
162,17,85.5822158778442,6,75,23.0859110028366,26.202734733057,82.030827474337,63.6029548040425,38.0489105587386
162,18,4.37948711175061e-14,6,90,23.0859110028366,15.5107401717957,72.6858502905736,67.9770753945741,1.64220929840914e-14
162,19,0,6,105,23.0859110028366,5.35286847029093,63.1845876703629,72.2198097830306,0
162,20,0,6,120,23.0859110028366,-3.9550416133996,52.9941567794079,76.0840329593496,0
162,21,0,6,135,23.0859110028366,-12.0234558563011,41.6877157774249,79.3507884777159,0
162,22,0,6,150,23.0859110028366,-18.3747135759945,28.9908376377154,81.8333323855818,0
162,23,0,6,165,23.0859110028366,-22.4850145392297,14.9325244760533,83.3857572797183,0
163,0,0,6,-180,23.153344424139,-23.846655575861,-7.05372536502998e-15,83.846655575861,0
163,1,0,6,-165,23.153344424139,-22.4190106333719,-14.9175804609888,83.3185198329688,0
163,2,0,6,-150,23.153344424139,-18.3124852741578,-28.9634679509595,81.766638518426,0
163,3,0,6,-135,23.153344424139,-11.9662172901292,-41.6512687359944,79.2848642935648,0
163,4,0,6,-120,23.153344424139,-3.9029408847248,-52.9512449394099,76.0189349365499,0
163,5,0,6,-105,23.153344424139,5.40038541403082,-63.1365284800833,72.1554113477758,0
163,6,87.3132131685495,6,-90,23.153344424139,15.5546393968741,-72.6327228074612,67.9130850960274,32.8308730622182
163,7,169.552099758359,6,-75,23.153344424139,26.2442963538128,-81.9716322114398,63.5389625893874,75.5505729309867
163,8,241.93723460702,6,-60,23.153344424139,37.1843062597928,-88.1319699527171,57.5614765020444,129.773769987552
163,9,300.261856786387,6,-45,23.153344424139,48.0432179872277,-76.5206535365382,43.7851736657693,216.770837310544
163,10,341.136351256771,6,-30,23.153344424139,58.2675921232596,-60.9369710336143,30.1956545915042,294.848565884784
163,11,362.185240972296,6,-15,23.153344424139,66.5908996823649,-36.7971910206652,17.4817352258874,345.456904836079
163,12,362.185240972296,6,0,23.153344424139,70.153344424139,0,10.1533444241389,356.51323197741
163,13,341.136351256771,6,15,23.153344424139,66.5908996823649,36.7971910206652,17.4817352258874,325.380205211763
163,14,300.261856786387,6,30,23.153344424139,58.2675921232596,60.9369710336143,30.1956545915042,259.52021101595
163,15,241.93723460702,6,45,23.153344424139,48.0432179872277,76.5206535365382,43.7851736657693,174.663999895504
163,16,169.552099758359,6,60,23.153344424139,37.1843062597928,88.1319699527171,57.5614765020444,90.9467913473017
163,17,87.3132131685496,6,75,23.153344424139,26.2442963538128,81.9716322114398,63.5389625893874,38.9058188529103
163,18,4.46806720105258e-14,6,90,23.153344424139,15.5546393968741,72.6327228074612,67.9130850960274,1.68004980904833e-14
163,19,0,6,105,23.153344424139,5.40038541403082,63.1365284800833,72.1554113477758,0
163,20,0,6,120,23.153344424139,-3.9029408847248,52.9512449394099,76.0189349365499,0
163,21,0,6,135,23.153344424139,-11.9662172901292,41.6512687359944,79.2848642935648,0
163,22,0,6,150,23.153344424139,-18.3124852741578,28.9634679509595,81.766638518426,0
163,23,0,6,165,23.153344424139,-22.4190106333719,14.9175804609888,83.3185198329688,0
164,0,0,6,-180,23.2139170097984,-23.7860829902016,-7.04724320001079e-15,83.7860829902016,0
164,1,0,6,-165,23.2139170097984,-22.3597209502707,-14.9041689917604,83.2581233289429,0
164,2,0,6,-150,23.2139170097984,-18.2565849038122,-28.9388996929299,81.706730456475,0
164,3,0,6,-135,23.2139170097984,-11.9147983027037,-41.6185430610499,79.2256479584034,0
164,4,0,6,-120,23.2139170097984,-3.85613914596148,-52.9127035926877,75.9604612872258,0
164,5,0,6,-105,23.2139170097984,5.44306465189804,-63.0933525224466,72.0975668785156,0
164,6,89.0484762881975,6,-90,23.2139170097984,15.594061357743,-72.5849813209037,67.8556080548657,33.5661117454835
164,7,172.921778812566,6,-75,23.2139170097984,26.2816087041841,-81.9184235168679,63.4814844448797,77.2073253000105
164,8,246.74549609744,6,-60,23.2139170097984,37.2210350006105,-88.1924428567692,57.5604005651306,132.356804907701
164,9,306.229262032517,6,-45,23.2139170097984,48.0815866347516,-76.5907859394017,43.7908154583654,221.058075584618
164,10,347.916096356341,6,-30,23.2139170097984,58.3111037869574,-61.0171414019119,30.2107550235633,300.662258987505
164,11,369.383311783489,6,-15,23.2139170097984,66.644138557465,-36.8699874213396,17.5147199827622,352.258577445968
164,12,369.383311783489,6,0,23.2139170097984,70.2139170097984,0,10.2139170097984,363.529533933606
164,13,347.916096356341,6,15,23.2139170097984,66.644138557465,36.8699874213396,17.5147199827622,331.78658933264
164,14,306.229262032517,6,30,23.2139170097984,58.3111037869574,61.0171414019119,30.2107550235633,264.637315303952
164,15,246.74549609744,6,45,23.2139170097984,48.0815866347516,76.5907859394017,43.7908154583654,178.118459889964
164,16,172.921778812566,6,60,23.2139170097984,37.2210350006105,88.1924428567692,57.5604005651306,92.7570087583248
164,17,89.0484762881976,6,75,23.2139170097984,26.2816087041841,81.9184235168679,63.4814844448797,39.7589865398351
164,18,4.55686558503976e-14,6,90,23.2139170097984,15.594061357743,72.5849813209037,67.8556080548657,1.71767407834765e-14
164,19,0,6,105,23.2139170097984,5.44306465189804,63.0933525224466,72.0975668785156,0
164,20,0,6,120,23.2139170097984,-3.85613914596148,52.9127035926877,75.9604612872258,0
164,21,0,6,135,23.2139170097984,-11.9147983027037,41.6185430610499,79.2256479584034,0
164,22,0,6,150,23.2139170097984,-18.2565849038122,28.9388996929299,81.706730456475,0
164,23,0,6,165,23.2139170097984,-22.3597209502707,14.9041689917604,83.2581233289429,0
165,0,0,6,-180,23.2676108108505,-23.7323891891495,-7.04150221623598e-15,83.7323891891495,0
165,1,0,6,-165,23.2676108108505,-22.3071634391497,-14.8922901084386,83.2045856499602,0
165,2,0,6,-150,23.2676108108505,-18.207030109653,-28.9171346923501,81.6536258843218,0
165,3,0,6,-135,23.2676108108505,-11.869215436362,-41.5895441640261,79.1731568395604,0
165,4,0,6,-120,23.2676108108505,-3.81465088265081,-52.8785426542396,75.9086289735571,0
165,5,0,6,-105,23.2676108108505,5.4808945531625,-63.0550746186802,72.0462929048292,0
165,6,90.7874910408757,6,-90,23.2676108108505,15.628997841143,-72.5426461554179,67.804660430755,34.2963797119524
165,7,176.298743101559,6,-75,23.2676108108505,26.3146673528779,-81.8712287297844,63.4305363329239,78.8553383704677
165,8,251.564153033036,6,-60,23.2676108108505,37.2535669997104,-88.2460975384118,57.5594808344219,134.944989759712
165,9,312.209568788725,6,-45,23.2676108108505,48.1155623065372,-76.6530414021398,43.7958719149476,225.3560182651
165,10,354.71049924202,6,-30,23.2676108108505,58.3496321292058,-61.0883724126625,30.2242268149861,306.491873649255
165,11,376.596944799574,6,-15,23.2676108108505,66.6913032243202,-36.9347792263515,17.5440780601743,359.079663465905
165,12,376.596944799574,6,0,23.2676108108505,70.2676108108505,0,10.2676108108505,370.566105228073
165,13,354.71049924202,6,15,23.2676108108505,66.6913032243202,36.9347792263515,17.5440780601743,338.211258626737
165,14,312.209568788725,6,30,23.2676108108505,58.3496321292058,61.0883724126625,30.2242268149861,269.768433451395
165,15,251.564153033036,6,45,23.2676108108505,48.1155623065372,76.6530414021398,43.7958719149476,181.581545004218
165,16,176.298743101559,6,60,23.2676108108505,37.2535669997104,88.2460975384118,57.5594808344219,94.5708352945095
165,17,90.7874910408758,6,75,23.2676108108505,26.3146673528779,81.8712287297844,63.4305363329239,40.6076538033512
165,18,4.64585595083455e-14,6,90,23.2676108108505,15.628997841143,72.5426461554179,67.804660430755,1.75504398183134e-14
165,19,0,6,105,23.2676108108505,5.4808945531625,63.0550746186802,72.0462929048292,0
165,20,0,6,120,23.2676108108505,-3.81465088265081,52.8785426542396,75.9086289735571,0
165,21,0,6,135,23.2676108108505,-11.869215436362,41.5895441640261,79.1731568395604,0
165,22,0,6,150,23.2676108108505,-18.207030109653,28.9171346923501,81.6536258843218,0
165,23,0,6,165,23.2676108108505,-22.3071634391497,14.8922901084386,83.2045856499602,0
166,0,0,6,-180,23.3144099166632,-23.6855900833368,-7.036502276164e-15,83.6855900833368,0
166,1,0,6,-165,23.3144099166632,-22.2613540099692,-14.8819438557685,83.1579226473393,0
166,2,0,6,-150,23.3144099166632,-18.1638365298476,-28.8981745837153,81.6073404773118,0
166,3,0,6,-135,23.3144099166632,-11.8294833499343,-41.5642768575148,79.1274063300113,0
166,4,0,6,-120,23.3144099166632,-3.7784889268948,-52.84877093356,75.8634530278711,0
166,5,0,6,-105,23.3144099166632,5.5138648226549,-63.0217079360827,72.0016040738126,0
166,6,92.529742118982,6,-90,23.3144099166632,15.6594415915857,-72.5057353697545,67.7602565411278,35.0209278999931
166,7,179.681991957936,6,-75,23.3144099166632,26.3434684124946,-81.8300721470937,63.3861323947598,80.4931286922868
166,8,256.391777541762,6,-60,23.3144099166632,37.2819018795023,-88.2929003426992,57.5587052830106,137.537571179664
166,9,318.201004961053,6,-45,23.3144099166632,48.1451477850116,-76.707369947474,43.8003215044853,229.663594079218
166,10,361.5175465856,6,-30,23.3144099166632,58.3831808081498,-61.1505836333124,30.2360347149554,312.336073947655
166,11,383.824002465406,6,-15,23.3144099166632,66.7323897929631,-36.9914534852084,17.5697572156859,365.91866524341
166,12,383.824002465406,6,0,23.3144099166632,70.3144099166632,0,10.3144099166632,377.621421160353
166,13,361.5175465856,6,15,23.3144099166632,66.7323897929631,36.9914534852084,17.5697572156859,344.652802479693
166,14,318.201004961053,6,30,23.3144099166632,58.3831808081498,61.1505836333124,30.2360347149554,274.912389604307
166,15,256.391777541762,6,45,23.3144099166632,48.1451477850116,76.707369947474,43.8003215044853,185.052392055794
166,16,179.681991957937,6,60,23.3144099166632,37.2819018795023,88.2929003426992,57.5587052830106,96.3877429906785
166,17,92.5297421189821,6,75,23.3144099166632,26.3434684124946,81.8300721470937,63.3861323947598,41.4510567202023
166,18,4.73501192867101e-14,6,90,23.3144099166632,15.6594415915857,72.5057353697545,67.7602565411278,1.79212118787021e-14
166,19,0,6,105,23.3144099166632,5.5138648226549,63.0217079360827,72.0016040738126,0
166,20,0,6,120,23.3144099166632,-3.7784889268948,52.84877093356,75.8634530278711,0
166,21,0,6,135,23.3144099166632,-11.8294833499343,41.5642768575148,79.1274063300113,0
166,22,0,6,150,23.3144099166632,-18.1638365298476,28.8981745837153,81.6073404773118,0
166,23,0,6,165,23.3144099166632,-22.2613540099692,14.8819438557685,83.1579226473393,0
167,0,0,6,-180,23.3543004596513,-23.6456995403487,-7.03224326371225e-15,83.6456995403487,0
167,1,0,6,-165,23.3543004596513,-22.2223065290361,-14.8731302798316,83.1181481367857,0
167,2,0,6,-150,23.3543004596513,-18.1270177923896,-28.8820208019819,81.5678878972337,0
167,3,0,6,-135,23.3543004596513,-11.7956148161607,-41.5427453482226,79.0884098445597,0
167,4,0,6,-120,23.3543004596513,-3.74766445657089,-52.8233961246995,75.8249465494714,0
167,5,0,6,-105,23.3543004596513,5.54196649852902,-62.9932639736406,71.9635131476506,0
167,6,94.2747132559209,6,-90,23.3543004596513,15.6853863045095,-72.4742647363239,67.7224088594807,35.7390039069101
167,7,183.070522852048,6,-75,23.3543004596513,26.3680085260753,-81.7949749937497,63.3482849492886,82.1192061272853
167,8,261.226939094288,6,-60,23.3543004596513,37.3060393601309,-88.3328218599563,57.5580633964597,140.133791787127
167,9,324.201795157658,6,-45,23.3543004596513,48.1703455720218,-76.7537278702233,43.8041454201469,233.979725824148
167,10,368.335221312042,6,-30,23.3543004596513,58.4117531265549,-61.2037045933109,30.2461479778042,318.193516398943
167,11,391.062343247825,6,-15,23.3543004596513,66.7673949829301,-37.0399108020482,17.5917121022917,372.774076548064
167,12,391.062343247825,6,0,23.3543004596513,70.3543004596514,0,10.3543004596514,384.693948264461
167,13,368.335221312043,6,15,23.3543004596513,66.7673949829301,37.0399108020482,17.5917121022917,351.109802197728
167,14,324.201795157658,6,30,23.3543004596513,58.4117531265549,61.2037045933109,30.2461479778042,280.068001253326
167,15,261.226939094288,6,45,23.3543004596513,48.1703455720218,76.7537278702233,43.8041454201469,188.530133084055
167,16,183.070522852048,6,60,23.3543004596513,37.3060393601309,88.3328218599563,57.5580633964597,98.2072010668455
167,17,94.2747132559211,6,75,23.3543004596513,26.3680085260753,81.7949749937497,63.3482849492886,42.2884279229942
167,18,4.82430709970875e-14,6,90,23.3543004596513,15.6853863045095,72.4742647363239,67.7224088594807,1.82886719386332e-14
167,19,0,6,105,23.3543004596513,5.54196649852902,62.9932639736406,71.9635131476506,0
167,20,0,6,120,23.3543004596513,-3.74766445657089,52.8233961246995,75.8249465494714,0
167,21,0,6,135,23.3543004596513,-11.7956148161607,41.5427453482226,79.0884098445597,0
167,22,0,6,150,23.3543004596513,-18.1270177923896,28.8820208019819,81.5678878972337,0
167,23,0,6,165,23.3543004596513,-22.2223065290361,14.8731302798316,83.1181481367857,0
168,0,0,6,-180,23.3872706193862,-23.6127293806138,-7.02872508272873e-15,83.6127293806138,0
168,1,0,6,-165,23.3872706193862,-22.19003281518,-14.8658494251219,83.0852738943726,0
168,2,0,6,-150,23.3872706193862,-18.0965855119272,-28.868674577903,81.535279788567,0
168,3,0,6,-135,23.3872706193862,-11.7676207194554,-41.5249532307814,79.056178816515,0
168,4,0,6,-120,23.3872706193862,-3.72218699467309,-52.8024247975364,75.7931207018841,0
168,5,0,6,-105,23.3872706193862,5.5651919502706,-62.9697525494137,71.9320310015167,0
168,6,96.0218873790852,6,-90,23.3872706193862,15.7068266202498,-72.4482477231691,67.6911280139149,36.4498527006148
168,7,186.463331689057,6,-75,23.3872706193862,26.388284855276,-81.7659553967631,63.3170044920774,83.7320751445564
168,8,266.068204927895,6,-60,23.3872706193862,37.3259792393734,-88.3658369658667,57.5575461890795,142.732889853581
168,9,330.210161214898,6,-45,23.3872706193862,48.1911578566953,-76.7920778100501,43.8073276016934,238.303329546577
168,10,375.16150319719,6,-30,23.3872706193862,58.4353519841779,-61.2476749550802,30.2545403812825,324.062848669372
168,11,398.309822270241,6,-15,23.3872706193862,66.7963160797085,-37.0800657501158,17.6099042047833,379.644380965479
168,12,398.309822270241,6,0,23.3872706193862,70.3872706193863,0,10.3872706193862,391.782142621692
168,13,375.16150319719,6,15,23.3872706193862,66.7963160797085,37.0800657501158,17.6099042047833,357.580829494942
168,14,330.210161214898,6,30,23.3872706193862,58.4353519841779,61.2476749550802,30.2545403812825,285.234078099498
168,15,266.068204927895,6,45,23.3872706193862,48.1911578566953,76.7920778100501,43.8073276016934,192.013894689131
168,16,186.463331689057,6,60,23.3872706193862,37.3259792393734,88.3658369658667,57.5575461890795,100.028675695837
168,17,96.0218873790854,6,75,23.3872706193862,26.388284855276,81.7659553967631,63.3170044920774,43.1189972672764
168,18,4.91371500386145e-14,6,90,23.3872706193862,15.7068266202498,72.4482477231691,67.6911280139149,1.86524336265611e-14
168,19,0,6,105,23.3872706193862,5.5651919502706,62.9697525494137,71.9320310015167,0
168,20,0,6,120,23.3872706193862,-3.72218699467309,52.8024247975364,75.7931207018841,0
168,21,0,6,135,23.3872706193862,-11.7676207194554,41.5249532307814,79.056178816515,0
168,22,0,6,150,23.3872706193862,-18.0965855119272,28.868674577903,81.535279788567,0
168,23,0,6,165,23.3872706193862,-22.19003281518,14.8658494251219,83.0852738943726,0
169,0,0,6,-180,23.413310626098,-23.586689373902,-7.02594765568464e-15,83.586689373902,0
169,1,0,6,-165,23.413310626098,-22.1645426364949,-14.8601013320409,83.0593096531151,0
169,2,0,6,-150,23.413310626098,-18.0725492870645,-28.8581369340275,81.5095257752851,0
169,3,0,6,-135,23.413310626098,-11.7455100540109,-41.5109034824336,79.0307226948657,0
169,4,0,6,-120,23.413310626098,-3.70206440876973,-52.7858623902889,75.7679847105198,0
169,5,0,6,-105,23.413310626098,5.58353487696986,-62.9511817897262,71.9071666217962,0
169,6,97.770746763075,6,-90,23.413310626098,15.7237581188532,-72.427695478532,67.6664227859083,37.1527173357792
169,7,189.859413106485,6,-75,23.413310626098,26.4042950702135,-81.743028362962,63.2922996945326,85.330236123858
169,8,270.914140471033,6,-60,23.413310626098,37.3417213753828,-88.3919248557542,57.5571462178095,145.334098967151
169,9,336.224322724238,6,-45,23.413310626098,48.2075864878258,-76.8223888136678,43.8098547545189,242.633313714307
169,10,381.994369466397,6,-30,23.413310626098,58.4539798367247,-61.2824446606422,30.2611902418722,329.942708274595
169,11,405.564291948207,6,-15,23.413310626098,66.8191508969312,-37.1118472303037,17.624301785322,386.528050276533
169,12,405.564291948207,6,0,23.413310626098,70.413310626098,0,10.413310626098,398.884448158043
169,13,381.994369466397,6,15,23.413310626098,66.8191508969312,37.1118472303037,17.624301785322,364.064444966758
169,14,336.224322724238,6,30,23.413310626098,58.4539798367247,61.2824446606422,30.2611902418722,290.409420909501
169,15,270.914140471033,6,45,23.413310626098,48.2075864878258,76.8223888136678,43.8098547545189,195.502797364432
169,16,189.859413106485,6,60,23.413310626098,37.3417213753828,88.3919248557542,57.5571462178095,101.851629768338
169,17,97.7707467630751,6,75,23.413310626098,26.4042950702135,81.743028362962,63.2922996945326,43.9419925027365
169,18,5.00320914763753e-14,6,90,23.413310626098,15.7237581188532,72.427695478532,67.6664227859083,1.90121095918809e-14
169,19,0,6,105,23.413310626098,5.58353487696986,62.9511817897262,71.9071666217962,0
169,20,0,6,120,23.413310626098,-3.70206440876973,52.7858623902889,75.7679847105198,0
169,21,0,6,135,23.413310626098,-11.7455100540109,41.5109034824336,79.0307226948657,0
169,22,0,6,150,23.413310626098,-18.0725492870645,28.8581369340275,81.5095257752851,0
169,23,0,6,165,23.413310626098,-22.1645426364949,14.8601013320409,83.0593096531151,0
170,0,0,6,-180,23.4324127635706,-23.5675872364294,-7.02391092259036e-15,83.5675872364294,0
170,1,0,6,-165,23.4324127635706,-22.1458437076459,-14.85588603482,83.0402631001402,0
170,2,0,6,-150,23.4324127635706,-18.0549166981349,-28.8504086813749,81.490633458215,0
170,3,0,6,-135,23.4324127635706,-11.72928992224,-41.5005984586134,79.0120489419463,0
170,4,0,6,-120,23.4324127635706,-3.68730291056845,-52.773713203293,75.7495458607462,0
170,5,0,6,-105,23.4324127635706,5.59699030587284,-62.9375581201916,71.8889271046265,0
170,6,99.5207731831113,6,-90,23.4324127635706,15.7361773157584,-72.4126168180475,67.6483001093129,37.8468396743428
170,7,193.257760772112,6,-75,23.4324127635706,26.4160373410224,-81.726205760552,63.2741774032306,86.912186666977
170,8,275.763309768416,6,-60,23.4324127635706,37.35326567234,-88.4110690729864,57.5568575936957,147.936647695901
170,9,342.242497559826,6,-45,23.4324127635706,48.2196329508969,-76.8446363863969,43.8117163653524,246.968578383863
170,10,388.831795393922,6,-30,23.4324127635706,58.4676386616195,-61.307974053428,30.2660804272676,335.831721272597
170,11,412.823602625792,6,-15,23.4324127635706,66.8358977446502,-37.1351987711796,17.6348798383346,393.423542828474
170,12,412.823602625792,6,0,23.4324127635706,70.4324127635706,0,10.4324127635706,405.999294933042
170,13,388.831795393922,6,15,23.4324127635706,66.8358977446502,37.1351987711796,17.6348798383346,370.559196555676
170,14,342.242497559826,6,30,23.4324127635706,58.4676386616195,61.307974053428,30.2660804272676,295.592820365188
170,15,275.763309768416,6,45,23.4324127635706,48.2196329508969,76.8446363863969,43.8117163653524,198.995954825948
170,16,193.257760772112,6,60,23.4324127635706,37.35326567234,88.4110690729864,57.5568575936957,103.67552265692
170,17,99.5207731831114,6,75,23.4324127635706,26.4160373410224,81.726205760552,63.2741774032306,44.7566399485088
170,18,5.09276301199075e-14,6,90,23.4324127635706,15.7361773157584,72.4126168180475,67.6483001093129,1.93673118736326e-14
170,19,0,6,105,23.4324127635706,5.59699030587284,62.9375581201916,71.8889271046265,0
170,20,0,6,120,23.4324127635706,-3.68730291056845,52.773713203293,75.7495458607462,0
170,21,0,6,135,23.4324127635706,-11.72928992224,41.5005984586134,79.0120489419463,0
170,22,0,6,150,23.4324127635706,-18.0549166981349,28.8504086813749,81.490633458215,0
170,23,0,6,165,23.4324127635706,-22.1458437076459,14.85588603482,83.0402631001402,0
171,0,0,6,-180,23.4445713714284,-23.5554286285716,-7.0226148401372e-15,83.5554286285716,0
171,1,0,6,-165,23.4445713714284,-22.1339416877435,-14.8532035598745,83.0281398744506,0
171,2,0,6,-150,23.4445713714284,-18.0436933054439,-28.8454904167977,81.4786084129524,0
171,3,0,6,-135,23.4445713714284,-11.7189655335493,-41.4940398894393,79.0001630315966,0
171,4,0,6,-120,23.4445713714284,-3.67790705558128,-52.7659803940674,75.73780949637,0
171,5,0,6,-105,23.4445713714284,5.6055545912236,-62.9288862585996,71.8773176547494,0
171,6,101.271448068597,6,-90,23.4445713714284,15.744081658364,-72.4030182146006,67.636765069571,38.5314611102456
171,7,196.657367682184,6,-75,23.4445713714284,26.4235103311527,-81.7154963045169,63.2626426393994,88.4764229170966
171,8,280.614275906528,6,-60,23.4445713714284,37.3606120690681,-88.4232575314628,57.5566759909624,150.539759251934
171,9,348.262902406577,6,-45,23.4445713714284,48.2272983498377,-76.8588025329733,43.8129047146391,251.308014368115
171,10,395.671754902898,6,-30,23.4445713714284,58.47632993077,-61.3242339748794,30.2691983661192,341.728500955771
171,11,420.085603212574,6,-15,23.4445713714284,66.8465554039691,-37.1500787683284,17.6416200548204,400.329301904527
171,12,420.085603212574,6,0,23.4445713714284,70.4445713714285,0,10.4445713714284,413.125097426909
171,13,395.671754902898,6,15,23.4445713714284,66.8465554039691,37.1500787683284,17.6416200548204,377.063618015642
171,14,348.262902406577,6,30,23.4445713714284,58.47632993077,61.3242339748794,30.2691983661192,300.783055912374
171,15,280.614275906528,6,45,23.4445713714284,48.2272983498377,76.8588025329733,43.8129047146391,202.492473341553
171,16,196.657367682184,6,60,23.4445713714284,37.3606120690681,88.4232575314628,57.5566759909624,105.499809980645
171,17,101.271448068597,6,75,23.4445713714284,26.4235103311527,81.7154963045169,63.2626426393994,45.5621651725978
171,18,5.18235006017836e-14,6,90,23.4445713714284,15.744081658364,72.4030182146006,67.636765069571,1.97176522713672e-14
171,19,0,6,105,23.4445713714284,5.6055545912236,62.9288862585996,71.8773176547494,0
171,20,0,6,120,23.4445713714284,-3.67790705558128,52.7659803940674,75.73780949637,0
171,21,0,6,135,23.4445713714284,-11.7189655335493,41.4940398894393,79.0001630315966,0
171,22,0,6,150,23.4445713714284,-18.0436933054439,28.8454904167977,81.4786084129524,0
171,23,0,6,165,23.4445713714284,-22.1339416877435,14.8532035598745,83.0281398744506,0
172,0,0,6,-180,23.4497828468137,-23.5502171531864,-7.02205938106665e-15,83.5502171531864,0
172,1,0,6,-165,23.4497828468137,-22.1288401787842,-14.852053924593,83.0229435652855,0
172,2,0,6,-150,23.4497828468137,-18.038882647982,-28.8433825210404,81.4734541883332,0
172,3,0,6,-135,23.4497828468137,-11.7145402034428,-41.4912288771323,78.9950684478128,0
172,4,0,6,-120,23.4497828468137,-3.67387974288367,-52.7626659736804,75.7327790185257,0
172,5,0,6,-105,23.4497828468137,5.60922541340743,-62.9251692096831,71.8723415846722,0
172,6,103.022252656781,6,-90,23.4497828468137,15.7474695234991,-72.3989037908664,67.6318209031441,39.2058232982612
172,7,200.057226459803,6,-75,23.4497828468137,26.4267131924349,-81.7109055458851,63.257698598543,90.0214408861659
172,8,285.465601439411,6,-60,23.4497828468137,37.3637605306495,-88.4284825321307,57.5565986536646,153.142651158599
172,9,354.283753288602,6,-45,23.4497828468137,48.2305833935837,-76.8648757875332,43.8134148856098,255.650502407945
172,10,402.512221165706,6,-30,23.4497828468137,58.4800545904761,-61.3312058355354,30.2705360551184,347.631646547786
172,11,427.348141821053,6,-15,23.4497828468137,66.8511231082571,-37.1564606612703,17.6445107961278,407.24375409873
172,12,427.348141821053,6,0,23.4497828468137,70.4497828468137,0,10.4497828468137,420.260252832962
172,13,402.512221165706,6,15,23.4497828468137,66.8511231082571,37.1564606612703,17.6445107961278,383.576227381329
172,14,354.283753288602,6,30,23.4497828468137,58.4800545904761,61.3312058355354,30.2705360551184,305.978894613845
172,15,285.465601439411,6,45,23.4497828468137,48.2305833935837,76.8648757875332,43.8134148856098,205.991451063583
172,16,200.057226459803,6,60,23.4497828468137,37.3637605306495,88.4284825321307,57.5565986536646,107.323943371836
172,17,103.022252656782,6,75,23.4497828468137,26.4267131924349,81.7109055458851,63.257698598543,46.3577936754291
172,18,5.27194374562454e-14,6,90,23.4497828468137,15.7474695234991,72.3989037908664,67.6318209031441,2.00627427181116e-14
172,19,0,6,105,23.4497828468137,5.60922541340743,62.9251692096831,71.8723415846722,0
172,20,0,6,120,23.4497828468137,-3.67387974288367,52.7626659736804,75.7327790185257,0
172,21,0,6,135,23.4497828468137,-11.7145402034428,41.4912288771323,78.9950684478128,0
172,22,0,6,150,23.4497828468137,-18.038882647982,28.8433825210404,81.4734541883332,0
172,23,0,6,165,23.4497828468137,-22.1288401787842,14.852053924593,83.0229435652855,0
173,0,0,6,-180,23.4480456454536,-23.5519543545464,-7.02224453376835e-15,83.5519543545464,0
173,1,0,6,-165,23.4480456454536,-22.1305407246582,-14.8524371365657,83.0246757110766,0
173,2,0,6,-150,23.4480456454536,-18.0404862426056,-28.8440851575005,81.4751723054608,0
173,3,0,6,-135,23.4480456454536,-11.7160153529524,-41.4921658943674,78.9967666838893,0
173,4,0,6,-120,23.4480456454536,-3.67522221496334,-52.7637708044329,75.7344558849683,0
173,5,0,6,-105,23.4480456454536,5.60800177840205,-62.9264082617816,71.8740003141361,0
173,6,104.772668146479,6,-90,23.4480456454536,15.7463402158081,-72.4002753145558,67.6334689971515,39.8691688867989
173,7,203.456329653438,6,-75,23.4480456454536,26.4256455619314,-81.7124358648919,63.2593466502051,91.5457377902847
173,8,290.315848814608,6,-60,23.4480456454536,37.3627110430759,-88.4267407735154,57.5566243999266,155.744534923058
173,9,360.303266097846,6,-45,23.4480456454536,48.229488387499,-76.8628512327202,43.813244770048,259.994912352044
173,10,409.351167204562,6,-30,23.4480456454536,58.4788130485924,-61.3288816603762,30.2700900634779,353.539741910917
173,11,434.6090664043,6,-15,23.4480456454536,66.8496005311155,-37.1543330466662,17.6435470772486,414.165307702701
173,12,434.6090664043,6,0,23.4480456454536,70.4480456454536,0,10.4480456454536,427.403139362261
173,13,409.351167204562,6,15,23.4480456454536,66.8496005311155,37.1543330466662,17.6435470772486,390.09552544866
173,14,360.303266097846,6,30,23.4480456454536,58.4788130485924,61.3288816603762,30.2700900634779,311.179090011578
173,15,290.315848814608,6,45,23.4480456454536,48.229488387499,76.8628512327202,43.813244770048,209.491977367936
173,16,203.456329653438,6,60,23.4480456454536,37.3627110430759,88.4267407735154,57.5566243999266,109.147370246611
173,17,104.772668146479,6,75,23.4480456454536,26.4256455619314,81.7124358648919,63.2593466502051,47.1427515775202
173,18,5.36151751978671e-14,6,90,23.4480456454536,15.7463402158081,72.4002753145558,67.6334689971515,2.04021956553648e-14
173,19,0,6,105,23.4480456454536,5.60800177840205,62.9264082617816,71.8740003141361,0
173,20,0,6,120,23.4480456454536,-3.67522221496334,52.7637708044329,75.7344558849683,0
173,21,0,6,135,23.4480456454536,-11.7160153529524,41.4921658943674,78.9967666838893,0
173,22,0,6,150,23.4480456454536,-18.0404862426056,28.8440851575005,81.4751723054608,0
173,23,0,6,165,23.4480456454536,-22.1305407246582,14.8524371365657,83.0246757110766,0
174,0,0,6,-180,23.4393602821185,-23.5606397178815,-7.02317030210764e-15,83.5606397178815,0
174,1,0,6,-165,23.4393602821185,-22.1390428107235,-14.8543531932533,83.0333357990008,0
174,2,0,6,-150,23.4393602821185,-18.0485035836862,-28.8475982716974,81.4837622572892,0
174,3,0,6,-135,23.4393602821185,-11.723390508394,-41.4968507835665,79.005257242051,0
174,4,0,6,-120,23.4393602821185,-3.68193405765595,-52.7692945988636,75.7428396097709,0
174,5,0,6,-105,23.4393602821185,5.60188401754165,-62.9326029854088,71.8822933698877,0
174,6,106.522175851804,6,-90,23.4393602821185,15.7406939670569,-72.4071321963752,67.6417088892157,40.5207422545427
174,7,206.853670035456,6,-75,23.4393602821185,26.4203075605837,-81.720086468044,63.2675863378683,93.0478133931013
174,8,295.163580799145,6,-60,23.4393602821185,37.3574636109529,-88.4180333562342,57.5567536237575,158.344615716543
174,9,366.31965712275,6,-45,23.4393602821185,48.2240132296931,-76.8527305078807,43.8123950707612,264.34010234887
174,10,416.186566492158,6,-30,23.4393602821185,58.4726051690141,-61.3172641082826,30.2678615348467,359.451354269547
174,11,441.866225393658,6,-15,23.4393602821185,66.8419877811998,-37.1436997269824,17.6387305596531,421.09235111112
174,12,441.866225393658,6,0,23.4393602821185,70.4393602821185,0,10.4393602821185,434.552114567482
174,13,416.186566492158,6,15,23.4393602821185,66.8419877811998,37.1436997269824,17.6387305596531,396.619994272961
174,14,366.31965712275,6,30,23.4393602821185,58.4726051690141,61.3172641082826,30.2678615348467,316.382381003183
174,15,295.163580799145,6,45,23.4393602821185,48.2240132296931,76.8527305078807,43.8123950707612,212.993132203004
174,16,206.853670035456,6,60,23.4393602821185,37.3574636109529,88.4180333562342,57.5567536237575,110.969533580803
174,17,106.522175851804,6,75,23.4393602821185,26.4203075605837,81.720086468044,63.2675863378683,47.9162663112859
174,18,5.45104484002242e-14,6,90,23.4393602821185,15.7406939670569,72.4071321963752,67.6417088892157,2.07356244100568e-14
174,19,0,6,105,23.4393602821185,5.60188401754165,62.9326029854088,71.8822933698877,0
174,20,0,6,120,23.4393602821185,-3.68193405765595,52.7692945988636,75.7428396097709,0
174,21,0,6,135,23.4393602821185,-11.723390508394,41.4968507835665,79.005257242051,0
174,22,0,6,150,23.4393602821185,-18.0485035836862,28.8475982716974,81.4837622572892,0
174,23,0,6,165,23.4393602821185,-22.1390428107235,14.8543531932533,83.0333357990008,0
175,0,0,6,-180,23.423729330469,-23.576270669531,-7.02483670548302e-15,83.576270669531,0
175,1,0,6,-165,23.423729330469,-22.1543438639484,-14.8578020820974,83.0489212651296,0
175,2,0,6,-150,23.423729330469,-18.0629321432272,-28.8539215914494,81.4992215087619,0
175,3,0,6,-135,23.423729330469,-11.7366633014489,-41.5052827571345,79.0205376335762,0
175,4,0,6,-120,23.423729330469,-3.69401320016648,-52.7792359200808,75.7579277634259,0
175,5,0,6,-105,23.423729330469,5.59087378759561,-62.9437512337303,71.8972183857553,0
175,6,108.270257355865,6,-90,23.423729330469,15.7305319363644,-72.4194714907066,67.6565382675143,41.1597902507834
175,7,210.248240900579,6,-75,23.423729330469,26.410699793664,-81.7338533890983,63.2824153789878,94.5261713572019
175,8,300.007360905413,6,-60,23.423729330469,37.3480182582654,-88.4023657814906,57.5569882944458,160.942092064567
175,9,372.331143576811,6,-45,23.423729330469,48.2141574122494,-76.8345218063318,43.8108693007569,268.684918054869
175,10,423.016393552165,6,-30,23.423729330469,58.4614302735157,-61.2963664655474,30.2638561866718,365.365032955501
175,11,449.117468336296,6,-15,23.423729330469,66.8282854039472,-37.124579694259,17.6300695536788,428.023251252663
175,12,449.117468336296,6,0,23.423729330469,70.423729330469,0,10.423729330469,441.705513693015
175,13,423.016393552165,6,15,23.423729330469,66.8282854039472,37.124579694259,17.6300695536788,403.148095691073
175,14,372.331143576811,6,30,23.423729330469,58.4614302735157,61.2963664655474,30.2638561866718,321.587490737579
175,15,300.007360905413,6,45,23.423729330469,48.2141574122494,76.8345218063318,43.8108693007569,216.493985451688
175,16,210.248240900579,6,60,23.423729330469,37.3480182582654,88.4023657814906,57.5569882944458,112.789871692857
175,17,108.270257355865,6,75,23.423729330469,26.410699793664,81.7338533890983,63.2824153789878,48.6775673169528
175,18,5.54049917745452e-14,6,90,23.423729330469,15.7305319363644,72.4194714907066,67.6565382675143,2.1062643573398e-14
175,19,0,6,105,23.423729330469,5.59087378759561,62.9437512337303,71.8972183857553,0
175,20,0,6,120,23.423729330469,-3.69401320016648,52.7792359200808,75.7579277634259,0
175,21,0,6,135,23.423729330469,-11.7366633014489,41.5052827571345,79.0205376335762,0
175,22,0,6,150,23.423729330469,-18.0629321432272,28.8539215914494,81.4992215087619,0
175,23,0,6,165,23.423729330469,-22.1543438639484,14.8578020820974,83.0489212651296,0
176,0,0,6,-180,23.4011574222934,-23.5988425777066,-7.02724377911352e-15,83.5988425777066,0
176,1,0,6,-165,23.4011574222934,-22.1764392536196,-14.8627837810723,83.0714274951743,0
176,2,0,6,-150,23.4011574222934,-18.083767371449,-28.8630546277591,81.5215454975066,0
176,3,0,6,-135,23.4011574222934,-11.7558294695702,-41.517460398637,79.0426033794088,0
176,4,0,6,-120,23.4011574222934,-3.71145591517675,-52.7935921834189,75.7797159733491,0
176,5,0,6,-105,23.4011574222934,5.57497407116127,-62.9598491449488,71.9187711030285,0
176,6,110.016394664385,6,-90,23.4011574222934,15.7158562113574,-72.4372878990063,67.677952971037,41.7855629392906
176,7,213.6390363642,6,-75,23.4011574222934,26.3968233530263,-81.75372949395,63.3038296651594,95.9793206034586
176,8,304.845753816828,6,-60,23.4011574222934,37.3343750322017,-88.3797479435528,57.5573319535329,163.536155549376
176,9,378.335944126852,6,-45,23.4011574222934,48.1999200273585,-76.808239861707,43.8086737791245,273.028191862987
176,10,429.838624559426,6,-30,23.4011574222934,58.4452871509334,-61.2662126134617,30.2580843070039,371.279308180905
176,11,456.360646532435,6,-15,23.4011574222934,66.8084943901919,-37.0970070491012,17.6175790304681,434.956352053114
176,12,456.360646532435,6,0,23.4011574222934,70.4011574222935,0,10.4011574222934,448.861648058262
176,13,429.838624559426,6,15,23.4011574222934,66.8084943901919,37.0970070491012,17.6175790304681,409.678269873798
176,14,378.335944126852,6,30,23.4011574222934,58.4452871509334,61.2662126134617,30.2580843070039,326.793125534876
176,15,304.845753816828,6,45,23.4011574222934,48.1999200273585,76.808239861707,43.8086737791245,219.993596309769
176,16,213.6390363642,6,60,23.4011574222934,37.3343750322017,88.3797479435528,57.5573319535329,114.607818035306
176,17,110.016394664385,6,75,23.4011574222934,26.3968233530263,81.75372949395,63.3038296651594,49.4258867425742
176,18,5.62985402483226e-14,6,90,23.4011574222934,15.7158562113574,72.4372878990063,67.677952971037,2.13828693815397e-14
176,19,0,6,105,23.4011574222934,5.57497407116127,62.9598491449488,71.9187711030285,0
176,20,0,6,120,23.4011574222934,-3.71145591517675,52.7935921834189,75.7797159733491,0
176,21,0,6,135,23.4011574222934,-11.7558294695702,41.517460398637,79.0426033794088,0
176,22,0,6,150,23.4011574222934,-18.083767371449,28.8630546277591,81.5215454975066,0
176,23,0,6,165,23.4011574222934,-22.1764392536196,14.8627837810723,83.0714274951743,0
177,0,0,6,-180,23.3716512461353,-23.6283487538647,-7.03039157455519e-15,83.6283487538647,0
177,1,0,6,-165,23.3716512461353,-22.2053222926191,-14.8692982596759,83.1008478258279,0
177,2,0,6,-150,23.3716512461353,-18.1110026978418,-28.8749966764043,81.5507276350863,0
177,3,0,6,-135,23.3716512461353,-11.7808828567155,-41.5333816649167,79.0714480112624,0
177,4,0,6,-120,23.3716512461353,-3.73425681904107,-52.8123596594147,75.8081979247889,0
177,5,0,6,-105,23.3716512461353,5.55418917736747,-62.9808911465907,71.9469453711439,0
177,6,111.760070359197,6,-90,23.3716512461353,15.6966698102443,-72.4605737759136,67.7059469900522,42.3973143455543
177,7,217.025051660443,6,-75,23.3716512461353,26.3786798211505,-81.779704489421,63.3318232624253,97.405776678256
177,8,309.677325813151,6,-60,23.3716512461353,37.3165340100234,-88.3501941162252,57.5577897093661,166.125990526916
177,9,384.332279420878,6,-45,23.3716512461353,48.1812997783323,-76.7739059234041,43.8058176236172,277.36874215552
177,10,436.651237939657,6,-30,23.3716512461353,58.4241740736402,-61.2268369700756,30.2505607487208,377.192689844196
177,11,463.593613672055,6,-15,23.3716512461353,66.782616191592,-37.0610308554844,17.601280643437,441.889972937372
177,12,463.593613672055,6,0,23.3716512461353,70.3716512461353,0,10.3716512461353,456.018803481072
177,13,436.651237939657,6,15,23.3716512461353,66.782616191592,37.0610308554844,17.601280643437,416.20893391495
177,14,384.332279420878,6,30,23.3716512461353,58.4241740736402,61.2268369700756,30.2505607487208,331.997973835462
177,15,309.677325813151,6,45,23.3716512461353,48.1812997783323,76.7739059234041,43.8058176236172,223.491012683887
177,16,217.025051660443,6,60,23.3716512461353,37.3165340100234,88.3501941162252,57.5577897093661,116.422800996414
177,17,111.760070359197,6,75,23.3716512461353,26.3786798211505,81.779704489421,63.3318232624253,50.1604601481052
177,18,5.71908290438591e-14,6,90,23.3716512461353,15.6966698102443,72.4605737759136,67.7059469900522,2.16959200979585e-14
177,19,0,6,105,23.3716512461353,5.55418917736747,62.9808911465907,71.9469453711439,0
177,20,0,6,120,23.3716512461353,-3.73425681904107,52.8123596594147,75.8081979247889,0
177,21,0,6,135,23.3716512461353,-11.7808828567155,41.5333816649167,79.0714480112624,0
177,22,0,6,150,23.3716512461353,-18.1110026978418,28.8749966764043,81.5507276350863,0
177,23,0,6,165,23.3716512461353,-22.2053222926191,14.8692982596759,83.1008478258279,0
178,0,0,6,-180,23.3352195453114,-23.6647804546886,-7.03428016044581e-15,83.6647804546887,0
178,1,0,6,-165,23.3352195453114,-22.2409842392661,-14.8773454803589,83.1371735467026,0
178,2,0,6,-150,23.3352195453114,-18.144629532688,-28.8897468202277,81.5867593088054,0
178,3,0,6,-135,23.3352195453114,-11.8118154144083,-41.5530438891397,79.1070630732147,0
178,4,0,6,-120,23.3352195453114,-3.76240887207348,-52.8355334780933,75.8433653621409,0
178,5,0,6,-105,23.3352195453114,5.52852474288291,-63.0068699616812,71.9817331486773,0
178,6,113.500767751558,6,-90,23.3352195453114,15.6729766847976,-72.4893191380551,67.7405124667834,42.994303207207
178,7,220.405283439901,6,-75,23.3352195453114,26.3562712769638,-81.8117649359281,63.3663884117198,98.804063128502
178,8,314.500645195324,6,-60,23.3352195453114,37.2944953089541,-88.3137229333445,57.5583682292375,168.710773860526
178,9,390.318372615328,6,-45,23.3352195453114,48.1582949954539,-76.7315477211809,43.8023127399283,281.705372585277
178,10,443.452214968486,6,-30,23.3352195453114,58.3980888212257,-61.1782844063217,30.2413049211216,383.103666374895
178,11,470.814226470893,6,-15,23.3352195453114,66.7506527427307,-37.0167149324351,17.5812027592397,448.822407376985
178,12,470.814226470893,6,0,23.3352195453114,70.3352195453114,0,10.3352195453114,463.175238748214
178,13,443.452214968486,6,15,23.3352195453114,66.7506527427307,37.0167149324351,17.5812027592397,422.738480463306
178,14,390.318372615328,6,30,23.3352195453114,58.3980888212257,61.1782844063217,30.2413049211216,337.200705183175
178,15,314.500645195325,6,45,23.3352195453114,48.1582949954539,76.7315477211809,43.8023127399283,226.985270612342
178,16,220.405283439901,6,60,23.3352195453114,37.2944953089541,88.3137229333445,57.5583682292375,118.234243713555
178,17,113.500767751559,6,75,23.3352195453114,26.3562712769638,81.8117649359281,63.3663884117198,50.8805272134792
178,18,5.80815937567276e-14,6,90,23.3352195453114,15.6729766847976,72.4893191380551,67.7405124667834,2.20014163974701e-14
178,19,0,6,105,23.3352195453114,5.52852474288291,63.0068699616812,71.9817331486773,0
178,20,0,6,120,23.3352195453114,-3.76240887207348,52.8355334780933,75.8433653621409,0
178,21,0,6,135,23.3352195453114,-11.8118154144083,41.5530438891397,79.1070630732147,0
178,22,0,6,150,23.3352195453114,-18.144629532688,28.8897468202277,81.5867593088054,0
178,23,0,6,165,23.3352195453114,-22.2409842392661,14.8773454803589,83.1371735467026,0
179,0,0,6,-180,23.2918731153209,-23.7081268846791,-7.03890962347626e-15,83.7081268846791,0
179,1,0,6,-165,23.2918731153209,-22.283414299727,-14.886925400387,83.1803939028632,0
179,2,0,6,-150,23.2918731153209,-18.1846372690536,-28.9073039321202,81.6296298840727,0
179,3,0,6,-135,23.2918731153209,-11.8486172031295,-41.57644378476,79.1494381237941,0
179,4,0,6,-120,23.2918731153209,-3.79590337893193,-52.8631076345491,75.8852080906702,0
179,5,0,6,-105,23.2918731153209,5.49798773322078,-63.037776616791,72.0231245046468,0
179,6,115.237971035266,6,-90,23.2918731153209,15.6447817242318,-72.5235116755228,67.7816396963019,43.5757937274279
179,7,223.778730066945,6,-75,23.2918731153209,26.3296003034163,-81.8498942640086,63.407515529463,100.172712884262
179,8,319.31428270972,6,-60,23.2918731153209,37.2682590990521,-88.2703573633263,57.5590757291074,171.289674673607
179,9,396.292449901599,6,-45,23.2918731153209,48.1309036565983,-76.6811994189622,43.7981738076513,286.036871389024
179,10,450.239540369642,6,-30,23.2918731153209,58.367028711249,-61.120610136765,30.2303407788249,389.010703622653
179,11,478.020345305542,6,-15,23.2918731153209,66.7126064896948,-36.9641375841007,17.5573804981768,455.751921489791
179,12,478.020345305542,6,0,23.2918731153209,70.2918731153209,0,10.2918731153209,470.32918413968
179,13,450.239540369642,6,15,23.2918731153209,66.7126064896948,36.9641375841007,17.5573804981768,429.265276403636
179,14,396.292449901599,6,30,23.2918731153209,58.367028711249,61.120610136765,30.2303407788249,342.399969247482
179,15,319.31428270972,6,45,23.2918731153209,48.1309036565983,76.6811994189622,43.7981738076513,230.475393711885
179,16,223.778730066945,6,60,23.2918731153209,37.2682590990521,88.2703573633263,57.5590757291074,120.04156389987
179,17,115.237971035267,6,75,23.2918731153209,26.3296003034163,81.8498942640086,63.407515529463,51.5853324506191
179,18,5.89705704341192e-14,6,90,23.2918731153209,15.6447817242318,72.5235116755228,67.7816396963019,2.2298981751766e-14
179,19,0,6,105,23.2918731153209,5.49798773322078,63.037776616791,72.0231245046468,0
179,20,0,6,120,23.2918731153209,-3.79590337893193,52.8631076345491,75.8852080906702,0
179,21,0,6,135,23.2918731153209,-11.8486172031295,41.57644378476,79.1494381237941,0
179,22,0,6,150,23.2918731153209,-18.1846372690536,28.9073039321202,81.6296298840727,0
179,23,0,6,165,23.2918731153209,-22.283414299727,14.886925400387,83.1803939028632,0
180,0,0,6,-180,23.2416248006465,-23.7583751993535,-7.04428006958654e-15,83.7583751993535,0
180,1,0,6,-165,23.2416248006465,-22.3325996309907,-14.8980379741331,83.2304960979552,0
180,2,0,6,-150,23.2416248006465,-18.2310132852508,-28.9276666786852,81.6793267073197,0
180,3,0,6,-135,23.2416248006465,-11.8912763940438,-41.603577450389,79.19856073856,0
180,4,0,6,-120,23.2416248006465,-3.83472998910586,-52.8950749958034,75.9337139786439,0
180,5,0,6,-105,23.2416248006465,5.46258644432852,-63.0736004519324,72.0711076201314,0
180,6,116.971165439496,6,-90,23.2416248006465,15.6120907599583,-72.5631367659976,67.829317127641,44.1410563310852
180,7,227.144391916534,6,-75,23.2416248006465,26.2986699967852,-81.8940727946648,63.4551932083072,101.510269648836
180,8,324.116811971655,6,-60,23.2416248006465,37.2378256190199,-88.2201246778149,57.5599219609238,173.861854123404
180,9,402.252741031659,6,-45,23.2416248006465,48.0991234125409,-76.6229015579447,43.7934182629106,290.362010737075
180,10,457.011202912126,6,-30,23.2416248006465,58.3309906369016,-61.0538795853319,30.2176968078849,394.912243796057
180,11,485.209834847471,6,-15,23.2416248006465,66.6684804248795,-36.9033912701688,17.5298557839733,462.676752698164
180,12,485.209834847472,6,0,23.2416248006465,70.2416248006465,0,10.2416248006465,477.478840013578
180,13,457.011202912126,6,15,23.2416248006465,66.6684804248795,36.9033912701688,17.5298557839733,435.787661592916
180,14,402.252741031659,6,30,23.2416248006465,58.3309906369016,61.0538795853319,30.2176968078849,347.594394889421
180,15,324.116811971655,6,45,23.2416248006465,48.0991234125409,76.6229015579447,43.7934182629106,233.960392653666
180,16,227.144391916534,6,60,23.2416248006465,37.2378256190199,88.2201246778149,57.5599219609238,121.844173685737
180,17,116.971165439496,6,75,23.2416248006465,26.2986699967852,81.8940727946648,63.4551932083072,52.274125919274
180,18,5.98574956530588e-14,6,90,23.2416248006465,15.6120907599583,72.5631367659976,67.829317127641,2.25882428163549e-14
180,19,0,6,105,23.2416248006465,5.46258644432852,63.0736004519324,72.0711076201314,0
180,20,0,6,120,23.2416248006465,-3.83472998910586,52.8950749958034,75.9337139786439,0
180,21,0,6,135,23.2416248006465,-11.8912763940438,41.603577450389,79.19856073856,0
180,22,0,6,150,23.2416248006465,-18.2310132852508,28.9276666786852,81.6793267073197,0
180,23,0,6,165,23.2416248006465,-22.3325996309907,14.8980379741331,83.2304960979552,0
181,0,0,6,-180,23.1844894909484,-23.8155105090516,-7.05039162538398e-15,83.8155105090516,0
181,1,0,6,-165,23.1844894909484,-22.3885253444103,-14.9106831557921,83.2874652979269,0
181,2,0,6,-150,23.1844894909484,-18.2837429477731,-28.9508335245731,81.7358351094754,0
181,3,0,6,-135,23.1844894909484,-11.939779271065,-41.6344403755496,79.2544165131766,0
181,4,0,6,-120,23.1844894909484,-3.87887669751552,-52.9314273089164,75.9888689598763,0
181,5,0,6,-105,23.1844894909484,5.42233050444918,-63.1143291322744,72.1256687902077,0
181,6,118.699837381338,6,-90,23.1844894909484,15.5749105711969,-72.6081774914852,67.8835313651386,44.6893684233696
181,7,230.501271670427,6,-75,23.1844894909484,26.2634839776684,-81.9442777634855,63.5094082180463,102.815289296018
181,8,328.906809888063,6,-60,23.1844894909484,37.2031951948923,-88.1630564144932,57.5609181975431,176.426465198036
181,9,408.197479842614,6,-45,23.1844894909484,48.0629516168492,-76.5567009891048,43.788066277647,294.679546122872
181,10,463.765196006181,6,-30,23.1844894909484,58.2899711113723,-60.9781682264467,30.203406009017,400.806704456541
181,11,492.380564695768,6,-15,23.1844894909484,66.6182781277111,-36.8345822190105,17.4986774028257,469.595108452243
181,12,492.380564695768,6,0,23.1844894909484,70.1844894909484,0,10.1844894909484,484.622375458201
181,13,463.765196006182,6,15,23.1844894909484,66.6182781277111,36.8345822190105,17.4986774028257,442.303947657767
181,14,408.197479842614,6,30,23.1844894909484,58.2899711113723,60.9781682264467,30.203406009017,352.782589276068
181,15,328.906809888063,6,45,23.1844894909484,48.0629516168492,76.5567009891048,43.788066277647,237.439264671369
181,16,230.501271670427,6,60,23.1844894909484,37.2031951948923,88.1630564144932,57.5609181975431,123.641479476529
181,17,118.699837381339,6,75,23.1844894909484,26.2634839776684,81.9442777634855,63.5094082180463,52.9461639465584
181,18,6.07421065984627e-14,6,90,23.1844894909484,15.5749105711969,72.6081774914852,67.8835313651386,2.28688298187767e-14
181,19,0,6,105,23.1844894909484,5.42233050444918,63.1143291322744,72.1256687902077,0
181,20,0,6,120,23.1844894909484,-3.87887669751552,52.9314273089164,75.9888689598763,0
181,21,0,6,135,23.1844894909484,-11.939779271065,41.6344403755496,79.2544165131766,0
181,22,0,6,150,23.1844894909484,-18.2837429477731,28.9508335245731,81.7358351094754,0
181,23,0,6,165,23.1844894909484,-22.3885253444103,14.9106831557921,83.2874652979269,0
182,0,0,7,-180,23.1204841166518,-23.8795158833482,-7.05724443978092e-15,83.8795158833482,0
182,1,0,7,-165,23.1204841166518,-22.4511745098098,-14.9248609025137,83.3512846353458,0
182,2,0,7,-150,23.1204841166518,-18.3428096147037,-28.9768027374707,81.7991384099974,0
182,3,0,7,-135,23.1204841166518,-11.9941102332646,-41.6690274472962,79.3169890669832,0
182,4,0,7,-120,23.1204841166518,-3.92832984523278,-52.9721552103245,76.050657036691,0
182,5,0,7,-105,23.1204841166518,5.37723087623806,-63.1599486616471,72.1867924262138,0
182,6,120.423474617991,7,-90,23.1204841166518,15.533248891416,-72.6586146576228,67.9442671700174,45.2200151506326
182,7,233.848374612704,7,-75,23.1204841166518,26.2240464036309,-82.0004833484969,63.5701455067,104.086341274229
182,8,333.682857079183,7,-60,23.1204841166518,37.1643682615352,-88.0991883341136,57.5620772152596,178.982652538869
182,9,414.124904780056,7,-45,23.1204841166518,48.0223853602377,-76.4826507952358,43.7821407355398,298.988215796275
182,10,470.499518297893,7,-30,23.1204841166518,58.2439663186771,-60.8935614020921,30.1875058778037,406.69247757269
182,11,499.53041000842,7,-15,23.1204841166518,66.5620038109347,-36.7578299863252,17.4639010715912,476.505165024409
182,12,499.53041000842,7,0,23.1204841166518,70.1204841166518,0,10.1204841166518,491.757927017795
182,13,470.499518297893,7,15,23.1204841166518,66.5620038109347,36.7578299863252,17.4639010715912,448.812416858992
182,14,414.124904780056,7,30,23.1204841166518,58.2439663186771,60.8935614020921,30.1875058778037,357.963137048146
182,15,333.682857079183,7,45,23.1204841166518,48.0223853602377,76.4826507952358,43.7821407355398,240.910993104593
182,16,233.848374612704,7,60,23.1204841166518,37.1643682615352,88.0991883341136,57.5620772152596,125.432881828127
182,17,120.423474617991,7,75,23.1204841166518,26.2240464036309,82.0004833484969,63.5701455067,53.6007098500298
182,18,6.16241411410161e-14,7,90,23.1204841166518,15.533248891416,72.6586146576228,67.9442671700174,2.31403769479439e-14
182,19,0,7,105,23.1204841166518,5.37723087623806,63.1599486616471,72.1867924262138,0
182,20,0,7,120,23.1204841166518,-3.92832984523278,52.9721552103245,76.050657036691,0
182,21,0,7,135,23.1204841166518,-11.9941102332646,41.6690274472962,79.3169890669832,0
182,22,0,7,150,23.1204841166518,-18.3428096147037,28.9768027374707,81.7991384099974,0
182,23,0,7,165,23.1204841166518,-22.4511745098098,14.9248609025137,83.3512846353458,0
183,0,0,7,-180,23.0496276439306,-23.9503723560694,-7.06483868584829e-15,83.9503723560694,0
183,1,0,7,-165,23.0496276439306,-22.5205281601562,-14.9405711779433,83.4219352143062,0
183,2,0,7,-150,23.0496276439306,-18.4081946395998,-29.0055723937295,81.8692179214583,0
183,3,0,7,-135,23.0496276439306,-12.0542517976303,-41.707332957673,79.3862600470624,0
183,4,0,7,-120,23.0496276439306,-3.98307412033435,-53.0172482363748,76.1190602833035,0
183,5,0,7,-105,23.0496276439306,5.32729985911646,-63.2104433977942,72.2544610583444,0
183,6,122.14156639854,7,-90,23.0496276439306,15.4871144155739,-72.714426815509,68.0115074622107,45.7322901631007
183,7,237.184708924527,7,-75,23.0496276439306,26.1803619834523,-82.0626607016799,63.6373882017814,105.322010017158
183,8,338.443538299159,7,-60,23.0496276439306,37.1213453868774,-88.0285603718367,57.5634132739559,181.529552290234
183,9,420.033259420051,7,-45,23.0496276439306,47.9774215092464,-76.4008102026653,43.7756672045451,303.286740244227
183,10,477.212174262226,7,-30,23.0496276439306,58.1929721706794,-60.8001541153895,30.1700383817368,412.567928640045
183,11,506.657252131956,7,-15,23.0496276439306,66.4996623720641,-36.6732669624282,17.4255895149494,483.40506638115
183,12,506.657252131956,7,0,23.0496276439306,70.0496276439306,0,10.0496276439306,498.883597498376
183,13,477.212174262226,7,15,23.0496276439306,66.4996623720641,36.6732669624282,17.4255895149494,455.311321029001
183,14,420.033259420051,7,30,23.0496276439306,58.1929721706794,60.8001541153895,30.1700383817368,363.134599545304
183,15,338.443538299159,7,45,23.0496276439306,47.9774215092464,76.4008102026653,43.7756672045451,244.374546980396
183,16,237.184708924527,7,60,23.0496276439306,37.1213453868774,88.0285603718367,57.5634132739559,127.217775341601
183,17,122.141566398541,7,75,23.0496276439306,26.1803619834523,82.0626607016799,63.6373882017814,54.2370346641187
183,18,6.25033379148484e-14,7,90,23.0496276439306,15.4871144155739,72.714426815509,68.0115074622107,2.34025227444467e-14
183,19,0,7,105,23.0496276439306,5.32729985911646,63.2104433977942,72.2544610583444,0
183,20,0,7,120,23.0496276439306,-3.98307412033435,53.0172482363748,76.1190602833035,0
183,21,0,7,135,23.0496276439306,-12.0542517976303,41.707332957673,79.3862600470624,0
183,22,0,7,150,23.0496276439306,-18.4081946395998,29.0055723937295,81.8692179214583,0
183,23,0,7,165,23.0496276439306,-22.5205281601562,14.9405711779433,83.4219352143062,0
184,0,0,7,-180,22.9719410690867,-24.0280589309133,-7.07317456288155e-15,84.0280589309133,0
184,1,0,7,-165,22.9719410690867,-22.5965652967946,-14.9578139561636,83.4993961159293,0
184,2,0,7,-150,22.9719410690867,-18.4798773758554,-29.0371403846124,81.9460529546899,0
184,3,0,7,-135,22.9719410690867,-12.1201846021813,-41.7493506119852,79.4622091328072,0
184,4,0,7,-120,22.9719410690867,-4.04309255890026,-53.0666948350189,76.1940588496285,0
184,5,0,7,-105,22.9719410690867,5.27255109184134,-63.2657960693324,72.3286553385859,0
184,6,123.853603615313,7,-90,22.9719410690867,15.4365168081259,-72.7755902860062,68.0852333224467,46.2254963791304
184,7,240.509285978036,7,-75,22.9719410690867,26.1324359929247,-82.1307779840912,63.7111176117652,106.520896360454
184,8,343.1874428554,7,-60,22.9719410690867,37.0741272987855,-87.9512165829647,57.5649420948879,184.066291978434
184,9,425.920792989606,7,-45,22.9719410690867,47.9280567490845,-76.311244482822,43.7686739060276,307.573821722339
184,10,483.901174794347,7,-30,22.9719410690867,58.1369843699937,-60.6980508013749,30.1510499339236,418.431395871468
184,11,513.758979229244,7,-15,22.9719410690867,66.4312594495537,-36.5810378316609,17.3838125513297,490.292923138276
184,12,513.758979229244,7,0,22.9719410690867,69.9719410690868,0,9.97194106908678,505.99745485977
184,13,483.901174794347,7,15,22.9719410690867,66.4312594495537,36.5810378316609,17.3838125513297,461.798880587742
184,14,425.920792989606,7,30,22.9719410690867,58.1369843699937,60.6980508013749,30.1510499339236,368.295514093481
184,15,343.1874428554,7,45,22.9719410690867,47.9280567490845,76.311244482822,43.7686739060276,247.828880635861
184,16,240.509285978036,7,60,22.9719410690867,37.0741272987855,87.9512165829647,57.5649420948879,128.995548578421
184,17,123.853603615313,7,75,22.9719410690867,26.1324359929247,82.1307779840912,63.7111176117652,54.8544178696717
184,18,6.33794363949807e-14,7,90,22.9719410690867,15.4365168081259,72.7755902860062,68.0852333224467,2.36549104916417e-14
184,19,0,7,105,22.9719410690867,5.27255109184134,63.2657960693324,72.3286553385859,0
184,20,0,7,120,22.9719410690867,-4.04309255890026,53.0666948350189,76.1940588496285,0
184,21,0,7,135,22.9719410690867,-12.1201846021813,41.7493506119852,79.4622091328072,0
184,22,0,7,150,22.9719410690867,-18.4798773758554,29.0371403846124,81.9460529546899,0
184,23,0,7,165,22.9719410690867,-22.5965652967946,14.9578139561636,83.4993961159293,0
185,0,0,7,-180,22.887447412329,-24.112552587671,-7.08225229867477e-15,84.112552587671,0
185,1,0,7,-165,22.887447412329,-22.679262895248,-14.9765892260276,83.5836444044531,0
185,2,0,7,-150,22.887447412329,-18.5578351815433,-29.0715044231396,82.0296208244821,0
185,3,0,7,-135,22.887447412329,-12.1918874094464,-41.7950735378506,79.5448140409906,0
185,4,0,7,-120,22.887447412329,-4.10836654617112,-53.1204823786285,76.2756309655175,0
185,5,0,7,-105,22.887447412329,5.21299955526819,-63.3259877943696,72.4093540440002,0
185,6,125.559078954733,7,-90,22.887447412329,15.3814667117622,-72.8420791864543,68.1654239946009,46.6989467506007
185,7,243.821120629299,7,-75,22.887447412329,26.0802742921408,-82.204800404512,63.7913132277687,107.681618963957
185,8,347.913165026604,7,-60,22.887447412329,37.0227149144866,-87.8672050831676,57.5666808361137,186.59199042196
185,9,431.785760885462,7,-45,22.887447412329,47.8742876304681,-76.2140248438461,43.761191680461,311.848143840824
185,10,490.564537799039,7,-30,22.887447412329,58.0759984784371,-60.5873650757333,30.1305913632735,424.281189462887
185,11,520.833486905278,7,-15,22.887447412329,66.3568014832162,-36.4812989877042,17.3386471873376,497.166811605279
185,12,520.833486905278,7,0,22.887447412329,69.8874474123291,0,9.88744741232905,513.097531199935
185,13,490.564537799039,7,15,22.887447412329,66.3568014832162,36.4812989877042,17.3386471873376,468.273283642612
185,14,431.785760885462,7,30,22.887447412329,58.0759984784371,60.5873650757333,30.1305913632735,373.444393358636
185,15,347.913165026604,7,45,22.887447412329,47.8742876304681,76.2140248438461,43.761191680461,251.272933384464
185,16,243.821120629299,7,60,22.887447412329,37.0227149144866,87.8672050831676,57.5666808361137,130.765583997533
185,17,125.559078954733,7,75,22.887447412329,26.0802742921408,82.204800404512,63.7913132277687,55.4521481263516
185,18,6.42521769745258e-14,7,90,22.887447412329,15.3814667117622,72.8420791864543,68.1654239946009,2.38971886073273e-14
185,19,0,7,105,22.887447412329,5.21299955526819,63.3259877943696,72.4093540440002,0
185,20,0,7,120,22.887447412329,-4.10836654617112,53.1204823786285,76.2756309655175,0
185,21,0,7,135,22.887447412329,-12.1918874094464,41.7950735378506,79.5448140409906,0
185,22,0,7,150,22.887447412329,-18.5578351815433,29.0715044231396,82.0296208244821,0
185,23,0,7,165,22.887447412329,-22.679262895248,14.9765892260276,83.5836444044531,0
186,0,0,7,-180,22.7961717109515,-24.2038282890485,-7.09207215199827e-15,84.2038282890485,0
186,1,0,7,-165,22.7961717109515,-22.7685959115785,-14.9968969958704,83.6746551339105,0
186,2,0,7,-150,22.7961717109515,-18.6420434247406,-29.1086620515084,82.1198968558394,0
186,3,0,7,-135,22.7961717109515,-12.2693371103142,-41.8444942949982,79.6340505313388,0
186,4,0,7,-120,22.7961717109515,-4.17887581787969,-53.17859717789,76.3637529454319,0
186,5,0,7,-105,22.7961717109515,5.14866157528167,-63.3909981007291,72.4965340803642,0
186,6,127.25748704765,7,-90,22.7961717109515,15.3219757568342,-72.9138654597325,68.252056888331,47.1519650290274
186,7,247.119231510234,7,-75,22.7961717109515,26.0238833442067,-82.2846902615447,63.8779527254623,108.802815738856
186,8,352.619304479303,7,-60,22.7961717109515,36.9671093724295,-87.7765779833172,57.5686480655872,189.10575767469
186,9,437.626425191055,7,-45,22.7961717109515,47.8161106202611,-76.1092283124589,43.753253949672,316.108371208101
186,10,497.200288778036,7,-30,22.7961717109515,58.0100099906635,-60.4682194623264,30.1087178809569,430.115590939142
186,11,527.878678830753,7,-15,22.7961717109515,66.2762957783796,-36.3742179088394,17.290177720357,504.024772924476
186,12,527.878678830753,7,0,22.7961717109515,69.7961717109515,0,9.79617171095149,520.181821837346
186,13,497.200288778036,7,15,22.7961717109515,66.2762957783796,36.3742179088394,17.290177720357,474.732685177612
186,14,437.626425191055,7,30,22.7961717109515,58.0100099906635,60.4682194623264,30.1087178809569,378.579724770968
186,15,352.619304479303,7,45,22.7961717109515,47.8161106202611,76.1092283124589,43.753253949672,254.705629228909
186,16,247.119231510234,7,60,22.7961717109515,36.9671093724295,87.7765779833172,57.5686480655872,132.527257915548
186,17,127.25748704765,7,75,22.7961717109515,26.0238833442067,82.2846902615447,63.8779527254623,56.0295240075717
186,18,6.51213010416144e-14,7,90,22.7961717109515,15.3219757568342,72.9138654597325,68.252056888331,2.41290110357846e-14
186,19,0,7,105,22.7961717109515,5.14866157528167,63.3909981007291,72.4965340803642,0
186,20,0,7,120,22.7961717109515,-4.17887581787969,53.17859717789,76.3637529454319,0
186,21,0,7,135,22.7961717109515,-12.2693371103142,41.8444942949982,79.6340505313388,0
186,22,0,7,150,22.7961717109515,-18.6420434247406,29.1086620515084,82.1198968558394,0
186,23,0,7,165,22.7961717109515,-22.7685959115785,14.9968969958704,83.6746551339105,0
187,0,0,7,-180,22.6981410119143,-24.3018589880857,-7.10263441527491e-15,84.3018589880857,0
187,1,0,7,-165,22.6981410119143,-22.8645372893109,-15.0187372985907,83.7724013553953,0
187,2,0,7,-150,22.6981410119143,-18.7324754893394,-29.1486106490633,82.2168543907928,0
187,3,0,7,-135,22.6981410119143,-12.3525087282638,-41.8976048857776,79.7298924126106,0
187,4,0,7,-120,22.6981410119143,-4.25459846177285,-53.2410244967314,76.4583991935559,0
187,5,0,7,-105,22.6981410119143,5.07955482586698,-63.4608049477241,72.5901704861772,0
187,6,128.948324619091,7,-90,22.6981410119143,15.2580565714272,-72.9909189055989,68.3451075820064,47.5838865319259
187,7,250.402641319409,7,-75,22.6981410119143,25.963270235311,-82.3704069890667,63.9710119672275,109.883145279109
187,8,357.30446668281,7,-60,22.6981410119143,36.9073120664709,-87.6793913190569,57.5708637319335,191.606695003792
187,9,443.4410551915,7,-45,22.6981410119143,47.7535221557152,-75.996937606334,43.7448966756015,320.353149135252
187,10,503.806461415111,7,-30,22.6981410119143,57.9390144125908,-60.3407451004366,30.0854890429128,435.932852584445
187,11,534.892467363253,7,-15,22.6981410119143,66.1897505732525,-36.2599724974243,17.238495848925,510.864812310307
187,12,534.892467363253,7,0,22.6981410119143,69.6981410119143,0,9.69814101191429,527.248284497096
187,13,503.806461415112,7,15,22.6981410119143,66.1897505732525,36.2599724974243,17.238495848925,481.175206336871
187,14,443.4410551915,7,30,22.6981410119143,57.9390144125908,60.3407451004366,30.0854890429128,383.699970023626
187,15,357.30446668281,7,45,22.6981410119143,47.7535221557152,75.996937606334,43.7448966756015,258.125876622991
187,16,250.402641319409,7,60,22.6981410119143,36.9073120664709,87.6793913190569,57.5708637319335,134.279940491268
187,17,128.948324619091,7,75,22.6981410119143,25.963270235311,82.3704069890667,63.9710119672275,56.5858547376236
187,18,6.59865510560285e-14,7,90,22.6981410119143,15.2580565714272,72.9909189055989,68.3451075820064,2.43500376399488e-14
187,19,0,7,105,22.6981410119143,5.07955482586698,63.4608049477241,72.5901704861772,0
187,20,0,7,120,22.6981410119143,-4.25459846177285,53.2410244967314,76.4583991935559,0
187,21,0,7,135,22.6981410119143,-12.3525087282638,41.8976048857776,79.7298924126106,0
187,22,0,7,150,22.6981410119143,-18.7324754893394,29.1486106490633,82.2168543907928,0
187,23,0,7,165,22.6981410119143,-22.8645372893109,15.0187372985907,83.7724013553953,0
188,0,0,7,-180,22.5933843638293,-24.4066156361707,-7.11393941744965e-15,84.4066156361707,0
188,1,0,7,-165,22.5933843638293,-22.9670579669166,-15.0421101970871,83.8768541249137,0
188,2,0,7,-150,22.5933843638293,-18.8291027813455,-29.1913474407887,82.3204647957684,0
188,3,0,7,-135,22.5933843638293,-12.4413754239842,-41.9543967663378,79.8323115491861,0
188,4,0,7,-120,22.5933843638293,-4.33551091934182,-53.3077485682327,76.5595422093573,0
188,5,0,7,-105,22.5933843638293,5.00569833229269,-63.5353847494211,72.6902364370437,0
188,6,130.631090637392,7,-90,22.5933843638293,15.1897227920319,-73.0732072142323,68.4445498259492,47.9940589089185
188,7,253.670377111633,7,-75,22.5933843638293,25.8984426960739,-82.4619072049469,64.0704650045787,110.921288296323
188,8,361.967263322451,7,-60,22.5933843638293,36.8433246822619,-87.5757049752281,57.5733491329214,194.093894904015
188,9,449.227927886436,7,-45,22.5933843638293,47.6865187020923,-75.8772409972319,43.7361583155546,324.581103404361
188,10,510.38109815874,7,-30,22.5933843638293,57.8630073442083,-60.2050814327188,30.0609687081603,441.731196961803
188,11,541.872774165867,7,-15,22.5933843638293,66.0971751089522,-36.1387503880333,17.1837007903931,517.684898394016
188,12,541.872774165867,7,0,22.5933843638293,69.5933843638293,0,9.59338436382927,534.294838606078
188,13,510.38109815874,7,15,22.5933843638293,66.0971751089522,36.1387503880333,17.1837007903931,487.598933807398
188,14,449.227927886436,7,30,22.5933843638293,57.8630073442083,60.2050814327188,30.0609687081603,388.803564649699
188,15,361.967263322451,7,45,22.5933843638293,47.6865187020923,75.8772409972319,43.7361583155546,261.532568284932
188,16,253.670377111634,7,60,22.5933843638293,36.8433246822619,87.5757049752281,57.5733491329214,136.022995735685
188,17,130.631090637392,7,75,22.5933843638293,25.8984426960739,82.4619072049469,64.0704650045787,57.1204609305909
188,18,6.6847670625515e-14,7,90,22.5933843638293,15.1897227920319,73.0732072142323,68.4445498259492,2.45599345934466e-14
188,19,0,7,105,22.5933843638293,5.00569833229269,63.5353847494211,72.6902364370437,0
188,20,0,7,120,22.5933843638293,-4.33551091934182,53.3077485682327,76.5595422093573,0
188,21,0,7,135,22.5933843638293,-12.4413754239842,41.9543967663378,79.8323115491861,0
188,22,0,7,150,22.5933843638293,-18.8291027813455,29.1913474407887,82.3204647957684,0
188,23,0,7,165,22.5933843638293,-22.9670579669166,15.0421101970871,83.8768541249137,0
189,0,0,7,-180,22.4819328083521,-24.5180671916479,-7.12598752704686e-15,84.5180671916479,0
189,1,0,7,-165,22.4819328083521,-23.0761268858568,-15.0670157900385,83.9879825118192,0
189,2,0,7,-150,22.4819328083521,-18.9318947356696,-29.2368695062945,82.4306974695118,0
189,3,0,7,-135,22.4819328083521,-12.5359085003942,-42.0148608584361,79.9412778681669,0
189,4,0,7,-120,22.4819328083521,-4.42158798777904,-53.3787526114658,76.6671525936014,0
189,5,0,7,-105,22.4819328083521,4.92711247437413,-63.6147123993269,72.7967032504443,0
189,6,132.305286462666,7,-90,22.4819328083521,15.1169890747642,-73.1606960018951,68.5503555459983,48.3818429070308
189,7,256.92147058627,7,-75,22.4819328083521,25.8294091240964,-82.5591447629203,64.1762840808691,111.915949057256
189,8,366.606312710949,7,-60,22.4819328083521,36.7751492357034,-87.4655826053181,57.5761268816639,196.56644114982
189,9,454.985328500594,7,-45,22.4819328083521,47.6150968134362,-75.7502321651879,43.7270797739137,328.790840103629
189,10,516.922250802163,7,-30,22.4819328083521,57.7819845663296,-60.0613758749333,30.0352249926561,447.508816525497
189,11,548.817530823042,7,-15,22.4819328083521,65.9985797016335,-36.0107482288478,17.1258994052823,524.482962678621
189,12,548.817530823042,7,0,22.4819328083521,69.4819328083521,0,9.4819328083521,541.319364702394
189,13,516.922250802163,7,15,22.4819328083521,65.9985797016335,36.0107482288478,17.1258994052823,494.001919305739
189,14,454.985328500594,7,30,22.4819328083521,57.7819845663296,60.0613758749333,30.0352249926561,393.888917681145
189,15,366.606312710949,7,45,22.4819328083521,47.6150968134362,75.7502321651879,43.7270797739137,264.924581064528
189,16,256.92147058627,7,60,22.4819328083521,36.7751492357034,87.4655826053181,57.5761268816639,137.755781548529
189,17,132.305286462666,7,75,22.4819328083521,25.8294091240964,82.5591447629203,64.1762840808691,57.6326753306099
189,18,6.77044045817611e-14,7,90,22.4819328083521,15.1169890747642,73.1606960018951,68.5503555459983,2.47583747722216e-14
189,19,0,7,105,22.4819328083521,4.92711247437413,63.6147123993269,72.7967032504443,0
189,20,0,7,120,22.4819328083521,-4.42158798777904,53.3787526114658,76.6671525936014,0
189,21,0,7,135,22.4819328083521,-12.5359085003942,42.0148608584361,79.9412778681669,0
189,22,0,7,150,22.4819328083521,-18.9318947356696,29.2368695062945,82.4306974695118,0
189,23,0,7,165,22.4819328083521,-23.0761268858568,15.0670157900385,83.9879825118192,0
190,0,0,7,-180,22.3638193709839,-24.6361806290161,-7.13877915540914e-15,84.6361806290161,0
190,1,0,7,-165,22.3638193709839,-23.1917109991838,-15.093454218012,84.1057536078293,0
190,2,0,7,-150,22.3638193709839,-19.0408188234119,-29.2851737892649,82.5475198515686,0
190,3,0,7,-135,22.3638193709839,-12.6360774080715,-42.0789875618287,80.0567593669899,0
190,4,0,7,-120,22.3638193709839,-4.51280282218151,-53.4540188492096,76.7811990548236,0
190,5,0,7,-105,22.3638193709839,4.84381898978488,-63.6987612964327,72.9095403909045,0
190,6,133.970415994557,7,-90,22.3638193709839,15.0398711070834,-73.2533488486333,68.6624948474159,48.7466131345805
190,7,260.154958374158,7,-75,22.3638193709839,25.7561786076268,-82.6620708075124,64.2884396343002,112.865856822956
190,8,371.220240197851,7,-60,22.3638193709839,36.7027881133327,-87.3490915460684,57.5792208705629,199.023408886881
190,9,460.711550991917,7,-45,22.3638193709839,47.5392531962516,-75.6160100440663,43.7177043502877,332.980945531981
190,10,523.427981060682,7,-30,22.3638193709839,57.6959421308427,-59.909783468602,30.008330218418,453.263873330572
190,11,555.724679453499,7,-15,22.3638193709839,65.8939758161536,-35.8761709409785,17.0652063276244,531.256899108911
190,12,555.724679453499,7,0,22.3638193709839,69.363819370984,0,9.36381937098392,548.319703963885
190,13,523.427981060682,7,15,22.3638193709839,65.8939758161536,35.8761709409785,17.0652063276244,500.382179172958
190,14,460.711550991917,7,30,22.3638193709839,57.6959421308427,59.909783468602,30.008330218418,398.954411393078
190,15,371.220240197851,7,45,22.3638193709839,47.5392531962516,75.6160100440663,43.7177043502877,268.300775866282
190,16,260.154958374158,7,60,22.3638193709839,36.7027881133327,87.3490915460684,57.5792208705629,139.477649782387
190,17,133.970415994557,7,75,22.3638193709839,25.7561786076268,82.6620708075124,64.2884396343002,58.1218435529749
190,18,6.85564990560056e-14,7,90,22.3638193709839,15.0398711070834,73.2533488486333,68.6624948474159,2.49450381454374e-14
190,19,0,7,105,22.3638193709839,4.84381898978488,63.6987612964327,72.9095403909045,0
190,20,0,7,120,22.3638193709839,-4.51280282218151,53.4540188492096,76.7811990548236,0
190,21,0,7,135,22.3638193709839,-12.6360774080715,42.0789875618287,80.0567593669899,0
190,22,0,7,150,22.3638193709839,-19.0408188234119,29.2851737892649,82.5475198515686,0
190,23,0,7,165,22.3638193709839,-23.1917109991838,15.093454218012,84.1057536078293,0
191,0,0,7,-180,22.2390790512854,-24.7609209487146,-7.15231476011153e-15,84.7609209487146,0
191,1,0,7,-165,22.2390790512854,-23.3137752807002,-15.1214256698848,84.2301325366227,0
191,2,0,7,-150,22.2390790512854,-19.1558405596464,-29.3362571073367,82.6708974313201,0
191,3,0,7,-135,22.2390790512854,-12.7418497511025,-42.1467667671998,80.1787221215588,0
191,4,0,7,-120,22.2390790512854,-4.60912693802123,-53.5335285264797,76.9016484162696,0
191,5,0,7,-105,22.2390790512854,4.75584097738191,-63.7875033725401,73.0287154755734,0
191,6,135.625985819248,7,-90,22.2390790512854,14.9583856199507,-73.3511273379221,68.7809360191504,49.0877588230188
191,7,263.369882323081,7,-75,22.2390790512854,25.6787609502553,-82.7706338318956,64.4069003012553,113.769767288503
191,8,375.807678576867,7,-60,22.2390790512854,36.6262441144953,-87.2263027274263,57.5826562330321,201.46386476421
191,9,466.404898557098,7,-45,22.2390790512854,47.4589847758375,-75.474678658819,43.7080776840709,337.14998617571
191,10,529.896361146016,7,-30,22.2390790512854,57.6048764539893,-59.7504665177996,29.9803608576255,458.994498842978
191,11,562.592173320032,7,-15,22.2390790512854,65.7833761407068,-35.7352309604505,17.0017441004402,538.004563760876
191,12,562.592173320032,7,0,22.2390790512854,69.2390790512854,0,9.23907905128543,555.293657860382
191,13,529.896361146016,7,15,22.2390790512854,65.7833761407068,35.7352309604505,17.0017441004402,506.737694082114
191,14,466.404898557098,7,30,22.2390790512854,57.6048764539893,59.7504665177996,29.9803608576255,403.998401136661
191,15,375.807678576868,7,45,22.2390790512854,47.4589847758375,75.474678658819,43.7080776840709,271.65999763059
191,16,263.369882323081,7,60,22.2390790512854,36.6262441144953,87.2263027274263,57.5826562330321,141.187946335297
191,17,135.625985819248,7,75,22.2390790512854,25.6787609502553,82.7706338318956,64.4069003012553,58.5873248255519
191,18,6.94037015542662e-14,7,90,22.2390790512854,14.9583856199507,73.3511273379221,68.7809360191504,2.5119612165334e-14
191,19,0,7,105,22.2390790512854,4.75584097738191,63.7875033725401,73.0287154755734,0
191,20,0,7,120,22.2390790512854,-4.60912693802123,53.5335285264797,76.9016484162696,0
191,21,0,7,135,22.2390790512854,-12.7418497511025,42.1467667671998,80.1787221215588,0
191,22,0,7,150,22.2390790512854,-19.1558405596464,29.3362571073367,82.6708974313201,0
191,23,0,7,165,22.2390790512854,-23.3137752807002,15.1214256698848,84.2301325366227,0
192,0,0,7,-180,22.1077488125054,-24.8922511874946,-7.16659484854432e-15,84.8922511874947,0
192,1,0,7,-165,22.1077488125054,-23.4422827346726,-15.150930389564,84.3610824640128,0
192,2,0,7,-150,22.1077488125054,-19.276923511706,-29.3901161623738,82.8007937575751,0
192,3,0,7,-135,22.1077488125054,-12.8531912933648,-42.218187869577,80.3071302948944,0
192,4,0,7,-120,22.1077488125054,-4.71053021390411,-53.6172619298132,77.0284656233076,0
192,5,0,7,-105,22.1077488125054,4.6632029005091,-63.8809091207972,73.1541942802234,0
192,6,137.27150535567,7,-90,22.1077488125054,14.8725504003739,-73.4539910981632,68.9056455384734,49.4046845860318
192,7,266.565289781689,7,-75,22.1077488125054,25.5971666965446,-82.8847797385532,64.531632919976,114.626464022178
192,8,380.367268491001,7,-60,22.1077488125054,36.5455204951508,-87.0972905780079,57.5864593030232,203.886867108174
192,9,472.063684134382,7,-45,22.1077488125054,47.37428876501,-75.3263469548098,43.6982476953885,341.296508759543
192,10,536.325474337548,7,-30,22.1077488125054,57.5087844121997,-59.5835942113566,29.9513974713865,464.698793853829
192,11,569.417977435994,7,-15,22.1077488125054,65.666794661869,-35.5881474675867,16.9356433153529,544.723774654722
192,12,569.417977435994,7,0,22.1077488125054,69.1077488125054,0,9.10774881250536,562.238987933997
192,13,536.325474337548,7,15,22.1077488125054,65.666794661869,35.5881474675867,16.9356433153529,513.066408862149
192,14,472.063684134382,7,30,22.1077488125054,57.5087844121997,59.5835942113566,29.9513974713865,409.019215263638
192,15,380.367268491001,7,45,22.1077488125054,47.37428876501,75.3263469548098,43.6982476953885,275.001075374879
192,16,266.565289781689,7,60,22.1077488125054,36.5455204951508,87.0972905780079,57.5864593030232,142.8860112727
192,17,137.271505355671,7,75,22.1077488125054,25.5971666965446,82.8847797385532,64.531632919976,59.0284927298996
192,18,7.02457610321585e-14,7,90,22.1077488125054,14.8725504003739,73.4539910981632,68.9056455384734,2.52817921556814e-14
192,19,0,7,105,22.1077488125054,4.6632029005091,63.8809091207972,73.1541942802234,0
192,20,0,7,120,22.1077488125054,-4.71053021390411,53.6172619298132,77.0284656233076,0
192,21,0,7,135,22.1077488125054,-12.8531912933648,42.218187869577,80.3071302948944,0
192,22,0,7,150,22.1077488125054,-19.276923511706,29.3901161623738,82.8007937575751,0
192,23,0,7,165,22.1077488125054,-23.4422827346726,15.150930389564,84.3610824640128,0
193,0,0,7,-180,21.9698675706279,-25.0301324293721,-7.18161998165758e-15,85.0301324293721,0
193,1,0,7,-165,21.9698675706279,-23.5771944060992,-15.1819686829882,84.4985646086967,0
193,2,0,7,-150,21.9698675706279,-19.4040293079725,-29.4467475511014,82.9371704487149,0
193,3,0,7,-135,21.9698675706279,-12.9700659652528,-42.2932397821818,80.4419461463074,0
193,4,0,7,-120,21.9698675706279,-4.81698089463964,-53.7051984072432,77.1616137513217,0
193,5,0,7,-105,21.9698675706279,4.56593059024222,-63.9789476253636,73.285940745684,0
193,6,138.906487000872,7,-90,21.9698675706279,14.7823843042762,-73.5618978459355,69.0365880760075,49.6968111751668
193,7,269.74023388179,7,-75,21.9698675706279,25.5114071585024,-83.0044519026265,64.6626025346073,115.434759902803
193,8,384.897658835355,7,-60,21.9698675706279,36.4606210131575,-86.9621329262698,57.5906575723919,206.29146613947
193,9,477.686230903475,7,-45,21.9698675706279,47.2851627349443,-75.1711286195934,43.6882645224058,345.419040374282
193,10,542.713415550285,7,-30,21.9698675706279,57.4076634399969,-59.4093422318135,29.9215246428544,470.374828500935
193,11,576.200069168314,7,-15,21.9698675706279,65.5442467395037,-35.4351456084909,16.867042755151,551.412311695328
193,12,576.200069168314,7,0,21.9698675706279,68.9698675706279,0,8.96986757062787,569.153415711469
193,13,542.713415550286,7,15,21.9698675706279,65.5442467395037,35.4351456084909,16.867042755151,519.366232441797
193,14,477.686230903475,7,30,21.9698675706279,57.4076634399969,59.4093422318135,29.9215246428544,414.015155145287
193,15,384.897658835355,7,45,21.9698675706279,47.2851627349443,75.1711286195934,43.6882645224058,278.322822296465
193,16,269.74023388179,7,60,21.9698675706279,36.4606210131575,86.9621329262698,57.5906575723919,144.571178979503
193,17,138.906487000872,7,75,21.9698675706279,25.5114071585024,83.0044519026265,64.6626025346073,59.4447359414482
193,18,7.1082427969286e-14,7,90,21.9698675706279,14.7823843042762,73.5618978459355,69.0365880760075,2.54312816984554e-14
193,19,0,7,105,21.9698675706279,4.56593059024222,63.9789476253636,73.285940745684,0
193,20,0,7,120,21.9698675706279,-4.81698089463964,53.7051984072432,77.1616137513217,0
193,21,0,7,135,21.9698675706279,-12.9700659652528,42.2932397821818,80.4419461463074,0
193,22,0,7,150,21.9698675706279,-19.4040293079725,29.4467475511014,82.9371704487149,0
193,23,0,7,165,21.9698675706279,-23.5771944060992,15.1819686829882,84.4985646086967,0
194,0,0,7,-180,21.8254761828406,-25.1745238171594,-7.19739077786019e-15,85.1745238171594,0
194,1,0,7,-165,21.8254761828406,-23.7184693915309,-15.2145409253934,84.6425382535771,0
194,2,0,7,-150,21.8254761828406,-19.5371176471777,-29.5061477760629,83.0799872033944,0
194,3,0,7,-135,21.8254761828406,-13.0924358708609,-42.3719109506643,80.5831300410967,0
194,4,0,7,-120,21.8254761828406,-4.92844559464432,-53.7973163888981,77.301054014091,0
194,5,0,7,-105,21.8254761828406,4.46405124853733,-64.0815865921243,73.4239169847199,0
194,6,140.530446274506,7,-90,21.8254761828406,14.6879072696306,-73.6748034308965,69.1737265011628,49.963576231198
194,7,272.893773818926,7,-75,21.8254761828406,25.4214944427972,-83.129591237804,64.7997723996272,116.193498553908
194,8,389.397507157498,7,-60,21.8254761828406,36.3715499748728,-86.820910897587,57.5952796461377,208.676704234062
194,9,483.270872782425,7,-45,21.8254761828406,47.1916046878571,-75.0091418975597,43.6781804549843,349.516088683017
194,10,549.058291899386,7,-30,21.8254761828406,57.3015116294805,-59.2278923525155,29.8908309043602,476.020642400553
194,11,582.936438836841,7,-15,21.8254761828406,65.4157491809958,-35.2764557132517,16.7960895379163,558.067916743673
194,12,582.936438836842,7,0,21.8254761828406,68.8254761828407,0,8.82547618284068,576.034622752253
194,13,549.058291899386,7,15,21.8254761828406,65.4157491809958,35.2764557132517,16.7960895379163,525.635037916873
194,14,483.270872782425,7,30,21.8254761828406,57.3015116294805,59.2278923525155,29.8908309043602,418.984495288383
194,15,389.397507157499,7,45,21.8254761828406,47.1916046878571,75.0091418975597,43.6781804549843,281.624035938703
194,16,272.893773818926,7,60,21.8254761828406,36.3715499748728,86.820910897587,57.5952796461377,146.242778342944
194,17,140.530446274506,7,75,21.8254761828406,25.4214944427972,83.129591237804,64.7997723996272,59.8354589680435
194,18,7.19134544431786e-14,7,90,21.8254761828406,14.6879072696306,73.6748034308965,69.1737265011628,2.5567793018333e-14
194,19,0,7,105,21.8254761828406,4.46405124853733,64.0815865921243,73.4239169847199,0
194,20,0,7,120,21.8254761828406,-4.92844559464432,53.7973163888981,77.301054014091,0
194,21,0,7,135,21.8254761828406,-13.0924358708609,42.3719109506643,80.5831300410967,0
194,22,0,7,150,21.8254761828406,-19.5371176471777,29.5061477760629,83.0799872033944,0
194,23,0,7,165,21.8254761828406,-23.7184693915309,15.2145409253934,84.6425382535771,0
195,0,0,7,-180,21.674617435428,-25.325382564572,-7.2139079170659e-15,85.325382564572,0
195,1,0,7,-165,21.674617435428,-23.8660648504415,-15.2486475688257,84.7929607576531,0
195,2,0,7,-150,21.674617435428,-19.6761463082153,-29.5683132568607,83.2292018117953,0
195,3,0,7,-135,21.674617435428,-13.2202612956337,-42.4541893676632,80.7306404607747,0
195,4,0,7,-120,21.674617435428,-5.04488930170231,-53.8935934081566,77.4467457726643,0
195,5,0,7,-105,21.674617435428,4.35759345124389,-64.1887923803699,73.5680832893674,0
195,6,142.142901962391,7,-90,21.674617435428,14.5891403297956,-73.7926618822292,69.3170218879982,50.2044350304028
195,7,276.024975131155,7,-75,21.674617435428,25.3274414786157,-83.2601362646172,64.9431039846867,116.901555773239
195,8,393.865480055257,7,-60,21.674617435428,36.2783122829057,-86.673708807447,57.600355195556,211.041616228914
195,9,488.815954921317,7,-45,21.674617435428,47.0936131312449,-74.8405093978784,43.6680498646659,353.586142207678
195,10,555.358223261052,7,-30,21.674617435428,57.1903278309002,-59.0394320242938,29.8594086582216,481.634244891957
195,11,589.625090309861,7,-15,21.674617435428,65.2813203143009,-35.1123125153701,16.7229392610995,564.688293822468
195,12,589.625090309861,7,0,21.674617435428,68.6746174354281,0,8.67461743542804,582.880250835706
195,13,555.358223261052,7,15,21.674617435428,65.2813203143009,35.1123125153701,16.7229392610995,531.870662743939
195,14,488.815954921317,7,30,21.674617435428,57.1903278309002,59.0394320242938,29.8594086582216,423.925483550466
195,15,393.865480055258,7,45,21.674617435428,47.0936131312449,74.8405093978784,43.6680498646659,284.903498421877
195,16,276.024975131155,7,60,21.674617435428,36.2783122829057,86.673708807447,57.600355195556,147.90013296685
195,17,142.142901962392,7,75,21.674617435428,25.3274414786157,83.2601362646172,64.9431039846867,60.2000828860906
195,18,7.27385942027569e-14,7,90,21.674617435428,14.5891403297956,73.7926618822292,69.3170218879982,2.56910473645835e-14
195,19,0,7,105,21.674617435428,4.35759345124389,64.1887923803699,73.5680832893674,0
195,20,0,7,120,21.674617435428,-5.04488930170231,53.8935934081566,77.4467457726643,0
195,21,0,7,135,21.674617435428,-13.2202612956337,42.4541893676632,80.7306404607747,0
195,22,0,7,150,21.674617435428,-19.6761463082153,29.5683132568607,83.2292018117953,0
195,23,0,7,165,21.674617435428,-23.8660648504415,15.2486475688257,84.7929607576531,0
196,0,0,7,-180,21.5173360310928,-25.4826639689072,-7.23117214487871e-15,85.4826639689072,0
196,1,0,7,-165,21.5173360310928,-24.0199360171482,-15.284289149882,84.9497875684784,0
196,2,0,7,-150,21.5173360310928,-19.8210711604714,-29.6332403416411,83.3847701674323,0
196,3,0,7,-135,21.5173360310928,-13.3535007144998,-42.5400625876376,80.8844340138222,0
196,4,0,7,-120,21.5173360310928,-5.16627538110737,-53.9940061232894,77.5986465447347,0
196,5,0,7,-105,21.5173360310928,4.24658715094271,-64.3005300353556,73.7183981387404,0
196,6,143.743376259108,7,-90,21.5173360310928,14.4861056269891,-73.9154254565244,69.466433521526,50.4188612248672
196,7,279.132909975951,7,-75,21.5173360310928,25.2292620460607,-83.3960231809946,65.0925569798801,117.557840956055
196,8,398.300253571836,7,-60,21.5173360310928,36.1809134848511,-86.5206140509866,57.6059149093471,213.385229773237
196,9,494.319834192641,7,-45,21.5173360310928,46.99118715339,-74.6653578962035,43.6579291309776,357.627670697471
196,10,561.611342829659,7,-30,21.5173360310928,57.0741117538267,-58.8441539532154,29.8273540908782,487.213615397204
196,11,596.264041595588,7,-15,21.5173360310928,65.1409800593254,-34.9429543767614,16.647756143675,571.271109458838
196,12,596.264041595589,7,0,21.5173360310928,68.5173360310928,0,8.51733603109272,589.687902290393
196,13,561.611342829659,7,15,21.5173360310928,65.1409800593254,34.9429543767614,16.647756143675,538.070909063085
196,14,494.319834192641,7,30,21.5173360310928,57.0741117538267,58.8441539532154,29.8273540908782,428.8363414565
196,15,398.300253571836,7,45,21.5173360310928,46.99118715339,74.6653578962035,43.6579291309776,288.159976740072
196,16,279.132909975951,7,60,21.5173360310928,36.1809134848511,86.5206140509866,57.6059149093471,149.542561417797
196,17,143.743376259108,7,75,21.5173360310928,25.2292620460607,83.3960231809946,65.0925569798801,60.5380460735012
196,18,7.35576027413023e-14,7,90,21.5173360310928,14.4861056269891,73.9154254565244,69.466433521526,2.58007753899035e-14
196,19,0,7,105,21.5173360310928,4.24658715094271,64.3005300353556,73.7183981387404,0
196,20,0,7,120,21.5173360310928,-5.16627538110737,53.9940061232894,77.5986465447347,0
196,21,0,7,135,21.5173360310928,-13.3535007144998,42.5400625876376,80.8844340138222,0
196,22,0,7,150,21.5173360310928,-19.8210711604714,29.6332403416411,83.3847701674323,0
196,23,0,7,165,21.5173360310928,-24.0199360171482,15.284289149882,84.9497875684784,0
197,0,0,7,-180,21.3536785757094,-25.6463214242906,-7.24918427690961e-15,85.6463214242906,0
197,1,0,7,-165,21.3536785757094,-24.180036213277,-15.3214662976607,85.1129722351834,0
197,2,0,7,-150,21.3536785757094,-19.9718461746752,-29.7009253187814,83.5466462795116,0
197,3,0,7,-135,21.3536785757094,-13.4921108004981,-42.6295177419095,81.0444654469774,0
197,4,0,7,-120,21.3536785757094,-5.29256558021059,-54.0985303395153,77.7567120145222,0
197,5,0,7,-105,21.3536785757094,4.1310636795685,-64.4167633216518,73.874818207317,0
197,6,145.331394909581,7,-90,21.3536785757094,14.3788264258344,-74.0430446869883,69.6219189044768,50.6063475758954
197,7,282.216657405144,7,-75,21.3536785757094,25.126970804983,-83.5371859349246,65.2480893014663,118.161298510543
197,8,402.700513588131,7,-60,21.3536785757094,36.079359822836,-86.3617169890941,57.6119904427257,215.706565725841
197,9,499.780879678185,7,-45,21.3536785757094,46.8843264998426,-74.4838181306162,43.6478765640479,361.639125580547
197,10,567.815797670925,7,-30,21.3536785757094,56.9528640684356,-58.6422556709245,29.7947670800004,492.75670389813
197,11,602.851325429477,7,-15,21.3536785757094,64.9947499971775,-34.7686225224898,16.5707131642213,577.813993166629
197,12,602.851325429477,7,0,21.3536785757094,68.3536785757094,0,8.35367857570933,596.455140468144
197,13,567.815797670925,7,15,21.3536785757094,64.9947499971775,34.7686225224898,16.5707131642213,544.233544152194
197,14,499.780879678185,7,30,21.3536785757094,56.9528640684356,58.6422556709245,29.7947670800004,433.715264618712
197,15,402.700513588131,7,45,21.3536785757094,46.8843264998426,74.4838181306162,43.6478765640479,291.392223125109
197,16,282.216657405144,7,60,21.3536785757094,36.079359822836,86.3617169890941,57.6119904427257,151.16937750358
197,17,145.331394909581,7,75,21.3536785757094,25.126970804983,83.5371859349246,65.2480893014663,60.8488049385832
197,18,7.43702373689092e-14,7,90,21.3536785757094,14.3788264258344,74.0430446869883,69.6219189044768,2.5896717525724e-14
197,19,0,7,105,21.3536785757094,4.1310636795685,64.4167633216518,73.874818207317,0
197,20,0,7,120,21.3536785757094,-5.29256558021059,54.0985303395153,77.7567120145222,0
197,21,0,7,135,21.3536785757094,-13.4921108004981,42.6295177419095,81.0444654469774,0
197,22,0,7,150,21.3536785757094,-19.9718461746752,29.7009253187814,83.5466462795116,0
197,23,0,7,165,21.3536785757094,-24.180036213277,15.3214662976607,85.1129722351834,0
198,0,0,7,-180,21.1836935645138,-25.8163064354862,-7.26794520321657e-15,85.8163064354862,0
198,1,0,7,-165,21.1836935645138,-24.3463168607748,-15.3601797419021,85.2824664220568,0
198,2,0,7,-150,21.1836935645138,-20.128423434275,-29.7713644287375,83.7147822858392,0
198,3,0,7,-135,21.1836935645138,-13.6360464339148,-42.7225415538593,81.2106876570577,0
198,4,0,7,-120,21.1836935645138,-5.42372003339878,-54.2071410313995,77.9208960431713,0
198,5,0,7,-105,21.1836935645138,4.01105575077588,-64.5374547571974,74.0372983737212,0
198,6,146.906487349612,7,-90,21.1836935645138,14.2673271269143,-74.1754684338599,69.7834337645413,50.7664066795534
198,7,285.275303637819,7,-75,21.1836935645138,25.0205833241427,-83.6835562990721,65.4096570980636,118.71090926358
198,8,407.064956212134,7,-60,21.1836935645138,35.9736582837026,-86.1971108313222,57.6186143645796,218.004638599041
198,9,505.197473152313,7,-45,21.1836935645138,46.7730316505859,-74.2960245923101,43.6379523235357,365.618940500005
198,10,573.969749270977,7,-30,21.1836935645138,56.8265865064251,-58.4339390991227,29.7617510942146,498.261431532307
198,11,609.384989857162,7,-15,21.1836935645138,64.8426534368637,-34.5895602891776,16.4919921924584,584.314538070454
198,12,609.384989857162,7,0,21.1836935645138,68.1836935645138,0,8.1836935645138,603.179490365157
198,13,573.969749270977,7,15,21.1836935645138,64.8426534368637,34.5895602891776,16.4919921924584,550.356301014727
198,14,505.197473152313,7,30,21.1836935645138,56.8265865064251,58.4339390991227,29.7617510942146,438.56042326115
198,15,407.064956212134,7,45,21.1836935645138,46.7730316505859,74.2960245923101,43.6379523235357,294.598975478427
198,16,285.275303637819,7,60,21.1836935645138,35.9736582837026,86.1971108313222,57.6186143645796,152.779890584304
198,17,146.906487349612,7,75,21.1836935645138,25.0205833241427,83.6835562990721,65.4096570980636,61.1318346439545
198,18,7.51762572843993e-14,7,90,21.1836935645138,14.2673271269143,74.1754684338599,69.7834337645413,2.59786243534917e-14
198,19,0,7,105,21.1836935645138,4.01105575077588,64.5374547571974,74.0372983737212,0
198,20,0,7,120,21.1836935645138,-5.42372003339878,54.2071410313995,77.9208960431713,0
198,21,0,7,135,21.1836935645138,-13.6360464339148,42.7225415538593,81.2106876570577,0
198,22,0,7,150,21.1836935645138,-20.128423434275,29.7713644287375,83.7147822858392,0
198,23,0,7,165,21.1836935645138,-24.3463168607748,15.3601797419021,85.2824664220568,0
199,0,0,7,-180,21.0074313677336,-25.9925686322664,-7.28745589285941e-15,85.9925686322664,0
199,1,0,7,-165,21.0074313677336,-24.5187274954622,-15.4004303212984,85.458219922686,0
199,2,0,7,-150,21.0074313677336,-20.2907531473435,-29.8445538760077,83.8891284662792,0
199,3,0,7,-135,21.0074313677336,-13.7852607119397,-42.8191203542125,81.3830517033199,0
199,4,0,7,-120,21.0074313677336,-5.55969726752846,-54.3198123655199,78.0911506796697,0
199,5,0,7,-105,21.0074313677336,3.88659746200795,-64.6625656479653,74.205791730008,0
199,6,148.468186845318,7,-90,21.0074313677336,14.1516332802645,-74.3126439359213,69.9509320621067,50.8985716833282
199,7,288.307942331087,7,-75,21.0074313677336,24.9101161105913,-83.8350639471895,65.5772147573379,119.205691854976
199,8,411.392288165304,7,-60,21.0074313677336,35.8638166496541,-86.0268915158599,57.6258201027341,220.278457049399
199,9,510.568009561478,7,-45,21.0074313677336,46.6573038975911,-74.1021153115389,43.6282183338772,369.565531935083
199,10,580.071374081142,7,-30,21.0074313677336,56.6952819610986,-58.2194101097593,29.7284130850887,503.725691309399
199,11,615.863098812866,7,-15,21.0074313677336,64.6847154790418,-34.4060123907793,16.4117841114392,590.770301673318
199,12,615.863098812866,7,0,21.0074313677336,68.0074313677336,0,8.00743136773357,609.858439392025
199,13,580.071374081142,7,15,21.0074313677336,64.6847154790418,34.4060123907793,16.4117841114392,556.436879102738
199,14,510.568009561478,7,30,21.0074313677336,56.6952819610986,58.2194101097593,29.7284130850887,443.369962850199
199,15,411.392288165304,7,45,21.0074313677336,46.6573038975911,74.1021153115389,43.6282183338772,297.778957871615
199,16,288.307942331087,7,60,21.0074313677336,35.8638166496541,86.0268915158599,57.6258201027341,154.373405916303
199,17,148.468186845318,7,75,21.0074313677336,24.9101161105913,83.8350639471895,65.5772147573379,61.3866298245286
199,18,7.59754236466762e-14,7,90,21.0074313677336,14.1516332802645,74.3126439359213,69.9509320621067,2.6046256971404e-14
199,19,0,7,105,21.0074313677336,3.88659746200795,64.6625656479653,74.205791730008,0
199,20,0,7,120,21.0074313677336,-5.55969726752846,54.3198123655199,78.0911506796697,0
199,21,0,7,135,21.0074313677336,-13.7852607119397,42.8191203542125,81.3830517033199,0
199,22,0,7,150,21.0074313677336,-20.2907531473435,29.8445538760077,83.8891284662792,0
199,23,0,7,165,21.0074313677336,-24.5187274954622,15.4004303212984,85.458219922686,0
200,0,0,7,-180,20.8249442156616,-26.1750557843384,-7.30771739856098e-15,86.1750557843384,0
200,1,0,7,-165,20.8249442156616,-24.6972157811275,-15.4422189919538,85.6401806746498,0
200,2,0,7,-150,20.8249442156616,-20.4587836590161,-29.9204898411685,84.0696332567594,0
200,3,0,7,-135,20.8249442156616,-13.9397049588594,-42.9192400963555,81.5615068203577,0
200,4,0,7,-120,20.8249442156616,-5.70045420784082,-54.4365177233264,78.2674261722933,0
200,5,0,7,-105,20.8249442156616,3.75772429622562,-64.7920561231467,74.3802495914668,0
200,6,150.016030631433,7,-90,20.8249442156616,14.0317715987408,-74.4545168629847,70.1243659985029,51.0023969928442
200,7,291.313674848651,7,-75,20.8249442156616,24.7955866391681,-83.9916365321598,65.7507149132051,119.644704118225
200,8,415.68122716579,7,-60,20.8249442156616,35.7498435491884,-85.8511575868175,57.6336418873751,222.527024415473
200,9,515.890897499837,7,-45,20.8249442156616,46.5371454224698,-73.902231639366,43.6187381958643,373.477299908192
200,10,586.118864058307,7,-30,20.8249442156616,56.5589545861592,-57.9988780825102,29.6948633710257,509.147348948997
200,11,622.283732693094,7,-15,20.8249442156616,64.5209630764741,-34.2182242051437,16.3302889272161,597.178806769209
200,12,622.283732693094,7,0,20.8249442156616,67.8249442156616,0,7.8249442156616,616.489438294191
200,13,586.118864058307,7,15,20.8249442156616,64.5209630764741,34.2182242051437,16.3302889272161,562.472945176425
200,14,515.890897499837,7,30,20.8249442156616,56.5589545861592,57.9988780825102,29.6948633710257,448.142004832028
200,15,415.681227165791,7,45,20.8249442156616,46.5371454224698,73.902231639366,43.6187381958643,300.930881116104
200,16,291.313674848652,7,60,20.8249442156616,35.7498435491884,85.8511575868175,57.6336418873751,155.949225028996
200,17,150.016030631433,7,75,20.8249442156616,24.7955866391681,83.9916365321598,65.7507149132051,61.612705298553
200,18,7.67674996454995e-14,7,90,20.8249442156616,14.0317715987408,74.4545168629847,70.1243659985029,2.60993873560564e-14
200,19,0,7,105,20.8249442156616,3.75772429622562,64.7920561231467,74.3802495914668,0
200,20,0,7,120,20.8249442156616,-5.70045420784082,54.4365177233264,78.2674261722933,0
200,21,0,7,135,20.8249442156616,-13.9397049588594,42.9192400963555,81.5615068203577,0
200,22,0,7,150,20.8249442156616,-20.4587836590161,29.9204898411685,84.0696332567594,0
200,23,0,7,165,20.8249442156616,-24.6972157811275,15.4422189919538,85.6401806746498,0
201,0,0,7,-180,20.6362861831794,-26.3637138168206,-7.32873086146607e-15,86.3637138168206,0
201,1,0,7,-165,20.6362861831794,-24.8817275241581,-15.4855468359719,85.8282947747616,0
201,2,0,7,-150,20.6362861831794,-20.6324614644665,-29.9991684929368,84.2562432638233,0
201,3,0,7,-135,20.6362861831794,-14.0993287367987,-43.0228863716181,81.7460004315413,0
201,4,0,7,-120,20.6362861831794,-5.84594618438292,-54.5572297241174,78.4496709805865,0
201,5,0,7,-105,20.6362861831794,3.62447312325638,-64.9258851707627,74.5606215069505,0
201,6,151.549560048439,7,-90,20.6362861831794,13.9077699711931,-74.6010313692336,70.3036860247756,51.0774589675362
201,7,294.2916105271,7,-75,20.6362861831794,24.6770133820029,-84.1531997655064,65.9301084535661,120.027044445721
201,8,419.930502308405,7,-60,20.6362861831794,35.6317485081423,-85.6700100690909,57.6421146926929,224.749339302579
201,9,521.164559680816,7,-45,20.6362861831794,46.4125593739345,-73.6965180257737,43.6095770945755,377.352628778148
201,10,592.110427200675,7,-30,20.6362861831794,56.4176098927727,-57.7725554611297,29.6612155127187,514.524243840681
201,11,628.644988925462,7,-15,20.6362861831794,64.3514250908671,-34.0264410844927,16.2477158624115,603.53754250169
201,12,628.644988925462,7,0,20.6362861831794,67.6362861831794,0,7.63628618317945,623.069902223946
201,13,592.110427200675,7,15,20.6362861831794,64.3514250908671,34.0264410844927,16.2477158624115,568.462134301198
201,14,521.164559680817,7,30,20.6362861831794,56.4176098927727,57.7725554611297,29.6612155127187,452.874647477629
201,15,419.930502308406,7,45,20.6362861831794,46.4125593739345,73.6965180257737,43.6095770945755,304.053443402319
201,16,294.2916105271,7,60,20.6362861831794,35.6317485081423,85.6700100690909,57.6421146926929,157.506646134702
201,17,151.549560048439,7,75,20.6362861831794,24.6770133820029,84.1531997655064,65.9301084535661,61.8095967706439
201,18,7.75522505716562e-14,7,90,20.6362861831794,13.9077699711931,74.6010313692336,70.3036860247756,2.61377987184375e-14
201,19,0,7,105,20.6362861831794,3.62447312325638,64.9258851707627,74.5606215069505,0
201,20,0,7,120,20.6362861831794,-5.84594618438292,54.5572297241174,78.4496709805865,0
201,21,0,7,135,20.6362861831794,-14.0993287367987,43.0228863716181,81.7460004315413,0
201,22,0,7,150,20.6362861831794,-20.6324614644665,29.9991684929368,84.2562432638233,0
201,23,0,7,165,20.6362861831794,-24.8817275241581,15.4855468359719,85.8282947747616,0
202,0,0,7,-180,20.4415131737336,-26.5584868262664,-7.35049751598902e-15,86.5584868262664,0
202,1,0,7,-165,20.4415131737336,-25.0722066887067,-15.5304150701511,86.0225064948587,0
202,2,0,7,-150,20.4415131737336,-20.8117312224243,-30.0805860002118,84.448903279727,0
202,3,0,7,-135,20.4415131737336,-14.2640798570255,-43.1300444244587,81.936478162997,0
202,4,0,7,-120,20.4415131737336,-5.99612693896025,-54.6819202480585,78.6378317878797,0
202,5,0,7,-105,20.4415131737336,3.4868822007211,-65.0640106736113,74.7468552697448,0
202,6,153.068320678473,7,-90,20.4415131737336,13.7796574753792,-74.7521301473003,70.4888408510014,51.1233566041346
202,7,297.240866939821,7,-75,20.4415131737336,24.5544158379157,-84.3196774982008,66.1153445285956,120.35185313626
202,8,424.138854441217,7,-60,20.4415131737336,35.5095420006739,-85.4835523410762,57.6512741768136,226.944396214409
202,9,526.387433404497,7,-45,20.4415131737336,46.2835499447824,-73.485121794701,43.6008017036894,381.189888119751
202,10,598.044288078778,7,-30,20.4415131737336,56.271254844482,-57.5406573102538,29.6275861798347,519.854190126753
202,11,634.944982532458,7,-15,20.4415131737336,64.1761323458224,-33.8309076926425,16.1642834297027,609.843965569096
202,12,634.944982532459,7,0,20.4415131737336,67.4415131737336,0,7.44151317373354,629.597211964608
202,13,598.044288078778,7,15,20.4415131737336,64.1761323458224,33.8309076926425,16.1642834297027,574.402050982842
202,14,526.387433404497,7,30,20.4415131737336,56.271254844482,57.5406573102538,29.6275861798347,457.565966835802
202,15,424.138854441217,7,45,20.4415131737336,46.2835499447824,73.485121794701,43.6008017036894,307.145331008401
202,16,297.240866939821,7,60,20.4415131737336,35.5095420006739,85.4835523410762,57.6512741768136,159.044964571276
202,17,153.068320678473,7,75,20.4415131737336,24.5544158379157,84.3196774982008,66.1153445285956,61.976861525704
202,18,7.83294438865107e-14,7,90,20.4415131737336,13.7796574753792,74.7521301473003,70.4888408510014,2.61612858536888e-14
202,19,0,7,105,20.4415131737336,3.4868822007211,65.0640106736113,74.7468552697448,0
202,20,0,7,120,20.4415131737336,-5.99612693896025,54.6819202480585,78.6378317878797,0
202,21,0,7,135,20.4415131737336,-14.2640798570255,43.1300444244587,81.936478162997,0
202,22,0,7,150,20.4415131737336,-20.8117312224243,30.0805860002118,84.448903279727,0
202,23,0,7,165,20.4415131737336,-25.0722066887067,15.5304150701511,86.0225064948587,0
203,0,0,7,-180,20.2406829027704,-26.7593170972296,-7.3730186947411e-15,86.7593170972296,0
203,1,0,7,-165,20.2406829027704,-25.2685954123902,-15.5768250547643,86.2227582981333,0
203,2,0,7,-150,20.2406829027704,-20.9965357692377,-30.1647385440493,84.6475562980776,0
203,3,0,7,-135,20.2406829027704,-14.4339043918317,-43.2406991674879,82.1328838581316,0
203,4,0,7,-120,20.2406829027704,-6.15094863264613,-54.8105604591657,78.8318535143529,0
203,5,0,7,-105,20.2406829027704,3.34499117449762,-65.2063894454527,74.9388969289837,0
203,6,154.571862479984,7,-90,20.2406829027704,13.6474643905508,-74.9077544829553,70.6797774561587,51.1397122067878
203,7,300.16057015849,7,-75,20.2406829027704,24.4278145616089,-84.4909918025962,66.3063705596,120.618313722623
203,8,428.305036538665,7,-60,20.2406829027704,35.3832355000075,-85.2918900055079,57.6611566200825,229.111186231233
203,9,531.557971020676,7,-45,20.2406829027704,46.1501224481194,-73.268192916594,43.592480086221,384.987433689565
203,10,603.918688361575,7,-30,20.2406829027704,56.1198979495684,-57.3034008742123,29.5940950086069,525.134977907681
203,11,641.181846690014,7,-15,20.2406829027704,63.9951176756616,-33.6318673714709,16.0802194807897,616.095501576573
203,12,641.181846690014,7,0,20.2406829027704,67.2406829027704,0,7.24068290277039,636.068715307191
203,13,603.918688361575,7,15,20.2406829027704,63.9951176756616,33.6318673714709,16.0802194807897,580.290270440973
203,14,531.557971020676,7,30,20.2406829027704,56.1198979495684,57.3034008742123,29.5940950086069,462.214017794179
203,15,428.305036538665,7,45,20.2406829027704,46.1501224481194,73.268192916594,43.592480086221,310.205219078395
203,16,300.16057015849,7,60,20.2406829027704,35.3832355000075,85.2918900055079,57.6611566200825,160.563473277407
203,17,154.571862479984,7,75,20.2406829027704,24.4278145616089,84.4909918025962,66.3063705596,62.1140791125774
203,18,7.90988492909105e-14,7,90,20.2406829027704,13.6474643905508,74.9077544829553,70.6797774561587,2.61696554840248e-14
203,19,0,7,105,20.2406829027704,3.34499117449762,65.2063894454527,74.9388969289837,0
203,20,0,7,120,20.2406829027704,-6.15094863264613,54.8105604591657,78.8318535143529,0
203,21,0,7,135,20.2406829027704,-14.4339043918317,43.2406991674879,82.1328838581316,0
203,22,0,7,150,20.2406829027704,-20.9965357692377,30.1647385440493,84.6475562980776,0
203,23,0,7,165,20.2406829027704,-25.2685954123902,15.5768250547643,86.2227582981333,0
204,0,0,7,-180,20.0338548806334,-26.9661451193666,-7.39629583352852e-15,86.9661451193665,0
204,1,0,7,-165,20.0338548806334,-25.4708340225182,-15.6247783024018,86.4289908560012,0
204,2,0,7,-150,20.0338548806334,-21.1868161334865,-30.2516223295215,84.8521435300124,0
204,3,0,7,-135,20.0338548806334,-14.6087466870054,-43.3548351962673,82.3351595926994,0
204,4,0,7,-120,20.0338548806334,-6.31036185387274,-54.9431208281786,79.0316793306482,0
204,5,0,7,-105,20.0338548806334,3.19884107868024,-65.3529772673448,75.1366908016248,0
204,6,156.059739921085,7,-90,20.0338548806334,13.5112222096477,-75.0678443102886,70.8764410985706,51.1261720426038
204,7,303.04985501203,7,-75,20.0338548806334,24.2972311925434,-84.6670630553162,66.5031322484642,120.825654276894
204,8,432.42781407108,7,-60,20.0338548806334,35.2528415287719,-85.0951307587093,57.6717988617786,231.248697734203
204,9,536.674640387468,7,-45,20.0338548806334,46.0122833925531,-73.0458837790631,43.5846815917301,388.743608477541
204,10,609.731887337482,7,-30,20.0338548806334,55.9635493504832,-57.0610051393891,29.5608644500361,530.364374569986
204,11,647.353733280676,7,-15,20.0338548806334,63.8084159699328,-33.4295615388107,15.9957612259669,622.289546534736
204,12,647.353733280676,7,0,20.0338548806334,67.0338548806335,0,7.03385488063346,642.481728579366
204,13,609.731887337482,7,15,20.0338548806334,63.8084159699328,33.4295615388107,15.9957612259669,586.124340020605
204,14,536.674640387468,7,30,20.0338548806334,55.9635493504832,57.0610051393891,29.5608644500361,466.816835247997
204,15,432.42781407108,7,45,20.0338548806334,46.0122833925531,73.0458837790631,43.5846815917301,313.231772469591
204,16,303.049855012031,7,60,20.0338548806334,35.2528415287719,85.0951307587093,57.6717988617786,162.061463300212
204,17,156.059739921085,7,75,20.0338548806334,24.2972311925434,84.6670630553162,66.5031322484642,62.2208520162414
204,18,7.98602387934293e-14,7,90,20.0338548806334,13.5112222096477,75.0678443102886,70.8764410985706,2.61627265941935e-14
204,19,0,7,105,20.0338548806334,3.19884107868024,65.3529772673448,75.1366908016248,0
204,20,0,7,120,20.0338548806334,-6.31036185387274,54.9431208281786,79.0316793306482,0
204,21,0,7,135,20.0338548806334,-14.6087466870054,43.3548351962673,82.3351595926994,0
204,22,0,7,150,20.0338548806334,-21.1868161334865,30.2516223295215,84.8521435300124,0
204,23,0,7,165,20.0338548806334,-25.4708340225182,15.6247783024018,86.4289908560012,0
205,0,0,7,-180,19.8210903949293,-27.1789096050707,-7.42033047641171e-15,87.1789096050707,0
205,1,0,7,-165,19.8210903949293,-25.6788610528476,-15.6742764868537,86.6411430655045,0
205,2,0,7,-150,19.8210903949293,-21.3825115511479,-30.3412335974109,85.0626044209155,0
205,3,0,7,-135,19.8210903949293,-14.7885493749068,-43.4724368038155,82.5432456904146,0
205,4,0,7,-120,19.8210903949293,-6.47431562712861,-55.0795711552457,79.2372506720361,0
205,5,0,7,-105,19.8210903949293,3.04847433499512,-65.5037289240312,75.3401794849905,0
205,6,157.531512111581,7,-90,19.8210903949293,13.3709636510343,-75.2323382672602,71.0787753269299,51.0824069813708
205,7,305.907865342985,7,-75,19.8210903949293,24.1626884833951,-84.847810020924,66.705573587702,120.973148691127
205,8,436.505965370502,7,-60,19.8210903949293,35.118373708762,-84.8933842585362,57.6832382353321,233.355917175173
205,9,541.735925325313,7,-45,19.8210903949293,45.8700405560869,-72.8183489562466,43.5774767500633,392.456743843806
205,10,615.482162430185,7,-30,19.8210903949293,55.8022209099948,-56.8136904016324,29.5280196084281,535.540126235922
205,11,653.458813441247,7,-15,19.8210903949293,63.6160642134405,-33.2242291196197,15.911155218962,628.423468504339
205,12,653.458813441247,7,0,19.8210903949293,66.8210903949294,0,6.82109039492933,648.83353832613
205,13,615.482162430185,7,15,19.8210903949293,63.6160642134405,33.2242291196197,15.911155218962,591.901780741234
205,14,541.735925325313,7,30,19.8210903949293,55.8022209099948,56.8136904016324,29.5280196084281,471.37243537608
205,15,436.505965370503,7,45,19.8210903949293,45.8700405560869,72.8183489562466,43.5774767500633,316.2236466685
205,16,305.907865342985,7,60,19.8210903949293,35.118373708762,84.8933842585362,57.6832382353321,163.538224334736
205,17,157.531512111581,7,75,19.8210903949293,24.1626884833951,84.847810020924,66.705573587702,62.2968063173056
205,18,8.06133867779252e-14,7,90,19.8210903949293,13.3709636510343,75.2323382672602,71.0787753269299,2.6140330758838e-14
205,19,0,7,105,19.8210903949293,3.04847433499512,65.5037289240312,75.3401794849905,0
205,20,0,7,120,19.8210903949293,-6.47431562712861,55.0795711552457,79.2372506720361,0
205,21,0,7,135,19.8210903949293,-14.7885493749068,43.4724368038155,82.5432456904146,0
205,22,0,7,150,19.8210903949293,-21.3825115511479,30.3412335974109,85.0626044209155,0
205,23,0,7,165,19.8210903949293,-25.6788610528476,15.6742764868537,86.6411430655045,0
206,0,0,7,-180,19.602452492367,-27.397547507633,-7.4451242808164e-15,87.397547507633,0
206,1,0,7,-165,19.602452492367,-25.8926132608618,-15.7253214520095,86.859152067242,0
206,2,0,7,-150,19.602452492367,-21.5835594813216,-30.433568635692,85.2788766676694,0
206,3,0,7,-135,19.602452492367,-14.9732533881622,-43.5934879947595,82.7570807391088,0
206,4,0,7,-120,19.602452492367,-6.64275742228692,-55.2198805923478,79.4485072531413,0
206,5,0,7,-105,19.602452492367,2.89393475163178,-65.6585982402926,75.5493038698849,0
206,6,158.986742933607,7,-90,19.602452492367,13.2267226697133,-75.4011737514986,71.2867219919231,51.0081131181732
206,7,308.73375426121,7,-75,19.602452492367,24.0242103279889,-85.0331499361974,66.9136368711256,121.060117930891
206,8,440.538281992688,7,-60,19.602452492367,34.9798468099599,-84.6867619913046,57.6955125021315,235.431829891273
206,9,546.740326066252,7,-45,19.602452492367,45.7234030584569,-72.585744977488,43.5709371617036,396.125160739728
206,10,621.16780970907,7,-30,19.602452492367,55.6359262937228,-56.5616778401708,29.4956880700219,540.65995933394
206,11,659.495278104717,7,-15,19.602452492367,63.4181015216841,-33.0161060119492,15.8266573012576,634.494609385901
206,12,659.495278104717,7,0,19.602452492367,66.602452492367,0,6.602452492367,655.12140314113
206,13,621.167809709071,7,15,19.602452492367,63.4181015216841,33.0161060119492,15.8266573012576,597.62008898246
206,14,546.740326066253,7,30,19.602452492367,55.6359262937228,56.5616778401708,29.4956880700219,475.878817023137
206,15,440.538281992689,7,45,19.602452492367,45.7234030584569,72.585744977488,43.5709371617036,319.179488774733
206,16,308.733754261211,7,60,19.602452492367,34.9798468099599,84.6867619913046,57.6955125021315,164.993045294815
206,17,158.986742933608,7,75,19.602452492367,24.0242103279889,85.0331499361974,66.9136368711256,62.341592337541
206,18,8.13580700703962e-14,7,90,19.602452492367,13.2267226697133,75.4011737514986,71.2867219919231,2.6102312461109e-14
206,19,0,7,105,19.602452492367,2.89393475163178,65.6585982402926,75.5493038698849,0
206,20,0,7,120,19.602452492367,-6.64275742228692,55.2198805923478,79.4485072531413,0
206,21,0,7,135,19.602452492367,-14.9732533881622,43.5934879947595,82.7570807391088,0
206,22,0,7,150,19.602452492367,-21.5835594813216,30.433568635692,85.2788766676694,0
206,23,0,7,165,19.602452492367,-25.8926132608618,15.7253214520095,86.859152067242,0
207,0,0,7,-180,19.3780059600757,-27.6219940399243,-7.47067902268703e-15,87.6219940399243,0
207,1,0,7,-165,19.3780059600757,-26.1120256455689,-15.7779152207514,87.0829532638246,0
207,2,0,7,-150,19.3780059600757,-21.7898956225152,-30.5286237907481,85.5008962364389,0
207,3,0,7,-135,19.3780059600757,-15.1627979739895,-43.7179724990636,82.9766016074325,0
207,4,0,7,-120,19.3780059600757,-6.81563316458857,-55.3640176653834,79.6653870832295,0
207,5,0,7,-105,19.3780059600757,2.73526752145196,-65.817538117169,75.7640031542943,0
207,6,160.425001170866,7,-90,19.3780059600757,13.0785344679558,-75.5742869762248,71.5002212584598,50.9030123776117
207,7,311.526684394834,7,-75,19.3780059600757,23.881821788608,-85.2229985948339,67.1272627051488,121.085931259164
207,8,444.523569075198,7,-60,19.3780059600757,34.8372767986535,-84.4753771379973,57.7086597840028,237.475420963303
207,9,551.686359698343,7,-45,19.3780059600757,45.5723814316655,-72.3482300959345,43.5651353848111,399.747171012074
207,10,626.787144394145,7,-30,19.3780059600757,55.4646810487591,-56.3051890994455,29.4639997214993,545.721582288584
207,11,665.46133853633,7,-15,19.3780059600757,63.2145691716252,-32.8054245889062,15.7425324996822,640.500286852827
207,12,665.46133853633,7,0,19.3780059600757,66.3780059600757,0,6.37800596007568,661.34255564718
207,13,626.787144394145,7,15,19.3780059600757,63.2145691716252,32.8054245889062,15.7425324996822,603.276738304756
207,14,551.686359698343,7,30,19.3780059600757,55.4646810487591,56.3051890994455,29.4639997214993,480.33396318717
207,15,444.523569075199,7,45,19.3780059600757,45.5723814316655,72.3482300959345,43.5651353848111,322.097938551832
207,16,311.526684394834,7,60,19.3780059600757,34.8372767986535,84.4753771379973,57.7086597840028,166.425214914646
207,17,160.425001170866,7,75,19.3780059600757,23.881821788608,85.2229985948339,67.1272627051488,62.3548852701394
207,18,8.20940680051111e-14,7,90,19.3780059600757,13.0785344679558,75.5742869762248,71.5002212584598,2.60485294018596e-14
207,19,0,7,105,19.3780059600757,2.73526752145196,65.817538117169,75.7640031542943,0
207,20,0,7,120,19.3780059600757,-6.81563316458857,55.3640176653834,79.6653870832295,0
207,21,0,7,135,19.3780059600757,-15.1627979739895,43.7179724990636,82.9766016074325,0
207,22,0,7,150,19.3780059600757,-21.7898956225152,30.5286237907481,85.5008962364389,0
207,23,0,7,165,19.3780059600757,-26.1120256455689,15.7779152207514,87.0829532638246,0
208,0,0,7,-180,19.1478173064067,-27.8521826935933,-7.49699660167265e-15,87.8521826935933,0
208,1,0,7,-165,19.1478173064067,-26.3370314658182,-15.8320600038163,87.3124803388493,0
208,2,0,7,-150,19.1478173064067,-22.0014539294965,-30.626395478275,85.7285973809835,0
208,3,0,7,-135,19.1478173064067,-15.3571207091687,-43.845873785273,83.2017434621025,0
208,4,0,7,-120,19.1478173064067,-6.99288724530382,-55.5119502958426,79.8878264820597,0
208,5,0,7,-105,19.1478173064067,2.5725192195378,-65.9805005679626,75.9842148576773,0
208,6,161.8458606364,7,-90,19.1478173064067,12.9264355052852,-75.7516130261846,71.7192116185228,50.7668530982937
208,7,314.28582813838,7,-75,19.1478173064067,23.7355491225809,-85.4172704324122,67.3463900207366,121.050007427966
208,8,448.46064569146,7,-60,19.1478173064067,34.6906808844964,-84.2593444400402,57.7227184944546,239.485676116884
208,9,556.572560605075,7,-45,19.1478173064067,45.416987688473,-72.105964057666,43.5601448190559,403.321078788809
208,10,632.338501355265,7,-30,19.1478173064067,55.2885026781009,-56.0444458802017,29.4330865582083,550.72268732806
208,11,671.35522686362,7,-15,19.1478173064067,63.0055106277408,-32.5924132374872,15.6590548706665,646.437796426093
208,12,671.35522686362,7,0,19.1478173064067,66.1478173064067,0,6.14781730640675,667.494204624013
208,13,632.338501355265,7,15,19.1478173064067,63.0055106277408,32.5924132374872,15.6590548706665,608.869181403593
208,14,556.572560605075,7,30,19.1478173064067,55.2885026781009,56.0444458802017,29.4330865582083,484.73584261047
208,15,448.46064569146,7,45,19.1478173064067,45.416987688473,72.105964057666,43.5601448190559,324.977629543881
208,16,314.28582813838,7,60,19.1478173064067,34.6906808844964,84.2593444400402,57.7227184944546,167.834022380323
208,17,161.8458606364,7,75,19.1478173064067,23.7355491225809,85.4172704324122,67.3463900207366,62.3363857933665
208,18,8.28211624899978e-14,7,90,19.1478173064067,12.9264355052852,75.7516130261846,71.7192116185228,2.59788527987475e-14
208,19,0,7,105,19.1478173064067,2.5725192195378,65.9805005679626,75.9842148576773,0
208,20,0,7,120,19.1478173064067,-6.99288724530382,55.5119502958426,79.8878264820597,0
208,21,0,7,135,19.1478173064067,-15.3571207091687,43.845873785273,83.2017434621025,0
208,22,0,7,150,19.1478173064067,-22.0014539294965,30.626395478275,85.7285973809835,0
208,23,0,7,165,19.1478173064067,-26.3370314658182,15.8320600038163,87.3124803388493,0
209,0,0,7,-180,18.9119547412261,-28.0880452587739,-7.52407904633548e-15,88.0880452587739,0
209,1,0,7,-165,18.9119547412261,-26.5675622591297,-15.8877582086037,87.5476652763872,0
209,2,0,7,-150,18.9119547412261,-22.218166630715,-30.7268801938177,85.9619126614961,0
209,3,0,7,-135,18.9119547412261,-15.5561575156697,-43.9771750732045,83.432439785692,0
209,4,0,7,-120,18.9119547412261,-7.17446253309484,-55.6636458219959,80.1157600963046,0
209,5,0,7,-105,18.9119547412261,2.40573780004286,-66.1474367539332,76.2098748358526,0
209,6,163.248900298886,7,-90,18.9119547412261,12.7704635077556,-75.9330859134684,71.9436299046458,50.5994105962626
209,7,317.01036789801,7,-75,18.9119547412261,23.5854198080497,-85.6158786114367,67.5709560860126,120.951815835112
209,8,452.348345200704,7,-60,18.9119547412261,34.540077566358,-84.0387800649427,57.7377272687822,241.461582665142
209,9,561.397480899667,7,-45,18.9119547412261,45.2572353886241,-71.8591078719585,43.5560395863549,406.845181944846
209,10,637.820235605556,7,-30,18.9119547412261,55.1074107106558,-55.7796695411196,29.4030824819796,555.660952407398
209,11,677.175196600276,7,-15,18.9119547412261,62.7909715633537,-32.3772959348567,15.5765072842268,652.304413688195
209,12,677.175196600276,7,0,18.9119547412261,65.9119547412262,0,5.91195474122619,673.573537280939
209,13,637.820235605556,7,15,18.9119547412261,62.7909715633537,32.3772959348567,15.5765072842268,614.394852194707
209,14,561.397480899667,7,30,18.9119547412261,55.1074107106558,55.7796695411196,29.4030824819796,489.082411472343
209,15,452.348345200704,7,45,18.9119547412261,45.2572353886241,71.8591078719585,43.5560395863549,327.817190256544
209,16,317.01036789801,7,60,18.9119547412261,34.540077566358,84.0387800649427,57.7377272687822,169.218757990481
209,17,163.248900298886,7,75,18.9119547412261,23.5854198080497,85.6158786114367,67.5709560860126,62.2858206662436
209,18,8.35391380712685e-14,7,90,18.9119547412261,12.7704635077556,75.9330859134684,71.9436299046458,2.58931676745563e-14
209,19,0,7,105,18.9119547412261,2.40573780004286,66.1474367539332,76.2098748358526,0
209,20,0,7,120,18.9119547412261,-7.17446253309484,55.6636458219959,80.1157600963046,0
209,21,0,7,135,18.9119547412261,-15.5561575156697,43.9771750732045,83.432439785692,0
209,22,0,7,150,18.9119547412261,-22.218166630715,30.7268801938177,85.9619126614961,0
209,23,0,7,165,18.9119547412261,-26.5675622591297,15.8877582086037,87.5476652763872,0
210,0,0,7,-180,18.6704881557023,-28.3295118442977,-7.55192851937226e-15,88.3295118442977,0
210,1,0,7,-165,18.6704881557023,-26.8035478610339,-15.945012447904,87.7884383809808,0
210,2,0,7,-150,18.6704881557023,-22.4399642462969,-30.8300745228911,86.2007729639629,0
210,3,0,7,-135,18.6704881557023,-15.7598426769524,-44.111859346022,83.6686223949642,0
210,4,0,7,-120,18.6704881557023,-7.36030038610218,-55.8190710195269,80.3491209165412,0
210,5,0,7,-105,18.6704881557023,2.23497259230984,-66.3182970195983,76.4409172964879,0
210,6,164.633704407392,7,-90,18.6704881557023,12.6106574764668,-76.1186386331025,72.1734113040285,50.4004877060009
210,7,319.699496333793,7,-75,18.6704881557023,23.4314625688271,-85.8187351062901,67.8008965195353,120.790877643374
210,8,456.18551559366,7,-60,18.6704881557023,34.3854866768177,-83.8138014720998,57.7537248931317,243.402130491509
210,9,566.159690854106,7,-45,18.6704881557023,45.0931397025946,-71.6078235832807,43.5528944086389,410.317773645746
210,10,643.230722788854,7,-30,18.6704881557023,54.9214267666016,-55.5110807121857,29.3741230884669,560.534043244727
210,11,682.91952316366,7,-15,18.6704881557023,62.5709998772617,-32.1602918623444,15.4951811404845,658.09739663355
210,12,682.91952316366,7,0,18.6704881557023,65.6704881557024,0,5.6704881557024,679.577721671535
210,13,643.230722788854,7,15,18.6704881557023,62.5709998772617,32.1602918623444,15.4951811404845,619.851168027915
210,14,566.159690854106,7,30,18.6704881557023,54.9214267666016,55.5110807121857,29.3741230884669,493.371615181401
210,15,456.18551559366,7,45,18.6704881557023,45.0931397025946,71.6078235832807,43.5528944086389,330.615245400899
210,16,319.699496333793,7,60,18.6704881557023,34.3854866768177,83.8138014720998,57.7537248931317,170.57871384505
210,17,164.633704407392,7,75,18.6704881557023,23.4314625688271,85.8187351062901,67.8008965195353,62.2029433048773
210,18,8.42477819972631e-14,7,90,18.6704881557023,12.6106574764668,76.1186386331025,72.1734113040285,2.57913731340437e-14
210,19,0,7,105,18.6704881557023,2.23497259230984,66.3182970195983,76.4409172964879,0
210,20,0,7,120,18.6704881557023,-7.36030038610218,55.8190710195269,80.3491209165412,0
210,21,0,7,135,18.6704881557023,-15.7598426769524,44.111859346022,83.6686223949642,0
210,22,0,7,150,18.6704881557023,-22.4399642462969,30.8300745228911,86.2007729639629,0
210,23,0,7,165,18.6704881557023,-26.8035478610339,15.945012447904,87.7884383809808,0
211,0,0,7,-180,18.4234891015959,-28.5765108984041,-7.58054732283797e-15,88.5765108984041,0
211,1,0,7,-165,18.4234891015959,-27.0449164249177,-16.0038255485213,88.0347282981433,0
211,2,0,7,-150,18.4234891015959,-22.6667756066177,-30.9359751506305,86.4451075200422,0
211,3,0,7,-135,18.4234891015959,-15.968108854949,-44.2499093616319,83.9102214597477,0
211,4,0,7,-120,18.4234891015959,-7.55034066477617,-55.9781921215371,80.5878402948129,0
211,5,0,7,-105,18.4234891015959,2.06027429622078,-66.4930309275536,76.6772748151971,0
211,6,165.999862614573,7,-90,18.4234891015959,12.4470576952606,-76.3082032182973,72.4084893732962,50.1699152976459
211,7,322.352416598937,7,-75,18.4234891015959,23.2737073982523,-86.0257507879269,68.0361453042525,120.566766859345
211,8,459.97101983393,7,-60,18.4234891015959,34.2269294251638,-83.5845272790399,57.7707502326268,245.306313071157
211,9,570.857779322805,7,-45,18.4234891015959,44.9247174726612,-71.3522740456133,43.5507844827943,413.737143967154
211,10,648.568359661038,7,-30,18.4234891015959,54.7305746179197,-55.2388989209264,29.3463454440017,565.339615467828
211,11,688.586504385839,7,-15,18.4234891015959,62.3456457057197,-31.9416150571611,15.4153760113828,663.813988152185
211,12,688.586504385839,7,0,18.4234891015959,65.4234891015959,0,5.42348910159583,685.503909247146
211,13,648.568359661038,7,15,18.4234891015959,62.3456457057197,31.9416150571611,15.4153760113828,625.235532026451
211,14,570.857779322805,7,30,18.4234891015959,54.7305746179197,55.2388989209264,29.3463454440017,497.601390264922
211,15,459.97101983393,7,45,18.4234891015959,44.9247174726612,71.3522740456133,43.5507844827943,333.370417198319
211,16,322.352416598937,7,60,18.4234891015959,34.2269294251638,83.5845272790399,57.7707502326268,171.913184561089
211,17,165.999862614573,7,75,18.4234891015959,23.2737073982523,86.0257507879269,68.0361453042525,62.0875343380333
211,18,8.49468842814926e-14,7,90,18.4234891015959,12.4470576952606,76.3082032182973,72.4084893732962,2.56733826286147e-14
211,19,0,7,105,18.4234891015959,2.06027429622078,66.4930309275536,76.6772748151971,0
211,20,0,7,120,18.4234891015959,-7.55034066477617,55.9781921215371,80.5878402948129,0
211,21,0,7,135,18.4234891015959,-15.968108854949,44.2499093616319,83.9102214597477,0
211,22,0,7,150,18.4234891015959,-22.6667756066177,30.9359751506305,86.4451075200422,0
211,23,0,7,165,18.4234891015959,-27.0449164249177,16.0038255485213,88.0347282981433,0
212,0,0,7,-180,18.1710307700571,-28.8289692299429,-7.60993790336184e-15,88.8289692299429,0
212,1,0,7,-165,18.1710307700571,-27.2915944423737,-16.0642005597676,88.2864620353572,0
212,2,0,7,-150,18.1710307700571,-22.8985278714553,-31.0445788709207,86.6948439274562,0
212,3,0,7,-135,18.1710307700571,-16.1808871077439,-44.3913076633333,84.1571655223504,0
212,4,0,7,-120,18.1710307700571,-7.74452174547465,-56.1409748378544,80.8318479627643,0
212,5,0,7,-105,18.1710307700571,1.88169497674675,-66.6715872927297,76.9188783522476,0
212,6,167.346970098269,7,-90,18.1710307700571,12.279705737544,-76.5017107952405,72.6487960539114,49.9075527690452
212,7,324.968342575913,7,-75,18.1710307700571,23.1121855819596,-86.2368355081355,68.2766348021407,120.279111369237
212,8,463.703736194909,7,-60,18.1710307700571,34.0644284387646,-83.3510771284142,57.7888421586671,247.173128529325
212,9,575.490354160758,7,-45,18.1710307700571,44.7519872711092,-71.0926226996679,43.5497853529332,417.101581587455
212,10,653.831564565108,7,-30,18.1710307700571,54.5348802439472,-54.9633422325349,29.3198878520187,570.075316867783
212,11,694.174461017972,7,-15,18.1710307700571,62.1149614298521,-31.7214741015687,15.337399200255,669.451418643058
212,12,694.174461017972,7,0,18.1710307700571,65.1710307700571,0,5.17103077005711,691.349237545456
212,13,653.831564565108,7,15,18.1710307700571,62.1149614298521,31.7214741015687,15.337399200255,630.545335548421
212,14,575.490354160758,7,30,18.1710307700571,54.5348802439472,54.9633422325349,29.3198878520187,501.769666352468
212,15,463.703736194909,7,45,18.1710307700571,44.7519872711092,71.0926226996679,43.5497853529332,336.081326744324
212,16,324.968342575913,7,60,18.1710307700571,34.0644284387646,83.3510771284142,57.7888421586671,173.221468014472
212,17,167.346970098269,7,75,18.1710307700571,23.1121855819596,86.2368355081355,68.2766348021407,61.9394021405395
212,18,8.56362377648625e-14,7,90,18.1710307700571,12.279705737544,76.5017107952405,72.6487960539114,2.55391242081208e-14
212,19,0,7,105,18.1710307700571,1.88169497674675,66.6715872927297,76.9188783522476,0
212,20,0,7,120,18.1710307700571,-7.74452174547465,56.1409748378544,80.8318479627643,0
212,21,0,7,135,18.1710307700571,-16.1808871077439,44.3913076633333,84.1571655223504,0
212,22,0,7,150,18.1710307700571,-22.8985278714553,31.0445788709207,86.6948439274562,0
212,23,0,7,165,18.1710307700571,-27.2915944423737,16.0642005597676,88.2864620353572,0
213,0,0,8,-180,17.9131879699382,-29.0868120300618,-7.64010285734506e-15,89.0868120300618,0
213,1,0,8,-165,17.9131879699382,-27.5435067640476,-16.1261407617989,88.5435649835636,0
213,2,0,8,-150,17.9131879699382,-23.1351465497286,-31.1558825949491,86.9499081708936,0
213,3,0,8,-135,17.9131879699382,-16.398106907961,-44.5360365896625,84.4093815175123,0
213,4,0,8,-120,17.9131879699382,-7.94278053484661,-56.3073843735786,81.0810720503492,0
213,5,0,8,-105,17.9131879699382,1.6992880576652,-66.8539142160064,77.1656572698829,0
213,6,168.67462768146,8,-90,17.9131879699382,12.1086444721888,-76.6990916373247,72.8942616882411,49.6132885112768
213,7,327.546499109398,8,-75,17.9131879699382,22.9469297194784,-86.4518981832065,68.5222957695376,119.927593928866
213,8,467.38255859218,8,-60,17.9131879699382,33.8980078026842,-83.1135715560097,57.8080394755105,249.001580734738
213,9,580.056042636061,8,-45,17.9131879699382,44.5749694554078,-70.829033353569,43.5499727801685,420.409375550897
213,10,659.01877789986,8,-30,17.9131879699382,54.3343718818248,-54.684626904833,29.2948896091758,574.738789756148
213,11,699.681737227912,8,-15,17.9131879699382,61.8790016786003,-31.5000718489999,15.2615652120544,675.006908752969
213,12,699.681737227912,8,0,17.9131879699382,64.9131879699382,0,4.91318796993821,697.110833009996
213,13,659.01877789986,8,15,17.9131879699382,61.8790016786003,31.5000718489999,15.2615652120544,635.777960766529
213,14,580.056042636061,8,30,17.9131879699382,54.3343718818248,54.684626904833,29.2948896091758,505.874368250624
213,15,467.38255859218,8,45,17.9131879699382,44.5749694554078,70.829033353569,43.5499727801685,338.746595429232
213,16,327.546499109398,8,60,17.9131879699382,33.8980078026842,83.1135715560097,57.8080394755105,174.502866106168
213,17,168.67462768146,8,75,17.9131879699382,22.9469297194784,86.4518981832065,68.5222957695376,61.7583833430887
213,18,8.63156381770579e-14,8,90,17.9131879699382,12.1086444721888,76.6990916373247,72.8942616882411,2.53885407590798e-14
213,19,0,8,105,17.9131879699382,1.6992880576652,66.8539142160064,77.1656572698829,0
213,20,0,8,120,17.9131879699382,-7.94278053484661,56.3073843735786,81.0810720503492,0
213,21,0,8,135,17.9131879699382,-16.398106907961,44.5360365896625,84.4093815175123,0
213,22,0,8,150,17.9131879699382,-23.1351465497286,31.1558825949491,86.9499081708936,0
213,23,0,8,165,17.9131879699382,-27.5435067640476,16.1261407617989,88.5435649835636,0
214,0,0,8,-180,17.6500371056256,-29.3499628943744,-7.67104493612943e-15,89.3499628943744,0
214,1,0,8,-165,17.6500371056256,-27.800576620981,-16.1896496737698,88.8059609391382,0
214,2,0,8,-150,17.6500371056256,-23.3765555198242,-31.2698833591309,87.2102246434165,0
214,3,0,8,-135,17.6500371056256,-16.619696161872,-44.6840782833675,84.6667947928919,0
214,4,0,8,-120,17.6500371056256,-8.14505248502153,-56.4773854467984,81.3354391051119,0
214,5,0,8,-105,17.6500371056256,1.51310831441485,-67.0399591171045,77.4175393502613,0
214,6,169.982441950549,8,-90,17.6500371056256,11.9339180684584,-76.9002752187034,73.1448150362872,49.287040346265
214,7,330.08612223597,8,-75,17.6500371056256,22.7779737445852,-86.6708468768441,68.7730573731727,119.511953105026
214,8,471.006396911271,8,-60,17.6500371056256,33.7276930974264,-82.8721318600651,57.828380846255,250.790680426132
214,9,584.553491836683,8,-45,17.6500371056256,44.3936862201977,-70.5616699675428,43.5514226100801,423.658817098167
214,10,664.128462582036,8,-30,17.6500371056256,54.1290800717471,-54.4029670589095,29.2714907513723,579.327673421756
214,11,705.106701090861,8,-15,17.6500371056256,61.6378233273292,-31.277605186401,15.1881951274179,680.477672236585
214,12,705.106701090861,8,0,17.6500371056256,64.6500371056256,0,4.65003710562551,702.785813935995
214,13,664.128462582036,8,15,17.6500371056256,61.6378233273292,31.277605186401,15.1881951274179,640.930783361894
214,14,584.553491836683,8,30,17.6500371056256,54.1290800717471,54.4029670589095,29.2714907513723,509.913418105428
214,15,471.006396911272,8,45,17.6500371056256,44.3936862201977,70.5616699675428,43.5514226100801,341.364846413149
214,16,330.08612223597,8,60,17.6500371056256,33.7276930974264,82.8721318600651,57.828380846255,175.756685551719
214,17,169.98244195055,8,75,17.6500371056256,22.7779737445852,86.6708468768441,68.7730573731727,61.5443433170128
214,18,8.69848841970743e-14,8,90,17.6500371056256,11.9339180684584,76.9002752187034,73.1448150362872,2.52215902286168e-14
214,19,0,8,105,17.6500371056256,1.51310831441485,67.0399591171045,77.4175393502613,0
214,20,0,8,120,17.6500371056256,-8.14505248502153,56.4773854467984,81.3354391051119,0
214,21,0,8,135,17.6500371056256,-16.619696161872,44.6840782833675,84.6667947928919,0
214,22,0,8,150,17.6500371056256,-23.3765555198242,31.2698833591309,87.2102246434165,0
214,23,0,8,165,17.6500371056256,-27.800576620981,16.1896496737698,88.8059609391382,0
215,0,0,8,-180,17.3816561543996,-29.6183438456004,-7.70276705112614e-15,89.6183438456004,0
215,1,0,8,-165,17.3816561543996,-28.0627256464447,-16.2547310617776,89.0735721263463,0
215,2,0,8,-150,17.3816561543996,-23.6226770505144,-31.3865783323512,87.4757161683675,0
215,3,0,8,-135,17.3816561543996,-16.8455812292359,-44.8354146994514,84.9293291300854,0
215,4,0,8,-120,17.3816561543996,-8.35127160962221,-56.6509423054153,81.5948741120411,0
215,5,0,8,-105,17.3816561543996,1.32321186606001,-67.229668766681,77.6744508140132,0
215,6,171.270025371946,8,-90,17.3816561543996,11.7555719999157,-77.1051902670725,73.4003832930796,48.9287559351351
215,7,332.586459410486,8,-75,17.3816561543996,22.6053529443346,-86.8935888821617,69.0288472068984,119.031984165486
215,8,474.574177330681,8,-60,17.3816561543996,33.5535114346944,-82.6268799721648,57.8499047183413,252.539446369764
215,9,588.981369071363,8,-45,17.3816561543996,44.208161645952,-70.2906964431368,43.554210638078,426.848201561162
215,10,669.159104501787,8,-30,17.3816561543996,53.9190376969486,-54.1185743661775,29.2498317899476,583.839606682877
215,11,710.447745072945,8,-15,17.3816561543996,61.3914854922384,-31.0542648318711,15.1176158743298,685.860918932683
215,12,710.447745072946,8,0,17.3816561543996,64.3816561543996,0,4.38165615439952,708.371293537559
215,13,669.159104501787,8,15,17.3816561543996,61.3914854922384,31.0542648318711,15.1176158743298,646.001175327321
215,14,588.981369071364,8,30,17.3816561543996,53.9190376969486,54.1185743661775,29.2498317899476,513.884737648742
215,15,474.574177330681,8,45,17.3816561543996,44.208161645952,70.2906964431368,43.554210638078,343.934706152692
215,16,332.586459410486,8,60,17.3816561543996,33.5535114346944,82.6268799721648,57.8499047183413,176.982238692434
215,17,171.270025371946,8,75,17.3816561543996,22.6053529443346,86.8935888821617,69.0288472068984,61.297176632601
215,18,8.76437775128723e-14,8,90,17.3816561543996,11.7555719999157,77.1051902670725,73.4003832930796,2.50382458334302e-14
215,19,0,8,105,17.3816561543996,1.32321186606001,67.229668766681,77.6744508140132,0
215,20,0,8,120,17.3816561543996,-8.35127160962221,56.6509423054153,81.5948741120411,0
215,21,0,8,135,17.3816561543996,-16.8455812292359,44.8354146994514,84.9293291300854,0
215,22,0,8,150,17.3816561543996,-23.6226770505144,31.3865783323512,87.4757161683675,0
215,23,0,8,165,17.3816561543996,-28.0627256464447,16.2547310617776,89.0735721263463,0
216,0,0,8,-180,17.1081246433281,-29.8918753566719,-7.73527227889341e-15,89.8918753566719,0
216,1,0,8,-165,17.1081246433281,-28.3298738982592,-16.3213889465692,89.3463192202723,0
216,2,0,8,-150,17.1081246433281,-23.8734318224723,-31.5059648224701,87.7463040217724,0
216,3,0,8,-135,17.1081246433281,-17.0756869438823,-44.9900276122251,85.1969067661743,0
216,4,0,8,-120,17.1081246433281,-8.56137050061881,-56.8280187430156,81.8593005139942,0
216,5,0,8,-105,17.1081246433281,1.12965616633711,-67.4229893175557,77.9363163394176,0
216,6,172.536996406893,8,-90,17.1081246433281,11.5736530472683,-77.3137648155764,73.6608921067377,48.5384131559514
216,7,335.046769729081,8,-75,17.1081246433281,22.4291039767004,-87.1200308026099,69.2895913091268,118.487539914846
216,8,478.084842640071,8,-60,17.1081246433281,33.3754914910639,-82.3779383299778,57.8726492486999,254.246906545653
216,9,593.338362264516,8,-45,17.1081246433281,44.0184217441879,-70.0162764174745,43.5584124728835,429.975830318441
216,10,674.109212971342,8,-30,17.1081246433281,53.7042800183905,-53.831657752492,29.2300534384308,588.272230530155
216,11,715.703286507565,8,-15,17.1081246433281,61.1400495207366,-30.8302351664945,15.0501593920133,691.15385785133
216,12,715.703286507565,8,0,17.1081246433281,64.1081246433281,0,4.10812464332815,713.864383130749
216,13,674.109212971343,8,15,17.1081246433281,61.1400495207366,30.8302351664945,15.0501593920133,650.986507875066
216,14,593.338362264516,8,30,17.1081246433281,53.7042800183905,53.831657752492,29.2300534384308,517.786250524505
216,15,478.084842640071,8,45,17.1081246433281,44.0184217441879,70.0162764174745,43.5584124728835,346.454805976598
216,16,335.046769729081,8,60,17.1081246433281,33.3754914910639,82.3779383299778,57.8726492486999,178.178844326726
216,17,172.536996406893,8,75,17.1081246433281,22.4291039767004,87.1200308026099,69.2895913091268,61.0168074895335
216,18,8.82921228801423e-14,8,90,17.1081246433281,11.5736530472683,77.3137648155764,73.6608921067377,2.48384962530921e-14
216,19,0,8,105,17.1081246433281,1.12965616633711,67.4229893175557,77.9363163394176,0
216,20,0,8,120,17.1081246433281,-8.56137050061881,56.8280187430156,81.8593005139942,0
216,21,0,8,135,17.1081246433281,-17.0756869438823,44.9900276122251,85.1969067661743,0
216,22,0,8,150,17.1081246433281,-23.8734318224723,31.5059648224701,87.7463040217724,0
216,23,0,8,165,17.1081246433281,-28.3298738982592,16.3213889465692,89.3463192202723,0
217,0,0,8,-180,16.8295236257013,-30.1704763742987,-7.76856386615174e-15,90.1704763742987,0
217,1,0,8,-165,16.8295236257013,-28.6019398815967,-16.3896276109817,89.6241213702153,0
217,2,0,8,-150,16.8295236257013,-24.128738950384,-31.6280402820352,88.021907955232,0
217,3,0,8,-135,16.8295236257013,-17.309936635048,-45.1478986213085,85.4694484157977,0
217,4,0,8,-120,16.8295236257013,-8.77528034604028,-57.0085781137298,82.1286402326917,0
217,5,0,8,-105,16.8295236257013,0.932499993758799,-67.6198663349987,78.2030590821972,0
217,6,173.782979624529,8,-90,16.8295236257013,11.3882093001116,-77.525926253744,73.9262655971992,48.116020449521
217,7,337.466324148709,8,-75,16.8295236257013,22.2492648867604,-87.3500786316834,69.5552141809711,117.878531473501
217,8,481.537352553544,8,-60,16.8295236257013,33.1936635394748,-82.1254297520976,57.8966522286679,255.91209936017
217,9,597.623180345027,8,-45,16.8295236257013,43.824494499119,-69.7385730630171,43.5641033983639,433.040012807623
217,10,678.977321166731,8,-30,16.8295236257013,53.4848447041367,-53.5424231198635,29.2122963303003,592.62319085537
217,11,720.871768064369,8,-15,16.8295236257013,60.8835789779545,-30.6056940991058,14.9861616828337,696.353700366291
217,12,720.871768064369,8,0,16.8295236257013,63.8295236257013,0,3.82952362570123,719.262195426709
217,13,678.977321166731,8,15,16.8295236257013,60.8835789779545,30.6056940991058,14.9861616828337,655.884154443715
217,14,597.623180345027,8,30,16.8295236257013,53.4848447041367,53.5424231198635,29.2122963303003,521.61588469055
217,15,481.537352553544,8,45,16.8295236257013,43.824494499119,69.7385730630171,43.5641033983639,348.923783707231
217,16,337.466324148709,8,60,16.8295236257013,33.1936635394748,82.1254297520976,57.8966522286679,179.345828559899
217,17,173.782979624529,8,75,16.8295236257013,22.2492648867604,87.3500786316834,69.5552141809711,60.7031901180209
217,18,8.89297281801597e-14,8,90,16.8295236257013,11.3882093001116,77.525926253744,73.9262655971992,2.46223458070053e-14
217,19,0,8,105,16.8295236257013,0.932499993758799,67.6198663349987,78.2030590821972,0
217,20,0,8,120,16.8295236257013,-8.77528034604028,57.0085781137298,82.1286402326917,0
217,21,0,8,135,16.8295236257013,-17.309936635048,45.1478986213085,85.4694484157977,0
217,22,0,8,150,16.8295236257013,-24.128738950384,31.6280402820352,88.021907955232,0
217,23,0,8,165,16.8295236257013,-28.6019398815967,16.3896276109817,89.6241213702153,0
218,0,0,8,-180,16.5459356570133,-30.4540643429867,-7.80264523472488e-15,90.4540643429867,0
218,1,0,8,-165,16.5459356570133,-28.8788405722624,-16.4594516070887,89.9068962235461,0
218,2,0,8,-150,16.5459356570133,-24.3885160056656,-31.7528023131474,88.3024462192985,0
218,3,0,8,-135,16.5459356570133,-17.5482521494787,-45.3090091565226,85.7468732937458,0
218,4,0,8,-120,16.5459356570133,-8.99293094855894,-57.1925833460247,82.4028136902778,0
218,5,0,8,-105,16.5459356570133,0.731803440752099,-67.8202448260152,78.4746006959317,0
218,6,175.007605813136,8,-90,16.5459356570133,11.1992901575297,-77.7416013773623,74.196426375617,47.6616171319491
218,7,339.844405703176,8,-75,16.5459356570133,22.0658751213666,-87.5836378312716,69.8256388050939,117.204928996999
218,8,484.930684017901,8,-60,16.5459356570133,33.0080594784556,-81.8694773152371,57.9219510088112,257.534074882462
218,9,601.834553628823,8,-45,16.5459356570133,43.6264099056591,-69.4577488932849,43.5713582339745,436.039068590765
218,10,683.761986562431,8,-30,16.5459356570133,53.2607718534365,-53.2510730861988,29.1967007283083,596.890141260779
218,11,725.951658210726,8,-15,16.5459356570133,60.6221396295794,-30.3808129625945,14.9259617494696,701.457663506603
218,12,725.951658210726,8,0,16.5459356570133,63.5459356570133,0,3.54593565701336,724.561847928586
218,13,683.761986562431,8,15,16.5459356570133,60.6221396295794,30.3808129625945,14.9259617494696,660.691493798464
218,14,601.834553628823,8,30,16.5459356570133,53.2607718534365,53.2510730861988,29.1967007283083,525.371574891326
218,15,484.930684017902,8,45,16.5459356570133,43.6264099056591,69.4577488932849,43.5713582339745,351.340285324758
218,16,339.844405703176,8,60,16.5459356570133,33.0080594784556,81.8694773152371,57.9219510088112,180.482525670652
218,17,175.007605813136,8,75,16.5459356570133,22.0658751213666,87.5836378312716,69.8256388050939,60.3563091492483
218,18,8.95564044767133e-14,8,90,16.5459356570133,11.1992901575297,77.7416013773623,74.196426375617,2.43898146143469e-14
218,19,0,8,105,16.5459356570133,0.731803440752099,67.8202448260152,78.4746006959317,0
218,20,0,8,120,16.5459356570133,-8.99293094855894,57.1925833460247,82.4028136902778,0
218,21,0,8,135,16.5459356570133,-17.5482521494787,45.3090091565226,85.7468732937458,0
218,22,0,8,150,16.5459356570133,-24.3885160056656,31.7528023131474,88.3024462192985,0
218,23,0,8,165,16.5459356570133,-28.8788405722624,16.4594516070887,89.9068962235461,0
219,0,0,8,-180,16.2574447704996,-30.7425552295004,-7.83751998639455e-15,90.7425552295004,0
219,1,0,8,-165,16.2574447704996,-29.1604914404487,-16.5308657630221,90.1945599500172,0
219,2,0,8,-150,16.2574447704996,-24.6526790397841,-31.8802486714223,88.5878355873301,0
219,3,0,8,-135,16.2574447704996,-17.7905538743046,-45.4733404816141,86.0290991380688,0
219,4,0,8,-120,16.2574447704996,-9.21425074496173,-57.379996955373,82.6817398314454,0
219,5,0,8,-105,16.2574447704996,0.527627901809706,-68.0240692675633,78.7508613530877,0
219,6,176.210512089545,8,-90,16.2574447704996,11.0069463275218,-77.9607164371988,74.4712955644236,47.1752736726804
219,7,342.180309715597,8,-75,16.2574447704996,21.8789755422443,-87.8206134085047,70.1007866652594,116.466762333139
219,8,488.263831515796,8,-60,16.2574447704996,32.818712859002,-81.6102042340131,57.9485824237791,259.111896102084
219,9,605.971234195113,8,-45,16.2574447704996,43.4242000037008,-69.1739655749555,43.5802511940753,438.971329468516
219,10,688.461791358826,8,-30,16.2574447704996,53.0321040155543,-52.9578067433989,29.1834062260212,601.070745943472
219,11,730.941451665554,8,-15,16.2574447704996,60.3557994212072,-30.1557564402465,14.8699004164094,706.462973340858
219,12,730.941451665554,8,0,16.2574447704996,63.2574447704996,0,3.25744477049963,729.760466425637
219,13,688.461791358826,8,15,16.2574447704996,60.3557994212072,30.1557564402465,14.8699004164094,665.405913218712
219,14,605.971234195113,8,30,16.2574447704996,53.0321040155543,52.9578067433989,29.1834062260212,529.051265196656
219,15,488.263831515796,8,45,16.2574447704996,43.4242000037008,69.1739655749555,43.5802511940753,353.70296667064
219,16,342.180309715597,8,60,16.2574447704996,32.818712859002,81.6102042340131,57.9485824237791,181.588278992437
219,17,176.210512089545,8,75,16.2574447704996,21.8789755422443,87.8206134085047,70.1007866652594,59.9761799537534
219,18,9.01719660720917e-14,8,90,16.2574447704996,11.0069463275218,77.9607164371988,74.4712955644236,2.41409387363501e-14
219,19,0,8,105,16.2574447704996,0.527627901809706,68.0240692675633,78.7508613530877,0
219,20,0,8,120,16.2574447704996,-9.21425074496173,57.379996955373,82.6817398314454,0
219,21,0,8,135,16.2574447704996,-17.7905538743046,45.4733404816141,86.0290991380688,0
219,22,0,8,150,16.2574447704996,-24.6526790397841,31.8802486714223,88.5878355873301,0
219,23,0,8,165,16.2574447704996,-29.1604914404487,16.5308657630221,90.1945599500172,0
220,0,0,8,-180,15.964136452236,-31.035863547764,-7.87319190765661e-15,91.035863547764,0
220,1,0,8,-165,15.964136452236,-29.4468064749595,-16.6038751894386,90.4870272665197,0
220,2,0,8,-150,15.964136452236,-24.9211426081896,-32.0103772689928,88.8779913798175,0
220,3,0,8,-135,15.964136452236,-18.0367607607009,-45.6408736967585,86.3160422336984,0
220,4,0,8,-120,15.964136452236,-9.43916682652238,-57.5707810557504,82.9653361461202,0
220,5,0,8,-105,15.964136452236,0.320036060634548,-68.2312836336467,79.0317597666619,0
220,6,177.391342006666,8,-90,15.964136452236,10.8112298252206,-78.1831971864921,74.7507928180601,46.6570919367795
220,7,344.473344007197,8,-75,15.964136452236,21.6886084374705,-88.0609099909705,70.3805777665883,115.664121614157
220,8,491.53580736369,8,-60,15.964136452236,32.6256589090413,-81.3477337435521,57.9765827173337,260.644640205078
220,9,610.031996256168,8,-45,15.964136452236,43.2178989086091,-68.8873837467277,43.5908557464036,441.835141638642
220,10,693.075342902323,8,-30,15.964136452236,52.7988862034081,-52.6628194340381,29.1725514423238,605.162682648851
220,11,735.839669845363,8,-15,15.964136452236,60.0846284544087,-29.9306825205256,14.818319036961,711.366868447369
220,12,735.839669845363,8,0,15.964136452236,62.964136452236,0,2.96413645223597,734.855188577464
220,13,693.075342902323,8,15,15.964136452236,60.0846284544087,29.9306825205256,14.818319036961,670.024811766566
220,14,610.031996256168,8,30,15.964136452236,52.7988862034081,52.6628194340381,29.1725514423238,532.652911601336
220,15,491.53580736369,8,45,15.964136452236,43.2178989086091,68.8873837467277,43.5908557464036,356.010495186882
220,16,344.473344007197,8,60,15.964136452236,32.6256589090413,81.3477337435521,57.9765827173337,182.662441807751
220,17,177.391342006666,8,75,15.964136452236,21.6886084374705,88.0609099909705,70.3805777665883,59.5628489463873
220,18,9.07762305621093e-14,8,90,15.964136452236,10.8112298252206,78.1831971864921,74.7507928180601,2.3875770300286e-14
220,19,0,8,105,15.964136452236,0.320036060634548,68.2312836336467,79.0317597666619,0
220,20,0,8,120,15.964136452236,-9.43916682652238,57.5707810557504,82.9653361461202,0
220,21,0,8,135,15.964136452236,-18.0367607607009,45.6408736967585,86.3160422336984,0
220,22,0,8,150,15.964136452236,-24.9211426081896,32.0103772689928,88.8779913798175,0
220,23,0,8,165,15.964136452236,-29.4468064749595,16.6038751894386,90.4870272665197,0
221,0,0,8,-180,15.6660976158074,-31.3339023841926,-7.90966497436568e-15,91.3339023841927,0
221,1,0,8,-165,15.6660976158074,-29.7376982078992,-16.6784852856002,90.7842114622802,0
221,2,0,8,-150,15.6660976158074,-25.1938197948596,-32.1431861764942,89.1728274891772,0
221,3,0,8,-135,15.6660976158074,-18.2867903483417,-45.8115897397843,86.6076174365742,0
221,4,0,8,-120,15.6660976158074,-9.66760496028567,-57.7648973699124,83.2535186927023,0
221,5,0,8,-105,15.6660976158074,0.109091876260646,-68.4418314212283,79.3172132124346,0
221,6,178.54974565911,8,-90,15.6660976158074,10.612193969875,-78.4089689271303,75.0348363443672,46.1072053902556
221,7,346.72282910243,8,-75,15.6660976158074,21.4948175312868,-88.3044319001735,70.6649306565105,114.797157781492
221,8,494.745642004523,8,-60,15.6660976158074,32.4289345554225,-81.0821889851327,58.0059874676884,262.13139986567
221,9,614.015636520551,8,-45,15.6660976158074,43.0075428378865,-68.5981628453055,43.6032444700015,444.628867894339
221,10,697.601274098032,8,-30,15.6660976158074,52.5611659021056,-52.3663025467515,29.1642737097372,609.163645687095
221,11,740.644861302394,8,-15,15.6660976158074,59.8086989597169,-29.7057424786326,14.7715580894122,716.166603463083
221,12,740.644861302394,8,0,15.6660976158074,62.6660976158074,0,2.66609761580727,739.843167581051
221,13,697.601274098032,8,15,15.6660976158074,59.8086989597169,29.7057424786326,14.7715580894122,674.545603629495
221,14,614.015636520551,8,30,15.6660976158074,52.5611659021056,52.3663025467515,29.1642737097372,536.174484680168
221,15,494.745642004523,8,45,15.6660976158074,43.0075428378865,68.5981628453055,43.6032444700015,358.261551687318
221,16,346.722829102431,8,60,15.6660976158074,32.4289345554225,81.0821889851327,58.0059874676884,183.704378253371
221,17,178.54974565911,8,75,15.6660976158074,21.4948175312868,88.3044319001735,70.6649306565105,59.1163938565433
221,18,9.13690188901567e-14,8,90,15.6660976158074,10.612193969875,78.4089689271303,75.0348363443672,2.35943776045343e-14
221,19,0,8,105,15.6660976158074,0.109091876260646,68.4418314212283,79.3172132124346,0
221,20,0,8,120,15.6660976158074,-9.66760496028567,57.7648973699124,83.2535186927023,0
221,21,0,8,135,15.6660976158074,-18.2867903483417,45.8115897397843,86.6076174365742,0
221,22,0,8,150,15.6660976158074,-25.1938197948596,32.1431861764942,89.1728274891772,0
221,23,0,8,165,15.6660976158074,-29.7376982078992,16.6784852856002,90.7842114622802,0
222,0,0,8,-180,15.363416576553,-31.636583423447,-7.94694335625513e-15,91.636583423447,0
222,1,0,8,-165,15.363416576553,-30.0330777398216,-16.7547017450366,91.0860244244894,0
222,2,0,8,-150,15.363416576553,-25.4706222374602,-32.2786736239751,89.4722564050027,0
222,3,0,8,-135,15.363416576553,-18.5405587906565,-45.985469386067,86.9037381982715,0
222,4,0,8,-120,15.363416576553,-9.89948961127527,-57.9623072384037,83.5462021218576,0
222,5,0,8,-105,15.363416576553,-0.105139431865504,-68.6556556749122,79.6071375518304,0
222,6,179.685379786873,8,-90,15.363416576553,10.4098933805711,-78.6379565544433,75.323342926635,45.5257792672763
222,7,348.928098430314,8,-75,15.363416576553,21.2976479922058,-88.5510832231216,70.9537624464138,113.866083040599
222,8,497.892384295018,8,-60,15.363416576553,32.2285784433797,-80.8136928950695,58.0368315132987,263.571284550611
222,9,617.920974549676,8,-45,15.363416576553,42.7931701339803,-68.3064609388249,43.6174889129077,447.350889857501
222,10,702.038243814861,8,-30,15.363416576553,52.3189930724796,-52.0684433303572,29.1587087574951,613.071349006157
222,11,745.355602154715,8,-15,15.363416576553,59.5280852667385,-29.4810808831263,14.7299556687045,720.859452703727
222,12,745.355602154715,8,0,15.363416576553,62.363416576553,0,2.36341657655293,744.721575912863
222,13,702.038243814862,8,15,15.363416576553,59.5280852667385,29.4810808831263,14.7299556687045,678.965721530085
222,14,617.920974549676,8,30,15.363416576553,52.3189930724796,52.0684433303572,29.1587087574951,539.613972292758
222,15,497.892384295018,8,45,15.363416576553,42.7931701339803,68.3064609388249,43.6174889129077,360.45483215709
222,16,348.928098430314,8,60,15.363416576553,32.2285784433797,80.8136928950695,58.0368315132987,184.713464234444
222,17,179.685379786874,8,75,15.363416576553,21.2976479922058,88.5510832231216,70.9537624464138,58.6369239623731
222,18,9.19501554002587e-14,8,90,15.363416576553,10.4098933805711,78.6379565544433,75.323342926635,2.32968452041514e-14
222,19,0,8,105,15.363416576553,-0.105139431865504,68.6556556749122,79.6071375518304,0
222,20,0,8,120,15.363416576553,-9.89948961127527,57.9623072384037,83.5462021218576,0
222,21,0,8,135,15.363416576553,-18.5405587906565,45.985469386067,86.9037381982715,0
222,22,0,8,150,15.363416576553,-25.4706222374602,32.2786736239751,89.4722564050027,0
222,23,0,8,165,15.363416576553,-30.0330777398216,16.7547017450366,91.0860244244894,0
223,0,0,8,-180,15.0561830253974,-31.9438169746026,-7.9850314213186e-15,91.9438169746026,0
223,1,0,8,-165,15.0561830253974,-30.3328547653357,-16.8325305607547,91.3923766643565,0
223,2,0,8,-150,15.0561830253974,-25.7514601531269,-32.4168380006767,89.7761892397696,0
223,3,0,8,-135,15.0561830253974,-18.7979808808978,-46.1624932470397,87.2043165911228,0
223,4,0,8,-120,15.0561830253974,-10.1347439656346,-58.1629716272606,83.8432997008562,0
223,5,0,8,-105,15.0561830253974,-0.322591399856212,-68.872699010347,79.9014472553786,0
223,6,180.797907877056,8,-90,15.0561830253974,10.2043839706695,-78.8700846005429,75.616227946304,44.9130106981701
223,7,351.088498521953,8,-75,15.0561830253974,21.0971464393761,-88.8007678819183,71.2469888339772,112.871171243468
223,8,500.975101787522,8,-60,15.0561830253974,32.0246309534272,-80.5423680970295,58.0691488792464,264.963421833122
223,9,621.746853107603,8,-45,15.0561830253974,42.5748212832182,-68.0124345680076,43.6336594499346,449.99961024201
223,10,706.384937282927,8,-30,15.0561830253974,52.0724201497474,-51.7694247266495,29.155990390423,616.883529314608
223,11,749.970496508143,8,-15,15.0561830253974,59.2428637715976,-29.2568356258602,14.6938458829476,725.442713847385
223,12,749.970496508143,8,0,15.0561830253974,62.0561830253974,0,2.05618302539737,749.487609137955
223,13,706.384937282927,8,15,15.0561830253974,59.2428637715976,29.2568356258602,14.6938458829476,683.28262019555
223,14,621.746853107603,8,30,15.0561830253974,52.0724201497474,51.7694247266495,29.155990390423,542.969382332184
223,15,500.975101787522,8,45,15.0561830253974,42.5748212832182,68.0124345680076,43.6336594499346,362.589049576292
223,16,351.088498521953,8,60,15.0561830253974,32.0246309534272,80.5423680970295,58.0691488792464,185.689088345322
223,17,180.797907877056,8,75,15.0561830253974,21.0971464393761,88.8007678819183,71.2469888339772,58.1245802877701
223,18,9.25194678891256e-14,8,90,15.0561830253974,10.2043839706695,78.8700846005429,75.616227946304,2.29832739763723e-14
223,19,0,8,105,15.0561830253974,-0.322591399856212,68.872699010347,79.9014472553786,0
223,20,0,8,120,15.0561830253974,-10.1347439656346,58.1629716272606,83.8432997008562,0
223,21,0,8,135,15.0561830253974,-18.7979808808978,46.1624932470397,87.2043165911228,0
223,22,0,8,150,15.0561830253974,-25.7514601531269,32.4168380006767,89.7761892397696,0
223,23,0,8,165,15.0561830253974,-30.3328547653357,16.8325305607547,91.3923766643565,0
224,0,0,8,-180,14.7444880022723,-32.2555119977277,-8.02393374003883e-15,92.2555119977277,0
224,1,0,8,-165,14.7444880022723,-30.636937599162,-16.9119780299631,91.7031773435803,0
224,2,0,8,-150,14.7444880022723,-26.0362423648702,-32.5576778536201,90.0845357549857,0
224,3,0,8,-135,14.7444880022723,-19.058970079028,-46.3426417672705,87.5092633338284,0
224,4,0,8,-120,14.7444880022723,-10.3732899547099,-58.3668511343647,84.1447233384502,0
224,5,0,8,-105,14.7444880022723,-0.543196336418275,-69.0929036363092,80.2000554267716,0
224,6,181.887000263574,8,-90,14.7444880022723,9.99572294093947,-79.1052772761446,75.9134054063147,44.2691287971644
224,7,353.203389204175,8,-75,14.7444880022723,20.8933609471775,-89.053389701272,71.5445241261883,111.812758196507
224,8,503.992881006311,8,-60,14.7444880022723,31.8171342156507,-80.2683367979568,58.1029727043608,266.306958713322
224,9,625.492138503945,8,-45,14.7444880022723,42.3525389308741,-67.7162385952929,43.6518251408691,452.573455141861
224,10,710.640066483145,8,-30,14.7444880022723,51.8215020374342,-51.4694252217065,29.1562501647561,620.597949247377
224,11,754.488176869886,8,-15,14.7444880022723,58.9531129019146,-29.0331379734724,14.6635571672177,729.913711673428
224,12,754.488176869886,8,0,14.7444880022723,61.7444880022723,0,1.74448800227212,754.138489777782
224,13,710.640066483145,8,15,14.7444880022723,58.9531129019146,29.0331379734724,14.6635571672177,687.493779879358
224,14,625.492138503945,8,30,14.7444880022723,51.8215020374342,51.4694252217065,29.1562501647561,546.238745511419
224,15,503.992881006312,8,45,14.7444880022723,42.3525389308741,67.7162385952929,43.6518251408691,364.662935763642
224,16,353.203389204175,8,60,14.7444880022723,31.8171342156507,80.2683367979568,58.1029727043608,186.630652794923
224,17,181.887000263574,8,75,14.7444880022723,20.8933609471775,89.053389701272,71.5445241261883,57.5795357609172
224,18,9.307678765718e-14,8,90,14.7444880022723,9.99572294093947,79.1052772761446,75.9134054063147,2.26537811655098e-14
224,19,0,8,105,14.7444880022723,-0.543196336418275,69.0929036363092,80.2000554267716,0
224,20,0,8,120,14.7444880022723,-10.3732899547099,58.3668511343647,84.1447233384502,0
224,21,0,8,135,14.7444880022723,-19.058970079028,46.3426417672705,87.5092633338284,0
224,22,0,8,150,14.7444880022723,-26.0362423648702,32.5576778536201,90.0845357549857,0
224,23,0,8,165,14.7444880022723,-30.636937599162,16.9119780299631,91.7031773435803,0
225,0,0,8,-180,14.4284238691401,-32.57157613086,-8.06365508944883e-15,92.57157613086,0
225,1,0,8,-165,14.4284238691401,-30.9452332026359,-16.9930507582739,92.0183343012309,0
225,2,0,8,-150,14.4284238691401,-26.324876328607,-32.7011918849437,90.3972043877792,0
225,3,0,8,-135,14.4284238691401,-19.3234385394328,-46.5258952200584,87.8184878175475,0
225,4,0,8,-120,14.4284238691401,-10.6150482800819,-58.5739059944137,84.4503836102861,0
225,5,0,8,-105,14.4284238691401,-0.766885340961963,-69.3162113754245,80.5028738275103,0
225,6,182.952334224849,8,-90,14.4284238691401,9.78396877137358,-79.3434585108142,76.2147879550967,43.594394708884
225,7,355.272143789227,8,-75,14.4284238691401,20.6863410480186,-89.3088524738134,71.8462812630337,110.691241891615
225,8,506.944827718275,8,-60,14.4284238691401,31.6061321213698,-79.9917206877718,58.1383351692227,267.601062941925
225,9,629.15572092981,8,-45,14.4284238691401,42.1263678923772,-67.418026062161,43.6720535894366,455.070876338856
225,10,714.8023705289,8,-30,14.4284238691401,51.5662960967128,-51.168618715475,29.1596170621192,624.212400567234
225,11,758.907304553751,8,-15,14.4284238691401,58.6589130795237,-28.810112638669,14.6394105302609,734.26980184838
225,12,758.907304553751,8,0,14.4284238691401,61.4284238691401,0,1.42842386914008,758.671471228013
225,13,714.8023705289,8,15,14.4284238691401,58.6589130795237,28.810112638669,14.6394105302609,691.596709927086
225,14,629.15572092981,8,30,14.4284238691401,51.5662960967128,51.168618715475,29.1596170621192,549.420118181221
225,15,506.944827718275,8,45,14.4284238691401,42.1263678923772,67.418026062161,43.6720535894366,366.675243235916
225,16,355.272143789227,8,60,14.4284238691401,31.6061321213698,79.9917206877718,58.1383351692227,187.537574334396
225,17,182.952334224849,8,75,14.4284238691401,20.6863410480186,89.3088524738134,71.8462812630337,57.0019953332815
225,18,9.36219495585467e-14,8,90,14.4284238691401,9.78396877137358,79.3434585108142,76.2147879550967,2.23085004067479e-14
225,19,0,8,105,14.4284238691401,-0.766885340961963,69.3162113754245,80.5028738275103,0
225,20,0,8,120,14.4284238691401,-10.6150482800819,58.5739059944137,84.4503836102861,0
225,21,0,8,135,14.4284238691401,-19.3234385394328,46.5258952200584,87.8184878175475,0
225,22,0,8,150,14.4284238691401,-26.324876328607,32.7011918849437,90.3972043877792,0
225,23,0,8,165,14.4284238691401,-30.9452332026359,16.9930507582739,92.0183343012309,0
226,0,0,8,-180,14.1080842826244,-32.8919157173756,-8.10420045700995e-15,92.8919157173756,0
226,1,0,8,-165,14.1080842826244,-31.2576472106539,-17.0757556633462,92.3377540810325,0
226,2,0,8,-150,14.1080842826244,-26.6172681608244,-32.8473789479305,90.7141022779185,0
226,3,0,8,-135,14.1080842826244,-19.5912971394691,-46.7122337014987,88.1318981324643,0
226,4,0,8,-120,14.1080842826244,-10.8599384395529,-58.7840960824762,84.7601897848436,0
226,5,0,8,-105,14.1080842826244,-0.993588322790945,-69.5425636834949,80.8098129021343,0
226,6,183.993594079437,8,-90,14.1080842826244,9.56918121167133,-79.5845519915863,76.5202869111893,42.8891016126837
226,7,357.294149260479,8,-75,14.1080842826244,20.4761377333205,-89.5670600231308,72.1521718418485,109.507082658401
226,8,509.830067197893,8,-60,14.1080842826244,31.3916703321554,-79.7126408429903,58.1752674251937,268.844924343923
226,9,632.736514786657,8,-45,14.1080842826244,41.8963551606929,-67.1179480548244,43.6944108033859,457.490353624427
226,10,718.870616039673,8,-30,14.1080842826244,51.3068621313282,-50.867174409312,29.1662171629765,627.724707394629
226,11,763.226570076835,8,-15,14.1080842826244,58.3603466811255,-28.5878778695519,14.6217177528515,738.508374750138
226,12,763.226570076835,8,0,14.1080842826244,61.1080842826245,0,1.10808428262444,763.083841717506
226,13,718.870616039674,8,15,14.1080842826244,58.3603466811255,28.5878778695519,14.6217177528515,695.58895237838
226,14,632.736514786657,8,30,14.1080842826244,51.3068621313282,50.867174409312,29.1662171629765,552.511585172973
226,15,509.830067197893,8,45,14.1080842826244,41.8963551606929,67.1179480548244,43.6944108033859,368.624747078763
226,16,357.294149260479,8,60,14.1080842826244,31.3916703321554,79.7126408429903,58.1752674251937,188.409285184773
226,17,183.993594079437,8,75,14.1080842826244,20.4761377333205,89.5670600231308,72.1521718418485,56.3921960579996
226,18,9.41547920499889e-14,8,90,14.1080842826244,9.56918121167133,79.5845519915863,76.5202869111893,2.19475817283597e-14
226,19,0,8,105,14.1080842826244,-0.993588322790945,69.5425636834949,80.8098129021343,0
226,20,0,8,120,14.1080842826244,-10.8599384395529,58.7840960824762,84.7601897848436,0
226,21,0,8,135,14.1080842826244,-19.5912971394691,46.7122337014987,88.1318981324643,0
226,22,0,8,150,14.1080842826244,-26.6172681608244,32.8473789479305,90.7141022779185,0
226,23,0,8,165,14.1080842826244,-31.2576472106539,17.0757556633462,92.3377540810325,0
227,0,0,8,-180,13.7835641662585,-33.2164358337415,-8.14557504429052e-15,93.2164358337415,0
227,1,0,8,-165,13.7835641662585,-31.5740839590559,-17.160099977932,92.6613419590406,0
227,2,0,8,-150,13.7835641662585,-26.9133226668769,-32.9962380416633,91.0351352952543,0
227,3,0,8,-135,13.7835641662585,-19.8624555088535,-46.9016371229754,88.4494010948208,0
227,4,0,8,-120,13.7835641662585,-11.1078787540946,-58.9973809160996,85.0740498498943,0
227,5,0,8,-105,13.7835641662585,-1.22323402137812,-69.7719016673997,81.1207818040248,0
227,6,185.01047127957,8,-90,13.7835641662585,9.3514212703806,-79.8284811999067,76.8298122884871,42.153574683972
227,7,359.268806454071,8,-75,13.7835641662585,20.2628034526695,-89.8279162644643,72.4621061423301,108.260803235505
227,8,512.647744486439,8,-60,13.7835641662585,31.1737962861907,-79.4312176343957,58.2137995246174,270.037756138953
227,9,636.233459007988,8,-45,13.7835641662585,41.6625499099168,-66.8161535784277,43.7189610560531,459.830397130006
227,10,722.84359750652,8,-30,13.7835641662585,51.0432623682845,-50.5652567110932,29.1761733209313,631.132729458327
227,11,767.444693547544,8,-15,13.7835641662585,58.0574979970665,-28.366545555274,14.6107795594945,742.626859321639
227,12,767.444693547544,8,0,13.7835641662585,60.7835641662585,0,0.783564166258587,767.372928299245
227,13,722.84359750652,8,15,13.7835641662585,58.0574979970665,28.366545555274,14.6107795594945,699.468085596667
227,14,636.233459007989,8,30,13.7835641662585,51.0432623682845,50.5652567110932,29.1761733209313,555.511262659835
227,15,512.64774448644,8,45,13.7835641662585,41.6625499099168,66.8161535784277,43.7189610560531,370.510246824416
227,16,359.268806454071,8,60,13.7835641662585,31.1737962861907,79.4312176343957,58.2137995246174,189.245233962292
227,17,185.01047127957,8,75,13.7835641662585,20.2628034526695,89.8279162644643,72.4621061423301,55.7504071266096
227,18,9.46751572387766e-14,8,90,13.7835641662585,9.3514212703806,79.8284811999067,76.8298122884871,2.15711915319155e-14
227,19,0,8,105,13.7835641662585,-1.22323402137812,69.7719016673997,81.1207818040248,0
227,20,0,8,120,13.7835641662585,-11.1078787540946,58.9973809160996,85.0740498498943,0
227,21,0,8,135,13.7835641662585,-19.8624555088535,46.9016371229754,88.4494010948208,0
227,22,0,8,150,13.7835641662585,-26.9133226668769,32.9962380416633,91.0351352952543,0
227,23,0,8,165,13.7835641662585,-31.5740839590559,17.160099977932,92.6613419590406,0
228,0,0,8,-180,13.4549596823564,-33.5450403176436,-8.187784270428e-15,93.5450403176436,0
228,1,0,8,-165,13.4549596823564,-31.894446512443,-17.2460912522867,92.9890019717049,0
228,2,0,8,-150,13.4549596823564,-27.2129433699239,-33.1477683042491,91.3602080675777,0
228,3,0,8,-135,13.4549596823564,-20.1368220598977,-47.094085202034,88.7709022744092,0
228,4,0,8,-120,13.4549596823564,-11.3587863957592,-59.2137196559484,85.3918705394727,0
228,5,0,8,-105,13.4549596823564,-1.45575002773088,-70.0041661015444,81.4356884217753,0
228,6,186.002664502587,8,-90,13.4549596823564,9.1307512026911,-80.0751694468585,77.1432728220995,41.3881710117549
228,7,361.19553023646,8,-75,13.4549596823564,20.046392111129,-89.9086747370567,72.6861509079251,107.49382794328
228,8,515.397024645323,8,-60,13.4549596823564,30.9525592019769,-79.1475706388845,58.2539603523355,271.178796254942
228,9,639.64551737376,8,-45,13.4549596823564,41.4250034951331,-66.5127894398587,43.7457667497728,462.089549660293
228,10,726.720137649288,8,-30,13.4549596823564,50.7755614344803,-50.2630251574282,29.1896048393199,634.434365359105
228,11,771.560425044861,8,-15,13.4549596823564,57.750453188432,-28.1462213463391,14.606883787776,746.622726944932
228,12,771.560425044861,8,0,13.4549596823564,60.4549596823564,0,0.45495968235642,771.536100863923
228,13,726.720137649288,8,15,13.4549596823564,57.750453188432,28.1462213463391,14.606883787776,703.231727918083
228,14,639.64551737376,8,30,13.4549596823564,50.7755614344803,50.2630251574282,29.1896048393199,558.417301029384
228,15,515.397024645324,8,45,13.4549596823564,41.4250034951331,66.5127894398587,43.7457667497728,372.330568331725
228,16,361.19553023646,8,60,13.4549596823564,30.9525592019769,79.1475706388845,58.2539603523355,190.044886599012
228,17,186.002664502587,8,75,13.4549596823564,20.046392111129,89.9086747370567,72.6861509079251,55.3554425270528
228,18,9.5182890929474e-14,8,90,13.4549596823564,9.1307512026911,80.0751694468585,77.1432728220995,2.11795125500877e-14
228,19,0,8,105,13.4549596823564,-1.45575002773088,70.0041661015444,81.4356884217753,0
228,20,0,8,120,13.4549596823564,-11.3587863957592,59.2137196559484,85.3918705394727,0
228,21,0,8,135,13.4549596823564,-20.1368220598977,47.094085202034,88.7709022744092,0
228,22,0,8,150,13.4549596823564,-27.2129433699239,33.1477683042491,91.3602080675777,0
228,23,0,8,165,13.4549596823564,-31.894446512443,17.2460912522867,92.9890019717049,0
229,0,0,8,-180,13.1223682035186,-33.8776317964814,-8.23083377535683e-15,93.8776317964814,0
229,1,0,8,-165,13.1223682035186,-32.2186366924219,-17.3337373558997,93.3206369443102,0
229,2,0,8,-150,13.1223682035186,-27.5160325405084,-33.3019690045468,91.6892240088857,0
229,3,0,8,-135,13.1223682035186,-20.4143040185971,-47.2895574515956,89.0963060225162,0
229,4,0,8,-120,13.1223682035186,-11.6125774165565,-59.4330711049468,85.7135573613504,0
229,5,0,8,-105,13.1223682035186,-1.69106280684647,-70.2392974428351,81.7544394061195,0
229,6,186.969879740224,8,-90,13.1223682035186,8.90723449687641,-80.3245399066318,77.4605759948143,40.5932794717118
229,7,363.073749677807,8,-75,13.1223682035186,19.8269590647073,-89.6428087106312,72.7422174345228,107.713559108145
229,8,518.077093003499,8,-60,13.1223682035186,30.7280100793897,-78.8618185555846,58.2957775586635,272.267308631619
229,9,642.97167881744,8,-45,13.1223682035186,41.1837694486027,-66.2080001392398,43.7748882815062,464.266389023642
229,10,730.49908776547,8,-30,13.1223682035186,50.5038263294878,-49.9606343524631,29.2066271516003,637.62755583863
229,11,775.572544988717,8,-15,13.1223682035186,57.4393002426316,-27.9270047879148,14.6103035818078,750.493495326386
229,12,775.572544988717,8,0,13.1223682035186,60.1223682035186,0,0.122368203517019,775.57077616656
229,13,730.49908776547,8,15,13.1223682035186,57.4393002426316,27.9270047879148,14.6103035818078,706.877541310877
229,14,642.97167881744,8,30,13.1223682035186,50.5038263294878,49.9606343524631,29.2066271516003,561.227887760826
229,15,518.0770930035,8,45,13.1223682035186,41.1837694486027,66.2080001392398,43.7748882815062,374.084565663884
229,16,363.073749677808,8,60,13.1223682035186,30.7280100793897,78.8618185555846,58.2957775586635,190.807727256336
229,17,186.969879740225,8,75,13.1223682035186,19.8269590647073,89.6428087106312,72.7422174345228,55.4685961480638
229,18,9.56778426696307e-14,8,90,13.1223682035186,8.90723449687641,80.3245399066318,77.4605759948143,2.07727437816993e-14
229,19,0,8,105,13.1223682035186,-1.69106280684647,70.2392974428351,81.7544394061195,0
229,20,0,8,120,13.1223682035186,-11.6125774165565,59.4330711049468,85.7135573613504,0
229,21,0,8,135,13.1223682035186,-20.4143040185971,47.2895574515956,89.0963060225162,0
229,22,0,8,150,13.1223682035186,-27.5160325405084,33.3019690045468,91.6892240088857,0
229,23,0,8,165,13.1223682035186,-32.2186366924219,17.3337373558997,93.3206369443102,0
230,0,0,8,-180,12.7858882837783,-34.2141117162217,-8.27472942278308e-15,94.2141117162217,0
230,1,0,8,-165,12.7858882837783,-32.5465551062752,-17.4230464785047,93.6561485197858,0
230,2,0,8,-150,12.7858882837783,-27.8224912267828,-33.4588395323389,92.0220853480455,0
230,3,0,8,-135,12.7858882837783,-20.6948074565776,-47.4880331674715,89.4255155003092,0
230,4,0,8,-120,12.7858882837783,-11.8691667782996,-59.6553937059094,86.0390146250052,0
230,5,0,8,-105,12.7858882837783,-1.92909772125667,-70.4772358441614,82.0769401974068,0
230,6,187.911830385732,8,-90,12.7858882837783,8.68093585938417,-80.5765156482114,77.7816280641554,39.7693205541951
230,7,364.902908221157,8,-75,12.7858882837783,19.6045611139795,-89.3745811266089,72.7995322421463,107.907573250704
230,8,520.687155398872,8,-60,12.7858882837783,30.5002016981001,-78.5740791263345,58.3392774939654,273.302584510458
230,9,646.210957725607,8,-45,12.7858882837783,40.9389034723541,-65.9019277701304,43.80638391106,466.359530353721
230,10,734.179328070589,8,-30,12.7858882837783,50.2281263946768,-49.6582339226972,29.2273515070741,640.710287045499
230,11,779.479864501384,8,-15,12.7858882837783,57.1241289276463,-27.708989464583,14.6212956377371,754.236732383618
230,12,779.479864501384,8,0,12.7858882837783,59.7858882837783,0,0.214111716223187,779.474421856482
230,13,734.17932807059,8,15,12.7858882837783,57.1241289276463,27.708989464583,14.6212956377371,710.403235036457
230,14,646.210957725607,8,30,12.7858882837783,50.2281263946768,49.6582339226972,29.2273515070741,563.941250299698
230,15,520.687155398872,8,45,12.7858882837783,40.9389034723541,65.9019277701304,43.80638391106,375.77112295911
230,16,364.902908221157,8,60,12.7858882837783,30.5002016981001,78.5740791263345,58.3392774939654,191.533259229004
230,17,187.911830385732,8,75,12.7858882837783,19.6045611139795,89.3745811266089,72.7995322421463,55.5685064305734
230,18,9.61598657943642e-14,8,90,12.7858882837783,8.68093585938417,80.5765156482114,77.7816280641554,2.03511004037073e-14
230,19,0,8,105,12.7858882837783,-1.92909772125667,70.4772358441614,82.0769401974068,0
230,20,0,8,120,12.7858882837783,-11.8691667782996,59.6553937059094,86.0390146250052,0
230,21,0,8,135,12.7858882837783,-20.6948074565776,47.4880331674715,89.4255155003092,0
230,22,0,8,150,12.7858882837783,-27.8224912267828,33.4588395323389,92.0220853480455,0
230,23,0,8,165,12.7858882837783,-32.5465551062752,17.4230464785047,93.6561485197858,0
231,0,0,8,-180,12.4456196293974,-34.5543803706027,-8.31947730288597e-15,94.5543803706027,0
231,1,0,8,-165,12.4456196293974,-32.8781011760507,-17.5140271303238,93.9954371878762,0
231,2,0,8,-150,12.4456196293974,-28.1322192853867,-33.6183793868813,92.3586931578492,0
231,3,0,8,-135,12.4456196293974,-20.9782373239057,-47.6894914141405,89.7584327076582,0
231,4,0,8,-120,12.4456196293974,-12.1284683834161,-59.8806455376431,86.3681454700774,0
231,5,0,8,-105,12.4456196293974,-2.16977905565917,-70.7179211663739,82.403095053616,0
231,6,188.828237318805,8,-90,12.4456196293974,8.45192119857671,-80.8310196652517,78.106334090022,38.9167461466452
231,7,366.682463847356,8,-75,12.4456196293974,19.3792564958681,-89.1040871458506,72.8580962359274,108.07572319096
231,8,523.226438413624,8,-60,12.4456196293974,30.2691886133817,-78.2844690605931,58.3844851449692,274.283943707581
231,9,649.362394230014,8,-45,12.4456196293974,40.6904634272614,-65.5947119284388,43.8403096322688,468.367628416548
231,10,737.759768030019,8,-30,12.4456196293974,49.9485332788866,-49.3559684871913,29.2518846635122,643.680593790351
231,11,783.281225759765,8,-15,12.4456196293974,56.8050307451023,-27.4922631550143,14.6400985300807,757.850060124601
231,12,783.281225759765,8,0,12.4456196293974,59.4456196293974,0,0.554380370603241,783.244560500746
231,13,737.759768030019,8,15,12.4456196293974,56.8050307451023,27.4922631550143,14.6400985300807,713.806569303045
231,14,649.362394230014,8,30,12.4456196293974,49.9485332788866,49.3559684871913,29.2518846635122,566.555658922963
231,15,523.226438413625,8,45,12.4456196293974,40.6904634272614,65.5947119284388,43.8403096322688,377.389156289549
231,16,366.682463847356,8,60,12.4456196293974,30.2691886133817,78.2844690605931,58.3844851449692,192.221005837167
231,17,188.828237318805,8,75,12.4456196293974,19.3792564958681,89.1040871458506,72.8580962359274,55.6550975821946
231,18,9.66288174698198e-14,8,90,12.4456196293974,8.45192119857671,80.8310196652517,78.106334090022,1.99148136598582e-14
231,19,0,8,105,12.4456196293974,-2.16977905565917,70.7179211663739,82.403095053616,0
231,20,0,8,120,12.4456196293974,-12.1284683834161,59.8806455376431,86.3681454700774,0
231,21,0,8,135,12.4456196293974,-20.9782373239057,47.6894914141405,89.7584327076582,0
231,22,0,8,150,12.4456196293974,-28.1322192853867,33.6183793868813,92.3586931578492,0
231,23,0,8,165,12.4456196293974,-32.8781011760507,17.5140271303238,93.9954371878762,0
232,0,0,8,-180,12.1016630693218,-34.8983369306782,-8.36508373472559e-15,94.8983369306783,0
232,1,0,8,-165,12.1016630693218,-33.2131731680672,-17.606688141498,94.3384023146639,0
232,2,0,8,-150,12.1016630693218,-28.4451154129788,-33.7805881637675,92.6989473844513,0
232,3,0,8,-135,12.1016630693218,-21.2644974827659,-47.8939110087546,90.0949585123832,0
232,4,0,8,-120,12.1016630693218,-12.390395106726,-60.1087843095092,86.7008518953011,0
232,5,0,8,-105,12.1016630693218,-2.41303004263008,-70.9612929887481,82.7328070788969,0
232,6,189.718828988291,8,-90,12.1016630693218,8.22025760712827,-81.0879749041229,78.4345979628981,38.0360392699969
232,7,368.411889235667,8,-75,12.1016630693218,19.1511048735914,-88.8314215717743,72.9179094527593,108.217879429005
232,8,525.694189603397,8,-60,12.1016630693218,30.035027149333,-77.9931039648364,58.4314240729592,275.210735866146
232,9,652.425054492008,8,-45,12.1016630693218,40.4385093187023,-65.2864896300081,43.876719047514,470.289379896925
232,10,741.239346682126,8,-30,12.1016630693218,49.6651209008547,-49.0539776425038,29.2803285882643,646.536562781826
232,11,786.975502338478,8,-15,12.1016630693218,56.4820988823231,-27.276907995124,14.6669311475902,761.331158509277
232,12,786.975502338478,8,0,12.1016630693218,59.1016630693218,0,0.89833693067805,786.878773591058
232,13,741.239346682126,8,15,12.1016630693218,56.4820988823231,27.276907995124,14.6669311475902,717.085358902881
232,14,652.425054492008,8,30,12.1016630693218,49.6651209008547,49.0539776425038,29.2803285882643,569.06942958723
232,15,525.694189603397,8,45,12.1016630693218,40.4385093187023,65.2864896300081,43.876719047514,378.937615503585
232,16,368.411889235667,8,60,12.1016630693218,30.035027149333,77.9931039648364,58.4314240729592,192.870511304068
232,17,189.718828988291,8,75,12.1016630693218,19.1511048735914,88.8314215717743,72.9179094527593,55.7283029151474
232,18,9.70845587354951e-14,8,90,12.1016630693218,8.22025760712827,81.0879749041229,78.4345979628981,1.9464130725799e-14
232,19,0,8,105,12.1016630693218,-2.41303004263008,70.9612929887481,82.7328070788969,0
232,20,0,8,120,12.1016630693218,-12.390395106726,60.1087843095092,86.7008518953011,0
232,21,0,8,135,12.1016630693218,-21.2644974827659,47.8939110087546,90.0949585123832,0
232,22,0,8,150,12.1016630693218,-28.4451154129788,33.7805881637675,92.6989473844513,0
232,23,0,8,165,12.1016630693218,-33.2131731680672,17.606688141498,94.3384023146639,0
233,0,0,8,-180,11.7541205253034,-35.2458794746966,-8.41155526833439e-15,95.2458794746966,0
233,1,0,8,-165,11.7541205253034,-33.5516682228313,-17.7010386606556,94.6849421724353,0
233,2,0,8,-150,11.7541205253034,-28.7610771784296,-33.9454655400418,93.042746877179,0
233,3,0,8,-135,11.7541205253034,-21.5534907420094,-48.10127050334,90.4349926799178,0
233,4,0,8,-120,11.7541205253034,-12.6548588281824,-60.3397673544383,87.0370347879032,0
233,5,0,8,-105,11.7541205253034,-2.65877288941097,-71.2072906179288,83.0659782526278,0
233,6,190.583341492658,8,-90,11.7541205253034,7.98601334308663,-81.3473042901129,78.7663224326197,37.127713768753
233,7,370.090671920022,8,-75,11.7541205253034,18.9201673247931,-88.556678805046,72.9789710377943,108.333930522376
233,8,528.089677720253,8,-60,11.7541205253034,29.7977753895476,-77.7000982764802,58.4801163539791,276.08234168476
233,9,655.398030979258,8,-45,11.7541205253034,40.1831032788968,-64.9773952368093,43.9156632459452,472.123525658343
233,10,744.617032952661,8,-30,11.7541205253034,49.3779654086104,-48.7523959616594,29.3127801694324,649.276335835148
233,11,790.561599543644,8,-15,11.7541205253034,56.1554281635071,-27.0630006483399,14.7019912663899,764.677769283966
233,12,790.561599543644,8,0,11.7541205253034,58.7541205253034,0,1.24587947469663,790.374705524109
233,13,744.617032952661,8,15,11.7541205253034,56.1554281635071,27.0630006483399,14.7019912663899,720.237476823781
233,14,655.398030979258,8,30,11.7541205253034,49.3779654086104,48.7523959616594,29.3127801694324,571.480926752902
233,15,528.089677720253,8,45,11.7541205253034,40.1831032788968,64.9773952368093,43.9156632459452,380.41548604676
233,16,370.090671920022,8,60,11.7541205253034,29.7977753895476,77.7000982764802,58.4801163539791,193.481341616928
233,17,190.583341492658,8,75,11.7541205253034,18.9201673247931,88.556678805046,72.9789710377943,55.7880650405849
233,18,9.75269545454175e-14,8,90,11.7541205253034,7.98601334308663,81.3473042901129,78.7663224326197,1.89993145504794e-14
233,19,0,8,105,11.7541205253034,-2.65877288941097,71.2072906179288,83.0659782526278,0
233,20,0,8,120,11.7541205253034,-12.6548588281824,60.3397673544383,87.0370347879032,0
233,21,0,8,135,11.7541205253034,-21.5534907420094,48.10127050334,90.4349926799178,0
233,22,0,8,150,11.7541205253034,-28.7610771784296,33.9454655400418,93.042746877179,0
233,23,0,8,165,11.7541205253034,-33.5516682228313,17.7010386606556,94.6849421724353,0
234,0,0,8,-180,11.4030949816988,-35.5969050183012,-8.45889868646931e-15,95.5969050183012,0
234,1,0,8,-165,11.4030949816988,-33.8934823853628,-17.7970881525676,95.0349539698813,0
234,2,0,8,-150,11.4030949816988,-29.0800010556786,-34.1130112574961,93.3899894187065,0
234,3,0,8,-135,11.4030949816988,-21.8451188925782,-48.3115481651613,90.7784339033809,0
234,4,0,8,-120,11.4030949816988,-12.9217704665703,-60.5735516203919,87.3765939534584,0
234,5,0,8,-105,11.4030949816988,-2.90692880576132,-71.4558530953567,83.4025094589773,0
234,6,191.421518658193,8,-90,11.4030949816988,7.74925780961099,-81.6089307517756,79.1014091376854,36.1923139545052
234,7,371.718314440883,8,-75,11.4030949816988,18.6865063278696,-88.2799528009663,73.0412792221825,108.423783443189
234,8,530.412192929365,8,-60,11.4030949816988,29.5574931652762,-77.4055652023531,58.5305825211775,276.898174118464
234,9,658.280442734668,8,-45,11.4030949816988,39.9243095460337,-64.6675603916437,43.9571906857685,473.868852970309
234,10,747.891825960285,8,-30,11.4030949816988,49.0871451360429,-48.4513530064218,29.349330938669,651.898113045027
234,11,794.038454737267,8,-15,11.4030949816988,55.8251150001656,-26.8506124816909,14.7454542862434,767.887699778768
234,12,794.038454737267,8,0,11.4030949816988,58.4030949816988,0,1.59690501830135,793.730067545206
234,13,747.891825960285,8,15,11.4030949816988,55.8251150001656,26.8506124816909,14.7454542862434,723.260857825847
234,14,658.280442734668,8,30,11.4030949816988,49.0871451360429,48.4513530064218,29.349330938669,573.788566176899
234,15,530.412192929365,8,45,11.4030949816988,39.9243095460337,64.6675603916437,43.9571906857685,381.821790756457
234,16,371.718314440883,8,60,11.4030949816988,29.5574931652762,77.4055652023531,58.5305825211775,194.05308536861
234,17,191.421518658194,8,75,11.4030949816988,18.6865063278696,88.2799528009663,73.0412792221825,55.8343360525032
234,18,9.79558738081609e-14,8,90,11.4030949816988,7.74925780961099,81.6089307517756,79.1014091376854,1.8520643673731e-14
234,19,0,8,105,11.4030949816988,-2.90692880576132,71.4558530953567,83.4025094589773,0
234,20,0,8,120,11.4030949816988,-12.9217704665703,60.5735516203919,87.3765939534584,0
234,21,0,8,135,11.4030949816988,-21.8451188925782,48.3115481651613,90.7784339033809,0
234,22,0,8,150,11.4030949816988,-29.0800010556786,34.1130112574961,93.3899894187065,0
234,23,0,8,165,11.4030949816988,-33.8934823853628,17.7970881525676,95.0349539698813,0
235,0,0,8,-180,11.0486904549521,-35.9513095450479,-8.50712100599965e-15,95.9513095450479,0
235,1,0,8,-165,11.0486904549521,-34.2385106359227,-17.8948463948353,95.3883338826234,0
235,2,0,8,-150,11.0486904549521,-29.4017824572611,-34.2832251040831,93.7405717555852,0
235,3,0,8,-135,11.0486904549521,-22.1392827438055,-48.5247219552237,91.1251798340455,0
235,4,0,8,-120,11.0486904549521,-13.1910400141589,-60.8100936602732,87.7194281461908,0
235,5,0,8,-105,11.0486904549521,-3.1574180328658,-71.7069192031791,83.7423005169605,0
235,6,192.233112114914,8,-90,11.0486904549521,7.51006153339929,-81.8727772434225,79.4397586350977,35.2304142027805
235,7,373.294334492641,8,-75,11.0486904549521,18.4501857465169,-88.0013370295667,73.1048313020945,108.487363913781
235,8,532.661047019353,8,-60,11.0486904549521,29.3142420411241,-77.10961666173,58.5828415094207,277.657679548858
235,9,661.071435637427,8,-45,11.0486904549521,39.6621944403006,-64.3571139612261,44.0013470809545,475.524197697173
235,10,751.062755313153,8,-30,11.0486904549521,48.7927405568509,-48.150973352125,29.3900668071251,654.400155914611
235,11,797.405037652115,8,-15,11.0486904549521,55.4912573409481,-26.6398097464991,14.7974721530049,770.958826658156
235,12,797.405037652115,8,0,11.0486904549521,58.0486904549521,0,1.95130954504799,796.94264164505
235,13,751.062755313153,8,15,11.0486904549521,55.4912573409481,26.6398097464991,14.7974721530049,726.153501974098
235,14,661.071435637427,8,30,11.0486904549521,48.7927405568509,48.150973352125,29.3900668071251,575.9908176667
235,15,532.661047019353,8,45,11.0486904549521,39.6621944403006,64.3571139612261,44.0013470809545,383.155591625556
235,16,373.294334492641,8,60,11.0486904549521,29.3142420411241,77.10961666173,58.5828415094207,194.585354577648
235,17,192.233112114914,8,75,11.0486904549521,18.4501857465169,88.0013370295667,73.1048313020945,55.8670777005872
235,18,9.83711894256907e-14,8,90,11.0486904549521,7.51006153339929,81.8727772434225,79.4397586350977,1.80284120199622e-14
235,19,0,8,105,11.0486904549521,-3.1574180328658,71.7069192031791,83.7423005169605,0
235,20,0,8,120,11.0486904549521,-13.1910400141589,60.8100936602732,87.7194281461908,0
235,21,0,8,135,11.0486904549521,-22.1392827438055,48.5247219552237,91.1251798340455,0
235,22,0,8,150,11.0486904549521,-29.4017824572611,34.2832251040831,93.7405717555852,0
235,23,0,8,165,11.0486904549521,-34.2385106359227,17.8948463948353,95.3883338826234,0
236,0,0,8,-180,10.6910119627734,-36.3089880372267,-8.55622947890452e-15,96.3089880372267,0
236,1,0,8,-165,10.6910119627734,-34.5866469211422,-17.9943234735556,95.7449770840565,0
236,2,0,8,-150,10.6910119627734,-29.7263157685098,-34.4561068933787,94.0943896291196,0
236,3,0,8,-135,10.6910119627734,-22.4358821605962,-48.7407695048852,91.475127112196,0
236,4,0,8,-120,10.6910119627734,-13.4625765723005,-61.0493496202884,88.06543509971,0
236,5,0,8,-105,10.6910119627734,-3.41015987328288,-71.9604274686551,84.085250210974,0
236,6,193.017881370162,8,-90,10.6910119627734,7.26849614182255,-82.1387667657597,79.7812704307213,34.242618503201
236,7,374.818265066542,8,-75,10.6910119627734,18.2112708125222,-87.720924438416,73.1696236190713,108.524616719659
236,8,534.835573606215,8,-60,10.6910119627734,29.0680852983385,-76.8123632339194,58.6369106022965,278.360338919968
236,9,663.770182656104,8,-45,10.6910119627734,39.3968263369343,-64.0461819874987,44.048175292711,477.088446442473
236,10,754.128881396465,8,-30,10.6910119627734,48.494834236079,-47.8513766242975,29.4350678160212,656.780790432194
236,11,800.660350697016,8,-15,10.6910119627734,55.1539546209737,-26.4306537625476,14.8581724866824,773.889099614982
236,12,800.660350697016,8,0,10.6910119627734,57.6910119627734,0,2.30898803722656,800.010284399532
236,13,754.128881396466,8,15,10.6910119627734,55.1539546209737,26.4306537625476,14.8581724866824,728.913478117781
236,14,663.770182656104,8,30,10.6910119627734,48.494834236079,47.8513766242975,29.4350678160212,578.086207788409
236,15,534.835573606215,8,45,10.6910119627734,39.3968263369343,64.0461819874987,44.048175292711,384.415991530245
236,16,374.818265066542,8,60,10.6910119627734,29.0680852983385,76.8123632339194,58.6369106022965,195.077785484284
236,17,193.017881370162,8,75,10.6910119627734,18.2112708125222,87.720924438416,73.1696236190713,55.8862615513645
236,18,9.87727783310263e-14,8,90,10.6910119627734,7.26849614182255,82.1387667657597,79.7812704307213,1.75229286679624e-14
236,19,0,8,105,10.6910119627734,-3.41015987328288,71.9604274686551,84.085250210974,0
236,20,0,8,120,10.6910119627734,-13.4625765723005,61.0493496202884,88.06543509971,0
236,21,0,8,135,10.6910119627734,-22.4358821605962,48.7407695048852,91.475127112196,0
236,22,0,8,150,10.6910119627734,-29.7263157685098,34.4561068933787,94.0943896291196,0
236,23,0,8,165,10.6910119627734,-34.5866469211422,17.9943234735556,95.7449770840565,0
237,0,0,8,-180,10.3301654930191,-36.6698345069809,-8.60623159285216e-15,96.6698345069809,0
237,1,0,8,-165,10.3301654930191,-34.9377841855478,-18.0955297779044,96.1047777764987,0
237,2,0,8,-150,10.3301654930191,-30.0534943824364,-34.6316564420262,94.4513378065795,0
237,3,0,8,-135,10.3301654930191,-22.7348161014889,-48.9596680905583,91.8281713983627,0
237,4,0,8,-120,10.3301654930191,-13.7362883879674,-61.2912752267671,88.4145115581715,0
237,5,0,8,-105,10.3301654930191,-3.66507272192097,-72.2163161670663,84.4312563218001,0
237,6,193.775593879871,8,-90,10.3301654930191,7.02463433878436,-82.4068223846778,80.1258430101421,33.2295599630541
237,7,376.289654589069,8,-75,10.3301654930191,17.9698281068287,-87.4388074181393,73.2356515417416,108.535505998532
237,8,536.935128330794,8,-60,10.3301654930191,28.8190879157405,-76.5139141103882,58.6928053816245,279.005668836531
237,9,666.375884093713,8,-45,10.3301654930191,39.1282756364194,-63.7348876469936,44.0977152260521,478.560538642912
237,10,757.08929565089,8,-30,10.3301654930191,48.1935107794441,-47.5526775463061,29.4844079032454,659.038410087452
237,11,803.803429252457,8,-15,10.3301654930191,54.8133077107776,-26.2232011046672,14.9276579302063,776.676544998095
237,12,803.803429252457,8,0,10.3301654930191,57.3301654930191,0,2.66983450698095,802.930930742416
237,13,757.08929565089,8,15,10.3301654930191,54.8133077107776,26.2232011046672,14.9276579302063,731.538927307179
237,14,666.375884093713,8,30,10.3301654930191,48.1935107794441,47.5526775463061,29.4844079032454,580.073322521588
237,15,536.935128330794,8,45,10.3301654930191,39.1282756364194,63.7348876469936,44.0977152260521,385.602135917256
237,16,376.28965458907,8,60,10.3301654930191,28.8190879157405,76.5139141103882,58.6928053816245,195.530039320152
237,17,193.775593879872,8,75,10.3301654930191,17.9698281068287,87.4388074181393,73.2356515417416,55.8918691370501
237,18,9.9160521524708e-14,8,90,10.3301654930191,7.02463433878436,82.4068223846778,80.1258430101421,1.70045175968638e-14
237,19,0,8,105,10.3301654930191,-3.66507272192097,72.2163161670663,84.4312563218001,0
237,20,0,8,120,10.3301654930191,-13.7362883879674,61.2912752267671,88.4145115581715,0
237,21,0,8,135,10.3301654930191,-22.7348161014889,48.9596680905583,91.8281713983627,0
237,22,0,8,150,10.3301654930191,-30.0534943824364,34.6316564420262,94.4513378065795,0
237,23,0,8,165,10.3301654930191,-34.9377841855478,18.0955297779044,96.1047777764987,0
238,0,0,8,-180,9.96625797228602,-37.033742027714,-8.65713507133147e-15,97.033742027714,0
238,1,0,8,-165,9.96625797228602,-35.2918144034794,-18.1984759935764,96.4676292226395,0
238,2,0,8,-150,9.96625797228602,-30.3832107352984,-34.8098735450933,94.8113101127398,0
238,3,0,8,-135,9.96625797228602,-23.0359826575989,-49.1813946064808,92.1842074049252,0
238,4,0,8,-120,9.96625797228602,-14.0120828912167,-61.5358257714538,88.76655330785,0
238,5,0,8,-105,9.96625797228602,-3.92207409802466,-72.4745233231517,84.7802156580648,0
238,6,194.506025117472,8,-90,9.96625797228602,6.77854987932794,-82.6768672482049,80.4733738700132,32.191900264479
238,7,377.708067055751,8,-75,9.96625797228602,17.725925538906,-87.1550777706409,73.3029094489447,108.520015504298
238,8,538.959089049712,8,-60,9.96625797228602,28.5673165483665,-76.2143770513874,58.7505396795848,279.593222621393
238,9,668.887767824683,8,-45,9.96625797228602,38.8566147319591,-63.4233512180433,44.1500037317822,479.939468606125
238,10,759.943120841793,8,-30,9.96625797228602,47.8888567806486,-47.2549859972412,29.5381546872967,661.171478819057
238,11,806.83334195643,8,-15,9.96625797228602,54.4694188649719,-26.0175037907731,15.0060057291091,779.319269363943
238,12,806.833341956431,8,0,9.96625797228602,56.966257972286,0,3.03374202771407,805.7025976609
238,13,759.943120841794,8,15,9.96625797228602,54.4694188649719,26.0175037907731,15.0060057291091,734.028066138797
238,14,668.887767824683,8,30,9.96625797228602,47.8888567806486,47.2549859972412,29.5381546872967,581.950809853692
238,15,538.959089049712,8,45,9.96625797228602,38.8566147319591,63.4233512180433,44.1500037317822,386.713214445801
238,16,377.708067055751,8,60,9.96625797228602,28.5673165483665,76.2143770513874,58.7505396795848,195.941803049311
238,17,194.506025117472,8,75,9.96625797228602,17.725925538906,87.1550777706409,73.3029094489447,55.8838920914863
238,18,9.95343041100595e-14,8,90,9.96625797228602,6.77854987932794,82.6768672482049,80.4733738700132,1.64735174083691e-14
238,19,0,8,105,9.96625797228602,-3.92207409802466,72.4745233231517,84.7802156580648,0
238,20,0,8,120,9.96625797228602,-14.0120828912167,61.5358257714538,88.76655330785,0
238,21,0,8,135,9.96625797228602,-23.0359826575989,49.1813946064808,92.1842074049252,0
238,22,0,8,150,9.96625797228602,-30.3832107352984,34.8098735450933,94.8113101127398,0
238,23,0,8,165,9.96625797228602,-35.2918144034794,18.1984759935764,96.4676292226395,0
239,0,0,8,-180,9.59939723422632,-37.4006027657737,-8.70894787330478e-15,97.4006027657737,0
239,1,0,8,-165,9.59939723422632,-35.6486286113987,-18.3031730950179,96.8334237772761,0
239,2,0,8,-150,9.59939723422632,-30.7153563428576,-34.9907579492737,95.1741994617367,0
239,3,0,8,-135,9.59939723422632,-23.3392790924442,-49.4059255355399,92.5431289280716,0
239,4,0,8,-120,9.59939723422632,-14.2898667335737,-61.7829560952843,89.121455209113,0
239,5,0,8,-105,9.59939723422632,-4.18108067815307,-72.7349867110858,85.1320240881379,0
239,6,195.208958640424,8,-90,9.59939723422632,6.5303175430145,-82.9488246016433,80.8237595498728,31.1303290755874
239,7,379.073082160362,8,-75,9.59939723422632,17.4796323244615,-86.8698266800137,73.3713907142933,108.478148844882
239,8,540.906856019729,8,-60,9.59939723422632,28.3128395038816,-75.9138583470352,58.8101255335714,280.122591328811
239,9,671.305089523653,8,-45,9.59939723422632,38.5819179743534,-63.1116900556148,44.2050745141945,481.224287486491
239,10,762.689511319179,8,-30,9.59939723422632,47.580960766874,-46.9584070792628,29.5963692697906,663.178533885585
239,11,809.74919098041,8,-15,9.59939723422632,54.1223916707151,-25.8136094704583,15.0932675470913,781.815462942504
239,12,809.74919098041,8,0,9.59939723422632,56.5993972342263,0,3.40060276577363,808.323387804092
239,13,762.68951131918,8,15,9.59939723422632,54.1223916707151,25.8136094704583,15.0932675470913,736.379190019867
239,14,671.305089523653,8,30,9.59939723422632,47.580960766874,46.9584070792628,29.5963692697906,583.717382306989
239,15,540.906856019729,8,45,9.59939723422632,38.5819179743534,63.1116900556148,44.2050745141945,387.748462579592
239,16,379.073082160362,8,60,9.59939723422632,28.3128395038816,75.9138583470352,58.8101255335714,196.312790078385
239,17,195.208958640425,8,75,9.59939723422632,17.4796323244615,86.8698266800137,73.3713907142933,55.8623322726257
239,18,9.98940153272336e-14,8,90,9.59939723422632,6.5303175430145,82.9488246016433,80.8237595498728,1.59302810254047e-14
239,19,0,8,105,9.59939723422632,-4.18108067815307,72.7349867110858,85.1320240881379,0
239,20,0,8,120,9.59939723422632,-14.2898667335737,61.7829560952843,89.121455209113,0
239,21,0,8,135,9.59939723422632,-23.3392790924442,49.4059255355399,92.5431289280716,0
239,22,0,8,150,9.59939723422632,-30.7153563428576,34.9907579492737,95.1741994617367,0
239,23,0,8,165,9.59939723422632,-35.6486286113987,18.3031730950179,96.8334237772761,0
240,0,0,8,-180,9.22969198759415,-37.7703080124059,-8.76167819234846e-15,97.7703080124059,0
240,1,0,8,-165,9.22969198759415,-36.0081169405845,-18.409632336385,97.2020529193296,0
240,2,0,8,-150,9.22969198759415,-31.0498218373351,-35.1743093238634,95.5398978892323,0
240,3,0,8,-135,9.22969198759415,-23.6446018826527,-49.6332369181369,92.904828880106,0
240,4,0,8,-120,9.22969198759415,-14.5695458273195,-62.0326205706692,89.4791112287839,0
240,5,0,8,-105,9.22969198759415,-4.44200833013031,-72.9976438530271,85.4865765724598,0
240,6,195.884186154355,8,-90,9.22969198759415,6.28001310609878,-83.2226178009084,81.1768956644175,30.0455634159538
240,7,380.384295419466,8,-75,9.22969198759415,17.231018961532,-86.5831446861102,73.4410876922076,108.409929692893
240,8,542.777852075454,8,-60,9.22969198759415,28.0557267168368,-75.6124627827987,58.8715731438678,280.59340471053
240,9,673.627132886034,8,-45,9.22969198759415,38.3042616344144,-62.8000185735258,44.2629580447708,482.414105193328
240,10,765.327653268279,8,-30,9.22969198759415,47.2699131426411,-46.6630411936352,29.6591060576287,665.058188651781
240,11,812.550112295402,8,-15,9.22969198759415,53.7723309960717,-25.6115616133277,15.1894695170844,784.163403008134
240,12,812.550112295402,8,0,9.22969198759415,56.2296919875942,0,3.77030801240584,810.791492994605
240,13,765.327653268279,8,15,9.22969198759415,53.7723309960717,25.6115616133277,15.1894695170844,738.590676343297
240,14,673.627132886034,8,30,9.22969198759415,47.2699131426411,46.6630411936352,29.6591060576287,585.371819390976
240,15,542.777852075454,8,45,9.22969198759415,38.3042616344144,62.8000185735258,44.2629580447708,388.707163124375
240,16,380.384295419466,8,60,9.22969198759415,28.0557267168368,75.6124627827987,58.8715731438678,196.64274093359
240,17,195.884186154356,8,75,9.22969198759415,17.231018961532,86.5831446861102,73.4410876922076,55.8272018710069
240,18,1.00239548586034e-13,8,90,9.22969198759415,6.28001310609878,83.2226178009084,81.1768956644175,1.53751753674237e-14
240,19,0,8,105,9.22969198759415,-4.44200833013031,72.9976438530271,85.4865765724598,0
240,20,0,8,120,9.22969198759415,-14.5695458273195,62.0326205706692,89.4791112287839,0
240,21,0,8,135,9.22969198759415,-23.6446018826527,49.6332369181369,92.904828880106,0
240,22,0,8,150,9.22969198759415,-31.0498218373351,35.1743093238634,95.5398978892323,0
240,23,0,8,165,9.22969198759415,-36.0081169405845,18.409632336385,97.2020529193296,0
241,0,0,8,-180,8.85725178403299,-38.142748215967,-8.81533445524634e-15,98.142748215967,0
241,1,0,8,-165,8.85725178403299,-36.3701686502121,-18.5178652411565,97.5734072841306,0
241,2,0,8,-150,8.85725178403299,-31.3864970050692,-35.3605272294433,95.9082965848765,0
241,3,0,8,-135,8.85725178403299,-23.9518467595499,-49.8633043190824,93.2691993220904,0
241,4,0,8,-120,8.85725178403299,-14.8510253856704,-62.2847730823073,89.8394144728817,0
241,5,0,8,-105,8.85725178403299,-4.70477214794542,-73.2624320162649,85.8437671962828,0
241,6,196.53150757478,8,-90,8.85725178403299,6.02771331253104,-83.4981703240997,81.5326769362151,28.9383469770195
241,7,381.641318292277,8,-75,8.85725178403299,16.9801572049948,-86.2951216607485,73.5119917054499,108.3154019681
241,8,544.571522800377,8,-60,8.85725178403299,27.7960497208423,-75.3102936093016,58.9348908342388,281.005332131572
241,9,675.853209840263,8,-45,8.85725178403299,38.0237238630563,-62.4884482337809,44.3236814821414,483.508092225965
241,10,767.856764950696,8,-30,8.85725178403299,46.9558061322187,-46.3689841246837,29.7264126058039,666.809135282363
241,11,815.235275927971,8,-15,8.85725178403299,53.4193429383391,-25.4113996963362,15.2946125221422,786.361457145997
241,12,815.235275927972,8,0,8.85725178403299,55.857251784033,0,4.14274821596697,813.105197633607
241,13,767.856764950696,8,15,8.85725178403299,53.4193429383391,25.4113996963362,15.2946125221422,740.66098756427
241,14,675.853209840264,8,30,8.85725178403299,46.9558061322187,46.3689841246837,29.7264126058039,586.912969973421
241,15,544.571522800377,8,45,8.85725178403299,38.0237238630563,62.4884482337809,44.3236814821414,389.58864770655
241,16,381.641318292278,8,60,8.85725178403299,27.7960497208423,75.3102936093016,58.9348908342388,196.93142390254
241,17,196.53150757478,8,75,8.85725178403299,16.9801572049948,86.2951216607485,73.5119917054499,55.7785235037264
241,18,1.00570801497498e-13,8,90,8.85725178403299,6.02771331253104,83.4981703240997,81.5326769362151,1.48085810026373e-14
241,19,0,8,105,8.85725178403299,-4.70477214794542,73.2624320162649,85.8437671962828,0
241,20,0,8,120,8.85725178403299,-14.8510253856704,62.2847730823073,89.8394144728817,0
241,21,0,8,135,8.85725178403299,-23.9518467595499,49.8633043190824,93.2691993220904,0
241,22,0,8,150,8.85725178403299,-31.3864970050692,35.3605272294433,95.9082965848765,0
241,23,0,8,165,8.85725178403299,-36.3701686502121,18.5178652411565,97.5734072841306,0
242,0,0,8,-180,8.48218698561304,-38.517813014387,-8.86992531999858e-15,98.517813014387,0
242,1,0,8,-165,8.48218698561304,-36.734672160815,-18.6278835903277,97.947376695964,0
242,2,0,8,-150,8.48218698561304,-31.7252708248828,-35.549411084198,96.2792859250562,0
242,3,0,8,-135,8.48218698561304,-24.2609087516249,-50.0961027925181,93.6361314968128,0
242,4,0,8,-120,8.48218698561304,-15.1342099638331,-62.539367006556,90.2022572197252,0
242,5,0,8,-105,8.48218698561304,-4.96928648757877,-73.5292882089986,86.2034892028114,0
242,6,197.150731086391,8,-90,8.48218698561304,5.77349584381521,-83.7754057813339,81.890997228842,27.8094493980725
242,7,382.84377829579,8,-75,8.48218698561304,16.7271200395458,-86.0058467865126,73.5840930341846,108.194629990817
242,8,546.287336691151,8,-60,8.48218698561304,27.5338816187335,-75.0074525163788,59.0000850155223,281.35808343282
242,9,677.982660751697,8,-45,8.48218698561304,37.7403846491952,-62.1770875427552,44.3872685985512,484.505481430281
242,10,770.276096936056,8,-30,8.48218698561304,46.6387337207545,-46.0763271309245,29.798329481672,668.430147335745
242,11,817.803886206183,8,-15,8.48218698561304,53.0635347724112,-25.2131593894625,15.408672695522,788.408086404985
242,12,817.803886206183,8,0,8.48218698561304,55.482186985613,0,4.5178130143869,815.26288198988
242,13,770.276096936056,8,15,8.48218698561304,53.0635347724112,25.2131593894625,15.408672695522,742.588674169919
242,14,677.982660751698,8,30,8.48218698561304,46.6387337207545,46.0763271309245,29.798329481672,588.339754563303
242,15,546.287336691151,8,45,8.48218698561304,37.7403846491952,62.1770875427552,44.3872685985512,390.392298188505
242,16,382.84377829579,8,60,8.48218698561304,27.5338816187335,75.0074525163788,59.0000850155223,197.178635638741
242,17,197.150731086391,8,75,8.48218698561304,16.7271200395458,86.0058467865126,73.5840930341846,55.7163302934256
242,18,1.00887675904239e-13,8,90,8.48218698561304,5.77349584381521,83.7754057813339,81.890997228842,1.42308917775134e-14
242,19,0,8,105,8.48218698561304,-4.96928648757877,73.5292882089986,86.2034892028114,0
242,20,0,8,120,8.48218698561304,-15.1342099638331,62.539367006556,90.2022572197252,0
242,21,0,8,135,8.48218698561304,-24.2609087516249,50.0961027925181,93.6361314968128,0
242,22,0,8,150,8.48218698561304,-31.7252708248828,35.549411084198,96.2792859250562,0
242,23,0,8,165,8.48218698561304,-36.734672160815,18.6278835903277,97.947376695964,0
243,0,0,8,-180,8.1046087321287,-38.8953912678713,-8.92545967320638e-15,98.8953912678713,0
243,1,0,8,-165,8.1046087321287,-37.1015150881256,-18.7396994091093,98.3238502008654,0
243,2,0,8,-150,8.1046087321287,-32.0660315071658,-35.7409601278022,96.6527555059219,0
243,3,0,8,-135,8.1046087321287,-24.5716822278712,-50.3316068448617,94.0055158620683,0
243,4,0,8,-120,8.1046087321287,-15.4190035009184,-62.7963551893939,90.5675309533886,0
243,5,0,8,-105,8.1046087321287,-5.23546500372885,-73.7981491747862,86.5656350267274,0
243,6,197.741673199897,8,-90,8.1046087321287,5.51743928775645,-84.054247922876,82.2517495804268,26.6596654985826
243,7,383.991319115153,8,-75,8.1046087321287,16.4719816511879,-85.7154085381048,73.657380906585,108.047698605342
243,8,547.924785315091,8,-60,8.1046087321287,27.2692970508077,-74.704039611284,59.0671601522998,281.65140973754
243,9,680.014854618074,8,-45,8.1046087321287,37.4543257755945,-61.8660420539344,44.4537397130462,485.405569671496
243,10,772.58493232408,8,-30,8.1046087321287,46.318791594295,-45.7851570426291,29.8748901513714,669.920082250242
243,11,820.255181995377,8,-15,8.1046087321287,52.7050148992389,-25.0168727391228,15.5316021248377,790.301848328216
243,12,820.255181995377,8,0,8.1046087321287,55.1046087321287,0,4.89539126787126,817.263025363661
243,13,772.58493232408,8,15,8.1046087321287,52.7050148992389,25.0168727391228,15.5316021248377,744.372377533716
243,14,680.014854618074,8,30,8.1046087321287,46.318791594295,45.7851570426291,29.8748901513714,589.651167499125
243,15,547.924785315091,8,45,8.1046087321287,37.4543257755945,61.8660420539344,44.4537397130462,391.11754801648
243,16,383.991319115153,8,60,8.1046087321287,27.2692970508077,74.704039611284,59.0671601522998,197.384201726824
243,17,197.741673199897,8,75,8.1046087321287,16.4719816511879,85.7154085381048,73.657380906585,55.640665931855
243,18,1.01190077909533e-13,8,90,8.1046087321287,5.51743928775645,84.054247922876,82.2517495804268,1.36425144239402e-14
243,19,0,8,105,8.1046087321287,-5.23546500372885,73.7981491747862,86.5656350267274,0
243,20,0,8,120,8.1046087321287,-15.4190035009184,62.7963551893939,90.5675309533886,0
243,21,0,8,135,8.1046087321287,-24.5716822278712,50.3316068448617,94.0055158620683,0
243,22,0,8,150,8.1046087321287,-32.0660315071658,35.7409601278022,96.6527555059219,0
243,23,0,8,165,8.1046087321287,-37.1015150881256,18.7396994091093,98.3238502008654,0
244,0,0,9,-180,7.72462890816524,-39.2753710918348,-8.98194662679054e-15,99.2753710918348,0
244,1,0,9,-165,7.72462890816524,-37.4705842772947,-18.8533249520488,98.702716099657,0
244,2,0,9,-150,7.72462890816524,-32.4086665336798,-35.9351733828056,97.0285941766817,0
244,3,0,9,-135,7.72462890816524,-24.8840609419996,-50.5697903957798,94.3772421242431,0
244,4,0,9,-120,7.72462890816524,-15.7053093626967,-63.0556899230095,90.9351263974969,0
244,5,0,9,-105,7.72462890816524,-5.50322068741306,-74.0689513857039,86.9300963280859,0
244,6,198.304158806398,9,-90,7.72462890816524,5.25962310613175,-84.3346206456099,82.6148262375857,25.4898144677787
244,7,385.083600709256,9,-75,7.72462890816524,16.2148173972798,-85.423894666199,73.7318434910064,107.874713272649
244,8,549.483383460829,9,-60,7.72462890816524,27.0023721612127,-74.4001534009481,59.1361187327145,281.885104199149
244,9,681.949189256491,9,-45,7.72462890816524,37.1656307727924,-61.5554143769145,44.5231116315762,486.207719418155
244,10,774.782586957011,9,-30,7.72462890816524,45.9960770788529,-45.4955563651104,29.9561208889101,671.277883715516
244,11,822.588436923706,9,-15,7.72462890816524,52.343892794443,-24.8225683487964,15.6633297413459,792.041399852479
244,12,822.588436923707,9,0,7.72462890816524,54.7246289081653,0,5.27537109183471,819.104209116249
244,13,774.782586957012,9,15,7.72462890816524,52.343892794443,24.8225683487964,15.6633297413459,746.010832646403
244,14,681.949189256491,9,30,7.72462890816524,45.9960770788529,45.4955563651104,29.9561208889101,590.846279036223
244,15,549.483383460829,9,45,7.72462890816524,37.1656307727924,61.5554143769145,44.5231116315762,391.763883496865
244,16,385.083600709256,9,60,7.72462890816524,27.0023721612127,74.4001534009481,59.1361187327145,197.547977206576
244,17,198.304158806398,9,75,7.72462890816524,16.2148173972798,85.423894666199,73.7318434910064,55.551584727612
244,18,1.01477917905138e-13,9,90,7.72462890816524,5.25962310613175,84.3346206456099,82.6148262375857,1.30438681445091e-14
244,19,0,9,105,7.72462890816524,-5.50322068741306,74.0689513857039,86.9300963280859,0
244,20,0,9,120,7.72462890816524,-15.7053093626967,63.0556899230095,90.9351263974969,0
244,21,0,9,135,7.72462890816524,-24.8840609419996,50.5697903957798,94.3772421242431,0
244,22,0,9,150,7.72462890816524,-32.4086665336798,35.9351733828056,97.0285941766817,0
244,23,0,9,165,7.72462890816524,-37.4705842772947,18.8533249520488,98.702716099657,0
245,0,0,9,-180,7.34236010994516,-39.6576398900549,-9.03939551399939e-15,99.6576398900549,0
245,1,0,9,-165,7.34236010994516,-37.8417658374864,-18.9687726864926,99.0838619812142,0
245,2,0,9,-150,7.34236010994516,-32.7530626980907,-36.1320496134486,97.4066900731516,0
245,3,0,9,-135,7.34236010994516,-25.1979380775169,-50.8106267371946,94.7511992721898,0
245,4,0,9,-120,7.34236010994516,-15.993030385173,-63.3173229210599,91.3049335493468,0
245,5,0,9,-105,7.34236010994516,-5.77246590441302,-74.3416310342612,87.2967640265653,0
245,6,198.838021229267,9,-90,7.34236010994516,5.00012760132061,-84.6164479978914,82.9801186897309,24.3007390124731
245,7,386.12029941149,9,-75,7.34236010994516,15.9557037751965,-85.1313921837426,73.8074678897403,107.67580013164
245,8,550.962669282099,9,-60,7.34236010994516,26.733184562571,-74.0958907781782,59.2069612414998,282.059002687638
245,9,683.78509148185,9,-45,7.34236010994516,36.8743848712466,-61.2453041923512,44.5953975941807,486.911360232447
245,10,776.868409622355,9,-30,7.34236010994516,45.6706890786748,-45.2076033870369,30.0420407082784,672.50258392234
245,11,824.802959597382,9,-15,7.34236010994516,51.9802789571284,-24.6302715563957,15.8037623723718,793.625500068254
245,12,824.802959597382,9,0,7.34236010994516,54.3423601099452,0,5.65763989005481,820.785119556724
245,13,776.868409622355,9,15,7.34236010994516,51.9802789571284,24.6302715563957,15.8037623723718,747.502870715605
245,14,683.78509148185,9,30,7.34236010994516,45.6706890786748,45.2076033870369,30.0420407082784,591.924237326956
245,15,550.962669282099,9,45,7.34236010994516,36.8743848712466,61.2453041923512,44.5953975941807,392.330844997032
245,16,386.12029941149,9,60,7.34236010994516,26.733184562571,74.0958907781782,59.2069612414998,197.669847054002
245,17,198.838021229268,9,75,7.34236010994516,15.9557037751965,85.1313921837426,73.8074678897403,55.4491516376782
245,18,1.01751110597851e-13,9,90,7.34236010994516,5.00012760132061,84.6164479978914,82.9801186897309,1.24353841764329e-14
245,19,0,9,105,7.34236010994516,-5.77246590441302,74.3416310342612,87.2967640265653,0
245,20,0,9,120,7.34236010994516,-15.993030385173,63.3173229210599,91.3049335493468,0
245,21,0,9,135,7.34236010994516,-25.1979380775169,50.8106267371946,94.7511992721898,0
245,22,0,9,150,7.34236010994516,-32.7530626980907,36.1320496134486,97.4066900731516,0
245,23,0,9,165,7.34236010994516,-37.8417658374864,18.9687726864926,99.0838619812142,0
246,0,0,9,-180,6.95791561196334,-40.0420843880367,-9.09781588465875e-15,100.042084388037,0
246,1,0,9,-165,6.95791561196334,-38.2149451768479,-19.0860552742994,99.4671747559532,0
246,2,0,9,-150,6.95791561196334,-33.0991061472366,-36.3315872818411,97.7869306515519,0
246,3,0,9,-135,6.95791561196334,-25.5132062936652,-51.054088490337,95.1272756113823,0
246,4,0,9,-120,6.95791561196334,-16.282068918963,-63.581205292643,91.6768417143405,0
246,5,0,9,-105,6.95791561196334,-6.0431124345346,-74.6161240241204,87.6655283360598,0
246,6,199.343102273549,9,-90,6.95791561196334,4.73903388193297,-84.8996541828334,83.3475177037366,23.0933044642507
246,7,387.101108025654,9,-75,6.95791561196334,15.6947183896538,-84.8379873546413,73.8842401343606,107.451106028296
246,8,552.362204434585,9,-60,6.95791561196334,26.461813298922,-73.7913470116763,59.2796861362704,282.172984412229
246,9,685.522017276699,9,-45,6.95791561196334,36.5806749518297,-60.935808272544,44.6706072293973,487.515990162199
246,10,778.841782245838,9,-30,6.95791561196334,45.3427280138519,-44.9213722931064,30.1326613187751,673.593305683914
246,11,826.89809380554,9,-15,6.95791561196334,51.6142848589425,-24.4400046079757,15.9527859326748,795.053012832218
246,12,826.89809380554,9,0,6.95791561196334,53.9579156119633,0,6.04208438803664,822.304550677352
246,13,778.841782245839,9,15,6.95791561196334,51.6142848589425,24.4400046079757,15.9527859326748,748.847421626527
246,14,685.5220172767,9,30,6.95791561196334,45.3427280138519,44.9213722931064,30.1326613187751,592.884270287857
246,15,552.362204434586,9,45,6.95791561196334,36.5806749518297,60.935808272544,44.6706072293973,392.818028066938
246,16,387.101108025654,9,60,6.95791561196334,26.461813298922,73.7913470116763,59.2796861362704,197.749726617682
246,17,199.343102273549,9,75,6.95791561196334,15.6947183896538,84.8379873546413,73.8842401343606,55.3334422824358
246,18,1.02009575034783e-13,9,90,6.95791561196334,4.73903388193297,84.8996541828334,83.3475177037366,1.18175053346687e-14
246,19,0,9,105,6.95791561196334,-6.0431124345346,74.6161240241204,87.6655283360598,0
246,20,0,9,120,6.95791561196334,-16.282068918963,63.581205292643,91.6768417143405,0
246,21,0,9,135,6.95791561196334,-25.5132062936652,51.054088490337,95.1272756113823,0
246,22,0,9,150,6.95791561196334,-33.0991061472366,36.3315872818411,97.7869306515519,0
246,23,0,9,165,6.95791561196334,-38.2149451768479,19.0860552742994,99.4671747559532,0
247,0,0,9,-180,6.57140933342163,-40.4285906665784,-9.1572174996141e-15,100.428590666578,0
247,1,0,9,-165,6.57140933342163,-38.5900070378538,-19.2051855517145,99.8525406895281,0
247,2,0,9,-150,6.57140933342163,-33.4466824231368,-36.5337845014394,98.1692027225398,0
247,3,0,9,-135,6.57140933342163,-25.8297577722144,-51.3001475608634,95.505358798338,0
247,4,0,9,-120,6.57140933342163,-16.5723268744434,-63.8472875150356,92.0507395407197,0
247,5,0,9,-105,6.57140933342163,-6.31507151165033,-74.8923659596728,88.0362787995946,0
247,6,199.819252272829,9,-90,6.57140933342163,4.47642382747444,-85.1841635600753,83.7169133589446,21.8683978472482
247,7,388.02573591699,9,-75,6.57140933342163,15.4319399187503,-84.5437656847637,73.962145182671,107.200798512191
247,8,553.681574205818,9,-60,6.57140933342163,26.1883388070706,-73.4866157397519,59.3542898271218,282.226972477959
247,9,687.15945195244,9,-45,6.57140933342163,36.2845894948064,-60.6270205073344,44.7487465160058,488.021177030128
247,10,780.702120074565,9,-30,6.57140933342163,45.0122957574099,-44.6369332804379,30.2279871035668,674.549264422382
247,11,828.8732187147,9,-15,6.57140933342163,51.2460228934148,-24.2517868274348,16.1102667292104,796.322909224562
247,12,828.8732187147,9,0,6.57140933342163,53.5714093334216,0,6.4285906665784,823.661406729664
247,13,780.702120074565,9,15,6.57140933342163,51.2460228934148,24.2517868274348,16.1102667292104,750.043516256433
247,14,687.15945195244,9,30,6.57140933342163,45.0122957574099,44.6369332804379,30.2279871035668,593.72568734812
247,15,553.681574205819,9,45,6.57140933342163,36.2845894948064,60.6270205073344,44.7487465160058,393.225084477947
247,16,388.02573591699,9,60,6.57140933342163,26.1883388070706,73.4866157397519,59.3542898271218,197.787562008837
247,17,199.819252272829,9,75,6.57140933342163,15.4319399187503,84.5437656847637,73.962145182671,55.2045429438697
247,18,1.02253234627341e-13,9,90,6.57140933342163,4.47642382747444,85.1841635600753,83.7169133589446,1.11906855348731e-14
247,19,0,9,105,6.57140933342163,-6.31507151165033,74.8923659596728,88.0362787995946,0
247,20,0,9,120,6.57140933342163,-16.5723268744434,63.8472875150356,92.0507395407197,0
247,21,0,9,135,6.57140933342163,-25.8297577722144,51.3001475608634,95.505358798338,0
247,22,0,9,150,6.57140933342163,-33.4466824231368,36.5337845014394,98.1692027225398,0
247,23,0,9,165,6.57140933342163,-38.5900070378538,19.2051855517145,99.8525406895281,0
248,0,0,9,-180,6.18295580447179,-40.8170441955282,-9.21761032431181e-15,100.817044195528,0
248,1,0,9,-165,6.18295580447179,-38.9668355330238,-19.3261765073084,100.23984543673,0
248,2,0,9,-150,6.18295580447179,-33.7956765057494,-36.7386389877558,98.553392485466,0
248,3,0,9,-135,6.18295580447179,-26.1474842651001,-51.5487750920585,95.8853358752972,0
248,4,0,9,-120,6.18295580447179,-16.8637057676556,-64.1155194052504,92.4265150545847,0
248,5,0,9,-105,6.18295580447179,-6.58825386449118,-75.1702921345284,88.4089043245525,0
248,6,200.266330133585,9,-90,6.18295580447179,4.21238005208918,-85.4699006460914,84.0881950824928,20.6269269078554
248,7,388.893909098297,9,-75,6.18295580447179,15.1674480787847,-84.2488119151931,74.0411669172587,106.925065799869
248,8,554.92038763806,9,-60,6.18295580447179,25.9128428764249,-73.1817889675932,59.4307666595735,282.220934374071
248,9,688.696910301838,9,-45,6.18295580447179,35.9862185274237,-60.3190319349934,44.8298177521926,488.426559616156
248,10,782.448871850286,9,-30,6.18295580447179,44.679495572004,-44.354352678068,30.3280151213318,675.369770014397
248,11,830.727749052724,9,-15,6.18295580447179,50.8756063256106,-24.0656347819074,16.2760528532507,797.434269843678
248,12,830.727749052724,9,0,6.18295580447179,53.1829558044718,0,6.81704419552815,824.854704633495
248,13,782.448871850286,9,15,6.18295580447179,50.8756063256106,24.0656347819074,16.2760528532507,751.090288635997
248,14,688.696910301838,9,30,6.18295580447179,44.679495572004,44.354352678068,30.3280151213318,594.447881074043
248,15,554.920387638061,9,45,6.18295580447179,35.9862185274237,60.3190319349934,44.8298177521926,393.551723175486
248,16,388.893909098297,9,60,6.18295580447179,25.9128428764249,73.1817889675932,59.4307666595735,197.783330443595
248,17,200.266330133585,9,75,6.18295580447179,15.1674480787847,84.2488119151931,74.0411669172587,55.0625505467082
248,18,1.02482017173931e-13,9,90,6.18295580447179,4.21238005208918,85.4699006460914,84.0881950824928,1.05553892968739e-14
248,19,0,9,105,6.18295580447179,-6.58825386449118,75.1702921345284,88.4089043245525,0
248,20,0,9,120,6.18295580447179,-16.8637057676556,64.1155194052504,92.4265150545847,0
248,21,0,9,135,6.18295580447179,-26.1474842651001,51.5487750920585,95.8853358752972,0
248,22,0,9,150,6.18295580447179,-33.7956765057494,36.7386389877558,98.553392485466,0
248,23,0,9,165,6.18295580447179,-38.9668355330238,19.3261765073084,100.23984543673,0
249,0,0,9,-180,5.79267013227797,-41.207329867722,-9.2790045214636e-15,101.207329867722,0
249,1,0,9,-165,5.79267013227797,-39.3453141810128,-19.4490412578825,100.628974075575,0
249,2,0,9,-150,5.79267013227797,-34.1459728564831,-36.9461480062394,98.9393855628464,0
249,3,0,9,-135,5.79267013227797,-26.4662771428958,-51.799941416153,96.2670933051458,0
249,4,0,9,-120,5.79267013227797,-17.1561067669338,-64.3858500904731,92.8040556951872,0
249,5,0,9,-105,5.79267013227797,-6.86256975815221,-75.4498375189774,88.7832932181946,0
249,6,200.684203376999,9,-90,5.79267013227797,3.94698586742347,-85.7567901130995,84.4612516849503,19.3698191077822
249,7,389.705370311126,9,-75,5.79267013227797,14.9013235879031,-83.9532100176522,74.1212881456536,106.624116704703
249,8,556.078277644155,9,-60,5.79267013227797,25.6354086074141,-72.8769570679583,59.5091089008843,282.154882392257
249,9,690.133936742804,9,-45,5.79267013227797,35.685653570239,-60.0119307777728,44.9138195321879,488.731848728872
249,10,784.081519972753,9,-30,5.79267013227797,44.344432046341,-44.0736930689695,30.4327351306751,676.054228490012
249,11,832.461135282248,9,-15,5.79267013227797,50.5031492421265,-23.8815624426033,16.449975634114,798.386286931278
249,12,832.461135282248,9,0,5.79267013227797,52.792670132278,0,7.20732986772201,825.883576211729
249,13,784.081519972753,9,15,5.79267013227797,50.5031492421265,23.8815624426033,16.449975634114,751.986977950907
249,14,690.133936742804,9,30,5.79267013227797,44.344432046341,44.0736930689695,30.4327351306751,595.050328664352
249,15,556.078277644156,9,45,5.79267013227797,35.685653570239,60.0119307777728,44.9138195321879,393.797711142378
249,16,389.705370311126,9,60,5.79267013227797,25.6354086074141,72.8769570679583,59.5091089008843,197.7370405361
249,17,200.684203377,9,75,5.79267013227797,14.9013235879031,83.9532100176522,74.1212881456536,54.9075726223027
249,18,1.02695854881346e-13,9,90,5.79267013227797,3.94698586742347,85.7567901130995,84.4612516849503,9.91209122939224e-15
249,19,0,9,105,5.79267013227797,-6.86256975815221,75.4498375189774,88.7832932181946,0
249,20,0,9,120,5.79267013227797,-17.1561067669338,64.3858500904731,92.8040556951872,0
249,21,0,9,135,5.79267013227797,-26.4662771428958,51.799941416153,96.2670933051458,0
249,22,0,9,150,5.79267013227797,-34.1459728564831,36.9461480062394,98.9393855628464,0
249,23,0,9,165,5.79267013227797,-39.3453141810128,19.4490412578825,100.628974075575,0
250,0,0,9,-180,5.40066796690786,-41.5993320330921,-9.34141044273481e-15,101.599332033092,0
250,1,0,9,-165,5.40066796690786,-39.7253259430749,-19.5737930222372,101.019811141572,0
250,2,0,9,-150,5.40066796690786,-34.4974554624697,-37.1563083172682,99.3270670350361,0
250,3,0,9,-135,5.40066796690786,-26.7860274441103,-52.0536160037884,96.6505170065707,0
250,4,0,9,-120,5.40066796690786,-17.4494307402299,-64.6582279774423,93.1832483504817,0
250,5,0,9,-105,5.40066796690786,-7.13792903627583,-75.7309367464874,89.1593332234584,0
250,6,201.072748178211,9,-90,5.40066796690786,3.68032524465314,-86.0447567866304,84.8359713962385,18.0980205820301
250,7,390.459879102006,9,-75,5.40066796690786,14.6336481286377,-83.6570431920184,74.2024906020929,106.298180532913
250,8,557.154901116306,9,-60,5.40066796690786,25.3561203685696,-72.5722087851403,59.5893067297566,282.028873972941
250,9,691.470105453391,9,-45,5.40066796690786,35.3829875823115,-59.7058024817934,45.0007467304037,488.936828162468
250,10,785.599580653092,9,-30,5.40066796690786,44.0072110314372,-43.7950134140366,30.5421296368429,676.602143579462
250,11,834.072863763524,9,-15,5.40066796690786,50.1287665014521,-23.6995813408911,16.6318511297476,799.178266321348
250,12,834.072863763524,9,0,5.40066796690786,52.4006679669079,0,7.59933203309207,826.747270243873
250,13,785.599580653092,9,15,5.40066796690786,50.1287665014521,23.6995813408911,16.6318511297476,752.732930377554
250,14,691.470105453391,9,30,5.40066796690786,44.0072110314372,43.7950134140366,30.5421296368429,595.532593311651
250,15,557.154901116306,9,45,5.40066796690786,35.3829875823115,59.7058024817934,45.0007467304037,393.962874169898
250,16,390.459879102006,9,60,5.40066796690786,25.3561203685696,72.5722087851403,59.5893067297566,197.648732541189
250,17,201.072748178211,9,75,5.40066796690786,14.6336481286377,83.6570431920184,74.2024906020929,54.7397272550829
250,18,1.02894684384858e-13,9,90,5.40066796690786,3.68032524465314,86.0447567866304,84.8359713962385,9.26127549680769e-15
250,19,0,9,105,5.40066796690786,-7.13792903627583,75.7309367464874,89.1593332234584,0
250,20,0,9,120,5.40066796690786,-17.4494307402299,64.6582279774423,93.1832483504817,0
250,21,0,9,135,5.40066796690786,-26.7860274441103,52.0536160037884,96.6505170065707,0
250,22,0,9,150,5.40066796690786,-34.4974554624697,37.1563083172682,99.3270670350361,0
250,23,0,9,165,5.40066796690786,-39.7253259430749,19.5737930222372,101.019811141572,0
251,0,0,9,-180,5.00706546706324,-41.9929345329368,-9.4048386193939e-15,101.992934532937,0
251,1,0,9,-165,5.00706546706324,-40.1067532599011,-19.7004450926962,101.412240662163,0
251,2,0,9,-150,5.00706546706324,-34.8500078816041,-37.3691161181948,99.7163214750964,0
251,3,0,9,-135,5.00706546706324,-27.1066259252955,-52.3097674116725,97.0354923894348,0
251,4,0,9,-120,5.00706546706324,-17.743578303106,-64.9326007208423,93.5639793929205,0
251,5,0,9,-105,5.00706546706324,-7.41424116387468,-76.0135240993018,89.5369115550207,0
251,6,201.43184940301,9,-90,5.00706546706324,3.41248277572014,-86.3337256418259,85.2122419018257,16.8124950634101
251,7,391.157211893699,9,-75,5.00706546706324,14.3645043093926,-83.360393865849,74.2847549508845,105.947506945543
251,8,558.149939027741,9,-60,5.00706546706324,25.0750637523599,-72.2676312420562,59.67134822944,281.843011978008
251,9,692.705020497971,9,-45,5.00706546706324,35.0783149053764,-59.4007297609456,45.0905904930674,489.041355535782
251,10,787.00260405716,9,-30,5.00706546706324,43.6679395768191,-43.5183691775173,30.6561739601137,677.013118102805
251,11,835.562456906618,9,-15,5.00706546706324,49.7525736847159,-23.5197007194639,16.8214816309796,799.80962920678
251,12,835.562456906618,9,0,5.00706546706324,52.0070654670632,0,7.99293453293677,827.445154332022
251,13,787.00260405716,9,15,5.00706546706324,49.7525736847159,23.5197007194639,16.8214816309796,753.327600746996
251,14,692.705020497971,9,30,5.00706546706324,43.6679395768191,43.5183691775173,30.6561739601137,595.894325425558
251,15,558.149939027742,9,45,5.00706546706324,35.0783149053764,59.4007297609456,45.0905904930674,394.047097533835
251,16,391.157211893699,9,60,5.00706546706324,25.0750637523599,72.2676312420562,59.67134822944,197.518478545531
251,17,201.431849403011,9,75,5.00706546706324,14.3645043093926,83.360393865849,74.2847549508845,54.5591430114772
251,18,1.03078446766994e-13,9,90,5.00706546706324,3.41248277572014,86.3337256418259,85.2122419018257,8.60343526880298e-15
251,19,0,9,105,5.00706546706324,-7.41424116387468,76.0135240993018,89.5369115550207,0
251,20,0,9,120,5.00706546706324,-17.743578303106,64.9326007208423,93.5639793929205,0
251,21,0,9,135,5.00706546706324,-27.1066259252955,52.3097674116725,97.0354923894348,0
251,22,0,9,150,5.00706546706324,-34.8500078816041,37.3691161181948,99.7163214750964,0
251,23,0,9,165,5.00706546706324,-40.1067532599011,19.7004450926962,101.412240662163,0
252,0,0,9,-180,4.61197926565939,-42.3880207343406,-9.46929975185723e-15,102.388020734341,0
252,1,0,9,-165,4.61197926565939,-40.4894780888315,-19.8290108042767,101.806146191319,0
252,2,0,9,-150,4.61197926565939,-35.2035132883562,-37.5845669823936,100.107032983843,0
252,3,0,9,-135,4.61197926565939,-27.4279631119524,-52.5683632284701,97.4219043903598,0
252,4,0,9,-120,4.61197926565939,-18.0384498673626,-65.2089151907824,93.9461347154822,0
252,5,0,9,-105,4.61197926565939,-7.69141527075488,-76.2975334932092,89.9159149356056,0
252,6,201.761400641954,9,-90,4.61197926565939,3.14354363382376,-86.6236217985323,85.5899503791737,15.5142227753416
252,7,391.79716205145,9,-75,4.61197926565939,14.0939756249402,-83.0633436958263,74.368060791359,105.572365786232
252,8,559.063096527254,9,-60,4.61197926565939,24.792325529864,-71.963309950307,59.7552193842348,281.597444888557
252,9,693.838315944567,9,-45,4.61197926565939,34.7717312071194,-59.0967926444794,45.1833382373192,489.045363010365
252,10,788.290174438844,9,-30,4.61197926565939,43.3267258667588,-43.2438124533997,30.7748363251004,677.286855197789
252,11,836.929473312934,9,-15,4.61197926565939,49.3746870468336,-23.3419276784679,17.0186571582933,800.279913718006
252,12,836.929473312934,9,0,4.61197926565939,51.6119792656594,0,8.38802073434061,827.976716573301
252,13,788.290174438844,9,15,4.61197926565939,49.3746870468336,23.3419276784679,17.0186571582933,753.770554031844
252,14,693.838315944567,9,30,4.61197926565939,43.3267258667588,43.2438124533997,30.7748363251004,596.135263713455
252,15,559.063096527254,9,45,4.61197926565939,34.7717312071194,59.0967926444794,45.1833382373192,394.050326573076
252,16,391.79716205145,9,60,4.61197926565939,24.792325529864,71.963309950307,59.7552193842348,197.346382606203
252,17,201.761400641955,9,75,4.61197926565939,14.0939756249402,83.0633436958263,74.368060791359,54.3659588512229
252,18,1.03247087574995e-13,9,90,4.61197926565939,3.14354363382376,86.6236217985323,85.5899503791737,7.93907215377747e-15
252,19,0,9,105,4.61197926565939,-7.69141527075488,76.2975334932092,89.9159149356056,0
252,20,0,9,120,4.61197926565939,-18.0384498673626,65.2089151907824,93.9461347154822,0
252,21,0,9,135,4.61197926565939,-27.4279631119524,52.5683632284701,97.4219043903598,0
252,22,0,9,150,4.61197926565939,-35.2035132883562,37.5845669823936,100.107032983843,0
252,23,0,9,165,4.61197926565939,-40.4894780888315,19.8290108042767,101.806146191319,0
253,0,0,9,-180,4.21552643526447,-42.7844735647355,-9.53480469805924e-15,102.784473564736,0
253,1,0,9,-165,4.21552643526447,-40.8733819414436,-19.95950350139,102.201410844285,0
253,2,0,9,-150,4.21552643526447,-35.5578545203624,-37.8026557952588,100.499085225064,0
253,3,0,9,-135,4.21552643526447,-27.7499293502172,-52.8293700189842,97.8096375085044,0
253,4,0,9,-120,4.21552643526447,-18.3339456902683,-65.48711743944,94.3295997679147,0
253,5,0,9,-105,4.21552643526447,-7.96936019549859,-76.5828984615565,90.2962296325255,0
253,6,202.061304241898,9,-90,4.21552643526447,2.8735935332142,-86.9143705152614,85.9689835344204,14.2041992947616
253,7,392.379539944214,9,-75,4.21552643526447,13.8221464159863,-82.7659735710349,74.4523866643996,105.173046874765
253,8,559.894103026568,9,-60,4.21552643526447,24.5079936043699,-71.6593288230514,59.8409040793864,281.292366926432
253,9,694.869655973277,9,-45,4.21552643526447,34.4633334236638,-58.7940685279658,45.2789736577114,488.948857884795
253,10,789.46191026325,9,-30,4.21552643526447,42.9836791566374,-42.9713920922949,30.8980779700711,677.423159381687
253,11,838.173507906008,9,-15,4.21552643526447,48.9952234680719,-23.1662673165038,17.2231569323433,800.58877630839
253,12,838.173507906009,9,0,4.21552643526447,51.2155264352645,0,8.78447356473555,828.341567033263
253,13,789.46191026325,9,15,4.21552643526447,48.9952234680719,23.1662673165038,17.2231569323433,754.061466651145
253,14,694.869655973277,9,30,4.21552643526447,42.9836791566374,42.9713920922949,30.8980779700711,596.255236115089
253,15,559.894103026569,9,45,4.21552643526447,34.4633334236638,58.7940685279658,45.2789736577114,393.972567168483
253,16,392.379539944214,9,60,4.21552643526447,24.5079936043699,71.6593288230514,59.8409040793864,197.132580835871
253,17,202.061304241898,9,75,4.21552643526447,13.8221464159863,82.7659735710349,74.4523866643996,54.1603240210505
253,18,1.0340055683695e-13,9,90,4.21552643526447,2.8735935332142,86.9143705152614,85.9689835344204,7.26869561696522e-15
253,19,0,9,105,4.21552643526447,-7.96936019549859,76.5828984615565,90.2962296325255,0
253,20,0,9,120,4.21552643526447,-18.3339456902683,65.48711743944,94.3295997679147,0
253,21,0,9,135,4.21552643526447,-27.7499293502172,52.8293700189842,97.8096375085044,0
253,22,0,9,150,4.21552643526447,-35.5578545203624,37.8026557952588,100.499085225064,0
253,23,0,9,165,4.21552643526447,-40.8733819414436,19.95950350139,102.201410844285,0
254,0,0,9,-180,3.81782445340819,-43.1821755465918,-9.6013644605746e-15,103.182175546592,0
254,1,0,9,-165,3.81782445340819,-41.2583459215174,-20.0919365019558,102.597917332469,0
254,2,0,9,-150,3.81782445340819,-35.9129141257984,-38.0233766871087,100.892361460897,0
254,3,0,9,-135,3.81782445340819,-28.0724148593124,-53.0927532666899,98.1985758415254,0
254,4,0,9,-120,3.81782445340819,-18.6299659243563,-65.767152666953,94.7142595931821,0
254,5,0,9,-105,3.81782445340819,-8.24798452996382,-76.869552138581,90.6777414944355,0
254,6,202.331471334933,9,-90,3.81782445340819,2.60271868833603,-87.2058971820928,86.3492276392822,12.8834343870516
254,7,392.904173000854,9,-75,3.81782445340819,13.5491018278662,-82.4683636179763,74.5377100605321,104.749859766428
254,8,560.642712280525,9,-60,3.81782445340819,24.222156963985,-71.3557701905337,59.9283841043534,280.928018098513
254,9,695.798734975795,9,-45,3.81782445340819,34.1532197013813,-58.4926322273164,45.3774767400207,488.751923062799
254,10,790.517464319767,9,-30,3.81782445340819,42.6389097095143,-42.7011538283877,31.0258532752748,677.421937443323
254,11,839.294192051543,9,-15,3.81782445340819,48.6143004060366,-22.9927228664493,17.4347508020089,800.735992941673
254,12,839.294192051543,9,0,3.81782445340819,50.8178244534082,0,9.18217554659179,828.539439015323
254,13,790.517464319767,9,15,3.81782445340819,48.6143004060366,22.9927228664493,17.4347508020089,754.200127588811
254,14,695.798734975795,9,30,3.81782445340819,42.6389097095143,42.7011538283877,31.0258532752748,596.254160587721
254,15,560.642712280526,9,45,3.81782445340819,34.1532197013813,58.4926322273164,45.3774767400207,393.813886120075
254,16,392.904173000854,9,60,3.81782445340819,24.222156963985,71.3557701905337,59.9283841043534,196.877241433821
254,17,202.331471334933,9,75,3.81782445340819,13.5491018278662,82.4683636179763,74.5377100605321,53.9423979307627
254,18,1.03538809076604e-13,9,90,3.81782445340819,2.60271868833603,87.2058971820928,86.3492276392822,6.59282238423373e-15
254,19,0,9,105,3.81782445340819,-8.24798452996382,76.869552138581,90.6777414944355,0
254,20,0,9,120,3.81782445340819,-18.6299659243563,65.767152666953,94.7142595931821,0
254,21,0,9,135,3.81782445340819,-28.0724148593124,53.0927532666899,98.1985758415254,0
254,22,0,9,150,3.81782445340819,-35.9129141257984,38.0233766871087,100.892361460897,0
254,23,0,9,165,3.81782445340819,-41.2583459215174,20.0919365019558,102.597917332469,0
255,0,0,9,-180,3.41899116777105,-43.581008832229,-9.66899017241508e-15,103.581008832229,0
255,1,0,9,-165,3.41899116777105,-41.6442507633811,-20.2263230588065,102.995547998453,0
255,2,0,9,-150,3.41899116777105,-36.2685744115405,-38.2467229629575,101.286744587354,0
255,3,0,9,-135,3.41899116777105,-28.3953097847392,-53.3584773146885,98.5886031217084,0
255,4,0,9,-120,3.41899116777105,-18.9264106677502,-66.0489651866475,95.0999988640995,0
255,5,0,9,-105,3.41899116777105,-8.52719666425788,-77.1574272421394,91.0603359882881,0
255,6,202.571821864719,9,-90,3.41899116777105,2.33100577237086,-87.4981273125945,86.730568568156,11.5529508149818
255,7,393.370905761273,9,-75,3.41899116777105,13.2749277684342,-82.1705932072264,74.6240074295576,104.303133477314
255,8,561.308702460046,9,-60,3.41899116777105,23.9349056333409,-71.0527148181063,60.0176391594232,280.504684162924
255,9,696.62527764596,9,-45,3.41899116777105,33.8414893381292,-58.1925560355541,45.4788237822578,488.454717393023
255,10,791.456523824946,9,-30,3.41899116777105,42.2925287329795,-42.4331404060593,31.1581099091581,677.28319916187
255,11,840.291193666638,9,-15,3.41899116777105,48.2320358480953,-22.8212958260734,17.6532006164427,800.721460077228
255,12,840.291193666638,9,0,3.41899116777105,50.4189911677711,0,9.58100883222899,828.570190121775
255,13,791.456523824947,9,15,3.41899116777105,48.2320358480953,22.8212958260734,17.6532006164427,754.186439321624
255,14,696.62527764596,9,30,3.41899116777105,42.2925287329795,42.4331404060593,31.1581099091581,596.132045738796
255,15,561.308702460046,9,45,3.41899116777105,33.8414893381292,58.1925560355541,45.4788237822578,393.574411420809
255,16,393.370905761273,9,60,3.41899116777105,23.9349056333409,71.0527148181063,60.0176391594232,196.580564662283
255,17,202.571821864719,9,75,3.41899116777105,13.2749277684342,82.1705932072264,74.6240074295576,53.712350011775
255,18,1.03661803326834e-13,9,90,3.41899116777105,2.33100577237086,87.4981273125945,86.730568568156,5.91197583258646e-15
255,19,0,9,105,3.41899116777105,-8.52719666425788,77.1574272421394,91.0603359882881,0
255,20,0,9,120,3.41899116777105,-18.9264106677502,66.0489651866475,95.0999988640995,0
255,21,0,9,135,3.41899116777105,-28.3953097847392,53.3584773146885,98.5886031217084,0
255,22,0,9,150,3.41899116777105,-36.2685744115405,38.2467229629575,101.286744587354,0
255,23,0,9,165,3.41899116777105,-41.6442507633811,20.2263230588065,102.995547998453,0
256,0,0,9,-180,3.01914476126302,-43.980855238737,-9.73769308141981e-15,103.980855238737,0
256,1,0,9,-165,3.01914476126302,-42.0309768706379,-20.3626763182583,103.39418485112,0
256,2,0,9,-150,3.01914476126302,-36.6247174921182,-38.4726870291202,101.682117169984,0
256,3,0,9,-135,3.01914476126302,-28.7185042521936,-53.6265053051619,98.9796027522567,0
256,4,0,9,-120,3.01914476126302,-19.2231800149802,-66.332498389696,95.4867019201422,0
256,5,0,9,-105,3.01914476126302,-8.80690483214014,-77.4464560559164,91.44389823647,0
256,6,202.782284610206,9,-90,3.01914476126302,2.05854187522814,-87.7909865348379,87.1128918354062,10.2137831237348
256,7,393.77959992248,9,-75,3.01914476126302,12.9997108652057,-81.8727409616369,74.7112541917029,103.833216175812
256,8,561.891876217867,9,-60,3.01914476126302,23.6463306244775,-70.7502419265827,60.1086468656421,280.022696516538
256,9,697.34903906134,9,-45,3.01914476126302,33.5282427240155,-57.8939097820338,45.5829874227309,488.057475878697
256,10,792.27881051519,9,-30,3.01914476126302,41.9446483163549,-42.1673917058151,31.294788991269,677.007057849539
256,11,841.164217318199,9,-15,3.01914476126302,47.8485482642382,-22.6519860834436,17.8782615302291,800.545195449452
256,12,841.164217318199,9,0,3.01914476126302,50.019144761263,0,9.98085523873699,828.433803102492
256,13,792.27881051519,9,15,3.01914476126302,47.8485482642382,22.6519860834436,17.8782615302291,754.020418553317
256,14,697.34903906134,9,30,3.01914476126302,41.9446483163549,42.1673917058151,31.294788991269,595.88899130361
256,15,561.891876217867,9,45,3.01914476126302,33.5282427240155,57.8939097820338,45.5829874227309,393.254332425509
256,16,393.77959992248,9,60,3.01914476126302,23.6463306244775,70.7502419265827,60.1086468656421,196.24278276759
256,17,202.782284610206,9,75,3.01914476126302,12.9997108652057,81.8727409616369,74.7112541917029,53.4703595582444
256,18,1.03769503141791e-13,9,90,3.01914476126302,2.05854187522814,87.7909865348379,87.1128918354062,5.22668536842505e-15
256,19,0,9,105,3.01914476126302,-8.80690483214014,77.4464560559164,91.44389823647,0
256,20,0,9,120,3.01914476126302,-19.2231800149802,66.332498389696,95.4867019201422,0
256,21,0,9,135,3.01914476126302,-28.7185042521936,53.6265053051619,98.9796027522567,0
256,22,0,9,150,3.01914476126302,-36.6247174921182,38.4726870291202,101.682117169984,0
256,23,0,9,165,3.01914476126302,-42.0309768706379,20.3626763182583,103.39418485112,0
257,0,0,9,-180,2.61840371700375,-44.3815962829963,-9.80748453315356e-15,104.381596282996,0
257,1,0,9,-165,2.61840371700375,-42.4184043552781,-20.5010092757191,103.793709600899,0
257,2,0,9,-150,2.61840371700375,-36.9812253394596,-38.7012603166246,102.078361479656,0
257,3,0,9,-135,2.61840371700375,-29.0418884221785,-53.8967991174101,99.3714578437243,0
257,4,0,9,-120,2.61840371700375,-19.5201741082474,-66.6176947093019,95.8742528044132,0
257,5,0,9,-105,2.61840371700375,-9.08701715680701,-77.7365704111952,91.8283130541059,0
257,6,202.96279720674,9,-90,2.61840371700375,1.78541446103557,-88.0844005815897,87.4960826328168,8.86697640415566
257,7,394.130134379576,9,-75,2.61840371700375,12.7235384218163,-81.5748847659827,74.799424750266,103.340474840591
257,8,562.392060747018,9,-60,2.61840371700375,23.3565238869882,-70.4484292147594,60.2013827780148,279.482432003351
257,9,697.969804755809,9,-45,2.61840371700375,33.2135812817907,-57.5967608938233,45.6899366749974,487.560509755704
257,10,792.984080729206,9,-30,2.61840371700375,41.5953813683079,-41.903944869182,31.4358252705702,676.593730715672
257,11,841.913004310475,9,-15,2.61840371700375,47.4639565603822,-22.4847920371475,18.1096832333238,800.207338638121
257,12,841.913004310475,9,0,2.61840371700375,49.6184037170038,0,10.3815962829963,828.130386487973
257,13,792.984080729206,9,15,2.61840371700375,47.4639565603822,22.4847920371475,18.1096832333238,753.702196751803
257,14,697.969804755809,9,30,2.61840371700375,41.5953813683079,41.903944869182,31.4358252705702,595.525188465778
257,15,562.392060747018,9,45,2.61840371700375,33.2135812817907,57.5967608938233,45.6899366749974,392.853899913777
257,16,394.130134379576,9,60,2.61840371700375,23.3565238869882,70.4484292147594,60.2013827780148,195.864159845887
257,17,202.962797206741,9,75,2.61840371700375,12.7235384218163,81.5748847659827,74.799424750266,53.2166155509425
257,18,1.03861876607695e-13,9,90,2.61840371700375,1.78541446103557,88.0844005815897,87.4960826328168,4.53748579466846e-15
257,19,0,9,105,2.61840371700375,-9.08701715680701,77.7365704111952,91.8283130541059,0
257,20,0,9,120,2.61840371700375,-19.5201741082474,66.6176947093019,95.8742528044132,0
257,21,0,9,135,2.61840371700375,-29.0418884221785,53.8967991174101,99.3714578437243,0
257,22,0,9,150,2.61840371700375,-36.9812253394596,38.7012603166246,102.078361479656,0
257,23,0,9,165,2.61840371700375,-42.4184043552781,20.5010092757191,103.793709600899,0
258,0,0,9,-180,2.2168867832133,-44.7831132167867,-9.87837595222346e-15,104.783113216787,0
258,1,0,9,-165,2.2168867832133,-42.8064130771783,-20.6413347282032,104.194003695091,0
258,2,0,9,-150,2.2168867832133,-37.3379798334328,-38.9324332014112,102.475359528461,0
258,3,0,9,-135,2.2168867832133,-29.3653525452869,-54.1693193045693,99.7640512505807,0
258,4,0,9,-120,2.2168867832133,-19.817293189094,-66.904495584515,96.2625353007561,0
258,5,0,9,-105,2.2168867832133,-9.36744169701269,-78.0277016682768,92.2134649865121,0
258,6,203.113306164545,9,-90,2.2168867832133,1.51171132517935,-88.3782952797618,87.8800258671925,7.51358503642541
258,7,394.422405261635,9,-75,2.2168867832133,12.4464983738589,-81.2771017779539,74.8884925057254,102.825294885488
258,8,562.809107832028,9,-60,2.2168867832133,23.0655782575059,-70.1473528839446,60.295820401924,278.884312643538
258,9,698.487390783094,9,-45,2.2168867832133,32.8976074069541,-57.3011744589589,45.7996369695119,486.96420643798
258,10,793.572125480208,9,-30,2.2168867832133,41.2448415549326,-41.6428344222675,31.5811473178276,676.04353905026
258,11,842.537332761722,9,-15,2.2168867832133,47.0783800321206,-22.3197107113711,18.3472110998427,799.708151427125
258,12,842.537332761722,9,0,2.2168867832133,49.2168867832133,0,10.7831132167867,827.660175003972
258,13,793.572125480208,9,15,2.2168867832133,47.0783800321206,22.3197107113711,18.3472110998427,753.232020487038
258,14,698.487390783094,9,30,2.2168867832133,41.2448415549326,41.6428344222675,31.5811473178276,595.040920018759
258,15,562.809107832028,9,45,2.2168867832133,32.8976074069541,57.3011744589589,45.7996369695119,392.373426045996
258,16,394.422405261635,9,60,2.2168867832133,23.0655782575059,70.1473528839446,60.295820401924,195.444991653247
258,17,203.113306164545,9,75,2.2168867832133,12.4464983738589,81.2771017779539,74.8884925057254,52.9513164640881
258,18,1.03938896352293e-13,9,90,2.2168867832133,1.51171132517935,88.3782952797618,87.8800258671925,3.84491666785483e-15
258,19,0,9,105,2.2168867832133,-9.36744169701269,78.0277016682768,92.2134649865121,0
258,20,0,9,120,2.2168867832133,-19.817293189094,66.904495584515,96.2625353007561,0
258,21,0,9,135,2.2168867832133,-29.3653525452869,54.1693193045693,99.7640512505807,0
258,22,0,9,150,2.2168867832133,-37.3379798334328,38.9324332014112,102.475359528461,0
258,23,0,9,165,2.2168867832133,-42.8064130771783,20.6413347282032,104.194003695091,0
259,0,0,9,-180,1.8147129380247,-45.1852870619753,-9.95037882192044e-15,105.185287061975,0
259,1,0,9,-165,1.8147129380247,-43.1948826839923,-20.7836652236178,104.59494835329,0
259,2,0,9,-150,1.8147129380247,-37.6948628131834,-39.1661949213105,102.872993105713,0
259,3,0,9,-135,1.8147129380247,-29.6887870181267,-54.4440250291125,100.157265607895,0
259,4,0,9,-120,1.8147129380247,-20.1144376504335,-67.1928414237842,96.6514329709973,0
259,5,0,9,-105,1.8147129380247,-9.64808649347633,-78.3197806976377,92.599238346784,0
259,6,203.233766884567,9,-90,1.8147129380247,1.23752055094628,-88.672596539202,88.2646061980908,6.15467141642379
259,7,394.656325962488,9,-75,1.8147129380247,12.1686792441591,-80.9794684403883,74.9784298712833,102.288079751812
259,8,563.142893892846,9,-60,1.8147129380247,22.7735874086101,-69.84708766433,60.3919312127114,278.228805283162
259,9,698.901643771284,9,-45,1.8147129380247,32.5804244076673,-57.0072132913035,45.9120502017589,486.269029329478
259,10,794.042770517846,9,-30,1.8147129380247,40.8931432383484,-41.3840923977029,31.7306777306982,675.356908225373
259,11,843.037017669946,9,-15,1.8147129380247,46.691938318918,-22.1567378658956,18.5905872519546,799.048017949507
259,12,843.037017669946,9,0,1.8147129380247,48.8147129380247,0,11.1852870619753,827.023529765507
259,13,794.042770517846,9,15,1.8147129380247,46.691938318918,22.1567378658956,18.5905872519546,752.610251567651
259,14,698.901643771284,9,30,1.8147129380247,40.8931432383484,41.3840923977029,31.7306777306982,594.436560367118
259,15,563.142893892846,9,45,1.8147129380247,32.5804244076673,57.0072132913035,45.9120502017589,391.813284211821
259,16,394.656325962488,9,60,1.8147129380247,22.7735874086101,69.84708766433,60.3919312127114,194.985605360189
259,17,203.233766884567,9,75,1.8147129380247,12.1686792441591,80.9794684403883,74.9784298712833,52.6746700553983
259,18,1.04000539552974e-13,9,90,1.8147129380247,1.23752055094628,88.672596539202,88.2646061980908,3.14952164638517e-15
259,19,0,9,105,1.8147129380247,-9.64808649347633,78.3197806976377,92.599238346784,0
259,20,0,9,120,1.8147129380247,-20.1144376504335,67.1928414237842,96.6514329709973,0
259,21,0,9,135,1.8147129380247,-29.6887870181267,54.4440250291125,100.157265607895,0
259,22,0,9,150,1.8147129380247,-37.6948628131834,39.1661949213105,102.872993105713,0
259,23,0,9,165,1.8147129380247,-43.1948826839923,20.7836652236178,104.59494835329,0
260,0,0,9,-180,1.41200135422785,-45.5879986457722,-1.00235046620875e-14,105.587998645772,0
260,1,0,9,-165,1.41200135422785,-43.583692651437,-20.9280130066863,104.99642460288,0
260,2,0,9,-150,1.41200135422785,-38.051756129267,-39.4025334897976,103.271143814039,0
260,3,0,9,-135,1.41200135422785,-30.0120824398555,-54.7208739972467,100.550983368123,0
260,4,0,9,-120,1.41200135422785,-20.4115080888933,-67.482671568361,97.0408291923035,0
260,5,0,9,-105,1.41200135422785,-9.92885961552649,-78.6127378609158,92.9855172535015,0
260,6,203.324143671695,9,-90,1.41200135422785,0.96293046581954,-88.9672303409136,88.6497080756686,4.79130466708864
260,7,394.831827166382,9,-75,1.41200135422785,11.8901700975521,-80.6820604946449,75.0692082898082,101.72925046864
260,8,563.393320021456,9,-60,1.41200135422785,22.4806457972306,-69.5477068430454,60.4896846783534,277.516421164789
260,9,699.212440968279,9,-45,1.41200135422785,32.2621364445537,-56.7149379967419,46.0271347866372,485.47551750231
260,10,794.395876379837,9,-30,1.41200135422785,40.5404014158594,-41.1277484547166,31.8843333501116,674.534367513471
260,11,843.411910967722,9,-15,1.41200135422785,46.3047513587502,-21.9958681010875,18.8395515370764,798.227444617373
260,12,843.411910967722,9,0,1.41200135422785,48.4120013542279,0,11.5879986457721,826.220938248638
260,13,794.395876379837,9,15,1.41200135422785,46.3047513587502,21.9958681010875,18.8395515370764,751.837366974918
260,14,699.212440968279,9,30,1.41200135422785,40.5404014158594,41.1277484547166,31.8843333501116,593.71257536661
260,15,563.393320021457,9,45,1.41200135422785,32.2621364445537,56.7149379967419,46.0271347866372,391.173908770839
260,16,394.831827166382,9,60,1.41200135422785,22.4806457972306,69.5477068430454,60.4896846783534,194.486359250755
260,17,203.324143671695,9,75,1.41200135422785,11.8901700975521,80.6820604946449,75.0692082898082,52.3868931396541
260,18,1.04046787943527e-13,9,90,1.41200135422785,0.96293046581954,88.9672303409136,88.6497080756686,2.45184783108865e-15
260,19,0,9,105,1.41200135422785,-9.92885961552649,78.6127378609158,92.9855172535015,0
260,20,0,9,120,1.41200135422785,-20.4115080888933,67.482671568361,97.0408291923035,0
260,21,0,9,135,1.41200135422785,-30.0120824398555,54.7208739972467,100.550983368123,0
260,22,0,9,150,1.41200135422785,-38.051756129267,39.4025334897976,103.271143814039,0
260,23,0,9,165,1.41200135422785,-43.583692651437,20.9280130066863,104.99642460288,0
261,0,0,9,-180,1.00887136395626,-45.9911286360438,-1.00977650051121e-14,105.991128636044,0
261,1,0,9,-165,1.00887136395626,-43.9727223239771,-21.0743899613692,105.398313314587,0
261,2,0,9,-150,1.00887136395626,-38.4085416965753,-39.6414356065317,103.669693105551,0
261,3,0,9,-135,1.00887136395626,-30.3351296692899,-54.9998223923301,100.945086837992,0
261,4,0,9,-120,1.00887136395626,-20.7084053574202,-67.7739242556693,97.4306071946388,0
261,5,0,9,-105,1.00887136395626,-10.2096692079313,-78.9065029918185,93.3721856685339,0
261,6,203.384409745336,9,-90,1.00887136395626,0.688029597481025,-89.2621227247837,89.0352157786226,3.42455933714008
261,7,394.948856868523,9,-75,1.00887136395626,11.6110604952211,-80.3849529950104,75.1607982521382,101.149245181784
261,8,563.560312011194,9,-60,1.00887136395626,22.1868486126248,-69.2492822937369,60.5890482851588,276.747715419418
261,9,699.419690278162,9,-45,1.00887136395626,31.942848470467,-56.4244070404601,46.1448457188444,484.584285241036
261,10,794.631338433294,9,-30,1.00887136395626,40.1867316597178,-40.8738299971145,32.0420254865337,673.576549722079
261,11,843.661901566077,9,-15,1.00887136395626,45.9169393431885,-21.8370949579719,19.0938424182523,797.247059835746
261,12,843.661901566077,9,0,1.00887136395626,48.0088713639563,0,11.9911286360437,825.253014039026
261,13,794.631338433295,9,15,1.00887136395626,45.9169393431885,21.8370949579719,19.0938424182523,750.913958593246
261,14,699.419690278162,9,30,1.00887136395626,40.1867316597178,40.8738299971145,32.0420254865337,592.86952200262
261,15,563.560312011195,9,45,1.00887136395626,31.942848470467,56.4244070404601,46.1448457188444,390.455794685377
261,16,394.948856868523,9,60,1.00887136395626,22.1868486126248,69.2492822937369,60.5890482851588,193.947642366454
261,17,203.384409745336,9,75,1.00887136395626,11.6110604952211,80.3849529950104,75.1607982521382,52.0882113461386
261,18,1.04077627819555e-13,9,90,1.00887136395626,0.688029597481025,89.2621227247837,89.0352157786226,1.75244509932267e-15
261,19,0,9,105,1.00887136395626,-10.2096692079313,78.9065029918185,93.3721856685339,0
261,20,0,9,120,1.00887136395626,-20.7084053574202,67.7739242556693,97.4306071946388,0
261,21,0,9,135,1.00887136395626,-30.3351296692899,54.9998223923301,100.945086837992,0
261,22,0,9,150,1.00887136395626,-38.4085416965753,39.6414356065317,103.669693105551,0
261,23,0,9,165,1.00887136395626,-43.9727223239771,21.0743899613692,105.398313314587,0
262,0,0,9,-180,0.605442423326256,-46.3945575766737,-1.01731713699362e-14,106.394557576674,0
262,1,0,9,-165,0.605442423326256,-44.3618509559128,-21.2228075496446,105.800495238094,0
262,2,0,9,-150,0.605442423326256,-38.7651015480502,-39.882886564704,104.068522318081,0
262,3,0,9,-135,0.605442423326256,-30.6578198825534,-55.2808248074417,101.339458215457,0
262,4,0,9,-120,0.605442423326256,-21.0050306180972,-68.0665365827647,97.8206500983062,0
262,5,0,9,-105,0.605442423326256,-10.4904235378625,-79.2010053770478,93.7591274349305,0
262,6,203.414547247353,9,-90,0.605442423326256,0.412906629572893,-89.5571997769149,89.4210134522106,2.05551408955255
262,7,395.007380390485,9,-75,0.605442423326256,11.3314404486577,-80.0882203240379,75.2531693167079,100.548518652197
262,8,563.643820378729,9,-60,0.605442423326256,21.892291724001,-68.9518845075107,60.689987566408,275.923286480372
262,9,699.523330288489,9,-45,0.605442423326256,31.622666170301,-56.1356768150663,46.2651346389938,483.59602145341
262,10,794.74908690573,9,-30,0.605442423326256,39.832250057522,-40.6223622889633,32.2036601546959,672.484190644763
262,11,843.786915387401,9,-15,0.605442423326256,45.5286226729248,-21.6804110134901,19.3531977790198,796.107613500049
262,12,843.786915387401,9,0,0.605442423326256,47.6054424233263,0,12.3945575766738,824.120496356836
262,13,794.74908690573,9,15,0.605442423326256,45.5286226729248,21.6804110134901,19.3531977790198,749.84073273686
262,14,699.523330288489,9,30,0.605442423326256,39.832250057522,40.6223622889633,32.2036601546959,591.908047906927
262,15,563.64382037873,9,45,0.605442423326256,31.622666170301,56.1356768150663,46.2651346389938,389.659497045712
262,16,395.007380390485,9,60,0.605442423326256,21.892291724001,68.9518845075107,60.689987566408,193.369874095507
262,17,203.414547247353,9,75,0.605442423326256,11.3314404486577,80.0882203240379,75.2531693167079,51.7788588603326
262,18,1.04093050042538e-13,9,90,0.605442423326256,0.412906629572893,89.5571997769149,89.4210134522106,1.05186543382639e-15
262,19,0,9,105,0.605442423326256,-10.4904235378625,79.2010053770478,93.7591274349305,0
262,20,0,9,120,0.605442423326256,-21.0050306180972,68.0665365827647,97.8206500983062,0
262,21,0,9,135,0.605442423326256,-30.6578198825534,55.2808248074417,101.339458215457,0
262,22,0,9,150,0.605442423326256,-38.7651015480502,39.882886564704,104.068522318081,0
262,23,0,9,165,0.605442423326256,-44.3618509559128,21.2228075496446,105.800495238094,0
263,0,0,9,-180,0.201834077039745,-46.7981659229603,-1.02497352339734e-14,106.79816592296,0
263,1,0,9,-165,0.201834077039745,-44.7509577528752,-21.3732767465083,106.202851037692,0
263,2,0,9,-150,0.201834077039745,-39.1213178891821,-40.1268701552252,104.467512711471,0
263,3,0,9,-135,0.201834077039745,-30.98004463122,-55.5638341772478,101.733979626727,0
263,4,0,9,-120,0.201834077039745,-21.3012853951175,-68.3604444700081,98.2108409515594,0
263,5,0,9,-105,0.201834077039745,-10.7710310419404,-79.4961737373389,94.1462263148774,0
263,6,203.414547247353,9,-90,0.201834077039745,0.137650357271723,-89.8523876166481,89.8069851463349,0.685250382201474
263,7,395.007380390485,9,-75,0.201834077039745,11.0514003733047,-79.7919362087126,75.346290130455,99.9275417246461
263,8,563.64382037873,9,-60,0.201834077039745,21.5970716278589,-68.6555826250864,60.7924661338487,275.043775420011
263,9,699.523330288489,9,-45,0.201834077039745,31.3016959009118,-55.8488017093197,46.3879499051804,482.511488948293
263,10,794.74908690573,9,-30,0.201834077039745,39.4770731532827,-40.373368567802,32.3691383153975,671.258128328874
263,11,843.786915387401,9,-15,0.201834077039745,45.1399219137347,-21.5258079710532,19.617355645232,794.809976277495
263,12,843.786915387401,9,0,0.201834077039745,47.2018340770398,0,12.7981659229603,822.824249358183
263,13,794.74908690573,9,15,0.201834077039745,45.1399219137347,21.5258079710532,19.617355645232,748.618509472962
263,14,699.523330288489,9,30,0.201834077039745,39.4770731532827,40.373368567802,32.3691383153975,590.828890713188
263,15,563.64382037873,9,45,0.201834077039745,31.3016959009118,55.8488017093197,46.3879499051804,388.785630488243
263,16,395.007380390485,9,60,0.201834077039745,21.5970716278589,68.6555826250864,60.7924661338487,192.753503708008
263,17,203.414547247353,9,75,0.201834077039745,11.0514003733047,79.7919362087126,75.346290130455,51.4590781503016
263,18,1.04093050042538e-13,9,90,0.201834077039745,0.137650357271723,89.8523876166481,89.8069851463349,3.5066224756988e-16
263,19,0,9,105,0.201834077039745,-10.7710310419404,79.4961737373389,94.1462263148774,0
263,20,0,9,120,0.201834077039745,-21.3012853951175,68.3604444700081,98.2108409515594,0
263,21,0,9,135,0.201834077039745,-30.98004463122,55.5638341772478,101.733979626727,0
263,22,0,9,150,0.201834077039745,-39.1213178891821,40.1268701552252,104.467512711471,0
263,23,0,9,165,0.201834077039745,-44.7509577528752,21.3732767465083,106.202851037692,0
264,0,0,9,-180,-0.201834077039728,-47.2018340770397,-1.03274680028167e-14,107.20183407704,0
264,1,0,9,-165,-0.201834077039728,-45.1399219137347,-21.5258079710532,106.605261327964,0
264,2,0,9,-150,-0.201834077039728,-39.4770731532827,-40.373368567802,104.866545503908,0
264,3,0,9,-135,-0.201834077039728,-31.3016959009118,-55.8488017093197,102.128533163344,0
264,4,0,9,-120,-0.201834077039728,-21.5970716278588,-68.6555826250863,98.6010627682677,0
264,5,0,9,-105,-0.201834077039728,-11.0514003733047,-79.7919362087126,94.5333660277053,0
264,6,203.384409745336,9,-90,-0.201834077039728,-0.137650357271706,-89.8523876166481,90.0454026992821,0
264,7,394.948856868523,9,-75,-0.201834077039728,10.7710310419404,-79.4961737373389,75.4401284509625,99.2868007676051
264,8,563.560312011195,9,-60,-0.201834077039728,21.3012853951175,-68.3604444700082,60.8964457119536,274.10986521032
264,9,699.419690278162,9,-45,-0.201834077039728,30.98004463122,-55.5638341772478,46.5132366697009,481.33152358176
264,10,794.631338433295,9,-30,-0.201834077039728,39.1213178891821,-40.1268701552252,32.5383561230089,669.899302161008
264,11,843.661901566077,9,-15,-0.201834077039728,44.7509577528753,-21.3732767465083,19.8860548272245,793.355138673216
264,12,843.661901566077,9,0,-0.201834077039728,46.7981659229603,0,13.2018340770398,821.365261213921
264,13,794.631338433295,9,15,-0.201834077039728,44.7509577528753,21.3732767465083,19.8860548272245,747.248221742124
264,14,699.419690278162,9,30,-0.201834077039728,39.1213178891821,40.1268701552252,32.5383561230089,589.632877251972
264,15,563.560312011195,9,45,-0.201834077039728,30.98004463122,55.5638341772478,46.5132366697009,387.834868507462
264,16,394.948856868523,9,60,-0.201834077039728,21.3012853951175,68.3604444700082,60.8964457119536,192.099009837744
264,17,203.384409745336,9,75,-0.201834077039728,10.7710310419404,79.4961737373389,75.4401284509625,51.1291196782586
264,18,1.04077627819555e-13,9,90,-0.201834077039728,-0.137650357271706,89.8523876166481,90.0454026992821,0
264,19,0,9,105,-0.201834077039728,-11.0514003733047,79.7919362087126,94.5333660277053,0
264,20,0,9,120,-0.201834077039728,-21.5970716278588,68.6555826250863,98.6010627682677,0
264,21,0,9,135,-0.201834077039728,-31.3016959009118,55.8488017093197,102.128533163344,0
264,22,0,9,150,-0.201834077039728,-39.4770731532827,40.373368567802,104.866545503908,0
264,23,0,9,165,-0.201834077039728,-45.1399219137347,21.5258079710532,106.605261327964,0
265,0,0,9,-180,-0.605442423326238,-47.6054424233262,-1.04063809776189e-14,107.605442423326,0
265,1,0,9,-165,-0.605442423326238,-45.5286226729248,-21.6804110134901,107.007606709493,0
265,2,0,9,-150,-0.605442423326238,-39.832250057522,-40.6223622889633,105.26550190829,0
265,3,0,9,-135,-0.605442423326238,-31.6226661703009,-56.1356768150663,102.523000919296,0
265,4,0,9,-120,-0.605442423326238,-21.892291724001,-68.9518845075107,98.99119856562,0
265,5,0,9,-105,-0.605442423326238,-11.3314404486577,-80.0882203240379,94.9204302879313,0
265,6,203.324143671695,9,-90,-0.605442423326238,-0.412906629572876,-89.5571997769149,90.1361925051336,0
265,7,394.831827166382,9,-75,-0.605442423326238,10.4904235378625,-79.2010053770478,75.5346511697904,98.6267970853382
265,8,563.393320021456,9,-60,-0.605442423326238,21.0050306180973,-68.0665365827647,61.0018861748454,273.122279908658
265,9,699.212440968279,9,-45,-0.605442423326238,30.6578198825534,-55.2808248074417,46.6409369606198,480.057033272805
265,10,794.395876379837,9,-30,-0.605442423326238,38.7651015480502,-39.882886564704,32.7112051773489,668.408751771616
265,11,843.411910967722,9,-15,-0.605442423326238,44.3618509559128,-21.2228075496446,20.1590354864138,791.744209882563
265,12,843.411910967722,9,0,-0.605442423326238,46.3945575766738,0,13.6054424233262,819.744642967154
265,13,794.395876379837,9,15,-0.605442423326238,44.3618509559128,21.2228075496446,20.1590354864138,745.730914277296
265,14,699.212440968279,9,30,-0.605442423326238,38.7651015480502,39.882886564704,32.7112051773489,588.32092258662
265,15,563.393320021457,9,45,-0.605442423326238,30.6578198825534,55.2808248074417,46.6409369606198,386.80794266286
265,16,394.831827166382,9,60,-0.605442423326238,21.0050306180973,68.0665365827647,61.0018861748454,191.406899911551
265,17,203.324143671695,9,75,-0.605442423326238,10.4904235378625,79.2010053770478,75.5346511697904,50.7892415978107
265,18,1.04046787943527e-13,9,90,-0.605442423326238,-0.412906629572876,89.5571997769149,90.1361925051336,0
265,19,0,9,105,-0.605442423326238,-11.3314404486577,80.0882203240379,94.9204302879313,0
265,20,0,9,120,-0.605442423326238,-21.892291724001,68.9518845075107,98.99119856562,0
265,21,0,9,135,-0.605442423326238,-31.6226661703009,56.1356768150663,102.523000919296,0
265,22,0,9,150,-0.605442423326238,-39.832250057522,40.6223622889633,105.26550190829,0
265,23,0,9,165,-0.605442423326238,-45.5286226729248,21.6804110134901,107.007606709493,0
266,0,0,9,-180,-1.00887136395624,-48.0088713639563,-1.04864853200219e-14,108.008871363956,0
266,1,0,9,-165,-1.00887136395624,-45.9169393431885,-21.8370949579719,107.409767804573,0
266,2,0,9,-150,-1.00887136395624,-40.1867316597178,-40.8738299971145,105.664263168605,0
266,3,0,9,-135,-1.00887136395624,-31.942848470467,-56.4244070404601,102.917265028155,0
266,4,0,9,-120,-1.00887136395624,-22.1868486126248,-69.2492822937369,99.3811314018512,0
266,5,0,9,-105,-1.00887136395624,-11.6110604952211,-80.3849529950104,95.3073028433175,0
266,6,203.233766884567,9,-90,-1.00887136395624,-0.688029597481008,-89.2621227247832,90.2269355432274,0
266,7,394.656325962488,9,-75,-1.00887136395624,10.2096692079313,-78.9065029918185,75.6298243369487,97.9480463032816
266,8,563.142893892846,9,-60,-1.00887136395624,20.7084053574202,-67.7739242556693,61.1087455857829,272.081783770119
266,9,698.901643771284,9,-45,-1.00887136395624,30.3351296692899,-54.9998223923301,46.7709897678682,478.688996890401
266,10,794.042770517846,9,-30,-1.00887136395624,38.4085416965753,-39.6414356065317,32.8875727786543,666.787615760696
266,11,843.037017669946,9,-15,-1.00887136395624,43.9727223239772,-21.0743899613692,20.4360396309143,789.978416431589
266,12,843.037017669946,9,0,-1.00887136395624,45.9911286360438,0,14.0088713639563,817.963627171469
266,13,794.042770517846,9,15,-1.00887136395624,43.9727223239772,21.0743899613692,20.4360396309143,744.067742323294
266,14,698.901643771284,9,30,-1.00887136395624,38.4085416965753,39.6414356065317,32.8875727786543,586.894028891624
266,15,563.142893892846,9,45,-1.00887136395624,30.3351296692899,54.9998223923301,46.7709897678682,385.705641682166
266,16,394.656325962488,9,60,-1.00887136395624,20.7084053574202,67.7739242556693,61.1087455857829,190.67770952725
266,17,203.233766884567,9,75,-1.00887136395624,10.2096692079313,78.9065029918185,75.6298243369487,50.4397094374512
266,18,1.04000539552974e-13,9,90,-1.00887136395624,-0.688029597481008,89.2621227247832,90.2269355432274,0
266,19,0,9,105,-1.00887136395624,-11.6110604952211,80.3849529950104,95.3073028433175,0
266,20,0,9,120,-1.00887136395624,-22.1868486126248,69.2492822937369,99.3811314018512,0
266,21,0,9,135,-1.00887136395624,-31.942848470467,56.4244070404601,102.917265028155,0
266,22,0,9,150,-1.00887136395624,-40.1867316597178,40.8738299971145,105.664263168605,0
266,23,0,9,165,-1.00887136395624,-45.9169393431885,21.8370949579719,107.409767804573,0
267,0,0,9,-180,-1.41200135422783,-48.4120013542279,-1.05677920145062e-14,108.412001354228,0
267,1,0,9,-165,-1.41200135422783,-46.3047513587502,-21.9958681010875,107.811625292924,0
267,2,0,9,-150,-1.41200135422783,-40.5404014158594,-41.1277484547166,106.062710596324,0
267,3,0,9,-135,-1.41200135422783,-32.2621364445537,-56.7149379967419,103.311207700228,0
267,4,0,9,-120,-1.41200135422783,-22.4806457972306,-69.5477068430454,99.7707444139761,0
267,5,0,9,-105,-1.41200135422783,-11.8901700975521,-80.6820604946449,95.6938675129287,0
267,6,203.113306164545,9,-90,-1.41200135422783,-0.962930465819523,-88.9672303409136,90.3176006696431,0
267,7,394.422405261635,9,-75,-1.41200135422783,9.9288596155265,-78.6127378609158,75.72561318646,97.2510777278583
267,8,562.809107832028,9,-60,-1.41200135422783,20.4115080888933,-67.4826715683611,61.2169802391043,270.989180288184
267,9,698.487390783094,9,-45,-1.41200135422783,30.0120824398555,-54.7208739972467,46.9033311335497,477.22846301402
267,10,793.572125480208,9,-30,-1.41200135422783,38.051756129267,-39.4025334897976,33.0673421844192,665.037130246969
267,11,842.537332761723,9,-15,-1.41200135422783,43.5836926514371,-20.9280130066863,20.7168115450811,788.059100608271
267,12,842.537332761723,9,0,-1.41200135422783,45.5879986457722,0,14.4120013542278,816.023566312468
267,13,793.572125480208,9,15,-1.41200135422783,43.5836926514371,20.9280130066863,20.7168115450811,742.259970159198
267,14,698.487390783094,9,30,-1.41200135422783,38.051756129267,39.4025334897976,33.0673421844192,585.353284175639
267,15,562.809107832028,9,45,-1.41200135422783,30.0120824398555,54.7208739972467,46.9033311335497,384.528810462632
267,16,394.422405261635,9,60,-1.41200135422783,20.4115080888933,67.4826715683611,61.2169802391043,189.912001781329
267,17,203.113306164545,9,75,-1.41200135422783,9.9288596155265,78.6127378609158,75.72561318646,50.0807957708882
267,18,1.03938896352293e-13,9,90,-1.41200135422783,-0.962930465819523,88.9672303409136,90.3176006696431,0
267,19,0,9,105,-1.41200135422783,-11.8901700975521,80.6820604946449,95.6938675129287,0
267,20,0,9,120,-1.41200135422783,-22.4806457972306,69.5477068430454,99.7707444139761,0
267,21,0,9,135,-1.41200135422783,-32.2621364445537,56.7149379967419,103.311207700228,0
267,22,0,9,150,-1.41200135422783,-40.5404014158594,41.1277484547166,106.062710596324,0
267,23,0,9,165,-1.41200135422783,-46.3047513587502,21.9958681010875,107.811625292924,0
268,0,0,9,-180,-1.81471293802469,-48.8147129380247,-1.06503118280329e-14,108.814712938025,0
268,1,0,9,-165,-1.81471293802469,-46.691938318918,-22.1567378658956,108.213059947394,0
268,2,0,9,-150,-1.81471293802469,-40.8931432383483,-41.3840923977028,106.46072560678,0
268,3,0,9,-135,-1.81471293802469,-32.5804244076673,-57.0072132913035,103.7047112597,0
268,4,0,9,-120,-1.81471293802469,-22.7735874086101,-69.84708766433,100.159920855515,0
268,5,0,9,-105,-1.81471293802469,-12.1686792441591,-80.9794684403883,96.0800082251737,0
268,6,202.96279720674,9,-90,-1.81471293802469,-1.23752055094627,-88.672596539202,90.4081567922732,0
268,7,394.130134379576,9,-75,-1.81471293802469,9.64808649347634,-78.3197806976377,75.8219821629615,96.5364336819525
268,8,562.392060747018,9,-60,-1.81471293802469,20.1144376504336,-67.1928414237842,61.3265447045134,269.845311165534
268,9,697.969804755809,9,-45,-1.81471293802469,29.6887870181268,-54.4440250291125,47.0378942461294,475.676548570038
268,10,792.984080729206,9,-30,-1.81471293802469,37.6948628131834,-39.1661949213105,33.2503928669474,663.158627243444
268,11,841.913004310475,9,-15,-1.81471293802469,43.1948826839923,-20.7836652236178,21.0010981580608,785.987718687639
268,12,841.913004310475,9,0,-1.81471293802469,45.1852870619753,0,14.8147129380247,813.925931015763
268,13,792.984080729206,9,15,-1.81471293802469,43.1948826839923,20.7836652236178,21.0010981580608,740.308969426627
268,14,697.969804755809,9,30,-1.81471293802469,37.6948628131834,39.1661949213105,33.2503928669474,583.699860851683
268,15,562.392060747018,9,45,-1.81471293802469,29.6887870181268,54.4440250291125,47.0378942461294,383.278348972311
268,16,394.130134379576,9,60,-1.81471293802469,20.1144376504336,67.1928414237842,61.3265447045134,189.110366547674
268,17,202.962797206741,9,75,-1.81471293802469,9.64808649347634,78.3197806976377,75.8219821629615,49.7127798748378
268,18,1.03861876607695e-13,9,90,-1.81471293802469,-1.23752055094627,88.672596539202,90.4081567922732,0
268,19,0,9,105,-1.81471293802469,-12.1686792441591,80.9794684403883,96.0800082251737,0
268,20,0,9,120,-1.81471293802469,-22.7735874086101,69.84708766433,100.159920855515,0
268,21,0,9,135,-1.81471293802469,-32.5804244076673,57.0072132913035,103.7047112597,0
268,22,0,9,150,-1.81471293802469,-40.8931432383483,41.3840923977028,106.46072560678,0
268,23,0,9,165,-1.81471293802469,-46.691938318918,22.1567378658956,108.213059947394,0
269,0,0,9,-180,-2.21688678321329,-49.2168867832133,-1.07340552668405e-14,109.216886783213,0
269,1,0,9,-165,-2.21688678321329,-47.0783800321206,-22.3197107113711,108.613952669635,0
269,2,0,9,-150,-2.21688678321329,-41.2448415549326,-41.6428344222675,106.858189755535,0
269,3,0,9,-135,-2.21688678321329,-32.8976074069541,-57.3011744589589,104.097658181761,0
269,4,0,9,-120,-2.21688678321329,-23.0655782575059,-70.1473528839446,100.548544134191,0
269,5,0,9,-105,-2.21688678321329,-12.4464983738589,-81.2771017779539,96.4656090558119,0
269,6,202.782284610206,9,-90,-2.21688678321329,-1.51171132517933,-88.3782952797618,90.4985728914167,0
269,7,393.77959992248,9,-75,-2.21688678321329,9.3674416970127,-78.0277016682768,75.9188949492913,95.8046688173287
269,8,561.891876217867,9,-60,-2.21688678321329,19.817293189094,-66.904495584515,61.4373918735953,268.651055217062
269,9,697.34903906134,9,-45,-2.21688678321329,29.3653525452869,-54.1693193045693,47.1746095381722,474.034437346814
269,10,792.27881051519,9,-30,-2.21688678321329,37.3379798334328,-38.9324332014112,33.4366007705278,661.153532862706
269,11,841.164217318199,9,-15,-2.21688678321329,42.8064130771783,-20.6413347282032,21.2886493564788,783.765838954476
269,12,841.164217318199,9,0,-2.21688678321329,44.7831132167867,0,15.2168867832133,811.67230804518
269,13,792.27881051519,9,15,-2.21688678321329,42.8064130771783,20.6413347282032,21.2886493564788,738.21621726735
269,14,697.34903906134,9,30,-2.21688678321329,37.3379798334328,38.9324332014112,33.4366007705278,581.935014157467
269,15,561.891876217867,9,45,-2.21688678321329,29.3653525452869,54.1693193045693,47.1746095381722,381.955211053576
269,16,393.77959992248,9,60,-2.21688678321329,19.817293189094,66.904495584515,61.4373918735953,188.273419708791
269,17,202.782284610206,9,75,-2.21688678321329,9.3674416970127,78.0277016682768,75.9188949492913,49.3359473749443
269,18,1.03769503141791e-13,9,90,-2.21688678321329,-1.51171132517933,88.3782952797618,90.4985728914167,0
269,19,0,9,105,-2.21688678321329,-12.4464983738589,81.2771017779539,96.4656090558119,0
269,20,0,9,120,-2.21688678321329,-23.0655782575059,70.1473528839446,100.548544134191,0
269,21,0,9,135,-2.21688678321329,-32.8976074069541,57.3011744589589,104.097658181761,0
269,22,0,9,150,-2.21688678321329,-41.2448415549326,41.6428344222675,106.858189755535,0
269,23,0,9,165,-2.21688678321329,-47.0783800321206,22.3197107113711,108.613952669635,0
270,0,0,9,-180,-2.61840371700377,-49.6184037170038,-1.08190325302627e-14,109.618403717004,0
270,1,0,9,-165,-2.61840371700377,-47.4639565603822,-22.4847920371475,109.014184525747,0
270,2,0,9,-150,-2.61840371700377,-41.5953813683079,-41.903944869182,107.254984774715,0
270,3,0,9,-135,-2.61840371700377,-33.2135812817907,-57.5967608938233,104.4899311297,0
270,4,0,9,-120,-2.61840371700377,-23.3565238869882,-70.4484292147595,100.936497849593,0
270,5,0,9,-105,-2.61840371700377,-12.7235384218163,-81.5748847659827,96.8505542659072,0
270,6,202.571821864719,9,-90,-2.61840371700377,-1.78541446103558,-88.0844005815897,90.5888180402395,0
270,7,393.370905761273,9,-75,-2.61840371700377,9.08701715680699,-77.7365704111952,76.0163144950055,95.0563494053425
270,8,561.308702460046,9,-60,-2.61840371700377,19.5201741082473,-66.6176947093019,61.5494730084431,267.407327207319
270,9,696.62527764596,9,-45,-2.61840371700377,29.0418884221785,-53.89679911741,47.3134047873006,472.303378391537
270,10,791.456523824946,9,-30,-2.61840371700377,36.9812253394596,-38.7012603166246,33.6258385672236,659.023365355742
270,11,840.291193666638,9,-15,-2.61840371700377,42.4184043552781,-20.5010092757191,21.5792182463367,781.395139527844
270,12,840.291193666638,9,0,-2.61840371700377,44.3815962829962,0,15.6184037170038,809.264398095454
270,13,791.456523824947,9,15,-2.61840371700377,42.4184043552781,20.5010092757191,21.5792182463367,735.983294274253
270,14,696.62527764596,9,30,-2.61840371700377,36.9812253394596,38.7012603166246,33.6258385672236,580.060080429207
270,15,561.308702460046,9,45,-2.61840371700377,29.0418884221785,53.89679911741,47.3134047873006,380.560403131371
270,16,393.370905761273,9,60,-2.61840371700377,19.5201741082473,66.6176947093019,61.5494730084431,187.401802341077
270,17,202.571821864719,9,75,-2.61840371700377,9.08701715680699,77.7365704111952,76.0163144950055,48.950589880522
270,18,1.03661803326834e-13,9,90,-2.61840371700377,-1.78541446103558,88.0844005815897,90.5888180402395,0
270,19,0,9,105,-2.61840371700377,-12.7235384218163,81.5748847659827,96.8505542659072,0
270,20,0,9,120,-2.61840371700377,-23.3565238869882,70.4484292147595,100.936497849593,0
270,21,0,9,135,-2.61840371700377,-33.2135812817907,57.5967608938233,104.4899311297,0
270,22,0,9,150,-2.61840371700377,-41.5953813683079,41.903944869182,107.254984774715,0
270,23,0,9,165,-2.61840371700377,-47.4639565603822,22.4847920371475,109.014184525747,0
271,0,0,9,-180,-3.01914476126304,-50.019144761263,-1.09052534614253e-14,110.019144761263,0
271,1,0,9,-165,-3.01914476126304,-47.8485482642382,-22.6519860834437,109.413636781877,0
271,2,0,9,-150,-3.01914476126304,-41.9446483163549,-42.1673917058152,107.650992609295,0
271,3,0,9,-135,-3.01914476126304,-33.5282427240156,-57.8939097820338,104.881412991948,0
271,4,0,9,-120,-3.01914476126304,-23.6463306244775,-70.7502419265827,101.323665830774,0
271,5,0,9,-105,-3.01914476126304,-12.9997108652057,-81.8727409616369,97.234728339714,0
271,6,202.331471334933,9,-90,-3.01914476126304,-2.05854187522815,-87.7909865348378,90.6788614250696,0
271,7,392.904173000854,9,-75,-3.01914476126304,8.80690483214012,-77.4464560559164,76.1142030457685,94.292052607345
271,8,560.642712280525,9,-60,-3.01914476126304,19.2231800149802,-66.332498389696,61.6627377922743,266.115076624807
271,9,695.798734975795,9,-45,-3.01914476126304,28.7185042521936,-53.6265053051619,47.4542052200402,470.484684292256
271,10,790.517464319767,9,-30,-3.01914476126304,36.6247174921182,-38.4726870291202,33.8179759103397,656.769732988557
271,11,839.294192051543,9,-15,-3.01914476126304,42.0309768706379,-20.3626763182582,21.8725613690604,778.877405992196
271,12,839.294192051543,9,0,-3.01914476126304,43.980855238737,0,16.019144761263,806.704013384302
271,13,790.517464319767,9,15,-3.01914476126304,42.0309768706379,20.3626763182582,21.8725613690604,733.611882260107
271,14,695.798734975795,9,30,-3.01914476126304,36.6247174921182,38.4726870291202,33.8179759103397,578.076475232657
271,15,560.642712280526,9,45,-3.01914476126304,28.7185042521936,53.6265053051619,47.4542052200402,379.094982828954
271,16,392.904173000854,9,60,-3.01914476126304,19.2231800149802,66.332498389696,61.6627377922743,186.496179855829
271,17,202.331471334933,9,75,-3.01914476126304,8.80690483214012,77.4464560559164,76.1142030457685,48.5570046088402
271,18,1.03538809076604e-13,9,90,-3.01914476126304,-2.05854187522815,87.7909865348378,90.6788614250696,0
271,19,0,9,105,-3.01914476126304,-12.9997108652057,81.8727409616369,97.234728339714,0
271,20,0,9,120,-3.01914476126304,-23.6463306244775,70.7502419265827,101.323665830774,0
271,21,0,9,135,-3.01914476126304,-33.5282427240156,57.8939097820338,104.881412991948,0
271,22,0,9,150,-3.01914476126304,-41.9446483163549,42.1673917058152,107.650992609295,0
271,23,0,9,165,-3.01914476126304,-47.8485482642382,22.6519860834437,109.413636781877,0
272,0,0,9,-180,-3.41899116777107,-50.4189911677711,-1.09927274946826e-14,110.418991167771,0
272,1,0,9,-165,-3.41899116777107,-48.2320358480953,-22.8212958260734,109.812190939758,0
272,2,0,9,-150,-3.41899116777107,-42.2925287329795,-42.4331404060593,108.046095453337,0
272,3,0,9,-135,-3.41899116777107,-33.8414893381292,-58.1925560355541,105.271986919065,0
272,4,0,9,-120,-3.41899116777107,-23.9349056333409,-71.0527148181063,101.709932173779,0
272,5,0,9,-105,-3.41899116777107,-13.2749277684342,-82.1705932072264,97.6180160224755,0
272,6,202.061304241898,9,-90,-3.41899116777107,-2.33100577237087,-87.4981273125945,90.7686723654863,0
272,7,392.379539944214,9,-75,-3.41899116777107,8.52719666425786,-77.1574272421394,76.2125221735615,93.5123657262412
272,8,559.894103026568,9,-60,-3.41899116777107,18.9264106677502,-66.0489651866475,61.7771343819139,264.775286395682
272,9,694.869655973277,9,-45,-3.41899116777107,28.3953097847392,-53.3584773146885,47.596933618223,468.579729348808
272,10,789.46191026325,9,-30,-3.41899116777107,36.2685744115405,-38.2467229629575,34.0128796847153,654.394331761273
272,11,838.173507906008,9,-15,-3.41899116777107,41.6442507633811,-20.2263230588065,22.1684388764376,776.214528840348
272,12,838.173507906009,9,0,-3.41899116777107,43.5810088322289,0,16.4189911677711,803.993075049208
272,13,789.46191026325,9,15,-3.41899116777107,41.6442507633811,20.2263230588065,22.1684388764376,731.10376184916
272,14,694.869655973277,9,30,-3.41899116777107,36.2685744115405,38.2467229629575,34.0128796847153,575.985691355508
272,15,559.894103026569,9,45,-3.41899116777107,28.3953097847392,53.3584773146885,47.596933618223,377.560057494111
272,16,392.379539944214,9,60,-3.41899116777107,18.9264106677502,66.0489651866475,61.7771343819139,185.557241097796
272,17,202.061304241898,9,75,-3.41899116777107,8.52719666425786,77.1574272421394,76.2125221735615,48.1554939997026
272,18,1.0340055683695e-13,9,90,-3.41899116777107,-2.33100577237087,87.4981273125945,90.7686723654863,0
272,19,0,9,105,-3.41899116777107,-13.2749277684342,82.1705932072264,97.6180160224755,0
272,20,0,9,120,-3.41899116777107,-23.9349056333409,71.0527148181063,101.709932173779,0
272,21,0,9,135,-3.41899116777107,-33.8414893381292,58.1925560355541,105.271986919065,0
272,22,0,9,150,-3.41899116777107,-42.2925287329795,42.4331404060593,108.046095453337,0
272,23,0,9,165,-3.41899116777107,-48.2320358480953,22.8212958260734,109.812190939758,0
273,0,0,9,-180,-3.81782445340822,-50.8178244534082,-1.108146359965e-14,110.817824453408,0
273,1,0,9,-165,-3.81782445340822,-48.6143004060366,-22.9927228664493,110.209728772187,0
273,2,0,9,-150,-3.81782445340822,-42.6389097095143,-42.7011538283877,108.440175786153,0
273,3,0,9,-135,-3.81782445340822,-34.1532197013814,-58.4926322273164,105.661536360644,0
273,4,0,9,-120,-3.81782445340822,-24.222156963985,-71.3557701905337,102.095181279081,0
273,5,0,9,-105,-3.81782445340822,-13.5491018278663,-82.4683636179764,98.0003023581185,0
273,6,201.761400641954,9,-90,-3.81782445340822,-2.60271868833604,-87.2058971820928,90.8582203341686,0
273,7,391.79716205145,9,-75,-3.81782445340822,8.2479845299638,-76.8695521385809,76.3112328076489,92.7178854407036
273,8,559.063096527254,9,-60,-3.81782445340822,18.6299659243563,-65.767152666953,61.8926094620207,263.3889715396
273,9,693.838315944567,9,-45,-3.81782445340822,28.0724148593124,-53.0927532666899,47.7415104276237,466.589947636669
273,10,788.290174438844,9,-30,-3.81782445340822,35.9129141257984,-38.0233766871087,34.2104142530712,651.898942974794
273,11,836.929473312934,9,-15,-3.81782445340822,41.2583459215174,-20.0919365019558,22.4666146689453,773.408500734093
273,12,836.929473312934,9,0,-3.81782445340822,43.1821755465918,0,16.8178244534082,801.133610354863
273,13,788.290174438844,9,15,-3.81782445340822,41.2583459215174,20.0919365019558,22.4666146689453,728.460809896944
273,14,693.838315944567,9,30,-3.81782445340822,35.9129141257984,38.0233766871087,34.2104142530712,573.789296665609
273,15,559.063096527254,9,45,-3.81782445340822,28.0724148593124,53.0927532666899,47.7415104276237,375.956782639092
273,16,391.79716205145,9,60,-3.81782445340822,18.6299659243563,65.767152666953,61.8926094620207,184.585697403181
273,17,201.761400641955,9,75,-3.81782445340822,8.2479845299638,76.8695521385809,76.3112328076489,47.7463653210947
273,18,1.03247087574995e-13,9,90,-3.81782445340822,-2.60271868833604,87.2058971820928,90.8582203341686,0
273,19,0,9,105,-3.81782445340822,-13.5491018278663,82.4683636179764,98.0003023581185,0
273,20,0,9,120,-3.81782445340822,-24.222156963985,71.3557701905337,102.095181279081,0
273,21,0,9,135,-3.81782445340822,-34.1532197013814,58.4926322273164,105.661536360644,0
273,22,0,9,150,-3.81782445340822,-42.6389097095143,42.7011538283877,108.440175786153,0
273,23,0,9,165,-3.81782445340822,-48.6143004060366,22.9927228664493,110.209728772187,0
274,0,0,10,-180,-4.21552643526446,-51.2155264352645,-1.11714702216893e-14,111.215526435264,0
274,1,0,10,-165,-4.21552643526446,-48.9952234680719,-23.1662673165038,110.606132358417,0
274,2,0,10,-150,-4.21552643526446,-42.9836791566374,-42.9713920922949,108.833116408388,0
274,3,0,10,-135,-4.21552643526446,-34.4633334236638,-58.7940685279658,106.049945102126,0
274,4,0,10,-120,-4.21552643526446,-24.5079936043699,-71.6593288230513,102.479297888912,0
274,5,0,10,-105,-4.21552643526446,-13.8221464159863,-82.7659735710349,98.3814727268255,0
274,6,201.43184940301,10,-90,-4.21552643526446,-2.87359353321418,-86.9143705152614,90.9474749764691,0
274,7,391.1572118937,10,-75,-4.21552643526446,7.9693601954986,-76.5828984615565,76.4102952662468,91.9092170235947
274,8,558.149939027741,10,-60,-4.21552643526446,18.3339456902683,-65.48711743944,62.0091083009284,261.957177770593
274,9,692.705020497971,10,-45,-4.21552643526446,27.7499293502172,-52.8293700189842,47.887853868509,464.516830967992
274,10,787.00260405716,10,-30,-4.21552643526446,35.5578545203624,-37.8026557952588,34.4104416977201,649.285430650546
274,11,835.562456906618,10,-15,-4.21552643526446,40.8733819414436,-19.95950350139,22.7668565016914,770.461413588706
274,12,835.562456906619,10,0,-4.21552643526446,42.7844735647355,0,17.2155264352645,798.127749717634
274,13,787.002604057161,10,15,-4.21552643526446,40.8733819414436,19.95950350139,22.7668565016914,725.684996744222
274,14,692.705020497972,10,30,-4.21552643526446,35.5578545203624,37.8026557952588,34.4104416977201,571.488931839868
274,15,558.149939027742,10,45,-4.21552643526446,27.7499293502172,52.8293700189842,47.887853868509,374.286360297722
274,16,391.1572118937,10,60,-4.21552643526446,18.3339456902683,65.48711743944,62.0091083009284,183.582281619124
274,17,201.431849403011,10,75,-4.21552643526446,7.9693601954986,76.5828984615565,76.4102952662468,47.3299302666994
274,18,1.03078446766994e-13,10,90,-4.21552643526446,-2.87359353321418,86.9143705152614,90.9474749764691,0
274,19,0,10,105,-4.21552643526446,-13.8221464159863,82.7659735710349,98.3814727268255,0
274,20,0,10,120,-4.21552643526446,-24.5079936043699,71.6593288230513,102.479297888912,0
274,21,0,10,135,-4.21552643526446,-34.4633334236638,58.7940685279658,106.049945102126,0
274,22,0,10,150,-4.21552643526446,-42.9836791566374,42.9713920922949,108.833116408388,0
274,23,0,10,165,-4.21552643526446,-48.9952234680719,23.1662673165038,110.606132358417,0
275,0,0,10,-180,-4.61197926565938,-51.6119792656594,-1.12627552187049e-14,111.611979265659,0
275,1,0,10,-165,-4.61197926565938,-49.3746870468336,-23.3419276784679,111.001284119464,0
275,2,0,10,-150,-4.61197926565938,-43.3267258667588,-43.2438124533997,109.22480047801,0
275,3,0,10,-135,-4.61197926565938,-34.7717312071193,-59.0967926444793,106.437097301509,0
275,4,0,10,-120,-4.61197926565938,-24.792325529864,-71.963309950307,102.862167124467,0
275,5,0,10,-105,-4.61197926565938,-14.0939756249402,-83.0633436958263,98.7614128824677,0
275,6,201.072748178211,10,-90,-4.61197926565938,-3.14354363382374,-86.6236217985322,91.0364061296764,0
275,7,390.459879102006,10,-75,-4.61197926565938,7.69141527075489,-76.2975334932092,76.5096692888316,91.0869735461825
275,8,557.154901116306,10,-60,-4.61197926565938,18.0384498673626,-65.2089151907824,62.1265748079772,260.480980045997
275,9,691.470105453391,10,-45,-4.61197926565938,27.4279631119524,-52.5683632284701,48.0358800477856,462.361926754427
275,10,785.599580653092,10,-30,-4.61197926565938,35.2035132883563,-37.5845669823936,34.6128220570307,646.555738809178
275,11,834.072863763524,10,-15,-4.61197926565938,40.4894780888316,-19.8290108042766,23.0689360619015,767.375455488057
275,12,834.072863763524,10,0,-4.61197926565938,42.3880207343406,0,17.6119792656594,794.977723553926
275,13,785.599580653092,10,15,-4.61197926565938,40.4894780888316,19.8290108042766,23.0689360619015,722.778383311381
275,14,691.470105453391,10,30,-4.61197926565938,35.2035132883563,37.5845669823936,34.6128220570307,569.086307969019
275,15,557.154901116306,10,45,-4.61197926565938,27.4279631119524,52.5683632284701,48.0358800477856,372.550037303343
275,16,390.459879102006,10,60,-4.61197926565938,18.0384498673626,65.2089151907824,62.1265748079772,182.547747086767
275,17,201.072748178211,10,75,-4.61197926565938,7.69141527075489,76.2975334932092,76.5096692888316,46.9065045460975
275,18,1.02894684384858e-13,10,90,-4.61197926565938,-3.14354363382374,86.6236217985322,91.0364061296764,0
275,19,0,10,105,-4.61197926565938,-14.0939756249402,83.0633436958263,98.7614128824677,0
275,20,0,10,120,-4.61197926565938,-24.792325529864,71.963309950307,102.862167124467,0
275,21,0,10,135,-4.61197926565938,-34.7717312071193,59.0967926444793,106.437097301509,0
275,22,0,10,150,-4.61197926565938,-43.3267258667588,43.2438124533997,109.22480047801,0
275,23,0,10,165,-4.61197926565938,-49.3746870468336,23.3419276784679,111.001284119464,0
276,0,0,10,-180,-5.00706546706322,-52.0070654670632,-1.13553257941078e-14,112.007065467063,0
276,1,0,10,-165,-5.00706546706322,-49.7525736847159,-23.519700719464,111.395066853311,0
276,2,0,10,-150,-5.00706546706322,-43.6679395768191,-43.5183691775173,109.615111546184,0
276,3,0,10,-135,-5.00706546706322,-35.0783149053764,-59.4007297609456,106.822877525927,0
276,4,0,10,-120,-5.00706546706322,-25.0750637523599,-72.2676312420562,103.243674522967,0
276,5,0,10,-105,-5.00706546706322,-14.3645043093926,-83.360393865849,99.1400089898806,0
276,6,200.684203376999,10,-90,-5.00706546706322,-3.41248277572013,-86.333725641826,91.1249838419346,0
276,7,389.705370311126,10,-75,-5.00706546706322,7.41424116387469,-76.0135240993018,76.6093140690321,90.251775069777
276,8,556.078277644156,10,-60,-5.00706546706322,17.743578303106,-64.9326007208423,62.2449515922081,258.961481066576
276,9,690.133936742805,10,-45,-5.00706546706322,27.1066259252956,-52.3097674116725,48.1855030724414,460.126835776492
276,10,784.081519972753,10,-30,-5.00706546706322,34.8500078816041,-37.3691161181948,34.817413556116,643.711888614447
276,11,832.461135282249,10,-15,-5.00706546706322,40.1067532599011,-19.7004450926962,23.3726290215821,764.152907437481
276,12,832.461135282249,10,0,-5.00706546706322,41.9929345329368,0,18.0070654670632,791.6858589598
276,13,784.081519972754,10,15,-5.00706546706322,40.1067532599011,19.7004450926962,23.3726290215821,719.743118040018
276,14,690.133936742805,10,30,-5.00706546706322,34.8500078816041,37.3691161181948,34.817413556116,566.583204043722
276,15,556.078277644156,10,45,-5.00706546706322,27.1066259252956,52.3097674116725,48.1855030724414,370.749103491489
276,16,389.705370311126,10,60,-5.00706546706322,17.743578303106,64.9326007208423,62.2449515922081,181.482866590137
276,17,200.684203377,10,75,-5.00706546706322,7.41424116387469,76.0135240993018,76.6093140690321,46.4764074684892
276,18,1.02695854881346e-13,10,90,-5.00706546706322,-3.41248277572013,86.333725641826,91.1249838419346,0
276,19,0,10,105,-5.00706546706322,-14.3645043093926,83.360393865849,99.1400089898806,0
276,20,0,10,120,-5.00706546706322,-25.0750637523599,72.2676312420562,103.243674522967,0
276,21,0,10,135,-5.00706546706322,-35.0783149053764,59.4007297609456,106.822877525927,0
276,22,0,10,150,-5.00706546706322,-43.6679395768191,43.5183691775173,109.615111546184,0
276,23,0,10,165,-5.00706546706322,-49.7525736847159,23.519700719464,111.395066853311,0
277,0,0,10,-180,-5.40066796690784,-52.4006679669079,-1.14491884258106e-14,112.400667966908,0
277,1,0,10,-165,-5.40066796690784,-50.1287665014521,-23.6995813408911,111.787363770002,0
277,2,0,10,-150,-5.40066796690784,-44.0072110314372,-43.7950134140366,110.003933593039,0
277,3,0,10,-135,-5.40066796690784,-35.3829875823115,-59.7058024817934,107.207170788103,0
277,4,0,10,-120,-5.40066796690784,-25.3561203685696,-72.5722087851403,103.623706074561,0
277,5,0,10,-105,-5.40066796690784,-14.6336481286377,-83.6570431920185,99.5171476619635,0
277,6,200.266330133585,10,-90,-5.40066796690784,-3.68032524465313,-86.0447567866305,91.213178390785,0
277,7,388.893909098297,10,-75,-5.40066796690784,7.13792903627584,-75.7309367464875,76.7091882880434,89.4042478264307
277,8,554.92038763806,10,-60,-5.40066796690784,17.4494307402299,-64.6582279774423,62.364180022292,257.399809731129
277,9,688.696910301838,10,-45,-5.40066796690784,26.7860274441103,-52.0536160037884,48.3366351639841,457.813209864576
277,10,782.448871850286,10,-30,-5.40066796690784,34.4974554624697,-37.1563083172682,35.0240728312887,640.755975388899
277,11,830.727749052724,10,-15,-5.40066796690784,39.7253259430749,-19.5737930222372,23.6777150686854,760.796139961953
277,12,830.727749052724,10,0,-5.40066796690784,41.5993320330922,0,18.4006679669078,788.254576229552
277,13,782.448871850287,10,15,-5.40066796690784,39.7253259430749,19.5737930222372,23.6777150686854,716.581433688815
277,14,688.696910301838,10,30,-5.40066796690784,34.4974554624697,37.1563083172682,35.0240728312887,563.98146432782
277,15,554.920387638061,10,45,-5.40066796690784,26.7860274441103,52.0536160037884,48.3366351639841,368.884889831336
277,16,388.893909098297,10,60,-5.40066796690784,17.4494307402299,64.6582279774423,62.364180022292,180.388431273112
277,17,200.266330133585,10,75,-5.40066796690784,7.13792903627584,75.7309367464875,76.7091882880434,46.0399615207839
277,18,1.02482017173931e-13,10,90,-5.40066796690784,-3.68032524465313,86.0447567866305,91.213178390785,0
277,19,0,10,105,-5.40066796690784,-14.6336481286377,83.6570431920185,99.5171476619635,0
277,20,0,10,120,-5.40066796690784,-25.3561203685696,72.5722087851403,103.623706074561,0
277,21,0,10,135,-5.40066796690784,-35.3829875823115,59.7058024817934,107.207170788103,0
277,22,0,10,150,-5.40066796690784,-44.0072110314372,43.7950134140366,110.003933593039,0
277,23,0,10,165,-5.40066796690784,-50.1287665014521,23.6995813408911,111.787363770002,0
278,0,0,10,-180,-5.79267013227796,-52.792670132278,-1.15443487911152e-14,112.792670132278,0
278,1,0,10,-165,-5.79267013227796,-50.5031492421265,-23.8815624426033,112.178058526613,0
278,2,0,10,-150,-5.79267013227796,-44.3444320463409,-44.0736930689695,110.391151063287,0
278,3,0,10,-135,-5.79267013227796,-35.685653570239,-60.0119307777727,107.589862582635,0
278,4,0,10,-120,-5.79267013227796,-25.6354086074141,-72.8769570679583,104.002148259061,0
278,5,0,10,-105,-5.79267013227796,-14.9013235879031,-83.9532100176522,99.8927159965866,0
278,6,199.819252272829,10,-90,-5.79267013227796,-3.94698586742345,-85.7567901130994,91.3009603013004,0
278,7,388.02573591699,10,-75,-5.79267013227796,6.86256975815222,-75.4498375189774,76.8092501485047,88.54502339039
278,8,553.681574205818,10,-60,-5.79267013227796,17.1561067669338,-64.3858500904731,62.4842002875682,255.797119548974
278,9,687.15945195244,10,-45,-5.79267013227796,26.4662771428958,-51.799941416153,48.4891867735886,455.422749496818
278,10,780.702120074565,10,-30,-5.79267013227796,34.1459728564831,-36.9461480062394,35.2326551479041,637.690165508237
278,11,828.8732187147,10,-15,-5.79267013227796,39.3453141810128,-19.4490412578825,23.9839779198033,757.307609557555
278,12,828.8732187147,10,0,-5.79267013227796,41.207329867722,0,18.792670132278,784.686385221466
278,13,780.702120074565,10,15,-5.79267013227796,39.3453141810128,19.4490412578825,23.9839779198033,713.295643991229
278,14,687.15945195244,10,30,-5.79267013227796,34.1459728564831,36.9461480062394,35.2326551479041,561.282995624821
278,15,553.681574205819,10,45,-5.79267013227796,26.4662771428958,51.799941416153,48.4891867735886,366.958766490187
278,16,388.02573591699,10,60,-5.79267013227796,17.1561067669338,64.3858500904731,62.4842002875682,179.265249526872
278,17,199.819252272829,10,75,-5.79267013227796,6.86256975815222,75.4498375189774,76.8092501485047,45.5974919409287
278,18,1.02253234627341e-13,10,90,-5.79267013227796,-3.94698586742345,85.7567901130994,91.3009603013004,0
278,19,0,10,105,-5.79267013227796,-14.9013235879031,83.9532100176522,99.8927159965866,0
278,20,0,10,120,-5.79267013227796,-25.6354086074141,72.8769570679583,104.002148259061,0
278,21,0,10,135,-5.79267013227796,-35.685653570239,60.0119307777727,107.589862582635,0
278,22,0,10,150,-5.79267013227796,-44.3444320463409,44.0736930689695,110.391151063287,0
278,23,0,10,165,-5.79267013227796,-50.5031492421265,23.8815624426033,112.178058526613,0
279,0,0,10,-180,-6.18295580447177,-53.1829558044718,-1.1640811687365e-14,113.182955804472,0
279,1,0,10,-165,-6.18295580447177,-50.8756063256105,-24.0656347819074,112.567035262084,0
279,2,0,10,-150,-6.18295580447177,-44.679495572004,-44.354352678068,110.776648901704,0
279,3,0,10,-135,-6.18295580447177,-35.9862185274237,-60.3190319349933,107.970838922123,0
279,4,0,10,-120,-6.18295580447177,-25.9128428764249,-73.1817889675932,104.378888082467,0
279,5,0,10,-105,-6.18295580447177,-15.1674480787847,-84.2488119151931,100.266601613285,0
279,6,199.343102273549,10,-90,-6.18295580447177,-4.21238005208916,-85.4699006460913,91.3883003637795,0
279,7,387.101108025654,10,-75,-6.18295580447177,6.58825386449119,-75.1702921345284,76.9094574087803,87.6747378419864
279,8,552.362204434585,10,-60,-6.18295580447177,16.8637057676557,-64.1155194052504,62.6049514600669,254.154587013774
279,9,685.5220172767,10,-45,-6.18295580447177,26.1474842651001,-51.5487750920585,48.6430666976788,452.957201319338
279,10,778.841782245839,10,-30,-6.18295580447177,33.7956765057494,-36.7386389877558,35.4430146112781,634.516693181588
279,11,826.89809380554,10,-15,-6.18295580447177,38.9668355330238,-19.3261765073084,24.2912053171304,753.689855004512
279,12,826.898093805541,10,0,-6.18295580447177,40.8170441955282,0,19.1829558044718,780.983881579252
279,13,778.841782245839,10,15,-6.18295580447177,38.9668355330238,19.3261765073084,24.2912053171304,709.888140182806
279,14,685.5220172767,10,30,-6.18295580447177,33.7956765057494,36.7386389877558,35.4430146112781,558.489764443948
279,15,552.362204434586,10,45,-6.18295580447177,26.1474842651001,51.5487750920585,48.6430666976788,364.972140835387
279,16,387.101108025654,10,60,-6.18295580447177,16.8637057676557,64.1155194052504,62.6049514600669,178.114145850263
279,17,199.343102273549,10,75,-6.18295580447177,6.58825386449119,75.1702921345284,76.9094574087803,45.1493262873415
279,18,1.02009575034783e-13,10,90,-6.18295580447177,-4.21238005208916,85.4699006460913,91.3883003637795,0
279,19,0,10,105,-6.18295580447177,-15.1674480787847,84.2488119151931,100.266601613285,0
279,20,0,10,120,-6.18295580447177,-25.9128428764249,73.1817889675932,104.378888082467,0
279,21,0,10,135,-6.18295580447177,-35.9862185274237,60.3190319349933,107.970838922123,0
279,22,0,10,150,-6.18295580447177,-44.679495572004,44.354352678068,110.776648901704,0
279,23,0,10,165,-6.18295580447177,-50.8756063256105,24.0656347819074,112.567035262084,0
280,0,0,10,-180,-6.57140933342161,-53.5714093334216,-1.17385809482376e-14,113.571409333422,0
280,1,0,10,-165,-6.57140933342161,-51.2460228934148,-24.2517868274349,112.954178631911,0
280,2,0,10,-150,-6.57140933342161,-45.0122957574099,-44.6369332804379,111.160312588443,0
280,3,0,10,-135,-6.57140933342161,-36.2845894948064,-60.6270205073343,108.349986373102,0
280,4,0,10,-120,-6.57140933342161,-26.1883388070706,-73.4866157397519,104.753813113299,0
280,5,0,10,-105,-6.57140933342161,-15.4319399187503,-84.5437656847637,100.638692689725,0
280,6,198.838021229267,10,-90,-6.57140933342161,-4.47642382747442,-85.1841635600753,91.4751696509733,0
280,7,386.12029941149,10,-75,-6.57140933342161,6.31507151165033,-74.8923659596728,77.0097674175851,86.7940309256801
280,8,550.962669282099,10,-60,-6.57140933342161,16.5723268744434,-63.8472875150356,62.7263715573909,252.473409942313
280,9,683.78509148185,10,-45,-6.57140933342161,25.8297577722144,-51.3001475608633,48.7981821936788,450.41835559448
280,10,776.868409622355,10,-30,-6.57140933342161,33.4466824231368,-36.5337845014394,35.6550043704341,631.237857125161
280,11,824.802959597382,10,-15,-6.57140933342161,38.5900070378539,-19.2051855517145,24.5991890121565,749.94549355047
280,12,824.802959597382,10,0,-6.57140933342161,40.4285906665784,0,19.5714093334216,777.14974281807
280,13,776.868409622355,10,15,-6.57140933342161,38.5900070378539,19.2051855517145,24.5991890121565,706.361387406271
280,14,683.78509148185,10,30,-6.57140933342161,33.4466824231368,36.5337845014394,35.6550043704341,555.603794072353
280,15,550.962669282099,10,45,-6.57140933342161,25.8297577722144,51.3001475608633,48.7981821936788,362.926455378232
280,16,386.12029941149,10,60,-6.57140933342161,16.5723268744434,63.8472875150356,62.7263715573909,176.935959685596
280,17,198.838021229268,10,75,-6.57140933342161,6.31507151165033,74.8923659596728,77.0097674175851,44.6957940053347
280,18,1.01751110597851e-13,10,90,-6.57140933342161,-4.47642382747442,85.1841635600753,91.4751696509733,0
280,19,0,10,105,-6.57140933342161,-15.4319399187503,84.5437656847637,100.638692689725,0
280,20,0,10,120,-6.57140933342161,-26.1883388070706,73.4866157397519,104.753813113299,0
280,21,0,10,135,-6.57140933342161,-36.2845894948064,60.6270205073343,108.349986373102,0
280,22,0,10,150,-6.57140933342161,-45.0122957574099,44.6369332804379,111.160312588443,0
280,23,0,10,165,-6.57140933342161,-51.2460228934148,24.2517868274349,112.954178631911,0
281,0,0,10,-180,-6.95791561196333,-53.9579156119633,-1.18376593555617e-14,113.957915611963,0
281,1,0,10,-165,-6.95791561196333,-51.6142848589425,-24.4400046079758,113.339373842678,0
281,2,0,10,-150,-6.95791561196333,-45.3427280138519,-44.9213722931064,111.542028174177,0
281,3,0,10,-135,-6.95791561196333,-36.5806749518296,-60.935808272544,108.727192091783,0
281,4,0,10,-120,-6.95791561196333,-26.461813298922,-73.7913470116763,105.126811518684,0
281,5,0,10,-105,-6.95791561196333,-15.6947183896538,-84.8379873546414,101.00887799792,0
281,6,198.304158806398,10,-90,-6.95791561196333,-4.73903388193295,-84.8996541828335,91.5615395348133,0
281,7,385.083600709256,10,-75,-6.95791561196333,6.04311243453461,-74.6161240241204,77.110137148897,85.9035452039733
281,8,549.483383460829,10,-60,-6.95791561196333,16.282068918963,-63.581205292643,62.8483976063343,250.754805781858
281,9,681.949189256492,10,-45,-6.95791561196333,25.5132062936652,-51.054088490337,48.9544390956812,447.808043582889
281,10,774.782586957012,10,-30,-6.95791561196333,33.0991061472366,-36.3315872818411,35.8684768144938,627.856017137025
281,11,822.588436923707,10,-15,-6.95791561196333,38.2149451768479,-19.0860552742994,24.9077247382922,746.077216972983
281,12,822.588436923707,10,0,-6.95791561196333,40.0420843880367,0,19.9579156119633,773.186724284372
281,13,774.782586957012,10,15,-6.95791561196333,38.2149451768479,19.0860552742994,24.9077247382922,702.717921002855
281,14,681.949189256492,10,30,-6.95791561196333,33.0991061472366,36.3315872818411,35.8684768144938,552.627161560306
281,15,549.48338346083,10,45,-6.95791561196333,25.5132062936652,51.054088490337,48.9544390956812,360.823185664574
281,16,385.083600709256,10,60,-6.95791561196333,16.282068918963,63.581205292643,62.8483976063343,175.731544232423
281,17,198.304158806398,10,75,-6.95791561196333,6.04311243453461,74.6161240241204,77.110137148897,44.2372259914101
281,18,1.01477917905138e-13,10,90,-6.95791561196333,-4.73903388193295,84.8996541828335,91.5615395348133,0
281,19,0,10,105,-6.95791561196333,-15.6947183896538,84.8379873546414,101.00887799792,0
281,20,0,10,120,-6.95791561196333,-26.461813298922,73.7913470116763,105.126811518684,0
281,21,0,10,135,-6.95791561196333,-36.5806749518296,60.935808272544,108.727192091783,0
281,22,0,10,150,-6.95791561196333,-45.3427280138519,44.9213722931064,111.542028174177,0
281,23,0,10,165,-6.95791561196333,-51.6142848589425,24.4400046079758,113.339373842678,0
282,0,0,10,-180,-7.34236010994514,-54.3423601099452,-1.19380485465546e-14,114.342360109945,0
282,1,0,10,-165,-7.34236010994514,-51.9802789571284,-24.6302715563957,113.722506686427,0
282,2,0,10,-150,-7.34236010994514,-45.6706890786748,-45.2076033870369,111.921682315055,0
282,3,0,10,-135,-7.34236010994514,-36.8743848712466,-61.2453041923512,109.102343859565,0
282,4,0,10,-120,-7.34236010994514,-26.7331845625709,-74.0958907781782,105.497772100206,0
282,5,0,10,-105,-7.34236010994514,-15.9557037751965,-85.1313921837427,101.377046940185,0
282,6,197.741673199897,10,-90,-7.34236010994514,-5.00012760132059,-84.6164479978914,91.6473817026171,0
282,7,383.991319115153,10,-75,-7.34236010994514,5.77246590441303,-74.3416310342613,77.2105232370962,85.0039252089195
282,8,547.924785315091,10,-60,-7.34236010994514,15.9930303851731,-63.3173229210599,62.9709657071182,249.000009889852
282,9,680.014854618074,10,-45,-7.34236010994514,25.1979380775169,-50.8106267371946,49.1117419297939,445.128134865401
282,10,772.58493232408,10,-30,-7.34236010994514,32.7530626980907,-36.1320496134486,36.0832837615855,624.373590580981
282,11,820.255181995377,10,-15,-7.34236010994514,37.8417658374864,-18.9687726864926,25.2166121743848,742.087787530449
282,12,820.255181995377,10,0,-7.34236010994514,39.6576398900549,0,20.3423601099451,769.097654999056
282,13,772.58493232408,10,15,-7.34236010994514,37.8417658374864,18.9687726864926,25.2166121743848,698.960342698535
282,14,680.014854618074,10,30,-7.34236010994514,32.7530626980907,36.1320496134486,36.0832837615855,549.561994626357
282,15,547.924785315091,10,45,-7.34236010994514,25.1979380775169,50.8106267371946,49.1117419297939,358.663838116911
282,16,383.991319115153,10,60,-7.34236010994514,15.9930303851731,63.3173229210599,62.9709657071182,174.501765241933
282,17,197.741673199897,10,75,-7.34236010994514,5.77246590441303,74.3416310342613,77.2105232370962,43.7739541563176
282,18,1.01190077909533e-13,10,90,-7.34236010994514,-5.00012760132059,84.6164479978914,91.6473817026171,0
282,19,0,10,105,-7.34236010994514,-15.9557037751965,85.1313921837427,101.377046940185,0
282,20,0,10,120,-7.34236010994514,-26.7331845625709,74.0958907781782,105.497772100206,0
282,21,0,10,135,-7.34236010994514,-36.8743848712466,61.2453041923512,109.102343859565,0
282,22,0,10,150,-7.34236010994514,-45.6706890786748,45.2076033870369,111.921682315055,0
282,23,0,10,165,-7.34236010994514,-51.9802789571284,24.6302715563957,113.722506686427,0
283,0,0,10,-180,-7.72462890816523,-54.7246289081652,-1.20397489163876e-14,114.724628908165,0
283,1,0,10,-165,-7.72462890816523,-52.343892794443,-24.8225683487965,114.103463574839,0
283,2,0,10,-150,-7.72462890816523,-45.9960770788529,-45.4955563651103,112.299162307451,0
283,3,0,10,-135,-7.72462890816523,-37.1656307727924,-61.5554143769145,109.475330118319,0
283,4,0,10,-120,-7.72462890816523,-27.0023721612127,-74.4001534009481,105.866584329487,0
283,5,0,10,-105,-7.72462890816523,-16.2148173972798,-85.423894666199,101.743089584798,0
283,6,197.150731086391,10,-90,-7.72462890816523,-5.25962310613173,-84.3346206456099,91.7326681727439,0
283,7,382.84377829579,10,-75,-7.72462890816523,5.50322068741307,-74.0689513857039,77.3108820122761,84.0958165929487
283,8,546.287336691151,10,-60,-7.72462890816523,15.7053093626967,-63.0556899230095,63.0940110981238,247.210273789709
283,9,677.982660751698,10,-45,-7.72462890816523,24.8840609419996,-50.5697903957798,49.2699940289379,442.380534610852
283,10,770.276096936056,10,-30,-7.72462890816523,32.4086665336798,-35.9351733828056,36.2992766401933,620.7930487877
283,11,817.803886206183,10,-15,-7.72462890816523,37.4705842772948,-18.8533249520488,25.5256549008562,737.980033810993
283,12,817.803886206183,10,0,-7.72462890816523,39.2753710918348,0,20.7246289081652,764.885433393724
283,13,770.276096936057,10,15,-7.72462890816523,37.4705842772948,18.8533249520488,25.5256549008562,695.091316694177
283,14,677.982660751698,10,30,-7.72462890816523,32.4086665336798,35.9351733828056,36.2992766401933,546.410468489694
283,15,546.287336691151,10,45,-7.72462890816523,24.8840609419996,50.5697903957798,49.2699940289379,356.449947832924
283,16,382.84377829579,10,60,-7.72462890816523,15.7053093626967,63.0556899230095,63.0940110981238,173.247499794593
283,17,197.150731086391,10,75,-7.72462890816523,5.50322068741307,74.0689513857039,77.3108820122761,43.306310987761
283,18,1.00887675904239e-13,10,90,-7.72462890816523,-5.25962310613173,84.3346206456099,91.7326681727439,0
283,19,0,10,105,-7.72462890816523,-16.2148173972798,85.423894666199,101.743089584798,0
283,20,0,10,120,-7.72462890816523,-27.0023721612127,74.4001534009481,105.866584329487,0
283,21,0,10,135,-7.72462890816523,-37.1656307727924,61.5554143769145,109.475330118319,0
283,22,0,10,150,-7.72462890816523,-45.9960770788529,45.4955563651103,112.299162307451,0
283,23,0,10,165,-7.72462890816523,-52.343892794443,24.8225683487965,114.103463574839,0
284,0,0,10,-180,-8.10460873212868,-55.1046087321287,-1.21427595160021e-14,115.104608732129,0
284,1,0,10,-165,-8.10460873212868,-52.7050148992389,-25.0168727391228,114.482131573236,0
284,2,0,10,-150,-8.10460873212868,-46.318791594295,-45.7851570426291,112.674356122499,0
284,3,0,10,-135,-8.10460873212868,-37.4543257755945,-61.8660420539344,109.846040005424,0
284,4,0,10,-120,-8.10460873212868,-27.2692970508076,-74.704039611284,106.233138383483,0
284,5,0,10,-105,-8.10460873212868,-16.4719816511879,-85.7154085381048,102.106896701369,0
284,6,196.53150757478,10,-90,-8.10460873212868,-5.51743928775643,-84.054247922876,91.8173713096761,0
284,7,381.641318292278,10,-75,-8.10460873212868,5.23546500372886,-73.7981491747862,77.4111695356678,83.1798652807283
284,8,544.571522800377,10,-60,-8.10460873212868,15.4190035009185,-62.7963551893939,63.2174682210091,245.38686340654
284,9,675.853209840264,10,-45,-8.10460873212868,24.5716822278712,-50.3316068448617,49.429097646885,439.567180796027
284,10,767.856764950696,10,-30,-8.10460873212868,32.0660315071658,-35.7409601278022,36.5163066629217,617.116913381476
284,11,815.235275927972,10,-15,-8.10460873212868,37.1015150881256,-18.7396994091093,25.8346603499879,733.75684648901
284,12,815.235275927972,10,0,-8.10460873212868,38.8953912678713,0,21.1046087321287,760.553022950054
284,13,767.856764950696,10,15,-8.10460873212868,37.1015150881256,18.7396994091093,25.8346603499879,691.113565668686
284,14,675.853209840264,10,30,-8.10460873212868,32.0660315071658,35.7409601278022,36.5163066629217,543.174802637009
284,15,544.571522800377,10,45,-8.10460873212868,24.5716822278712,50.3316068448617,49.429097646885,354.183076345434
284,16,381.641318292278,10,60,-8.10460873212868,15.4190035009185,62.7963551893939,63.2174682210091,171.969635063727
284,17,196.53150757478,10,75,-8.10460873212868,5.23546500372886,73.7981491747862,77.4111695356678,42.8346291136355
284,18,1.00570801497498e-13,10,90,-8.10460873212868,-5.51743928775643,84.054247922876,91.8173713096761,0
284,19,0,10,105,-8.10460873212868,-16.4719816511879,85.7154085381048,102.106896701369,0
284,20,0,10,120,-8.10460873212868,-27.2692970508076,74.704039611284,106.233138383483,0
284,21,0,10,135,-8.10460873212868,-37.4543257755945,61.8660420539344,109.846040005424,0
284,22,0,10,150,-8.10460873212868,-46.318791594295,45.7851570426291,112.674356122499,0
284,23,0,10,165,-8.10460873212868,-52.7050148992389,25.0168727391228,114.482131573236,0
285,0,0,10,-180,-8.48218698561302,-55.482186985613,-1.22470779451172e-14,115.482186985613,0
285,1,0,10,-165,-8.48218698561302,-53.0635347724112,-25.2131593894625,114.858398434371,0
285,2,0,10,-150,-8.48218698561302,-46.6387337207545,-46.0763271309245,113.047152440406,0
285,3,0,10,-135,-8.48218698561302,-37.7403846491952,-62.1770875427552,110.214363388528,0
285,4,0,10,-120,-8.48218698561302,-27.5338816187335,-75.0074525163788,106.597325179484,0
285,5,0,10,-105,-8.48218698561302,-16.7271200395458,-86.0058467865127,102.468359795881,0
285,6,195.884186154356,10,-90,-8.48218698561302,-5.7734958438152,-83.7754057813339,91.9014638385051,0
285,7,380.384295419466,10,-75,-8.48218698561302,4.96928648757878,-73.5292882089986,77.5113416351237,82.2567166237605
285,8,542.777852075454,10,-60,-8.48218698561302,15.1342099638332,-62.539367006556,63.341270786095,243.531057286686
285,9,673.627132886034,10,-45,-8.48218698561302,24.2609087516249,-50.0961027925181,49.588954071335,436.690041384072
285,10,765.327653268279,10,-30,-8.48218698561302,31.7252708248828,-35.5494110841981,36.7342249926905,613.347752541088
285,11,812.550112295402,10,-15,-8.48218698561302,36.734672160815,-18.6278835903277,26.1434397516865,729.421173999302
285,12,812.550112295402,10,0,-8.48218698561302,38.517813014387,0,21.482186985613,756.103447752493
285,13,765.327653268279,10,15,-8.48218698561302,36.734672160815,18.6278835903277,26.1434397516865,687.029866704552
285,14,673.627132886034,10,30,-8.48218698561302,31.7252708248828,35.5494110841981,36.7342249926905,539.857257531387
285,15,542.777852075454,10,45,-8.48218698561302,24.2609087516249,50.0961027925181,49.588954071335,351.864809348896
285,16,380.384295419466,10,60,-8.48218698561302,15.1342099638332,62.539367006556,63.341270786095,170.669067067747
285,17,195.884186154356,10,75,-8.48218698561302,4.96928648757878,73.5292882089986,77.5113416351237,42.3592408666781
285,18,1.00239548586034e-13,10,90,-8.48218698561302,-5.7734958438152,83.7754057813339,91.9014638385051,0
285,19,0,10,105,-8.48218698561302,-16.7271200395458,86.0058467865127,102.468359795881,0
285,20,0,10,120,-8.48218698561302,-27.5338816187335,75.0074525163788,106.597325179484,0
285,21,0,10,135,-8.48218698561302,-37.7403846491952,62.1770875427552,110.214363388528,0
285,22,0,10,150,-8.48218698561302,-46.6387337207545,46.0763271309245,113.047152440406,0
285,23,0,10,165,-8.48218698561302,-53.0635347724112,25.2131593894625,114.858398434371,0
286,0,0,10,-180,-8.85725178403298,-55.857251784033,-1.23527002403894e-14,115.857251784033,0
286,1,0,10,-165,-8.85725178403298,-53.4193429383391,-25.4113996963362,115.232152632019,0
286,2,0,10,-150,-8.85725178403298,-46.9558061322186,-46.3689841246837,113.41744068451,0
286,3,0,10,-135,-8.85725178403298,-38.0237238630563,-62.4884482337809,110.580190900032,0
286,4,0,10,-120,-8.85725178403298,-27.7960497208423,-75.3102936093016,106.959036409786,0
286,5,0,10,-105,-8.85725178403298,-16.9801572049948,-86.2951216607486,102.827371145394,0
286,6,195.208958640425,10,-90,-8.85725178403298,-6.02771331253102,-83.4981703240997,91.9849188587991,0
286,7,379.073082160362,10,-75,-8.85725178403298,4.70477214794543,-73.2624320162649,77.6113539406061,81.3270145594158
286,8,540.906856019729,10,-60,-8.85725178403298,14.8510253856705,-62.2847730823073,63.4653518379124,241.644144804927
286,9,671.305089523653,10,-45,-8.85725178403298,23.9518467595499,-49.8633043190824,49.7494637358464,433.751111467755
286,10,762.68951131918,10,-30,-8.85725178403298,31.3864970050692,-35.3605272294433,36.9528829014166,609.488177203423
286,11,809.749190980411,10,-15,-8.85725178403298,36.3701686502122,-18.5178652411565,26.4518080758911,724.976018138867
286,12,809.749190980411,10,0,-8.85725178403298,38.142748215967,0,21.857251784033,751.539787964677
286,13,762.68951131918,10,15,-8.85725178403298,36.3701686502122,18.5178652411565,26.4518080758911,682.843047145241
286,14,671.305089523653,10,30,-8.85725178403298,31.3864970050692,35.3605272294433,36.9528829014166,536.460131270803
286,15,540.906856019729,10,45,-8.85725178403298,23.9518467595499,49.8633043190824,49.7494637358464,349.496754397569
286,16,379.073082160362,10,60,-8.85725178403298,14.8510253856705,62.2847730823073,63.4653518379124,169.346699413748
286,17,195.208958640425,10,75,-8.85725178403298,4.70477214794543,73.2624320162649,77.6113539406061,41.8804778513981
286,18,9.98940153272337e-14,10,90,-8.85725178403298,-6.02771331253102,83.4981703240997,91.9849188587991,0
286,19,0,10,105,-8.85725178403298,-16.9801572049948,86.2951216607486,102.827371145394,0
286,20,0,10,120,-8.85725178403298,-27.7960497208423,75.3102936093016,106.959036409786,0
286,21,0,10,135,-8.85725178403298,-38.0237238630563,62.4884482337809,110.580190900032,0
286,22,0,10,150,-8.85725178403298,-46.9558061322186,46.3689841246837,113.41744068451,0
286,23,0,10,165,-8.85725178403298,-53.4193429383391,25.4113996963362,115.232152632019,0
287,0,0,10,-180,-9.22969198759413,-56.2296919875941,-1.24596207587088e-14,116.229691987594,0
287,1,0,10,-165,-9.22969198759413,-53.7723309960717,-25.6115616133277,115.60328339433,0
287,2,0,10,-150,-9.22969198759413,-47.2699131426411,-46.6630411936351,113.785111055088,0
287,3,0,10,-135,-9.22969198759413,-38.3042616344144,-62.8000185735258,110.943413971267,0
287,4,0,10,-120,-9.22969198759413,-28.0557267168368,-75.6124627827987,107.318164576033,0
287,5,0,10,-105,-9.22969198759413,-17.231018961532,-86.5831446861103,103.18382383239,0
287,6,194.506025117472,10,-90,-9.22969198759413,-6.28001310609877,-83.2226178009084,92.067709857835,0
287,7,377.708067055751,10,-75,-9.22969198759413,4.44200833013032,-72.9976438530272,77.7111619196266,80.3914007760609
287,8,538.959089049712,10,-60,-9.22969198759413,14.5695458273195,-62.0326205706692,63.5896438208032,239.727424363277
287,9,668.887767824683,10,-45,-9.22969198759413,23.6446018826527,-49.6332369181369,49.9105263304512,430.752410384019
287,10,759.943120841793,10,-30,-9.22969198759413,31.0498218373351,-35.1743093238634,37.1721319212711,605.54083721857
287,11,806.83334195643,10,-15,-9.22969198759413,36.0081169405846,-18.409632336385,26.7595839726269,720.424429606547
287,12,806.833341956431,10,0,-9.22969198759413,37.7703080124059,0,22.2296919875941,746.86517524008
287,13,759.943120841794,10,15,-9.22969198759413,36.0081169405846,18.409632336385,26.7595839726269,678.555980394069
287,14,668.887767824683,10,30,-9.22969198759413,31.0498218373351,35.1743093238634,37.1721319212711,532.985756203905
287,15,538.959089049712,10,45,-9.22969198759413,23.6446018826527,49.6332369181369,49.9105263304512,347.080538580559
287,16,377.708067055751,10,60,-9.22969198759413,14.5695458273195,62.0326205706692,63.5896438208032,168.003442035199
287,17,194.506025117472,10,75,-9.22969198759413,4.44200833013032,72.9976438530272,77.7111619196266,41.3986705141493
287,18,9.95343041100595e-14,10,90,-9.22969198759413,-6.28001310609877,83.2226178009084,92.067709857835,0
287,19,0,10,105,-9.22969198759413,-17.231018961532,86.5831446861103,103.18382383239,0
287,20,0,10,120,-9.22969198759413,-28.0557267168368,75.6124627827987,107.318164576033,0
287,21,0,10,135,-9.22969198759413,-38.3042616344144,62.8000185735258,110.943413971267,0
287,22,0,10,150,-9.22969198759413,-47.2699131426411,46.6630411936351,113.785111055088,0
287,23,0,10,165,-9.22969198759413,-53.7723309960717,25.6115616133277,115.60328339433,0
288,0,0,10,-180,-9.5993972342263,-56.5993972342263,-1.25678320556439e-14,116.599397234226,0
288,1,0,10,-165,-9.5993972342263,-54.1223916707151,-25.8136094704583,115.971680736959,0
288,2,0,10,-150,-9.5993972342263,-47.580960766874,-46.9584070792628,114.150054562893,0
288,3,0,10,-135,-9.5993972342263,-38.5819179743534,-63.1116900556148,111.303924866359,0
288,4,0,10,-120,-9.5993972342263,-28.3128395038816,-75.9138583470353,107.674603023196,0
288,5,0,10,-105,-9.5993972342263,-17.4796323244615,-86.8698266800138,103.537611778743,0
288,6,193.775593879871,10,-90,-9.5993972342263,-6.53031754301448,-82.9488246016434,92.1498107231746,0
288,7,376.289654589069,10,-75,-9.5993972342263,4.18108067815308,-72.7349867110859,77.8107209125862,79.4505138859421
288,8,536.935128330794,10,-60,-9.5993972342263,14.2898667335737,-61.7829560952843,63.7140786444727,237.782201585249
288,9,666.375884093713,10,-45,-9.5993972342263,23.3392790924442,-49.4059255355399,50.0720409107928,427.695978806328
288,10,757.08929565089,10,-30,-9.5993972342263,30.7153563428576,-34.9907579492737,37.3918239886323,601.5084174652
288,11,803.803429252457,10,-15,-9.5993972342263,35.6486286113988,-18.3031730950179,27.0665897105719,715.769503490864
288,12,803.803429252457,10,0,-9.5993972342263,37.4006027657737,0,22.5993972342263,742.082788077555
288,13,757.089295650891,10,15,-9.5993972342263,35.6486286113988,18.3031730950179,27.0665897105719,674.171581664261
288,14,666.375884093713,10,30,-9.5993972342263,30.7153563428576,34.9907579492737,37.3918239886323,529.436495510848
288,15,536.935128330794,10,45,-9.5993972342263,23.3392790924442,49.4059255355399,50.0720409107928,344.61780617896
288,16,376.28965458907,10,60,-9.5993972342263,14.2898667335737,61.7829560952843,63.7140786444727,166.640209926474
288,17,193.775593879872,10,75,-9.5993972342263,4.18108067815308,72.7349867110859,77.8107209125862,40.914147717195
288,18,9.9160521524708e-14,10,90,-9.5993972342263,-6.53031754301448,82.9488246016434,92.1498107231746,0
288,19,0,10,105,-9.5993972342263,-17.4796323244615,86.8698266800138,103.537611778743,0
288,20,0,10,120,-9.5993972342263,-28.3128395038816,75.9138583470353,107.674603023196,0
288,21,0,10,135,-9.5993972342263,-38.5819179743534,63.1116900556148,111.303924866359,0
288,22,0,10,150,-9.5993972342263,-47.580960766874,46.9584070792628,114.150054562893,0
288,23,0,10,165,-9.5993972342263,-54.1223916707151,25.8136094704583,115.971680736959,0
289,0,0,10,-180,-9.96625797228601,-56.966257972286,-1.26773247590754e-14,116.966257972286,0
289,1,0,10,-165,-9.96625797228601,-54.4694188649719,-26.0175037907731,116.337235495946,0
289,2,0,10,-150,-9.96625797228601,-47.8888567806486,-47.2549859972412,114.512163062404,0
289,3,0,10,-135,-9.96625797228601,-38.8566147319591,-63.4233512180432,111.661616715757,0
289,4,0,10,-120,-9.96625797228601,-28.5673165483665,-76.2143770513874,108.028245973183,0
289,5,0,10,-105,-9.96625797228601,-17.725925538906,-87.1550777706409,103.888629779298,0
289,6,193.017881370162,10,-90,-9.96625797228601,-6.77854987932793,-82.676867248205,92.2311957545712,0
289,7,374.818265066542,10,-75,-9.96625797228601,3.92207409802467,-72.4745233231517,77.9099861679646,78.5049886074252
289,8,534.835573606215,10,-60,-9.96625797228601,14.0120828912168,-61.5358257714538,63.8385877493946,235.809787509481
289,9,663.770182656104,10,-45,-9.96625797228601,23.0359826575989,-49.1813946064808,50.2339060056442,424.583875821288
289,10,754.128881396465,10,-30,-9.96625797228601,30.3832107352984,-34.8098735450933,37.6118115808816,597.393633935084
289,11,800.660350697016,10,-15,-9.96625797228601,35.2918144034794,-18.1984759935764,27.3726511148729,711.014374716393
289,12,800.660350697016,10,0,-9.96625797228601,37.033742027714,0,22.966257972286,737.19584713246
289,13,754.128881396466,10,15,-9.96625797228601,35.2918144034794,18.1984759935764,27.3726511148729,669.692803689972
289,14,663.770182656104,10,30,-9.96625797228601,30.3832107352984,34.8098735450933,37.6118115808816,525.814739756953
289,15,534.835573606215,10,45,-9.96625797228601,23.0359826575989,49.1813946064808,50.2339060056442,342.110216310332
289,16,374.818265066542,10,60,-9.96625797228601,14.0120828912168,61.5358257714538,63.8385877493946,165.25792187692
289,17,193.017881370162,10,75,-9.96625797228601,3.92207409802467,72.4745233231517,77.9099861679646,40.4272363175893
289,18,9.87727783310263e-14,10,90,-9.96625797228601,-6.77854987932793,82.676867248205,92.2311957545712,0
289,19,0,10,105,-9.96625797228601,-17.725925538906,87.1550777706409,103.888629779298,0
289,20,0,10,120,-9.96625797228601,-28.5673165483665,76.2143770513874,108.028245973183,0
289,21,0,10,135,-9.96625797228601,-38.8566147319591,63.4233512180432,111.661616715757,0
289,22,0,10,150,-9.96625797228601,-47.8888567806486,47.2549859972412,114.512163062404,0
289,23,0,10,165,-9.96625797228601,-54.4694188649719,26.0175037907731,116.337235495946,0
290,0,0,10,-180,-10.3301654930191,-57.3301654930191,-1.2788087438097e-14,117.330165493019,0
290,1,0,10,-165,-10.3301654930191,-54.8133077107776,-26.2232011046672,116.699839360338,0
290,2,0,10,-150,-10.3301654930191,-48.1935107794441,-47.5526775463061,114.871329284778,0
290,3,0,10,-135,-10.3301654930191,-39.1282756364194,-63.7348876469937,112.016383549408,0
290,4,0,10,-120,-10.3301654930191,-28.8190879157405,-76.5139141103882,108.378988558052,0
290,5,0,10,-105,-10.3301654930191,-17.9698281068287,-87.4388074181391,104.236773535032,0
290,6,192.233112114914,10,-90,-10.3301654930191,-7.02463433878437,-82.4068223846778,92.3118396751904,0
290,7,373.294334492641,10,-75,-10.3301654930191,3.66507272192095,-72.2163161670662,78.008912877311,77.5554549581873
290,8,532.661047019353,10,-60,-10.3301654930191,13.7362883879674,-61.2912752267671,63.9631021719739,233.811496786594
290,9,661.071435637427,10,-45,-10.3301654930191,22.7348161014889,-48.9596680905583,50.3960197226743,421.418175996059
290,10,751.062755313153,10,-30,-10.3301654930191,30.0534943824363,-34.6316564420262,37.8319478462095,593.199229795621
290,11,797.405037652115,10,-15,-10.3301654930191,34.9377841855478,-18.0955297779044,27.67759750484,706.16221345911
290,12,797.405037652116,10,0,-10.3301654930191,36.6698345069809,0,23.3301654930191,732.207610494121
290,13,751.062755313154,10,15,-10.3301654930191,34.9377841855478,18.0955297779044,27.67759750484,665.122632408075
290,14,661.071435637427,10,30,-10.3301654930191,30.0534943824363,34.6316564420262,37.8319478462095,522.122903427029
290,15,532.661047019353,10,45,-10.3301654930191,22.7348161014889,48.9596680905583,50.3960197226743,339.559440565757
290,16,373.294334492641,10,60,-10.3301654930191,13.7362883879674,61.2912752267671,63.9631021719739,163.8574992072
290,17,192.233112114914,10,75,-10.3301654930191,3.66507272192095,72.2163161670662,78.008912877311,39.9382607517026
290,18,9.83711894256907e-14,10,90,-10.3301654930191,-7.02463433878437,82.4068223846778,92.3118396751904,0
290,19,0,10,105,-10.3301654930191,-17.9698281068287,87.4388074181391,104.236773535032,0
290,20,0,10,120,-10.3301654930191,-28.8190879157405,76.5139141103882,108.378988558052,0
290,21,0,10,135,-10.3301654930191,-39.1282756364194,63.7348876469937,112.016383549408,0
290,22,0,10,150,-10.3301654930191,-48.1935107794441,47.5526775463061,114.871329284778,0
290,23,0,10,165,-10.3301654930191,-54.8133077107776,26.2232011046672,116.699839360338,0
291,0,0,10,-180,-10.6910119627734,-57.6910119627734,-1.29001064672962e-14,117.691011962773,0
291,1,0,10,-165,-10.6910119627734,-55.1539546209737,-26.4306537625476,117.059384904548,0
291,2,0,10,-150,-10.6910119627734,-48.494834236079,-47.8513766242975,115.227446870484,0
291,3,0,10,-135,-10.6910119627734,-39.3968263369344,-64.0461819874987,112.368120329567,0
291,4,0,10,-120,-10.6910119627734,-29.0680852983385,-76.8123632339195,108.726726852809,0
291,5,0,10,-105,-10.6910119627734,-18.2112708125222,-87.720924438416,104.581939685787,0
291,6,191.421518658194,10,-90,-10.6910119627734,-7.26849614182256,-82.1387667657597,92.3917176421333,0
291,7,371.718314440883,10,-75,-10.6910119627734,3.41015987328286,-71.960427468655,78.1074562099884,76.6025374609021
291,8,530.412192929365,10,-60,-10.6910119627734,13.4625765723005,-61.0493496202883,64.0875526093753,231.78864588309
291,9,658.280442734668,10,-45,-10.6910119627734,22.4358821605962,-48.7407695048852,50.5582798523436,418.20096644304
291,10,747.891825960285,10,-30,-10.6910119627734,29.7263157685098,-34.4561068933787,38.0520867266213,588.927971439258
291,11,794.038454737267,10,-15,-10.6910119627734,34.5866469211422,-17.9943234735556,27.9812616320463,701.216220541139
291,12,794.038454737267,10,0,-10.6910119627734,36.3089880372266,0,23.6910119627734,727.121368940426
291,13,747.891825960285,10,15,-10.6910119627734,34.5866469211422,17.9943234735556,27.9812616320463,660.464082620543
291,14,658.280442734668,10,30,-10.6910119627734,29.7263157685098,34.4561068933787,38.0520867266213,518.363421448132
291,15,530.412192929365,10,45,-10.6910119627734,22.4358821605962,48.7407695048852,50.5582798523436,336.967160644693
291,16,371.718314440883,10,60,-10.6910119627734,13.4625765723005,61.0493496202883,64.0875526093753,162.439864510564
291,17,191.421518658194,10,75,-10.6910119627734,3.41015987328286,71.960427468655,78.1074562099884,39.4475426261762
291,18,9.79558738081609e-14,10,90,-10.6910119627734,-7.26849614182256,82.1387667657597,92.3917176421333,0
291,19,0,10,105,-10.6910119627734,-18.2112708125222,87.720924438416,104.581939685787,0
291,20,0,10,120,-10.6910119627734,-29.0680852983385,76.8123632339195,108.726726852809,0
291,21,0,10,135,-10.6910119627734,-39.3968263369344,64.0461819874987,112.368120329567,0
291,22,0,10,150,-10.6910119627734,-48.494834236079,47.8513766242975,115.227446870484,0
291,23,0,10,165,-10.6910119627734,-55.1539546209737,26.4306537625476,117.059384904548,0
292,0,0,10,-180,-11.0486904549521,-58.0486904549521,-1.30133658865731e-14,118.048690454952,0
292,1,0,10,-165,-11.0486904549521,-55.4912573409481,-26.6398097464991,117.415765620432,0
292,2,0,10,-150,-11.0486904549521,-48.7927405568509,-48.150973352125,115.580410401619,0
292,3,0,10,-135,-11.0486904549521,-39.6621944403006,-64.3571139612262,112.716722983216,0
292,4,0,10,-120,-11.0486904549521,-29.3142420411241,-77.10961666173,109.071357907789,0
292,5,0,10,-105,-11.0486904549521,-18.4501857465169,-88.0013370295668,104.924025842562,0
292,6,190.583341492658,10,-90,-11.0486904549521,-7.5100615333993,-81.8727772434224,92.4708052562518,0
292,7,370.090671920023,10,-75,-11.0486904549521,3.15741803286578,-71.7069192031791,78.2055713476279,75.6468543629235
292,8,528.089677720253,10,-60,-11.0486904549521,13.1910400141589,-60.8100936602731,64.2118694839314,229.742551296098
292,9,655.398030979258,10,-45,-11.0486904549521,22.1392827438055,-48.5247219552237,50.7205839698236,414.934343888257
292,10,744.617032952661,10,-30,-11.0486904549521,29.4017824572611,-34.2832251040831,38.2720830743439,584.582644528625
292,11,790.561599543644,10,-15,-11.0486904549521,34.2385106359227,-17.8948463948353,28.2834796192735,696.179622815282
292,12,790.561599543644,10,0,-11.0486904549521,35.9513095450479,0,24.0486904549521,721.940441180273
292,13,744.617032952661,10,15,-11.0486904549521,34.2385106359227,17.8948463948353,28.2834796192735,655.720193647225
292,14,655.398030979259,10,30,-11.0486904549521,29.4017824572611,34.2832251040831,38.2720830743439,514.538745708583
292,15,528.089677720253,10,45,-11.0486904549521,22.1392827438055,48.5247219552237,50.7205839698236,334.33506599282
292,16,370.090671920023,10,60,-11.0486904549521,13.1910400141589,60.8100936602731,64.2118694839314,161.005940401725
292,17,190.583341492658,10,75,-11.0486904549521,3.15741803286578,71.7069192031791,78.2055713476279,38.9554003160878
292,18,9.75269545454176e-14,10,90,-11.0486904549521,-7.5100615333993,81.8727772434224,92.4708052562518,0
292,19,0,10,105,-11.0486904549521,-18.4501857465169,88.0013370295668,104.924025842562,0
292,20,0,10,120,-11.0486904549521,-29.3142420411241,77.10961666173,109.071357907789,0
292,21,0,10,135,-11.0486904549521,-39.6621944403006,64.3571139612262,112.716722983216,0
292,22,0,10,150,-11.0486904549521,-48.7927405568509,48.150973352125,115.580410401619,0
292,23,0,10,165,-11.0486904549521,-55.4912573409481,26.6398097464991,117.415765620432,0
293,0,0,10,-180,-11.4030949816988,-58.4030949816988,-1.31278472567013e-14,118.403094981699,0
293,1,0,10,-165,-11.4030949816988,-55.8251150001656,-26.8506124816909,117.768875949077,0
293,2,0,10,-150,-11.4030949816988,-49.0871451360429,-48.4513530064218,115.930115433877,0
293,3,0,10,-135,-11.4030949816988,-39.9243095460337,-64.6675603916437,113.062088434093,0
293,4,0,10,-120,-11.4030949816988,-29.5574931652762,-77.4055652023531,109.412779780576,0
293,5,0,10,-105,-11.4030949816988,-18.6865063278696,-88.2799528009665,105.26293061933,0
293,6,189.718828988291,10,-90,-11.4030949816988,-7.74925780961097,-81.6089307517756,92.5490785712464,0
293,7,368.411889235667,10,-75,-11.4030949816988,2.90692880576133,-71.4558530953567,78.3032135182473,74.6890168714273
293,8,525.694189603397,10,-60,-11.4030949816988,12.9217704665703,-60.5735516203919,64.3359830070473,227.674527782679
293,9,652.425054492008,10,-45,-11.4030949816988,21.8451188925783,-48.3115481651613,50.8828295348459,411.620411749856
293,10,741.239346682126,10,-30,-11.4030949816988,29.0800010556786,-34.1130112574961,38.4917927618513,580.166050046208
293,11,786.975502338478,10,-15,-11.4030949816988,33.8934823853628,-17.7970881525676,28.5840909006656,691.055668549718
293,12,786.975502338478,10,0,-11.4030949816988,35.5969050183012,0,24.4030949816988,716.668169094591
293,13,741.239346682127,10,15,-11.4030949816988,33.8934823853628,17.7970881525676,28.5840909006656,650.89402497876
293,14,652.425054492008,10,30,-11.4030949816988,29.0800010556786,34.1130112574961,38.4917927618513,510.651341580945
293,15,525.694189603397,10,45,-11.4030949816988,21.8451188925783,48.3115481651613,50.8828295348459,331.664851448018
293,16,368.411889235667,10,60,-11.4030949816988,12.9217704665703,60.5735516203919,64.3359830070473,159.556648275941
293,17,189.718828988291,10,75,-11.4030949816988,2.90692880576133,71.4558530953567,78.3032135182473,38.4621485710784
293,18,9.70845587354952e-14,10,90,-11.4030949816988,-7.74925780961097,81.6089307517756,92.5490785712464,0
293,19,0,10,105,-11.4030949816988,-18.6865063278696,88.2799528009665,105.26293061933,0
293,20,0,10,120,-11.4030949816988,-29.5574931652762,77.4055652023531,109.412779780576,0
293,21,0,10,135,-11.4030949816988,-39.9243095460337,64.6675603916437,113.062088434093,0
293,22,0,10,150,-11.4030949816988,-49.0871451360429,48.4513530064218,115.930115433877,0
293,23,0,10,165,-11.4030949816988,-55.8251150001656,26.8506124816909,117.768875949077,0
294,0,0,10,-180,-11.7541205253035,-58.7541205253035,-1.32435295108873e-14,118.754120525303,0
294,1,0,10,-165,-11.7541205253035,-56.1554281635071,-27.06300064834,118.118611312294,0
294,2,0,10,-150,-11.7541205253035,-49.3779654086104,-48.7523959616594,116.276458528159,0
294,3,0,10,-135,-11.7541205253035,-40.1831032788968,-64.9773952368094,113.404114634284,0
294,4,0,10,-120,-11.7541205253035,-29.7977753895476,-77.7000982764802,109.750891567463,0
294,5,0,10,-105,-11.7541205253035,-18.9201673247931,-88.5566788050462,105.598553664378,0
294,6,188.828237318805,10,-90,-11.7541205253035,-7.98601334308664,-81.3473042901129,92.6265141020387,0
294,7,366.682463847356,10,-75,-11.7541205253035,2.65877288941095,-71.2072906179288,78.4003380299945,73.7296284054262
294,8,523.226438413625,10,-60,-11.7541205253035,12.6548588281824,-60.3397673544383,64.459823242523,225.585886607378
294,9,649.362394230014,10,-45,-11.7541205253035,21.5534907420094,-48.1012705033399,51.0449139893986,408.261277233012
294,10,737.759768030019,10,-30,-11.7541205253035,28.7610771784296,-33.9454655400418,38.7110727857327,575.681000357228
294,11,783.281225759765,10,-15,-11.7541205253035,33.5516682228313,-17.7010386606556,28.8829381633856,685.847622823115
294,12,783.281225759765,10,0,-11.7541205253035,35.2458794746966,0,24.7541205253034,711.307912986549
294,13,737.75976803002,10,15,-11.7541205253035,33.5516682228313,17.7010386606556,28.8829381633856,645.988651939311
294,14,649.362394230014,10,30,-11.7541205253035,28.7610771784296,33.9454655400418,38.7110727857327,506.703684456657
294,15,523.226438413625,10,45,-11.7541205253035,21.5534907420094,48.1012705033399,51.0449139893986,328.958214899586
294,16,366.682463847356,10,60,-11.7541205253035,12.6548588281824,60.3397673544383,64.459823242523,158.092907080878
294,17,188.828237318805,10,75,-11.7541205253035,2.65877288941095,71.2072906179288,78.4003380299945,37.9680981301651
294,18,9.66288174698198e-14,10,90,-11.7541205253035,-7.98601334308664,81.3473042901129,92.6265141020387,0
294,19,0,10,105,-11.7541205253035,-18.9201673247931,88.5566788050462,105.598553664378,0
294,20,0,10,120,-11.7541205253035,-29.7977753895476,77.7000982764802,109.750891567463,0
294,21,0,10,135,-11.7541205253035,-40.1831032788968,64.9773952368094,113.404114634284,0
294,22,0,10,150,-11.7541205253035,-49.3779654086104,48.7523959616594,116.276458528159,0
294,23,0,10,165,-11.7541205253035,-56.1554281635071,27.06300064834,118.118611312294,0
295,0,0,10,-180,-12.1016630693218,-59.1016630693218,-1.33603888026414e-14,119.101663069322,0
295,1,0,10,-165,-12.1016630693218,-56.4820988823231,-27.276907995124,118.464868143793,0
295,2,0,10,-150,-12.1016630693218,-49.6651209008547,-49.0539776425038,116.619337281823,0
295,3,0,10,-135,-12.1016630693218,-40.4385093187023,-65.2864896300081,113.742700595396,0
295,4,0,10,-120,-12.1016630693218,-30.0350271493329,-77.9931039648364,110.08559343443,0
295,5,0,10,-105,-12.1016630693218,-19.1511048735914,-88.8314215717743,105.930795691149,0
295,6,187.911830385732,10,-90,-12.1016630693218,-8.22025760712825,-81.0879749041229,92.7030888324157,0
295,7,364.902908221157,10,-75,-12.1016630693218,2.41303004263009,-70.9612929887481,78.4969003044747,72.7692838660133
295,8,520.687155398872,10,-60,-12.1016630693218,12.390395106726,-60.1087843095092,64.5833201692194,223.477933811607
295,9,646.210957725608,10,-45,-12.1016630693218,21.2644974827659,-47.8939110087546,51.2067348531996,404.859048447476
295,10,734.17932807059,10,-30,-12.1016630693218,28.4451154129788,-33.7805881637675,38.9297813646364,571.130315294362
295,11,779.479864501385,10,-15,-12.1016630693218,33.2131731680672,-17.6066881414979,29.1798672910114,680.558762940334
295,12,779.479864501385,10,0,-12.1016630693218,34.8983369306783,0,25.1016630693218,705.863046851468
295,13,734.17932807059,10,15,-12.1016630693218,33.2131731680672,17.6066881414979,29.1798672910114,641.007161368693
295,14,646.210957725608,10,30,-12.1016630693218,28.4451154129788,33.7805881637675,38.9297813646364,502.698256299873
295,15,520.687155398873,10,45,-12.1016630693218,21.2644974827659,47.8939110087546,51.2067348531996,326.216854965684
295,16,364.902908221157,10,60,-12.1016630693218,12.390395106726,60.1087843095092,64.5833201692194,156.615632103775
295,17,187.911830385732,10,75,-12.1016630693218,2.41303004263009,70.9612929887481,78.4969003044747,37.4735553459441
295,18,9.61598657943643e-14,10,90,-12.1016630693218,-8.22025760712825,81.0879749041229,92.7030888324157,0
295,19,0,10,105,-12.1016630693218,-19.1511048735914,88.8314215717743,105.930795691149,0
295,20,0,10,120,-12.1016630693218,-30.0350271493329,77.9931039648364,110.08559343443,0
295,21,0,10,135,-12.1016630693218,-40.4385093187023,65.2864896300081,113.742700595396,0
295,22,0,10,150,-12.1016630693218,-49.6651209008547,49.0539776425038,116.619337281823,0
295,23,0,10,165,-12.1016630693218,-56.4820988823231,27.276907995124,118.464868143793,0
296,0,0,10,-180,-12.4456196293973,-59.4456196293973,-1.34783983503346e-14,119.445619629397,0
296,1,0,10,-165,-12.4456196293973,-56.8050307451023,-27.4922631550144,118.807543920041,0
296,2,0,10,-150,-12.4456196293973,-49.9485332788866,-49.3559684871913,116.958650359544,0
296,3,0,10,-135,-12.4456196293973,-40.6904634272614,-65.5947119284388,114.077746419271,0
296,4,0,10,-120,-12.4456196293973,-30.2691886133817,-78.2844690605931,110.416786647622,0
296,5,0,10,-105,-12.4456196293973,-19.379256495868,-89.1040871458506,106.259558508563,0
296,6,186.969879740224,10,-90,-12.4456196293973,-8.4519211985767,-80.8310196652517,92.778780221939,0
296,7,363.073749677807,10,-75,-12.4456196293973,2.16977905565918,-70.7179211663739,78.5928559096247,71.8085689261432
296,8,518.077093003499,10,-60,-12.4456196293973,12.1284683834161,-59.8806455376431,64.706403742998,221.351968508363
296,9,642.97167881744,10,-45,-12.4456196293973,20.9782373239057,-47.6894914141405,51.3681898168865,401.415831553869
296,10,730.49908776547,10,-30,-12.4456196293973,28.1322192853867,-33.6183793868813,39.1477780315276,566.516818272783
296,11,775.572544988717,10,-15,-12.4456196293973,32.8781011760508,-17.5140271303238,29.4747273088558,675.192373878749
296,12,775.572544988717,10,0,-12.4456196293973,34.5543803706027,0,25.4456196293973,700.336953676815
296,13,730.49908776547,10,15,-12.4456196293973,32.8781011760508,17.5140271303238,29.4747273088558,635.952647333337
296,14,642.97167881744,10,30,-12.4456196293973,28.1322192853867,33.6183793868813,39.1477780315276,498.637542227994
296,15,518.0770930035,10,45,-12.4456196293973,20.9782373239057,47.6894914141405,51.3681898168865,323.442468693957
296,16,363.073749677808,10,60,-12.4456196293973,12.1284683834161,59.8806455376431,64.706403742998,155.125733776368
296,17,186.969879740225,10,75,-12.4456196293973,2.16977905565918,70.7179211663739,78.5928559096247,36.9788218188535
296,18,9.56778426696308e-14,10,90,-12.4456196293973,-8.4519211985767,80.8310196652517,92.778780221939,0
296,19,0,10,105,-12.4456196293973,-19.379256495868,89.1040871458506,106.259558508563,0
296,20,0,10,120,-12.4456196293973,-30.2691886133817,78.2844690605931,110.416786647622,0
296,21,0,10,135,-12.4456196293973,-40.6904634272614,65.5947119284388,114.077746419271,0
296,22,0,10,150,-12.4456196293973,-49.9485332788866,49.3559684871913,116.958650359544,0
296,23,0,10,165,-12.4456196293973,-56.8050307451023,27.4922631550144,118.807543920041,0
297,0,0,10,-180,-12.7858882837783,-59.7858882837783,-1.35975282788842e-14,119.785888283778,0
297,1,0,10,-165,-12.7858882837783,-57.1241289276463,-27.7089894645831,119.146537190789,0
297,2,0,10,-150,-12.7858882837783,-50.2281263946768,-49.6582339226972,117.294297523783,0
297,3,0,10,-135,-12.7858882837783,-40.9389034723541,-65.9019277701304,114.409153328228,0
297,4,0,10,-120,-12.7858882837783,-30.5002016981,-78.5740791263345,110.744373603304,0
297,5,0,10,-105,-12.7858882837783,-19.6045611139795,-89.3745811266089,106.584745050811,0
297,6,186.002664502587,10,-90,-12.7858882837783,-8.68093585938415,-80.5765156482115,92.8535662121209,0
297,7,361.19553023646,10,-75,-12.7858882837783,1.92909772125667,-70.4772358441614,78.6881605920986,70.8480593411981
297,8,515.397024645323,10,-60,-12.7858882837783,11.8691667782996,-59.6553937059094,64.8290039578687,219.209281205725
297,9,639.64551737376,10,-45,-12.7858882837783,20.6948074565776,-47.4880331674715,51.5291768328728,397.933727944737
297,10,726.720137649288,10,-30,-12.7858882837783,27.8224912267828,-33.4588395323389,39.3649237204983,561.843332443849
297,11,771.560425044861,10,-15,-12.7858882837783,32.5465551062753,-17.4230464785047,29.7673703313489,669.751743775048
297,12,771.560425044861,10,0,-12.7858882837783,34.2141117162218,0,25.7858882837783,694.73302078249
297,13,726.720137649288,10,15,-12.7858882837783,32.5465551062753,17.4230464785047,29.7673703313489,630.828206875377
297,14,639.64551737376,10,30,-12.7858882837783,27.8224912267828,33.4588395323389,39.3649237204983,494.524027126215
297,15,515.397024645324,10,45,-12.7858882837783,20.6948074565776,47.4880331674715,51.5291768328728,320.636749290151
297,16,361.19553023646,10,60,-12.7858882837783,11.8691667782996,59.6553937059094,64.8290039578687,153.624116499978
297,17,186.002664502587,10,75,-12.7858882837783,1.92909772125667,70.4772358441614,78.6881605920986,36.4841940421389
297,18,9.5182890929474e-14,10,90,-12.7858882837783,-8.68093585938415,80.5765156482115,92.8535662121209,0
297,19,0,10,105,-12.7858882837783,-19.6045611139795,89.3745811266089,106.584745050811,0
297,20,0,10,120,-12.7858882837783,-30.5002016981,78.5740791263345,110.744373603304,0
297,21,0,10,135,-12.7858882837783,-40.9389034723541,65.9019277701304,114.409153328228,0
297,22,0,10,150,-12.7858882837783,-50.2281263946768,49.6582339226972,117.294297523783,0
297,23,0,10,165,-12.7858882837783,-57.1241289276463,27.7089894645831,119.146537190789,0
298,0,0,10,-180,-13.1223682035187,-60.1223682035187,-1.371774545908e-14,120.122368203519,0
298,1,0,10,-165,-13.1223682035187,-57.4393002426316,-27.9270047879148,119.481747609253,0
298,2,0,10,-150,-13.1223682035187,-50.5038263294878,-49.9606343524631,117.626179664838,0
298,3,0,10,-135,-13.1223682035187,-41.1837694486027,-66.2080001392399,114.73682369483,0
298,4,0,10,-120,-13.1223682035187,-30.7280100793897,-78.8618185555846,111.068257857291,0
298,5,0,10,-105,-13.1223682035187,-19.8269590647073,-89.6428087106323,106.906259406596,0
298,6,185.01047127957,10,-90,-13.1223682035187,-8.90723449687642,-80.3245399066318,92.9274252318647,0
298,7,359.268806454071,10,-75,-13.1223682035187,1.69106280684645,-70.2392974428351,78.7827703091306,69.8883202815283
298,8,512.647744486439,10,-60,-13.1223682035187,11.6125774165565,-59.4330711049468,64.9510509062842,217.051152162425
298,9,636.233459007989,10,-45,-13.1223682035187,20.4143040185971,-47.2895574515956,51.6895942038312,394.414831466206
298,10,722.84359750652,10,-30,-13.1223682035187,27.5160325405083,-33.3019690045467,39.5810808483723,557.112676895605
298,11,767.444693547544,10,-15,-13.1223682035187,32.2186366924219,-17.3337373558996,30.0576515115867,664.240159462193
298,12,767.444693547545,10,0,-13.1223682035187,33.8776317964814,0,26.1223682035187,689.054635211426
298,13,722.84359750652,10,15,-13.1223682035187,32.2186366924219,17.3337373558996,30.0576515115867,625.636935808991
298,14,636.233459007989,10,30,-13.1223682035187,27.5160325405083,33.3019690045467,39.5810808483723,490.360192303278
298,15,512.64774448644,10,45,-13.1223682035187,20.4143040185971,47.2895574515956,51.6895942038312,317.801383879453
298,16,359.268806454071,10,60,-13.1223682035187,11.6125774165565,59.4330711049468,64.9510509062842,152.111677493079
298,17,185.01047127957,10,75,-13.1223682035187,1.69106280684645,70.2392974428351,78.7827703091306,35.9899630581372
298,18,9.46751572387766e-14,10,90,-13.1223682035187,-8.90723449687642,80.3245399066318,92.9274252318647,0
298,19,0,10,105,-13.1223682035187,-19.8269590647073,89.6428087106323,106.906259406596,0
298,20,0,10,120,-13.1223682035187,-30.7280100793897,78.8618185555846,111.068257857291,0
298,21,0,10,135,-13.1223682035187,-41.1837694486027,66.2080001392399,114.73682369483,0
298,22,0,10,150,-13.1223682035187,-50.5038263294878,49.9606343524631,117.626179664838,0
298,23,0,10,165,-13.1223682035187,-57.4393002426316,27.9270047879148,119.481747609253,0
299,0,0,10,-180,-13.4549596823564,-60.4549596823564,-1.38390133451433e-14,120.454959682356,0
299,1,0,10,-165,-13.4549596823564,-57.750453188432,-28.1462213463391,119.813075961946,0
299,2,0,10,-150,-13.4549596823564,-50.7755614344803,-50.2630251574282,117.954198830478,0
299,3,0,10,-135,-13.4549596823564,-41.4250034951331,-66.5127894398587,115.060661071142,0
299,4,0,10,-120,-13.4549596823564,-30.9525592019769,-79.1475706388845,111.388344153814,0
299,5,0,10,-105,-13.4549596823564,-20.046392111129,-89.9086747370607,107.224006847821,0
299,6,183.993594079437,10,-90,-13.4549596823564,-9.13075120269109,-80.0751694468585,93.0003362021732,0
299,7,357.294149260479,10,-75,-13.4549596823564,1.45575002773089,-70.0041661015444,78.876641259845,68.9299056880901
299,8,509.830067197893,10,-60,-13.4549596823564,11.3587863957592,-59.2137196559484,65.0724748385245,214.878849778738
299,9,632.736514786657,10,-45,-13.4549596823564,20.1368220598977,-47.094085202034,51.8493406687719,390.861225685939
299,10,718.870616039674,10,-30,-13.4549596823564,27.212943369924,-33.1477683042491,39.7961133913433,552.327662908068
299,11,763.226570076835,10,-15,-13.4549596823564,31.894446512443,-17.2460912522867,30.3454289931124,658.660902065995
299,12,763.226570076835,10,0,-13.4549596823564,33.5450403176436,0,26.4549596823564,683.305179180295
299,13,718.870616039674,10,15,-13.4549596823564,31.894446512443,17.2460912522867,30.3454289931124,620.381924572886
299,14,632.736514786658,10,30,-13.4549596823564,27.212943369924,33.1477683042491,39.7961133913433,486.148512195446
299,15,509.830067197893,10,45,-13.4549596823564,20.1368220598977,47.094085202034,51.8493406687719,314.938051305136
299,16,357.294149260479,10,60,-13.4549596823564,11.3587863957592,59.2137196559484,65.0724748385245,150.589305663615
299,17,183.993594079437,10,75,-13.4549596823564,1.45575002773089,70.0041661015444,78.876641259845,35.496414126452
299,18,9.41547920499889e-14,10,90,-13.4549596823564,-9.13075120269109,80.0751694468585,93.0003362021732,0
299,19,0,10,105,-13.4549596823564,-20.046392111129,89.9086747370607,107.224006847821,0
299,20,0,10,120,-13.4549596823564,-30.9525592019769,79.1475706388845,111.388344153814,0
299,21,0,10,135,-13.4549596823564,-41.4250034951331,66.5127894398587,115.060661071142,0
299,22,0,10,150,-13.4549596823564,-50.7755614344803,50.2630251574282,117.954198830478,0
299,23,0,10,165,-13.4549596823564,-57.750453188432,28.1462213463391,119.813075961946,0
300,0,0,10,-180,-13.7835641662585,-60.7835641662585,-1.39612918111912e-14,120.783564166258,0
300,1,0,10,-165,-13.7835641662585,-58.0574979970664,-28.366545555274,120.140424198143,0
300,2,0,10,-150,-13.7835641662585,-51.0432623682845,-50.5652567110932,118.278258255141,0
300,3,0,10,-135,-13.7835641662585,-41.6625499099168,-66.8161535784277,115.380570217476,0
300,4,0,10,-120,-13.7835641662585,-31.1737962861906,-79.4312176343956,111.704538453833,0
300,5,0,10,-105,-13.7835641662585,-20.2628034526695,-89.82791626446,107.368669086335,0
300,6,182.952334224849,10,-90,-13.7835641662585,-9.35142127038058,-79.8284811999067,93.0722785401282,0
300,7,355.272143789227,10,-75,-13.7835641662585,1.22323402137813,-69.7719016673997,78.9697299159826,67.9733576522489
300,8,506.944827718275,10,-60,-13.7835641662585,11.1078787540947,-58.9973809160996,65.1932062211184,212.693629025759
300,9,629.15572092981,10,-45,-13.7835641662585,19.8624555088535,-46.9016371229754,52.0083154866944,387.274981212948
300,10,714.8023705289,10,-30,-13.7835641662585,26.9133226668769,-32.9962380416633,40.0098869568857,547.491090271067
300,11,758.907304553751,10,-15,-13.7835641662585,31.5740839590559,-17.160099977932,30.6305638639723,653.017242670536
300,12,758.907304553752,10,0,-13.7835641662585,33.2164358337415,0,26.7835641662585,677.488025599904
300,13,714.8023705289,10,15,-13.7835641662585,31.5740839590559,17.160099977932,30.6305638639723,615.066254147623
300,14,629.15572092981,10,30,-13.7835641662585,26.9133226668769,32.9962380416633,40.0098869568857,481.891451125531
300,15,506.944827718275,10,45,-13.7835641662585,19.8624555088535,46.9016371229754,52.0083154866944,312.048419968987
300,16,355.272143789227,10,60,-13.7835641662585,11.1078787540947,58.9973809160996,65.1932062211184,149.057880508223
300,17,182.95233422485,10,75,-13.7835641662585,1.22323402137813,69.7719016673997,78.9697299159826,35.0038264045756
300,18,9.36219495585467e-14,10,90,-13.7835641662585,-9.35142127038058,79.8284811999067,93.0722785401282,0
300,19,0,10,105,-13.7835641662585,-20.2628034526695,89.82791626446,107.368669086335,0
300,20,0,10,120,-13.7835641662585,-31.1737962861906,79.4312176343956,111.704538453833,0
300,21,0,10,135,-13.7835641662585,-41.6625499099168,66.8161535784277,115.380570217476,0
300,22,0,10,150,-13.7835641662585,-51.0432623682845,50.5652567110932,118.278258255141,0
300,23,0,10,165,-13.7835641662585,-58.0574979970664,28.366545555274,120.140424198143,0
301,0,0,10,-180,-14.1080842826244,-61.1080842826244,-1.40845369873649e-14,121.108084282624,0
301,1,0,10,-165,-14.1080842826244,-58.3603466811255,-28.5878778695519,120.463695458978,0
301,2,0,10,-150,-14.1080842826244,-51.3068621313282,-50.867174409312,118.598262388675,0
301,3,0,10,-135,-14.1080842826244,-41.8963551606929,-67.1179480548244,115.69645713061,0
301,4,0,10,-120,-14.1080842826244,-31.3916703321554,-79.7126408429902,112.016747962762,0
301,5,0,10,-105,-14.1080842826244,-20.4761377333205,-89.5670600231308,107.42224511467,0
301,6,181.887000263574,10,-90,-14.1080842826244,-9.56918121167131,-79.5845519915862,93.1432321621481,0
301,7,353.203389204175,10,-75,-14.1080842826244,0.993588322790949,-69.5425636834949,79.0619930520182,67.0192058207385
301,8,503.992881006312,10,-60,-14.1080842826244,10.8599384395529,-58.7840960824762,65.3131757942535,210.496729916073
301,9,625.492138503945,10,-45,-14.1080842826244,19.5912971394691,-46.7122337014987,52.1664185177981,383.658153074602
301,10,710.640066483145,10,-30,-14.1080842826244,26.6172681608244,-32.8473789479305,40.222268851171,542.605743672171
301,11,754.488176869886,10,-15,-14.1080842826244,31.2576472106539,-17.0757556633462,30.9129201130625,647.312438061402
301,12,754.488176869886,10,0,-14.1080842826244,32.8919157173756,0,27.1080842826244,671.606533674542
301,13,710.640066483146,10,15,-14.1080842826244,31.2576472106539,17.0757556633462,30.9129201130625,609.692992046251
301,14,625.492138503945,10,30,-14.1080842826244,26.6172681608244,32.8473789479305,40.222268851171,477.591460123617
301,15,503.992881006312,10,45,-14.1080842826244,19.5912971394691,46.7122337014987,52.1664185177981,309.13414571782
301,16,353.203389204175,10,60,-14.1080842826244,10.8599384395529,58.7840960824762,65.3131757942535,147.518271040463
301,17,181.887000263574,10,75,-14.1080842826244,0.993588322790949,69.5425636834949,79.0619930520182,34.5124726414632
301,18,9.307678765718e-14,10,90,-14.1080842826244,-9.56918121167131,79.5845519915862,93.1432321621481,0
301,19,0,10,105,-14.1080842826244,-20.4761377333205,89.5670600231308,107.42224511467,0
301,20,0,10,120,-14.1080842826244,-31.3916703321554,79.7126408429902,112.016747962762,0
301,21,0,10,135,-14.1080842826244,-41.8963551606929,67.1179480548244,115.69645713061,0
301,22,0,10,150,-14.1080842826244,-51.3068621313282,50.867174409312,118.598262388675,0
301,23,0,10,165,-14.1080842826244,-58.3603466811255,28.5878778695519,120.463695458978,0
302,0,0,10,-180,-14.42842386914,-61.42842386914,-1.42087010964737e-14,121.42842386914,0
302,1,0,10,-165,-14.42842386914,-58.6589130795237,-28.810112638669,120.782794106153,0
302,2,0,10,-150,-14.42842386914,-51.5662960967127,-51.1686187154749,118.914116924623,0
302,3,0,10,-135,-14.42842386914,-42.1263678923772,-67.418026062161,116.008229071452,0
302,4,0,10,-120,-14.42842386914,-31.6061321213698,-79.9917206877718,112.324881157591,0
302,5,0,10,-105,-14.42842386914,-20.6863410480185,-89.3088524738134,107.474580534296,0
302,6,180.797907877056,10,-90,-14.42842386914,-9.78396877137354,-79.3434585108142,93.2131774865281,0
302,7,351.088498521953,10,-75,-14.42842386914,0.766885340961992,-69.3162113754245,79.1533877746429,66.067966826709
302,8,500.975101787522,10,-60,-14.42842386914,10.6150482800819,-58.5739059944138,65.4323146281304,208.289376018654
302,9,621.746853107603,10,-45,-14.42842386914,19.3234385394328,-46.5258952200584,52.3235503022446,380.012778156009
302,10,706.384937282927,10,-30,-14.42842386914,26.3248763286071,-32.7011918849437,40.4331281422213,537.674389161977
302,11,749.970496508143,10,-15,-14.42842386914,30.945233202636,-16.9930507582739,31.1923645887624,641.5497265554
302,12,749.970496508144,10,0,-14.42842386914,32.57157613086,0,27.42842386914,665.664044589316
302,13,706.384937282928,10,15,-14.42842386914,30.945233202636,16.9930507582739,31.1923645887624,604.265188386374
302,14,621.746853107603,10,30,-14.42842386914,26.3248763286071,32.7011918849437,40.4331281422213,473.250973815876
302,15,500.975101787522,10,45,-14.42842386914,19.3234385394328,46.5258952200584,52.3235503022446,306.196869780244
302,16,351.088498521953,10,60,-14.42842386914,10.6150482800819,58.5739059944138,65.4323146281304,145.971334750044
302,17,180.797907877056,10,75,-14.42842386914,0.766885340961992,69.3162113754245,79.1533877746429,34.0226188845455
302,18,9.25194678891256e-14,10,90,-14.42842386914,-9.78396877137354,79.3434585108142,93.2131774865281,0
302,19,0,10,105,-14.42842386914,-20.6863410480185,89.3088524738134,107.474580534296,0
302,20,0,10,120,-14.42842386914,-31.6061321213698,79.9917206877718,112.324881157591,0
302,21,0,10,135,-14.42842386914,-42.1263678923772,67.418026062161,116.008229071452,0
302,22,0,10,150,-14.42842386914,-51.5662960967127,51.1686187154749,118.914116924623,0
302,23,0,10,165,-14.42842386914,-58.6589130795237,28.810112638669,120.782794106153,0
303,0,0,10,-180,-14.7444880022723,-61.7444880022723,-1.43337322921008e-14,121.744488002272,0
303,1,0,10,-165,-14.7444880022723,-58.9531129019146,-29.0331379734724,121.097625750255,0
303,2,0,10,-150,-14.7444880022723,-51.8215020374342,-51.4694252217065,119.225728828032,0
303,3,0,10,-135,-14.7444880022723,-42.3525389308741,-67.7162385952929,116.315794592156,0
303,4,0,10,-120,-14.7444880022723,-31.8171342156506,-80.2683367979567,112.628847813408,0
303,5,0,10,-105,-14.7444880022723,-20.8933609471775,-89.0533897012724,107.525679465298,0
303,6,179.685379786873,10,-90,-14.7444880022723,-9.99572294093945,-79.1052772761446,93.2820954352764,0
303,7,348.928098430314,10,-75,-14.7444880022723,0.543196336418283,-69.0929036363092,79.2438715515889,65.1201437477235
303,8,497.892384295018,10,-60,-14.7444880022723,10.37328995471,-58.3668511343647,65.5505541782218,206.072773020726
303,9,617.920974549677,10,-45,-14.7444880022723,19.058970079028,-46.3426417672705,52.4796121364732,376.340872706723
303,10,702.038243814862,10,-30,-14.7444880022723,26.0362423648702,-32.5576778536201,40.6423357190224,532.699770703805
303,11,745.355602154715,10,-15,-14.7444880022723,30.636937599162,-16.9119780299631,31.4687669598362,635.732323925161
303,12,745.355602154715,10,0,-14.7444880022723,32.2555119977277,0,27.7444880022723,659.663877294153
303,13,702.038243814862,10,15,-14.7444880022723,30.636937599162,16.9119780299631,31.4687669598362,598.785872051606
303,14,617.920974549677,10,30,-14.7444880022723,26.0362423648702,32.5576778536201,40.6423357190224,468.872407387668
303,15,497.892384295018,10,45,-14.7444880022723,19.058970079028,46.3426417672705,52.4796121364732,303.23821675769
303,16,348.928098430314,10,60,-14.7444880022723,10.37328995471,58.3668511343647,65.5505541782218,144.41791659496
303,17,179.685379786874,10,75,-14.7444880022723,0.543196336418283,69.0929036363092,79.2438715515889,33.5345242006138
303,18,9.19501554002588e-14,10,90,-14.7444880022723,-9.99572294093945,79.1052772761446,93.2820954352764,0
303,19,0,10,105,-14.7444880022723,-20.8933609471775,89.0533897012724,107.525679465298,0
303,20,0,10,120,-14.7444880022723,-31.8171342156506,80.2683367979567,112.628847813408,0
303,21,0,10,135,-14.7444880022723,-42.3525389308741,67.7162385952929,116.315794592156,0
303,22,0,10,150,-14.7444880022723,-51.8215020374342,51.4694252217065,119.225728828032,0
303,23,0,10,165,-14.7444880022723,-58.9531129019146,29.0331379734724,121.097625750255,0
304,0,0,10,-180,-15.0561830253974,-62.0561830253974,-1.44595744992163e-14,122.056183025397,0
304,1,0,10,-165,-15.0561830253974,-59.2428637715976,-29.2568356258602,121.408097278676,0
304,2,0,10,-150,-15.0561830253974,-52.0724201497474,-51.7694247266495,119.533006362771,0
304,3,0,10,-135,-15.0561830253974,-42.5748212832182,-68.0124345680075,116.619063562651,0
304,4,0,10,-120,-15.0561830253974,-32.0246309534272,-80.5423680970294,112.928559029288,0
304,5,0,10,-105,-15.0561830253974,-21.0971464393761,-88.8007678819186,107.575546761705,0
304,6,178.54974565911,10,-90,-15.0561830253974,-10.2043839706695,-78.8700846005429,93.3499674352536,0
304,7,346.722829102431,10,-75,-15.0561830253974,0.322591399856216,-68.872699010347,79.3334022397767,64.1762255914934
304,8,494.745642004523,10,-60,-15.0561830253974,10.1347439656347,-58.1629716272606,65.6678263393981,203.848107339146
304,9,614.015636520551,10,-45,-15.0561830253974,18.7979808808978,-46.1624932470397,52.6345061470742,372.644429919542
304,10,697.601274098032,10,-30,-15.0561830253974,25.7514601531269,-32.4168380006767,40.8497643468165,527.68460681453
304,11,740.644861302394,10,-15,-15.0561830253974,30.3328547653357,-16.8325305607547,31.7419996785663,629.863419426669
304,12,740.644861302395,10,0,-15.0561830253974,31.9438169746026,0,28.0561830253974,653.60932439284
304,13,697.601274098032,10,15,-15.0561830253974,30.3328547653357,16.8325305607547,31.7419996785663,593.258046949967
304,14,614.015636520551,10,30,-15.0561830253974,25.7514601531269,32.4168380006767,40.8497643468165,464.458153626864
304,15,494.745642004523,10,45,-15.0561830253974,18.7979808808978,46.1624932470397,52.6345061470742,300.259792673509
304,16,346.722829102431,10,60,-15.0561830253974,10.1347439656347,58.1629716272606,65.6678263393981,142.858848028334
304,17,178.54974565911,10,75,-15.0561830253974,0.322591399856216,68.872699010347,79.3334022397767,33.0484404109936
304,18,9.13690188901567e-14,10,90,-15.0561830253974,-10.2043839706695,78.8700846005429,93.3499674352536,0
304,19,0,10,105,-15.0561830253974,-21.0971464393761,88.8007678819186,107.575546761705,0
304,20,0,10,120,-15.0561830253974,-32.0246309534272,80.5423680970294,112.928559029288,0
304,21,0,10,135,-15.0561830253974,-42.5748212832182,68.0124345680075,116.619063562651,0
304,22,0,10,150,-15.0561830253974,-52.0724201497474,51.7694247266495,119.533006362771,0
304,23,0,10,165,-15.0561830253974,-59.2428637715976,29.2568356258602,121.408097278676,0
305,0,0,11,-180,-15.363416576553,-62.363416576553,-1.45861672584435e-14,122.363416576553,0
305,1,0,11,-165,-15.363416576553,-59.5280852667385,-29.4810808831264,121.71411688311,0
305,2,0,11,-150,-15.363416576553,-52.3189930724796,-52.0684433303572,119.835859118354,0
305,3,0,11,-135,-15.363416576553,-42.7931701339802,-68.3064609388249,116.917947196592,0
305,4,0,11,-120,-15.363416576553,-32.2285784433797,-80.8136928950696,113.223927253545,0
305,5,0,11,-105,-15.363416576553,-21.2976479922057,-88.5510832231218,107.624187981649,0
305,6,177.391342006666,11,-90,-15.363416576553,-10.4098933805711,-78.6379565544433,93.4167754186305,0
305,7,344.473344007197,11,-75,-15.363416576553,0.105139431865512,-68.6556556749122,79.4219381127664,63.2366868100722
305,8,491.53580736369,11,-60,-15.363416576553,9.89948961127529,-57.9623072384037,65.7840634988895,201.616544783766
305,9,610.031996256168,11,-45,-15.363416576553,18.5405587906566,-45.985469386067,52.7881353622349,368.925417585909
305,10,693.075342902323,11,-30,-15.363416576553,25.4706222374602,-32.2786736239751,41.0552887187852,522.631587303005
305,11,735.839669845363,11,-15,-15.363416576553,30.0330777398216,-16.7547017450366,32.0119379460748,623.94617193746
305,12,735.839669845363,11,0,-15.363416576553,31.636583423447,0,28.363416576553,647.503648145138
305,13,693.075342902323,11,15,-15.363416576553,30.0330777398216,16.7547017450366,32.0119379460748,587.684688376511
305,14,610.031996256168,11,30,-15.363416576553,25.4706222374602,32.2786736239751,41.0552887187852,460.010580053076
305,15,491.53580736369,11,45,-15.363416576553,18.5405587906566,45.985469386067,52.7881353622349,297.263183083805
305,16,344.473344007198,11,60,-15.363416576553,9.89948961127529,57.9623072384037,65.7840634988895,141.294946061688
305,17,177.391342006666,11,75,-15.363416576553,0.105139431865512,68.6556556749122,79.4219381127664,32.5646118413725
305,18,9.07762305621094e-14,11,90,-15.363416576553,-10.4098933805711,78.6379565544433,93.4167754186305,0
305,19,0,11,105,-15.363416576553,-21.2976479922057,88.5510832231218,107.624187981649,0
305,20,0,11,120,-15.363416576553,-32.2285784433797,80.8136928950696,113.223927253545,0
305,21,0,11,135,-15.363416576553,-42.7931701339802,68.3064609388249,116.917947196592,0
305,22,0,11,150,-15.363416576553,-52.3189930724796,52.0684433303572,119.835859118354,0
305,23,0,11,165,-15.363416576553,-59.5280852667385,29.4810808831264,121.71411688311,0
306,0,0,11,-180,-15.6660976158073,-62.6660976158073,-1.47134455752309e-14,122.666097615807,0
306,1,0,11,-165,-15.6660976158073,-59.8086989597168,-29.7057424786326,122.015594086642,0
306,2,0,11,-150,-15.6660976158073,-52.5611659021056,-52.3663025467514,120.134198036249,0
306,3,0,11,-135,-15.6660976158073,-43.0075428378865,-68.5981628453055,117.212358076714,0
306,4,0,11,-120,-15.6660976158073,-32.4289345554224,-81.0821889851326,113.51486630834,0
306,5,0,11,-105,-15.6660976158073,-21.4948175312868,-88.3044319001738,107.671609356682,0
306,6,176.210512089545,11,-90,-15.6660976158073,-10.612193969875,-78.4089689271303,93.4825018226757,0
306,7,342.180309715597,11,-75,-15.6660976158073,-0.10909187626062,-68.4418314212283,79.5094378874958,62.3019868431619
306,8,488.263831515796,11,-60,-15.6660976158073,9.66760496028572,-57.7648973699124,65.8991985880548,199.379229275059
306,9,605.971234195113,11,-45,-15.6660976158073,18.2867903483417,-45.8115897397843,52.9404037807739,365.185775832216
306,10,688.461791358826,11,-30,-15.6660976158073,25.1938197948596,-32.1431861764942,41.2587855043277,517.543370112232
306,11,730.941451665554,11,-15,-15.6660976158073,29.7376982078992,-16.6784852856002,32.2784596797764,617.983706212842
306,12,730.941451665554,11,0,-15.6660976158073,31.3339023841927,0,28.6660976158073,641.350076589607
306,13,688.461791358826,11,15,-15.6660976158073,29.7376982078992,16.6784852856002,32.2784596797764,582.068739487126
306,14,605.971234195114,11,30,-15.6660976158073,25.1938197948596,32.1431861764942,41.2587855043277,455.532026138182
306,15,488.263831515797,11,45,-15.6660976158073,18.2867903483417,45.8115897397843,52.9404037807739,294.249951253453
306,16,342.180309715597,11,60,-15.6660976158073,9.66760496028572,57.7648973699124,65.8991985880548,139.727012366243
306,17,176.210512089545,11,75,-15.6660976158073,-0.10909187626062,68.4418314212283,79.5094378874958,32.083275086618
306,18,9.01719660720917e-14,11,90,-15.6660976158073,-10.612193969875,78.4089689271303,93.4825018226757,0
306,19,0,11,105,-15.6660976158073,-21.4948175312868,88.3044319001738,107.671609356682,0
306,20,0,11,120,-15.6660976158073,-32.4289345554224,81.0821889851326,113.51486630834,0
306,21,0,11,135,-15.6660976158073,-43.0075428378865,68.5981628453055,117.212358076714,0
306,22,0,11,150,-15.6660976158073,-52.5611659021056,52.3663025467514,120.134198036249,0
306,23,0,11,165,-15.6660976158073,-59.8086989597168,29.7057424786326,122.015594086642,0
307,0,0,11,-180,-15.9641364522361,-62.9641364522361,-1.48413397752846e-14,122.964136452236,0
307,1,0,11,-165,-15.9641364522361,-60.0846284544087,-29.9306825205256,122.312439770391,0
307,2,0,11,-150,-15.9641364522361,-52.7988862034081,-52.6628194340381,120.427935435672,0
307,3,0,11,-135,-15.9641364522361,-43.2178989086091,-68.8873837467277,117.502210179563,0
307,4,0,11,-120,-15.9641364522361,-32.6256589090413,-81.3477337435521,113.801291413619,0
307,5,0,11,-105,-15.9641364522361,-21.6886084374705,-88.0609099909701,107.717817760283,0
307,6,175.007605813136,11,-90,-15.9641364522361,-10.8112298252206,-78.1831971864921,93.5471295888924,0
307,7,339.844405703176,11,-75,-15.9641364522361,-0.320036060634563,-68.2312836336467,79.5958607502931,61.3725696911029
307,8,484.930684017902,11,-60,-15.9641364522361,9.43916682652238,-57.5707810557504,66.0131651329318,197.137281618139
307,9,601.834553628823,11,-45,-15.9641364522361,18.0367607607009,-45.6408736967584,53.091216438789,361.427414941074
307,10,683.761986562432,11,-30,-15.9641364522361,24.9211426081896,-32.0103772689928,41.4601333941305,512.422578271092
307,11,725.951658210727,11,-15,-15.9641364522361,29.4468064749595,-16.6038751894386,32.5414454829016,611.979109267158
307,12,725.951658210727,11,0,-15.9641364522361,31.035863547764,0,28.9641364522361,635.151799794444
307,13,683.761986562432,11,15,-15.9641364522361,29.4468064749595,16.6038751894386,32.5414454829016,576.413107890104
307,14,601.834553628824,11,30,-15.9641364522361,24.9211426081896,32.0103772689928,41.4601333941305,451.024800623302
307,15,484.930684017902,11,45,-15.9641364522361,18.0367607607009,45.6408736967584,53.091216438789,291.221636400578
307,16,339.844405703177,11,60,-15.9641364522361,9.43916682652238,57.5707810557504,66.0131651329318,138.155832413737
307,17,175.007605813136,11,75,-15.9641364522361,-0.320036060634563,68.2312836336467,79.5958607502931,31.6046587908844
307,18,8.95564044767133e-14,11,90,-15.9641364522361,-10.8112298252206,78.1831971864921,93.5471295888924,0
307,19,0,11,105,-15.9641364522361,-21.6886084374705,88.0609099909701,107.717817760283,0
307,20,0,11,120,-15.9641364522361,-32.6256589090413,81.3477337435521,113.801291413619,0
307,21,0,11,135,-15.9641364522361,-43.2178989086091,68.8873837467277,117.502210179563,0
307,22,0,11,150,-15.9641364522361,-52.7988862034081,52.6628194340381,120.427935435672,0
307,23,0,11,165,-15.9641364522361,-60.0846284544087,29.9306825205256,122.312439770391,0
308,0,0,11,-180,-16.2574447704996,-63.2574447704996,-1.4969775367722e-14,123.2574447705,0
308,1,0,11,-165,-16.2574447704996,-60.3557994212072,-30.1557564402465,122.604566199731,0
308,2,0,11,-150,-16.2574447704996,-53.0321040155543,-52.9578067433989,120.71698503884,0
308,3,0,11,-135,-16.2574447704996,-43.4242000037008,-69.1739655749556,117.787418899621,0
308,4,0,11,-120,-16.2574447704996,-32.818712859002,-81.6102042340131,114.083119210383,0
308,5,0,11,-105,-16.2574447704996,-21.8789755422443,-87.8206134085047,107.76282067564,0
308,6,173.782979624529,11,-90,-16.2574447704996,-11.0069463275218,-77.9607164371987,93.6106421615183,0
308,7,337.466324148709,11,-75,-16.2574447704996,-0.527627901809722,-68.0240692675632,79.6811663821497,60.448863518066
308,8,481.537352553544,11,-60,-16.2574447704996,9.21425074496173,-57.3799969553729,66.125897303549,194.891798335171
308,9,597.623180345027,11,-45,-16.2574447704996,17.7905538743046,-45.473340481614,53.2404794739442,357.652213261347
308,10,678.977321166731,11,-30,-16.2574447704996,24.652679039784,-31.8802486714223,41.6592131422181,507.271796961148
308,11,720.871768064369,11,-15,-16.2574447704996,29.1604914404486,-16.5308657630221,32.800778616022,605.935426886704
308,12,720.871768064369,11,0,-16.2574447704996,30.7425552295004,0,29.2574447704996,628.911966243206
308,13,678.977321166731,11,15,-16.2574447704996,29.1604914404486,16.5308657630221,32.800778616022,570.72066236171
308,14,597.623180345027,11,30,-16.2574447704996,24.652679039784,31.8802486714223,41.6592131422181,446.491178937057
308,15,481.537352553544,11,45,-16.2574447704996,17.7905538743046,45.473340481614,53.2404794739442,288.179752012556
308,16,337.466324148709,11,60,-16.2574447704996,9.21425074496173,57.3799969553729,66.125897303549,136.582174658172
308,17,173.782979624529,11,75,-16.2574447704996,-0.527627901809722,68.0240692675632,79.6811663821497,31.1289834432689
308,18,8.89297281801597e-14,11,90,-16.2574447704996,-11.0069463275218,77.9607164371987,93.6106421615183,0
308,19,0,11,105,-16.2574447704996,-21.8789755422443,87.8206134085047,107.76282067564,0
308,20,0,11,120,-16.2574447704996,-32.818712859002,81.6102042340131,114.083119210383,0
308,21,0,11,135,-16.2574447704996,-43.4242000037008,69.1739655749556,117.787418899621,0
308,22,0,11,150,-16.2574447704996,-53.0321040155543,52.9578067433989,120.71698503884,0
308,23,0,11,165,-16.2574447704996,-60.3557994212072,30.1557564402465,122.604566199731,0
309,0,0,11,-180,-16.5459356570133,-63.5459356570133,-1.50986729175107e-14,123.545935657013,0
309,1,0,11,-165,-16.5459356570133,-60.6221396295794,-30.3808129625945,122.891887050045,0
309,2,0,11,-150,-16.5459356570133,-53.2607718534366,-53.2510730861988,121.001261995688,0
309,3,0,11,-135,-16.5459356570133,-43.6264099056591,-69.457748893285,118.067901072779,0
309,4,0,11,-120,-16.5459356570133,-33.0080594784556,-81.8694773152371,114.360267783284,0
309,5,0,11,-105,-16.5459356570133,-22.0658751213666,-87.5836378312718,107.806626162768,0
309,6,172.536996406893,11,-90,-16.5459356570133,-11.1992901575298,-77.7416013773623,93.673023485409,0
309,7,335.046769729081,11,-75,-16.5459356570133,-0.731803440752115,-67.8202448260152,79.7653149832465,59.5312802858693
309,8,478.084842640071,11,-60,-16.5459356570133,8.99293094855894,-57.1925833460247,66.23732996198,192.643850558005
309,9,593.338362264516,11,-45,-16.5459356570133,17.5482521494787,-45.3090091565225,53.3881001874286,353.862015210512
309,10,674.109212971342,11,-30,-16.5459356570133,24.3885160056655,-31.7528023131474,41.8559076051663,502.093570703683
309,11,715.703286507565,11,-15,-16.5459356570133,28.8788405722624,-16.4594516070887,33.0563449705044,599.855660280527
309,12,715.703286507565,11,0,-16.5459356570133,30.4540643429867,0,29.5459356570133,622.633679361916
309,13,674.109212971343,11,15,-16.5459356570133,28.8788405722624,16.4594516070887,33.0563449705044,564.994229691632
309,14,593.338362264516,11,30,-16.5459356570133,24.3885160056655,31.7528023131474,41.8559076051663,441.933400719641
309,15,478.084842640071,11,45,-16.5459356570133,17.5482521494787,45.3090091565225,53.3881001874286,285.125784236408
309,16,335.046769729081,11,60,-16.5459356570133,8.99293094855894,57.1925833460247,66.23732996198,135.006789759751
309,17,172.536996406893,11,75,-16.5459356570133,-0.731803440752115,67.8202448260152,79.7653149832465,30.6564611892429
309,18,8.82921228801423e-14,11,90,-16.5459356570133,-11.1992901575298,77.7416013773623,93.673023485409,0
309,19,0,11,105,-16.5459356570133,-22.0658751213666,87.5836378312718,107.806626162768,0
309,20,0,11,120,-16.5459356570133,-33.0080594784556,81.8694773152371,114.360267783284,0
309,21,0,11,135,-16.5459356570133,-43.6264099056591,69.457748893285,118.067901072779,0
309,22,0,11,150,-16.5459356570133,-53.2607718534366,53.2510730861988,121.001261995688,0
309,23,0,11,165,-16.5459356570133,-60.6221396295794,30.3808129625945,122.891887050045,0
310,0,0,11,-180,-16.8295236257013,-63.8295236257013,-1.52279479288573e-14,123.829523625701,0
310,1,0,11,-165,-16.8295236257013,-60.8835789779545,-30.6056940991058,123.174317432041,0
310,2,0,11,-150,-16.8295236257013,-53.4848447041366,-53.5424231198635,121.280682908036,0
310,3,0,11,-135,-16.8295236257013,-43.824494499119,-69.7385730630172,118.343574999189,0
310,4,0,11,-120,-16.8295236257013,-33.1936635394748,-82.1254297520975,114.632656682518,0
310,5,0,11,-105,-16.8295236257013,-22.2492648867604,-87.3500786316836,107.849242825015,0
310,6,171.270025371946,11,-90,-16.8295236257013,-11.3882093001116,-77.525926253744,93.7342580033253,0
310,7,332.586459410486,11,-75,-16.8295236257013,-0.932499993758791,-67.6198663349987,79.8482672967227,58.6202154188018
310,8,474.574177330681,11,-60,-16.8295236257013,8.77528034604031,-57.0085781137298,66.3473987091261,190.394482982687
310,9,588.981369071364,11,-45,-16.8295236257013,17.309936635048,-45.1478986213085,53.5339871036218,350.058629372645
310,10,669.159104501787,11,-30,-16.8295236257013,24.128738950384,-31.6280402820352,42.0501017786492,496.890400671775
310,11,710.447745072946,11,-15,-16.8295236257013,28.6019398815967,-16.3896276109816,33.3080330438189,593.742762874935
310,12,710.447745072946,11,0,-16.8295236257013,30.1704763742987,0,29.8295236257013,616.319994193605
310,13,669.159104501787,11,15,-16.8295236257013,28.6019398815967,16.3896276109816,33.3080330438189,559.236591663774
310,14,588.981369071364,11,30,-16.8295236257013,24.128738950384,31.6280402820352,42.0501017786492,437.353667456973
310,15,474.574177330681,11,45,-16.8295236257013,17.309936635048,45.1478986213085,53.5339871036218,282.061190346243
310,16,332.586459410486,11,60,-16.8295236257013,8.77528034604031,57.0085781137298,66.3473987091261,133.430409852197
310,17,171.270025371946,11,75,-16.8295236257013,-0.932499993758791,67.6198663349987,79.8482672967227,30.1872956580462
310,18,8.76437775128723e-14,11,90,-16.8295236257013,-11.3882093001116,77.525926253744,93.7342580033253,0
310,19,0,11,105,-16.8295236257013,-22.2492648867604,87.3500786316836,107.849242825015,0
310,20,0,11,120,-16.8295236257013,-33.1936635394748,82.1254297520975,114.632656682518,0
310,21,0,11,135,-16.8295236257013,-43.824494499119,69.7385730630172,118.343574999189,0
310,22,0,11,150,-16.8295236257013,-53.4848447041366,53.5424231198635,121.280682908036,0
310,23,0,11,165,-16.8295236257013,-60.8835789779545,30.6056940991058,123.174317432041,0
311,0,0,11,-180,-17.1081246433281,-64.1081246433282,-1.53575107413054e-14,124.108124643328,0
311,1,0,11,-165,-17.1081246433281,-61.1400495207366,-30.8302351664946,123.451773916589,0
311,2,0,11,-150,-17.1081246433281,-53.7042800183905,-53.8316577524921,121.555165853186,0
311,3,0,11,-135,-17.1081246433281,-44.0184217441879,-70.0162764174746,118.614360465446,0
311,4,0,11,-120,-17.1081246433281,-33.3754914910638,-82.3779383299777,114.900206945031,0
311,5,0,11,-105,-17.1081246433281,-22.4291039767004,-87.1200308026096,107.890679775041,0
311,6,169.98244195055,11,-90,-17.1081246433281,-11.5736530472683,-77.3137648155764,93.7943306526445,0
311,7,330.08612223597,11,-75,-17.1081246433281,-1.12965616633712,-67.4229893175557,79.9299846316828,57.7160474997373
311,8,471.006396911271,11,-60,-17.1081246433281,8.56137050061881,-56.8280187430155,66.456039930216,188.144712887378
311,9,584.553491836683,11,-45,-17.1081246433281,17.0756869438823,-44.9900276122251,53.6780500275029,346.243826695072
311,10,664.128462582036,11,-30,-17.1081246433281,23.8734318224723,-31.5059648224701,42.2416828314874,491.664742131882
311,11,705.106701090861,11,-15,-17.1081246433281,28.3298738982592,-16.3213889465691,33.5557339166225,587.599637257129
311,12,705.106701090861,11,0,-17.1081246433281,29.8918753566719,0,30.1081246433281,609.973914225944
311,13,664.128462582036,11,15,-17.1081246433281,28.3298738982592,16.3213889465691,33.5557339166225,553.450482177522
311,14,584.553491836683,11,30,-17.1081246433281,23.8734318224723,31.5059648224701,42.2416828314874,432.754140228815
311,15,471.006396911272,11,45,-17.1081246433281,17.0756869438823,44.9900276122251,53.6780500275029,278.987397290204
311,16,330.08612223597,11,60,-17.1081246433281,8.56137050061881,56.8280187430155,66.456039930216,131.853747854498
311,17,169.98244195055,11,75,-17.1081246433281,-1.12965616633712,67.4229893175557,79.9299846316828,29.721681806198
311,18,8.69848841970743e-14,11,90,-17.1081246433281,-11.5736530472683,77.3137648155764,93.7943306526445,0
311,19,0,11,105,-17.1081246433281,-22.4291039767004,87.1200308026096,107.890679775041,0
311,20,0,11,120,-17.1081246433281,-33.3754914910638,82.3779383299777,114.900206945031,0
311,21,0,11,135,-17.1081246433281,-44.0184217441879,70.0162764174746,118.614360465446,0
311,22,0,11,150,-17.1081246433281,-53.7042800183905,53.8316577524921,121.555165853186,0
311,23,0,11,165,-17.1081246433281,-61.1400495207366,30.8302351664946,123.451773916589,0
312,0,0,11,-180,-17.3816561543996,-64.3816561543996,-1.54872664403919e-14,124.3816561544,0
312,1,0,11,-165,-17.3816561543996,-61.3914854922384,-31.0542648318711,123.724174559089,0
312,2,0,11,-150,-17.3816561543996,-53.9190376969486,-54.1185743661775,121.824630406967,0
312,3,0,11,-135,-17.3816561543996,-44.208161645952,-70.2906964431368,118.880178766124,0
312,4,0,11,-120,-17.3816561543996,-33.5535114346944,-82.6268799721648,115.162841115024,0
312,5,0,11,-105,-17.3816561543996,-22.6053529443346,-86.8935888821619,107.930946600317,0
312,6,168.67462768146,11,-90,-17.3816561543996,-11.7555719999157,-77.1051902670725,93.8532268615199,0
312,7,327.546499109398,11,-75,-17.3816561543996,-1.32321186606001,-67.229668766681,80.0104288854385,56.8191379977736
312,8,467.38255859218,11,-60,-17.3816561543996,8.35127160962223,-56.6509423054153,66.5631908390146,185.895529215027
312,9,580.056042636061,11,-45,-17.3816561543996,16.8455812292359,-44.8354146994514,53.8202000998464,342.419338786444
312,10,659.018777899861,11,-30,-17.3816561543996,23.6226770505144,-31.3865783323512,42.4305401373525,486.419002019046
312,11,699.681737227912,11,-15,-17.3816561543996,28.0627256464448,-16.2547310617776,33.7993412315399,581.429132272952
312,12,699.681737227912,11,0,-17.3816561543996,29.6183438456004,0,30.3816561543996,603.598388377175
312,13,659.018777899861,11,15,-17.3816561543996,28.0627256464448,16.2547310617776,33.7993412315399,547.638584514153
312,14,580.056042636061,11,30,-17.3816561543996,23.6226770505144,31.3865783323512,42.4305401373525,428.136937574521
312,15,467.38255859218,11,45,-17.3816561543996,16.8455812292359,44.8354146994514,53.8202000998464,275.905800319131
312,16,327.546499109398,11,60,-17.3816561543996,8.35127160962223,56.6509423054153,66.5631908390146,130.277496828034
312,17,168.67462768146,11,75,-17.3816561543996,-1.32321186606001,67.229668766681,80.0104288854385,29.2598057772402
312,18,8.6315638177058e-14,11,90,-17.3816561543996,-11.7555719999157,77.1051902670725,93.8532268615199,0
312,19,0,11,105,-17.3816561543996,-22.6053529443346,86.8935888821619,107.930946600317,0
312,20,0,11,120,-17.3816561543996,-33.5535114346944,82.6268799721648,115.162841115024,0
312,21,0,11,135,-17.3816561543996,-44.208161645952,70.2906964431368,118.880178766124,0
312,22,0,11,150,-17.3816561543996,-53.9190376969486,54.1185743661775,121.824630406967,0
312,23,0,11,165,-17.3816561543996,-61.3914854922384,31.0542648318711,123.724174559089,0
313,0,0,11,-180,-17.6500371056256,-64.6500371056256,-1.56171147847908e-14,124.650037105626,0
313,1,0,11,-165,-17.6500371056256,-61.6378233273292,-31.277605186401,123.991438923368,0
313,2,0,11,-150,-17.6500371056256,-54.1290800717471,-54.4029670589095,122.088997666183,0
313,3,0,11,-135,-17.6500371056256,-44.3936862201977,-70.5616699675428,119.140952724644,0
313,4,0,11,-120,-17.6500371056256,-33.7276930974264,-82.8721318600651,115.420483263738,0
313,5,0,11,-105,-17.6500371056256,-22.7779737445852,-86.6708468768442,107.970053328222,0
313,6,167.346970098269,11,-90,-17.6500371056256,-11.9339180684584,-76.9002752187034,93.9109325445112,0
313,7,324.968342575913,11,-75,-17.6500371056256,-1.51310831441485,-67.0399591171045,80.089562564981,55.929831027555
313,8,463.703736194909,11,-60,-17.6500371056256,8.14505248502155,-56.4773854467984,66.6687895207339,183.647891721984
313,9,575.490354160758,11,-45,-17.6500371056256,16.619696161872,-44.6840782833674,53.9603498502463,338.586856318762
313,10,653.831564565108,11,-30,-17.6500371056256,23.3765555198242,-31.2698833591309,42.6165653042777,481.155536649435
313,11,694.174461017972,11,-15,-17.6500371056256,27.800576620981,-16.1896496737697,34.0387511735614,575.234040283317
313,12,694.174461017972,11,0,-17.6500371056256,29.3499628943744,0,30.6500371056256,597.196308145106
313,13,653.831564565108,11,15,-17.6500371056256,27.800576620981,16.1896496737697,34.0387511735614,541.803528752712
313,14,575.490354160758,11,30,-17.6500371056256,23.3765555198242,31.2698833591309,42.6165653042777,423.504133479655
313,15,463.703736194909,11,45,-17.6500371056256,16.619696161872,44.6840782833674,53.9603498502463,272.817761698993
313,16,324.968342575913,11,60,-17.6500371056256,8.14505248502155,56.4773854467984,66.6687895207339,128.702329379914
313,17,167.346970098269,11,75,-17.6500371056256,-1.51310831441485,67.0399591171045,80.089562564981,28.8018447777973
313,18,8.56362377648625e-14,11,90,-17.6500371056256,-11.9339180684584,76.9002752187034,93.9109325445112,0
313,19,0,11,105,-17.6500371056256,-22.7779737445852,86.6708468768442,107.970053328222,0
313,20,0,11,120,-17.6500371056256,-33.7276930974264,82.8721318600651,115.420483263738,0
313,21,0,11,135,-17.6500371056256,-44.3936862201977,70.5616699675428,119.140952724644,0
313,22,0,11,150,-17.6500371056256,-54.1290800717471,54.4029670589095,122.088997666183,0
313,23,0,11,165,-17.6500371056256,-61.6378233273292,31.277605186401,123.991438923368,0
314,0,0,11,-180,-17.9131879699382,-64.9131879699382,-1.57469501519422e-14,124.913187969938,0
314,1,0,11,-165,-17.9131879699382,-61.8790016786003,-31.5000718489999,124.253488105072,0
314,2,0,11,-150,-17.9131879699382,-54.3343718818248,-54.684626904833,122.348190270498,0
314,3,0,11,-135,-17.9131879699382,-44.5749694554078,-70.829033353569,119.396606713466,0
314,4,0,11,-120,-17.9131879699382,-33.8980078026842,-83.1135715560097,115.673059008543,0
314,5,0,11,-105,-17.9131879699382,-22.9469297194784,-86.4518981832065,108.008010390806,0
314,6,165.999862614573,11,-90,-17.9131879699382,-12.1086444721888,-76.6990916373247,93.9674340977123,0
314,7,322.352416598937,11,-75,-17.9131879699382,-1.69928805766519,-66.8539142160064,80.167348807687,55.0484531403704
314,8,459.97101983393,11,-60,-17.9131879699382,7.94278053484664,-56.3073843735787,66.772774973646,181.402730193584
314,9,570.857779322805,11,-45,-17.9131879699382,16.3981069079611,-44.5360365896625,54.0984132480149,334.748027535567
314,10,648.568359661038,11,-30,-17.9131879699382,23.1351465497287,-31.1558825949491,42.7996522021154,475.876649573622
314,11,688.586504385839,11,-15,-17.9131879699382,27.5435067640476,-16.1261407617989,34.273862451978,569.017094583456
314,12,688.586504385839,11,0,-17.9131879699382,29.0868120300618,0,30.9131879699382,590.770504923502
314,13,648.568359661038,11,15,-17.9131879699382,27.5435067640476,16.1261407617989,34.273862451978,535.947889339248
314,14,570.857779322805,11,30,-17.9131879699382,23.1351465497287,31.1558825949491,42.7996522021154,418.857755486486
314,15,459.97101983393,11,45,-17.9131879699382,16.3981069079611,44.5360365896625,54.0984132480149,269.724609508847
314,16,322.352416598937,11,60,-17.9131879699382,7.94278053484664,56.3073843735787,66.772774973646,127.128897113255
314,17,165.999862614573,11,75,-17.9131879699382,-1.69928805766519,66.8539142160064,80.167348807687,28.3479669699997
314,18,8.49468842814927e-14,11,90,-17.9131879699382,-12.1086444721888,76.6990916373247,93.9674340977123,0
314,19,0,11,105,-17.9131879699382,-22.9469297194784,86.4518981832065,108.008010390806,0
314,20,0,11,120,-17.9131879699382,-33.8980078026842,83.1135715560097,115.673059008543,0
314,21,0,11,135,-17.9131879699382,-44.5749694554078,70.829033353569,119.396606713466,0
314,22,0,11,150,-17.9131879699382,-54.3343718818248,54.684626904833,122.348190270498,0
314,23,0,11,165,-17.9131879699382,-61.8790016786003,31.5000718489999,124.253488105072,0
315,0,0,11,-180,-18.1710307700571,-65.1710307700571,-1.58766615042199e-14,125.171030770057,0
315,1,0,11,-165,-18.1710307700571,-62.1149614298521,-31.7214741015687,124.510244754583,0
315,2,0,11,-150,-18.1710307700571,-54.5348802439472,-54.9633422325349,122.602132423713,0
315,3,0,11,-135,-18.1710307700571,-44.7519872711092,-71.0926226996679,119.647066673614,0
315,4,0,11,-120,-18.1710307700571,-34.0644284387646,-83.3510771284141,115.920495531302,0
315,5,0,11,-105,-18.1710307700571,-23.1121855819596,-86.2368355081354,108.044828589275,0
315,6,164.633704407392,11,-90,-18.1710307700571,-12.279705737544,-76.5017107952405,94.0227183934006,0
315,7,319.699496333793,11,-75,-18.1710307700571,-1.88169497674677,-66.6715872927297,80.2437514012564,54.1753131470555
315,8,456.185515593661,11,-60,-18.1710307700571,7.74452174547466,-56.1409748378544,66.8750871493952,179.160943727582
315,9,566.159690854106,11,-45,-18.1710307700571,16.1808871077439,-44.3913076633332,54.2343057510032,330.904456868265
315,10,643.230722788854,11,-30,-18.1710307700571,22.8985278714553,-31.0445788709207,42.9796969880756,470.584589573576
315,11,682.919523163661,11,-15,-18.1710307700571,27.2915944423737,-16.0642005597676,34.5045762837759,562.780966988692
315,12,682.919523163661,11,0,-18.1710307700571,28.8289692299429,0,31.1710307700571,584.323747489749
315,13,643.230722788855,11,15,-18.1710307700571,27.2915944423737,16.0642005597676,34.5045762837759,530.074182812891
315,14,566.159690854106,11,30,-18.1710307700571,22.8985278714553,31.0445788709207,42.9796969880756,414.199782930983
315,15,456.185515593661,11,45,-18.1710307700571,16.1808871077439,44.3913076633332,54.2343057510032,266.627636525945
315,16,319.699496333793,11,60,-18.1710307700571,7.74452174547466,56.1409748378544,66.8750871493952,125.557830125002
315,17,164.633704407392,11,75,-18.1710307700571,-1.88169497674677,66.6715872927297,80.2437514012564,27.8983313802846
315,18,8.42477819972631e-14,11,90,-18.1710307700571,-12.279705737544,76.5017107952405,94.0227183934006,0
315,19,0,11,105,-18.1710307700571,-23.1121855819596,86.2368355081354,108.044828589275,0
315,20,0,11,120,-18.1710307700571,-34.0644284387646,83.3510771284141,115.920495531302,0
315,21,0,11,135,-18.1710307700571,-44.7519872711092,71.0926226996679,119.647066673614,0
315,22,0,11,150,-18.1710307700571,-54.5348802439472,54.9633422325349,122.602132423713,0
315,23,0,11,165,-18.1710307700571,-62.1149614298521,31.7214741015687,124.510244754583,0
316,0,0,11,-180,-18.4234891015959,-65.4234891015959,-1.60061323777314e-14,125.423489101596,0
316,1,0,11,-165,-18.4234891015959,-62.3456457057197,-31.9416150571611,124.761633099416,0
316,2,0,11,-150,-18.4234891015959,-54.7305746179197,-55.2388989209264,122.850749914467,0
316,3,0,11,-135,-18.4234891015959,-44.9247174726611,-71.3522740456133,119.89226013352,0
316,4,0,11,-120,-18.4234891015959,-34.2269294251638,-83.5845272790397,116.162721596023,0
316,5,0,11,-105,-18.4234891015959,-23.2737073982523,-86.0257507879269,108.080519058277,0
316,6,163.248900298886,11,-90,-18.4234891015959,-12.4470576952606,-76.3082032182973,94.0767727742373,0
316,7,317.01036789801,11,-75,-18.4234891015959,-2.06027429622078,-66.4930309275536,80.3187348028873,53.3107019726651
316,8,452.348345200704,11,-60,-18.4234891015959,7.55034066477619,-55.9781921215371,66.9756669920143,176.923400086138
316,9,561.397480899667,11,-45,-18.4234891015959,15.968108854949,-44.2499093616319,54.3679443523919,327.057703662291
316,10,637.820235605557,11,-30,-18.4234891015959,22.6667756066177,-30.9359751506305,43.1565981304711,465.281548806026
316,11,677.175196600277,11,-15,-18.4234891015959,27.0449164249177,-16.0038255485213,34.7307963784108,556.528265590002
316,12,677.175196600277,11,0,-18.4234891015959,28.5765108984042,0,31.4234891015959,577.858739667221
316,13,637.820235605557,11,15,-18.4234891015959,27.0449164249177,16.0038255485213,34.7307963784108,524.184865691848
316,14,561.397480899667,11,30,-18.4234891015959,22.6667756066177,30.9359751506305,43.1565981304711,409.532145308628
316,15,452.348345200704,11,45,-18.4234891015959,15.968108854949,44.2499093616319,54.3679443523919,263.528099199326
316,16,317.01036789801,11,60,-18.4234891015959,7.55034066477619,55.9781921215371,66.9756669920143,123.98973655179
316,17,163.248900298886,11,75,-18.4234891015959,-2.06027429622078,66.4930309275536,80.3187348028873,27.4530878245571
316,18,8.35391380712685e-14,11,90,-18.4234891015959,-12.4470576952606,76.3082032182973,94.0767727742373,0
316,19,0,11,105,-18.4234891015959,-23.2737073982523,86.0257507879269,108.080519058277,0
316,20,0,11,120,-18.4234891015959,-34.2269294251638,83.5845272790397,116.162721596023,0
316,21,0,11,135,-18.4234891015959,-44.9247174726611,71.3522740456133,119.89226013352,0
316,22,0,11,150,-18.4234891015959,-54.7305746179197,55.2388989209264,122.850749914467,0
316,23,0,11,165,-18.4234891015959,-62.3456457057197,31.9416150571611,124.761633099416,0
317,0,0,11,-180,-18.6704881557023,-65.6704881557023,-1.61352408958631e-14,125.670488155702,0
317,1,0,11,-165,-18.6704881557023,-62.5709998772616,-32.1602918623444,125.007578966124,0
317,2,0,11,-150,-18.6704881557023,-54.9214267666016,-55.5110807121857,123.093970136318,0
317,3,0,11,-135,-18.6704881557023,-45.0931397025946,-71.6078235832808,120.13211622718,0
317,4,0,11,-120,-18.6704881557023,-34.3854866768176,-83.8138014720998,116.399667565797,0
317,5,0,11,-105,-18.6704881557023,-23.4314625688271,-85.8187351062901,108.115093230053,0
317,6,161.8458606364,11,-90,-18.6704881557023,-12.6106574764668,-76.1186386331025,94.129585047044,0
317,7,314.28582813838,11,-75,-18.6704881557023,-2.23497259230983,-66.3182970195983,80.3922641576924,52.4548925428125
317,8,448.46064569146,11,-60,-18.6704881557023,7.3603003861022,-55.8190710195269,67.0744564756478,174.690935116905
317,9,556.572560605075,11,-45,-18.6704881557023,15.7598426769524,-44.111859346022,54.4992476255023,323.209281014521
317,10,632.338501355265,11,-30,-18.6704881557023,22.4399642462969,-30.8300745228911,43.3302564307883,459.969661094429
317,11,671.35522686362,11,-15,-18.6704881557023,26.8035478610339,-15.9450124479039,34.9524289238872,550.261532682198
317,12,671.35522686362,11,0,-18.6704881557023,28.3295118442977,0,31.6704881557023,571.378118165324
317,13,632.338501355266,11,15,-18.6704881557023,26.8035478610339,15.9450124479039,34.9524289238872,518.282332521999
317,14,556.572560605075,11,30,-18.6704881557023,22.4399642462969,30.8300745228911,43.3302564307883,404.856720771054
317,15,448.46064569146,11,45,-18.6704881557023,15.7598426769524,44.111859346022,54.4992476255023,260.427216713068
317,16,314.28582813838,11,60,-18.6704881557023,7.3603003861022,55.8190710195269,67.0744564756478,122.425202164244
317,17,161.8458606364,11,75,-18.6704881557023,-2.23497259230983,66.3182970195983,80.3922641576924,27.0123768496599
317,18,8.28211624899978e-14,11,90,-18.6704881557023,-12.6106574764668,76.1186386331025,94.129585047044,0
317,19,0,11,105,-18.6704881557023,-23.4314625688271,85.8187351062901,108.115093230053,0
317,20,0,11,120,-18.6704881557023,-34.3854866768176,83.8138014720998,116.399667565797,0
317,21,0,11,135,-18.6704881557023,-45.0931397025946,71.6078235832808,120.13211622718,0
317,22,0,11,150,-18.6704881557023,-54.9214267666016,55.5110807121857,123.093970136318,0
317,23,0,11,165,-18.6704881557023,-62.5709998772616,32.1602918623444,125.007578966124,0
318,0,0,11,-180,-18.9119547412261,-65.9119547412262,-1.62638598096832e-14,125.911954741226,0
318,1,0,11,-165,-18.9119547412261,-62.7909715633537,-32.3772959348567,125.248009801677,0
318,2,0,11,-150,-18.9119547412261,-55.1074107106558,-55.7796695411196,123.331722107239,0
318,3,0,11,-135,-18.9119547412261,-45.2572353886241,-71.8591078719585,120.366565711643,0
318,4,0,11,-120,-18.9119547412261,-34.540077566358,-84.0387800649427,116.631265419025,0
318,5,0,11,-105,-18.9119547412261,-23.5854198080497,-85.6158786114367,108.148562798508,0
318,6,160.425001170866,11,-90,-18.9119547412261,-12.7704635077556,-75.9330859134685,94.1811434761871,0
318,7,311.526684394834,11,-75,-18.9119547412261,-2.40573780004286,-66.1474367539332,80.4643053163632,51.6081397015256
318,8,444.523569075199,11,-60,-18.9119547412261,7.17446253309487,-55.6636458219959,67.1713986409901,172.464352243634
318,9,551.686359698343,11,-45,-18.9119547412261,15.5561575156697,-43.9771750732045,54.6281357666786,319.360654723101
318,10,626.787144394145,11,-30,-18.9119547412261,22.218166630715,-30.7268801938177,43.5005750441961,454.651000371474
318,11,665.46133853633,11,-15,-18.9119547412261,26.5675622591298,-15.8877582086037,35.1693825740667,543.983242867128
318,12,665.46133853633,11,0,-18.9119547412261,28.0880452587739,0,31.9119547412261,564.884450599751
318,13,626.787144394145,11,15,-18.9119547412261,26.5675622591298,15.8877582086037,35.1693825740667,512.368914090326
318,14,551.686359698343,11,30,-18.9119547412261,22.218166630715,30.7268801938177,43.5005750441961,400.175334755145
318,15,444.523569075199,11,45,-18.9119547412261,15.5561575156697,43.9771750732045,54.6281357666786,257.326170140095
318,16,311.526684394834,11,60,-18.9119547412261,7.17446253309487,55.6636458219959,67.1713986409901,120.864790009983
318,17,160.425001170866,11,75,-18.9119547412261,-2.40573780004286,66.1474367539332,80.4643053163632,26.5763296910714
318,18,8.20940680051112e-14,11,90,-18.9119547412261,-12.7704635077556,75.9330859134685,94.1811434761871,0
318,19,0,11,105,-18.9119547412261,-23.5854198080497,85.6158786114367,108.148562798508,0
318,20,0,11,120,-18.9119547412261,-34.540077566358,84.0387800649427,116.631265419025,0
318,21,0,11,135,-18.9119547412261,-45.2572353886241,71.8591078719585,120.366565711643,0
318,22,0,11,150,-18.9119547412261,-55.1074107106558,55.7796695411196,123.331722107239,0
318,23,0,11,165,-18.9119547412261,-62.7909715633537,32.3772959348567,125.248009801677,0
319,0,0,11,-180,-19.1478173064067,-66.1478173064067,-1.63918565672898e-14,126.147817306407,0
319,1,0,11,-165,-19.1478173064067,-63.0055106277408,-32.5924132374872,125.482854694333,0
319,2,0,11,-150,-19.1478173064067,-55.2885026781009,-56.0444458802017,123.563936488495,0
319,3,0,11,-135,-19.1478173064067,-45.416987688473,-72.105964057666,120.595540983803,0
319,4,0,11,-120,-19.1478173064067,-34.6906808844964,-84.2593444400402,116.857448764925,0
319,5,0,11,-105,-19.1478173064067,-23.7355491225809,-85.4172704324122,108.180939683288,0
319,6,158.986742933607,11,-90,-19.1478173064067,-12.9264355052852,-75.7516130261846,94.2314367765974,0
319,7,308.733754261211,11,-75,-19.1478173064067,-2.57251921953781,-65.9805005679626,80.5348248520898,50.7706801603949
319,8,440.538281992688,11,-60,-19.1478173064067,6.99288724530382,-55.5119502958425,67.2664376304471,170.244422026511
319,9,546.740326066253,11,-45,-19.1478173064067,15.3571207091687,-43.845873785273,54.7545306362916,315.513242350572
319,10,621.167809709071,11,-30,-19.1478173064067,22.0014539294965,-30.6263954782749,43.6674594985977,449.327579273594
319,11,659.495278104717,11,-15,-19.1478173064067,26.3370314658182,-15.8320600038162,35.381568437132,537.695801333845
319,12,659.495278104718,11,0,-19.1478173064067,27.8521826935933,0,32.1478173064067,558.380233695009
319,13,621.167809709071,11,15,-19.1478173064067,26.3370314658182,15.8320600038162,35.381568437132,506.446875805038
319,14,546.740326066253,11,30,-19.1478173064067,22.0014539294965,30.6263954782749,43.6674594985977,395.489758745973
319,15,440.538281992689,11,45,-19.1478173064067,15.3571207091687,43.845873785273,54.7545306362916,254.226101687295
319,16,308.733754261211,11,60,-19.1478173064067,6.99288724530382,55.5119502958425,67.2664376304471,119.309040105502
319,17,158.986742933608,11,75,-19.1478173064067,-2.57251921953781,65.9805005679626,80.5348248520898,26.145068246719
319,18,8.13580700703962e-14,11,90,-19.1478173064067,-12.9264355052852,75.7516130261846,94.2314367765974,0
319,19,0,11,105,-19.1478173064067,-23.7355491225809,85.4172704324122,108.180939683288,0
319,20,0,11,120,-19.1478173064067,-34.6906808844964,84.2593444400402,116.857448764925,0
319,21,0,11,135,-19.1478173064067,-45.416987688473,72.105964057666,120.595540983803,0
319,22,0,11,150,-19.1478173064067,-55.2885026781009,56.0444458802017,123.563936488495,0
319,23,0,11,165,-19.1478173064067,-63.0055106277408,32.5924132374872,125.482854694333,0
320,0,0,11,-180,-19.3780059600757,-66.3780059600757,-1.65190934141381e-14,126.378005960076,0
320,1,0,11,-165,-19.3780059600757,-63.2145691716252,-32.8054245889062,125.712044393974,0
320,2,0,11,-150,-19.3780059600757,-55.4646810487591,-56.3051890994455,123.790545602914,0
320,3,0,11,-135,-19.3780059600757,-45.5723814316654,-72.3482300959345,120.818976096524,0
320,4,0,11,-120,-19.3780059600757,-34.8372767986535,-84.4753771379973,117.078152858347,0
320,5,0,11,-105,-19.3780059600757,-23.881821788608,-85.2229985948339,108.212235993912,0
320,6,157.531512111581,11,-90,-19.3780059600757,-13.0785344679558,-75.5742869762248,94.2804541064558,0
320,7,305.907865342985,11,-75,-19.3780059600757,-2.73526752145196,-65.817538117169,80.6037900767459,49.9427324787489
320,8,436.505965370503,11,-60,-19.3780059600757,6.81563316458858,-55.3640176653834,67.3595187220324,168.031881792347
320,9,541.735925325314,11,-45,-19.3780059600757,15.1627979739895,-43.7179724990636,54.8783557979167,311.668412400929
320,10,615.482162430185,11,-30,-19.3780059600757,21.7898956225152,-30.5286237907481,43.830817712324,444.001347888701
320,11,653.458813441247,11,-15,-19.3780059600757,26.1120256455689,-15.7779152207514,35.588900065137,531.401542317297
320,12,653.458813441247,11,0,-19.3780059600757,27.6219940399243,0,32.3780059600757,551.86789167087
320,13,615.482162430185,11,15,-19.3780059600757,26.1120256455689,15.7779152207514,35.588900065137,500.51841624383
320,14,541.735925325314,11,30,-19.3780059600757,21.7898956225152,30.5286237907481,43.830817712324,390.801709174563
320,15,436.505965370503,11,45,-19.3780059600757,15.1627979739895,43.7179724990636,54.8783557979167,251.12811403243
320,16,305.907865342985,11,60,-19.3780059600757,6.81563316458858,55.3640176653834,67.3595187220324,117.758469177006
320,17,157.531512111581,11,75,-19.3780059600757,-2.73526752145196,65.817538117169,80.6037900767459,25.7187050667702
320,18,8.06133867779252e-14,11,90,-19.3780059600757,-13.0785344679558,75.5742869762248,94.2804541064558,0
320,19,0,11,105,-19.3780059600757,-23.881821788608,85.2229985948339,108.212235993912,0
320,20,0,11,120,-19.3780059600757,-34.8372767986535,84.4753771379973,117.078152858347,0
320,21,0,11,135,-19.3780059600757,-45.5723814316654,72.3482300959345,120.818976096524,0
320,22,0,11,150,-19.3780059600757,-55.4646810487591,56.3051890994455,123.790545602914,0
320,23,0,11,165,-19.3780059600757,-63.2145691716252,32.8054245889062,125.712044393974,0
321,0,0,11,-180,-19.602452492367,-66.602452492367,-1.66454275262978e-14,126.602452492367,0
321,1,0,11,-165,-19.602452492367,-63.4181015216841,-33.0161060119493,125.935511331919,0
321,2,0,11,-150,-19.602452492367,-55.6359262937228,-56.5616778401708,124.011483452555,0
321,3,0,11,-135,-19.602452492367,-45.7234030584569,-72.585744977488,121.036806774082,0
321,4,0,11,-120,-19.602452492367,-34.9798468099599,-84.6867619913046,117.293314613876,0
321,5,0,11,-105,-19.602452492367,-24.0242103279889,-85.0331499361975,108.242463994031,0
321,6,156.059739921085,11,-90,-19.602452492367,-13.2267226697133,-75.4011737514986,94.3281850595762,0
321,7,303.049855012031,11,-75,-19.602452492367,-2.89393475163178,-65.6585982402926,80.6711690563491,49.1244970745239
321,8,432.42781407108,11,-60,-19.602452492367,6.64275742228694,-55.2198805923478,67.4505883620106,165.827435334542
321,9,536.674640387468,11,-45,-19.602452492367,14.9732533881622,-43.5934879947595,54.9995365557385,307.827483610974
321,10,609.731887337482,11,-30,-19.602452492367,21.5835594813216,-30.433568635692,43.9905600105621,438.674192657902
321,11,647.353733280676,11,-15,-19.602452492367,25.8926132608618,-15.7253214520095,35.7912934445727,525.102727736606
321,12,647.353733280676,11,0,-19.602452492367,27.397547507633,0,32.602452492367,545.349774813928
321,13,609.731887337483,11,15,-19.602452492367,25.8926132608618,15.7253214520095,35.7912934445727,494.585665871309
321,14,536.674640387468,11,30,-19.602452492367,21.5835594813216,30.433568635692,43.9905600105621,386.112846451208
321,15,432.42781407108,11,45,-19.602452492367,14.9732533881622,43.5934879947595,54.9995365557385,248.033269753141
321,16,303.049855012031,11,60,-19.602452492367,6.64275742228694,55.2198805923478,67.4505883620106,116.213570450141
321,17,156.059739921085,11,75,-19.602452492367,-2.89393475163178,65.6585982402926,80.6711690563491,25.2973433592303
321,18,7.98602387934293e-14,11,90,-19.602452492367,-13.2267226697133,75.4011737514986,94.3281850595762,0
321,19,0,11,105,-19.602452492367,-24.0242103279889,85.0331499361975,108.242463994031,0
321,20,0,11,120,-19.602452492367,-34.9798468099599,84.6867619913046,117.293314613876,0
321,21,0,11,135,-19.602452492367,-45.7234030584569,72.585744977488,121.036806774082,0
321,22,0,11,150,-19.602452492367,-55.6359262937228,56.5616778401708,124.011483452555,0
321,23,0,11,165,-19.602452492367,-63.4181015216841,33.0161060119493,125.935511331919,0
322,0,0,11,-180,-19.8210903949293,-66.8210903949293,-1.677071117848e-14,126.821090394929,0
322,1,0,11,-165,-19.8210903949293,-63.6160642134405,-33.2242291196197,126.153189640202,0
322,2,0,11,-150,-19.8210903949293,-55.8022209099947,-56.8136904016324,124.226685735753,0
322,3,0,11,-135,-19.8210903949293,-45.8700405560869,-72.8183489562466,121.248970426935,0
322,4,0,11,-120,-19.8210903949293,-35.1183737087619,-84.8933842585362,117.502872619249,0
322,5,0,11,-105,-19.8210903949293,-24.1626884833951,-84.8478100209241,108.271636065873,0
322,6,154.571862479984,11,-90,-19.8210903949293,-13.3709636510343,-75.2323382672603,94.3746196575165,0
322,7,300.16057015849,11,-75,-19.8210903949293,-3.0484743349951,-65.5037289240313,80.7369306258091,48.316156265453
322,8,428.305036538665,11,-60,-19.8210903949293,6.47431562712865,-55.0795711552457,67.5395941963012,163.631752682642
322,9,531.557971020676,11,-45,-19.8210903949293,14.7885493749068,-43.4724368038155,55.1179999902321,303.991724356085
322,10,603.918688361575,11,-30,-19.8210903949293,21.382511551148,-30.3412335974109,44.1465991406054,433.347935431655
322,11,641.181846690014,11,-15,-19.8210903949293,25.6788610528477,-15.6742764868537,35.9886669878838,518.801546013649
322,12,641.181846690014,11,0,-19.8210903949293,27.1789096050707,0,32.8210903949293,538.828158234993
322,13,603.918688361575,11,15,-19.8210903949293,25.6788610528477,15.6742764868537,35.9886669878838,488.650685926227
322,14,531.557971020676,11,30,-19.8210903949293,21.382511551148,30.3412335974109,44.1465991406054,381.424774134719
322,15,428.305036538665,11,45,-19.8210903949293,14.7885493749068,43.4724368038155,55.1179999902321,244.942590848139
322,16,300.16057015849,11,60,-19.8210903949293,6.47431562712865,55.0795711552457,67.5395941963012,114.674813488496
322,17,154.571862479984,11,75,-19.8210903949293,-3.0484743349951,65.5037289240313,80.7369306258091,24.8810770111531
322,18,7.90988492909105e-14,11,90,-19.8210903949293,-13.3709636510343,75.2323382672603,94.3746196575165,0
322,19,0,11,105,-19.8210903949293,-24.1626884833951,84.8478100209241,108.271636065873,0
322,20,0,11,120,-19.8210903949293,-35.1183737087619,84.8933842585362,117.502872619249,0
322,21,0,11,135,-19.8210903949293,-45.8700405560869,72.8183489562466,121.248970426935,0
322,22,0,11,150,-19.8210903949293,-55.8022209099947,56.8136904016324,124.226685735753,0
322,23,0,11,165,-19.8210903949293,-63.6160642134405,33.2242291196197,126.153189640202,0
323,0,0,11,-180,-20.0338548806334,-67.0338548806334,-1.68947919485174e-14,127.033854880633,0
323,1,0,11,-165,-20.0338548806334,-63.8084159699328,-33.4295615388107,126.365015170312,0
323,2,0,11,-150,-20.0338548806334,-55.9635493504832,-57.0610051393891,124.436089863567,0
323,3,0,11,-135,-20.0338548806334,-46.0122833925531,-73.0458837790631,121.455406165826,0
323,4,0,11,-120,-20.0338548806334,-35.2528415287718,-85.0951307587093,117.706767148082,0
323,5,0,11,-105,-20.0338548806334,-24.2972311925434,-84.6670630553162,108.299764674951,0
323,6,153.068320678473,11,-90,-20.0338548806334,-13.5112222096477,-75.0678443102886,94.4197483414483,0
323,7,297.240866939821,11,-75,-20.0338548806334,-3.19884107868023,-65.3529772673449,80.8010444029757,47.5178743401463
323,8,424.138854441217,11,-60,-20.0338548806334,6.31036185387276,-54.9431208281786,67.6264851006602,161.445469941123
323,9,526.387433404498,11,-45,-20.0338548806334,14.6087466870054,-43.3548351962673,55.2336749921744,300.162352170235
323,10,598.044288078778,11,-30,-20.0338548806334,21.1868161334865,-30.2516223295215,44.2988502860053,428.024332680448
323,11,634.944982532459,11,-15,-20.0338548806334,25.4708340225182,-15.6247783024018,36.1809415258702,512.500111072184
323,12,634.944982532459,11,0,-20.0338548806334,26.9661451193666,0,33.0338548806334,532.305240812681
323,13,598.044288078778,11,15,-20.0338548806334,25.4708340225182,15.6247783024018,36.1809415258702,482.715467478775
323,14,526.387433404498,11,30,-20.0338548806334,21.1868161334865,30.2516223295215,44.2988502860053,376.739038237676
323,15,424.138854441218,11,45,-20.0338548806334,14.6087466870054,43.3548351962673,55.2336749921744,241.857058350468
323,16,297.240866939821,11,60,-20.0338548806334,6.31036185387276,54.9431208281786,67.6264851006602,113.142644080624
323,17,153.068320678474,11,75,-20.0338548806334,-3.19884107868023,65.3529772673449,80.8010444029757,24.4699906252444
323,18,7.83294438865108e-14,11,90,-20.0338548806334,-13.5112222096477,75.0678443102886,94.4197483414483,0
323,19,0,11,105,-20.0338548806334,-24.2972311925434,84.6670630553162,108.299764674951,0
323,20,0,11,120,-20.0338548806334,-35.2528415287718,85.0951307587093,117.706767148082,0
323,21,0,11,135,-20.0338548806334,-46.0122833925531,73.0458837790631,121.455406165826,0
323,22,0,11,150,-20.0338548806334,-55.9635493504832,57.0610051393891,124.436089863567,0
323,23,0,11,165,-20.0338548806334,-63.8084159699328,33.4295615388107,126.365015170312,0
324,0,0,11,-180,-20.2406829027704,-67.2406829027704,-1.70175129598024e-14,127.24068290277,0
324,1,0,11,-165,-20.2406829027704,-63.9951176756616,-33.631867371471,126.570925511385,0
324,2,0,11,-150,-20.2406829027704,-56.1198979495684,-57.3034008742123,124.639634975606,0
324,3,0,11,-135,-20.2406829027704,-46.1501224481194,-73.268192916594,121.656054815227,0
324,4,0,11,-120,-20.2406829027704,-35.3832355000075,-85.2918900055078,117.90494017193,0
324,5,0,11,-105,-20.2406829027704,-24.4278145616089,-84.4909918025962,108.326862335074,0
324,6,151.549560048439,11,-90,-20.2406829027704,-13.6474643905508,-74.9077544829553,94.4635619638188,0
324,7,294.2916105271,11,-75,-20.2406829027704,-3.34499117449762,-65.2063894454527,80.8634808020019,46.729797658584
324,8,419.930502308406,11,-60,-20.2406829027704,6.15094863264615,-54.8105604591656,67.7112112096545,159.269189196951
324,9,521.164559680817,11,-45,-20.2406829027704,14.4339043918317,-43.2406991674879,55.3464922950369,296.340533379916
324,10,592.110427200675,11,-30,-20.2406829027704,20.9965357692377,-30.1647385440493,44.4472310797026,422.705074859766
324,11,628.644988925462,11,-15,-20.2406829027704,25.2685954123903,-15.5768250547643,36.3680403009141,506.200461517376
324,12,628.644988925462,11,0,-20.2406829027704,26.7593170972296,0,33.2406829027704,525.783144323054
324,13,592.110427200675,11,15,-20.2406829027704,25.2685954123903,15.5768250547643,36.3680403009141,476.781930657799
324,14,521.164559680817,11,30,-20.2406829027704,20.9965357692377,30.1647385440493,44.4472310797026,372.057126667479
324,15,419.930502308406,11,45,-20.2406829027704,14.4339043918317,43.2406991674879,55.3464922950369,238.777612032528
324,16,294.2916105271,11,60,-20.2406829027704,6.15094863264615,54.8105604591656,67.7112112096545,111.617484175257
324,17,151.549560048439,11,75,-20.2406829027704,-3.34499117449762,65.2063894454527,80.8634808020019,24.0641595716125
324,18,7.75522505716562e-14,11,90,-20.2406829027704,-13.6474643905508,74.9077544829553,94.4635619638188,0
324,19,0,11,105,-20.2406829027704,-24.4278145616089,84.4909918025962,108.326862335074,0
324,20,0,11,120,-20.2406829027704,-35.3832355000075,85.2918900055078,117.90494017193,0
324,21,0,11,135,-20.2406829027704,-46.1501224481194,73.268192916594,121.656054815227,0
324,22,0,11,150,-20.2406829027704,-56.1198979495684,57.3034008742123,124.639634975606,0
324,23,0,11,165,-20.2406829027704,-63.9951176756616,33.631867371471,126.570925511385,0
325,0,0,11,-180,-20.4415131737336,-67.4415131737336,-1.71387131629587e-14,127.441513173734,0
325,1,0,11,-165,-20.4415131737336,-64.1761323458223,-33.8309076926425,126.770860007865,0
325,2,0,11,-150,-20.4415131737336,-56.271254844482,-57.5406573102538,124.837261955262,0
325,3,0,11,-135,-20.4415131737336,-46.2835499447824,-73.4851217947009,121.850858926131,0
325,4,0,11,-120,-20.4415131737336,-35.5095420006739,-85.4835523410761,118.097335371678,0
325,5,0,11,-105,-20.4415131737336,-24.5544158379157,-84.3196774982009,108.352941573737,0
325,6,150.016030631433,11,-90,-20.4415131737336,-13.7796574753792,-74.7521301473003,94.5060517798364,0
325,7,291.313674848652,11,-75,-20.4415131737336,-3.4868822007211,-65.0640106736113,80.9242110460353,45.9520547815071
325,8,415.681227165791,11,-60,-20.4415131737336,5.99612693896027,-54.6819202480585,67.7937239444486,157.10347849527
325,9,515.890897499837,11,-45,-20.4415131737336,14.2640798570255,-43.1300444244587,55.4563845058098,292.527382851311
325,10,586.118864058307,11,-30,-20.4415131737336,20.8117312224243,-30.0805860002118,44.591661616208,417.391785928723
325,11,622.283732693095,11,-15,-20.4415131737336,25.0722066887067,-15.5304150701511,36.5498889609712,499.904559995186
325,12,622.283732693095,11,0,-20.4415131737336,26.5584868262664,0,33.4415131737336,519.26391275482
325,13,586.118864058307,11,15,-20.4415131737336,25.0722066887067,15.5304150701511,36.5498889609712,470.851924047407
325,14,515.890897499837,11,30,-20.4415131737336,20.8117312224243,30.0805860002118,44.591661616208,367.380468802669
325,15,415.681227165791,11,45,-20.4415131737336,14.2640798570255,43.1300444244587,55.4563845058098,235.705150202361
325,16,291.313674848652,11,60,-20.4415131737336,5.99612693896027,54.6819202480585,67.7937239444486,110.099731864268
325,17,150.016030631433,11,75,-20.4415131737336,-3.4868822007211,65.0640106736113,80.9242110460353,23.6636500544003
325,18,7.67674996454995e-14,11,90,-20.4415131737336,-13.7796574753792,74.7521301473003,94.5060517798364,0
325,19,0,11,105,-20.4415131737336,-24.5544158379157,84.3196774982009,108.352941573737,0
325,20,0,11,120,-20.4415131737336,-35.5095420006739,85.4835523410761,118.097335371678,0
325,21,0,11,135,-20.4415131737336,-46.2835499447824,73.4851217947009,121.850858926131,0
325,22,0,11,150,-20.4415131737336,-56.271254844482,57.5406573102538,124.837261955262,0
325,23,0,11,165,-20.4415131737336,-64.1761323458223,33.8309076926425,126.770860007865,0
326,0,0,11,-180,-20.6362861831794,-67.6362861831794,-1.72582276577621e-14,127.636286183179,0
326,1,0,11,-165,-20.6362861831794,-64.3514250908671,-34.0264410844927,126.964759776598,0
326,2,0,11,-150,-20.6362861831794,-56.4176098927727,-57.7725554611297,125.028913444328,0
326,3,0,11,-135,-20.6362861831794,-46.4125593739345,-73.6965180257738,122.039762788198,0
326,4,0,11,-120,-20.6362861831794,-35.6317485081423,-85.6700100690909,118.283898148285,0
326,5,0,11,-105,-20.6362861831794,-24.6770133820029,-84.1531997655064,108.378014897951,0
326,6,148.468186845318,11,-90,-20.6362861831794,-13.9077699711931,-74.6010313692336,94.5472094388106,0
326,7,288.307942331087,11,-75,-20.6362861831794,-3.62447312325638,-64.9258851707627,80.9832071792555,45.1847566281369
326,8,411.392288165304,11,-60,-20.6362861831794,5.84594618438294,-54.5572297241174,67.8739760394221,154.948871882508
326,9,510.568009561478,11,-45,-20.6362861831794,14.0993287367987,-43.0228863716181,55.5632861343084,288.723963849863
326,10,580.071374081143,11,-30,-20.6362861831794,20.6324614644665,-29.9991684929368,44.7320644628973,412.086023021471
326,11,615.863098812866,11,-15,-20.6362861831794,24.8817275241581,-15.4855468359719,36.7264155542701,493.614292730665
326,12,615.863098812866,11,0,-20.6362861831794,26.3637138168206,0,33.6362861831794,512.749511809143
326,13,580.071374081143,11,15,-20.6362861831794,24.8817275241581,15.4855468359719,36.7264155542701,464.92722425211
326,14,510.568009561478,11,30,-20.6362861831794,20.6324614644665,29.9991684929368,44.7320644628973,362.710435203697
326,15,411.392288165304,11,45,-20.6362861831794,14.0993287367987,43.0228863716181,55.5632861343084,232.640529590504
326,16,288.307942331087,11,60,-20.6362861831794,5.84594618438294,54.5572297241174,67.8739760394221,108.58976141288
326,17,148.468186845318,11,75,-20.6362861831794,-3.62447312325638,64.9258851707627,80.9832071792555,23.2685191930042
326,18,7.59754236466762e-14,11,90,-20.6362861831794,-13.9077699711931,74.6010313692336,94.5472094388106,0
326,19,0,11,105,-20.6362861831794,-24.6770133820029,84.1531997655064,108.378014897951,0
326,20,0,11,120,-20.6362861831794,-35.6317485081423,85.6700100690909,118.283898148285,0
326,21,0,11,135,-20.6362861831794,-46.4125593739345,73.6965180257738,122.039762788198,0
326,22,0,11,150,-20.6362861831794,-56.4176098927727,57.7725554611297,125.028913444328,0
326,23,0,11,165,-20.6362861831794,-64.3514250908671,34.0264410844927,126.964759776598,0
327,0,0,11,-180,-20.8249442156616,-67.8249442156616,-1.73758880560218e-14,127.824944215662,0
327,1,0,11,-165,-20.8249442156616,-64.5209630764741,-34.2182242051437,127.152567723393,0
327,2,0,11,-150,-20.8249442156616,-56.5589545861592,-57.9988780825101,125.214533857023,0
327,3,0,11,-135,-20.8249442156616,-46.5371454224698,-73.902231639366,122.222712441269,0
327,4,0,11,-120,-20.8249442156616,-35.7498435491884,-85.8511575868173,118.464575632891,0
327,5,0,11,-105,-20.8249442156616,-24.7955866391681,-83.9916365321597,108.402094760562,0
327,6,146.906487349612,11,-90,-20.8249442156616,-14.0317715987408,-74.4545168629846,94.5870269753814,0
327,7,285.275303637819,11,-75,-20.8249442156616,-3.75772429622562,-64.7920561231467,81.0404420782731,44.427996661626
327,8,407.064956212134,11,-60,-20.8249442156616,5.70045420784083,-54.4365177233264,67.951921567638,152.805869516003
327,9,505.197473152313,11,-45,-20.8249442156616,13.9397049588594,-42.9192400963555,55.6671336210112,284.93128801116
327,10,573.969749270977,11,-30,-20.8249442156616,20.4587836590161,-29.9204898411685,44.8683646704849,406.789276270112
327,11,609.384989857163,11,-15,-20.8249442156616,24.6972157811275,-15.4422189919538,36.8975505246665,487.331469243841
327,12,609.384989857163,11,0,-20.8249442156616,26.1750557843384,0,33.8249442156616,506.241828582754
327,13,573.969749270977,11,15,-20.8249442156616,24.6972157811275,15.4422189919538,36.8975505246665,459.009535629205
327,14,505.197473152313,11,30,-20.8249442156616,20.4587836590161,29.9204898411685,44.8683646704849,358.048337457059
327,15,407.064956212135,11,45,-20.8249442156616,13.9397049588594,42.9192400963555,55.6671336210112,229.58456532652
327,16,285.27530363782,11,60,-20.8249442156616,5.70045420784083,54.4365177233264,67.951921567638,107.087923336496
327,17,146.906487349612,11,75,-20.8249442156616,-3.75772429622562,64.7920561231467,81.0404420782731,22.8788151175751
327,18,7.51762572843993e-14,11,90,-20.8249442156616,-14.0317715987408,74.4545168629846,94.5870269753814,0
327,19,0,11,105,-20.8249442156616,-24.7955866391681,83.9916365321597,108.402094760562,0
327,20,0,11,120,-20.8249442156616,-35.7498435491884,85.8511575868173,118.464575632891,0
327,21,0,11,135,-20.8249442156616,-46.5371454224698,73.902231639366,122.222712441269,0
327,22,0,11,150,-20.8249442156616,-56.5589545861592,57.9988780825101,125.214533857023,0
327,23,0,11,165,-20.8249442156616,-64.5209630764741,34.2182242051437,127.152567723393,0
328,0,0,11,-180,-21.0074313677336,-68.0074313677336,-1.7491522885795e-14,128.007431367734,0
328,1,0,11,-165,-21.0074313677336,-64.6847154790418,-34.4060123907794,127.334228559015,0
328,2,0,11,-150,-21.0074313677336,-56.6952819610986,-58.2194101097593,125.394069393423,0
328,3,0,11,-135,-21.0074313677336,-46.6573038975911,-74.1021153115388,122.399655686264,0
328,4,0,11,-120,-21.0074313677336,-35.8638166496541,-86.0268915158598,118.639316696301,0
328,5,0,11,-105,-21.0074313677336,-24.9101161105913,-83.8350639471895,108.425193527118,0
328,6,145.331394909581,11,-90,-21.0074313677336,-14.1516332802645,-74.3126439359213,94.6254968006675,0
328,7,282.216657405144,11,-75,-21.0074313677336,-3.88659746200796,-64.6625656479653,81.0958894629068,43.6818511015958
328,8,402.700513588131,11,-60,-21.0074313677336,5.55969726752846,-54.3198123655199,68.0275159651833,150.674937839185
328,9,499.780879678185,11,-45,-21.0074313677336,13.7852607119397,-42.8191203542125,55.7678653634789,281.150315421818
328,10,567.815797670925,11,-30,-21.0074313677336,20.2907531473435,-29.8445538760077,45.0004897827304,401.502968777584
328,11,602.851325429478,11,-15,-21.0074313677336,24.5187274954622,-15.4004303212984,37.0632267075986,481.057822241493
328,12,602.851325429478,11,0,-21.0074313677336,25.9925686322664,0,34.0074313677336,499.742671432627
328,13,567.815797670925,11,15,-21.0074313677336,24.5187274954622,15.4004303212984,37.0632267075986,453.100490186854
328,14,499.780879678185,11,30,-21.0074313677336,20.2907531473435,29.8445538760077,45.0004897827304,353.395428151433
328,15,402.700513588132,11,45,-21.0074313677336,13.7852607119397,42.8191203542125,55.7678653634789,226.538031004177
328,16,282.216657405144,11,60,-21.0074313677336,5.55969726752846,54.3198123655199,68.0275159651833,105.594544523461
328,17,145.331394909582,11,75,-21.0074313677336,-3.88659746200796,64.6625656479653,81.0958894629068,22.4945770784679
328,18,7.43702373689093e-14,11,90,-21.0074313677336,-14.1516332802645,74.3126439359213,94.6254968006675,0
328,19,0,11,105,-21.0074313677336,-24.9101161105913,83.8350639471895,108.425193527118,0
328,20,0,11,120,-21.0074313677336,-35.8638166496541,86.0268915158598,118.639316696301,0
328,21,0,11,135,-21.0074313677336,-46.6573038975911,74.1021153115388,122.399655686264,0
328,22,0,11,150,-21.0074313677336,-56.6952819610986,58.2194101097593,125.394069393423,0
328,23,0,11,165,-21.0074313677336,-64.6847154790418,34.4060123907794,127.334228559015,0
329,0,0,11,-180,-21.1836935645138,-68.1836935645139,-1.76049580369271e-14,128.183693564514,0
329,1,0,11,-165,-21.1836935645138,-64.8426534368637,-34.5895602891776,127.509688814638,0
329,2,0,11,-150,-21.1836935645138,-56.8265865064251,-58.4339390991227,125.567468052298,0
329,3,0,11,-135,-21.1836935645138,-46.773031650586,-74.2960245923102,122.570542095464,0
329,4,0,11,-120,-21.1836935645138,-35.9736582837025,-86.1971108313221,118.808071957874,0
329,5,0,11,-105,-21.1836935645138,-25.0205833241427,-83.6835562990722,108.447323443347,0
329,6,143.743376259108,11,-90,-21.1836935645138,-14.2673271269143,-74.1754684338599,94.6626116933667,0
329,7,279.132909975951,11,-75,-21.1836935645138,-4.01105575077589,-64.5374547571974,81.1495239063582,42.9463791630877
329,8,398.300253571836,11,-60,-21.1836935645138,5.42372003339879,-54.2071410313995,68.1007160544018,148.556509821181
329,9,494.319834192641,11,-45,-21.1836935645138,13.6360464339148,-42.7225415538593,55.8654217414008,277.381954808849
329,10,561.611342829659,11,-30,-21.1836935645138,20.128423434275,-29.7713644287375,45.128369845433,396.22845673864
329,11,596.264041595589,11,-15,-21.1836935645138,24.3463168607748,-15.3601797419021,37.223379326595,474.795007682748
329,12,596.264041595589,11,0,-21.1836935645138,25.8163064354862,0,34.1836935645138,493.253770020141
329,13,561.611342829659,11,15,-21.1836935645138,24.3463168607748,15.3601797419021,37.223379326595,447.201647645859
329,14,494.319834192641,11,30,-21.1836935645138,20.128423434275,29.7713644287375,45.128369845433,348.752900984155
329,15,398.300253571836,11,45,-21.1836935645138,13.6360464339148,42.7225415538593,55.8654217414008,223.501658834026
329,16,279.132909975951,11,60,-21.1836935645138,5.42372003339879,54.2071410313995,68.1007160544018,104.109928402991
329,17,143.743376259108,11,75,-21.1836935645138,-4.01105575077589,64.5374547571974,81.1495239063582,22.1158355692917
329,18,7.35576027413024e-14,11,90,-21.1836935645138,-14.2673271269143,74.1754684338599,94.6626116933667,0
329,19,0,11,105,-21.1836935645138,-25.0205833241427,83.6835562990722,108.447323443347,0
329,20,0,11,120,-21.1836935645138,-35.9736582837025,86.1971108313221,118.808071957874,0
329,21,0,11,135,-21.1836935645138,-46.773031650586,74.2960245923102,122.570542095464,0
329,22,0,11,150,-21.1836935645138,-56.8265865064251,58.4339390991227,125.567468052298,0
329,23,0,11,165,-21.1836935645138,-64.8426534368637,34.5895602891776,127.509688814638,0
330,0,0,11,-180,-21.3536785757094,-68.3536785757094,-1.77160172474961e-14,128.353678575709,0
330,1,0,11,-165,-21.3536785757094,-64.9947499971775,-34.7686225224898,127.678896856728,0
330,2,0,11,-150,-21.3536785757094,-56.9528640684356,-58.6422556709245,125.734679643371,0
330,3,0,11,-135,-21.3536785757094,-46.8843264998426,-74.4838181306162,122.735323022205,0
330,4,0,11,-120,-21.3536785757094,-36.079359822836,-86.3617169890939,118.970793793811,0
330,5,0,11,-105,-21.3536785757094,-25.126970804983,-83.5371859349246,108.468496603293,0
330,6,142.142901962392,11,-90,-21.3536785757094,-14.3788264258344,-74.0430446869883,94.6983647908411,0
330,7,276.024975131155,11,-75,-21.3536785757094,-4.1310636795685,-64.4167633216518,81.2013208448013,42.2216233212175
330,8,393.865480055258,11,-60,-21.3536785757094,5.2925655802106,-54.0985303395153,68.1714800660427,146.450985259656
330,9,488.815954921318,11,-45,-21.3536785757094,13.4921108004981,-42.6295177419095,55.959745140316,273.627063835774
330,10,555.358223261053,11,-30,-21.3536785757094,19.9718461746752,-29.7009253187814,45.2519374147633,390.967029706767
330,11,589.625090309862,11,-15,-21.3536785757094,24.180036213277,-15.3214662976607,37.3779459902887,468.544605016089
330,12,589.625090309862,11,0,-21.3536785757094,25.6463214242906,0,34.3536785757094,486.776775532269
330,13,555.358223261053,11,15,-21.3536785757094,24.180036213277,15.3214662976607,37.3779459902887,441.314495662898
330,14,488.815954921318,11,30,-21.3536785757094,19.9718461746752,29.7009253187814,45.2519374147633,344.121890996166
330,15,393.865480055258,11,45,-21.3536785757094,13.4921108004981,42.6295177419095,55.959745140316,220.476139882004
330,16,276.024975131155,11,60,-21.3536785757094,5.2925655802106,54.0985303395153,68.1714800660427,102.634355157396
330,17,142.142901962392,11,75,-21.3536785757094,-4.1310636795685,64.4167633216518,81.2013208448013,21.7426124631991
330,18,7.2738594202757e-14,11,90,-21.3536785757094,-14.3788264258344,74.0430446869883,94.6983647908411,0
330,19,0,11,105,-21.3536785757094,-25.126970804983,83.5371859349246,108.468496603293,0
330,20,0,11,120,-21.3536785757094,-36.079359822836,86.3617169890939,118.970793793811,0
330,21,0,11,135,-21.3536785757094,-46.8843264998426,74.4838181306162,122.735323022205,0
330,22,0,11,150,-21.3536785757094,-56.9528640684356,58.6422556709245,125.734679643371,0
330,23,0,11,165,-21.3536785757094,-64.9947499971775,34.7686225224898,127.678896856728,0
331,0,0,11,-180,-21.5173360310928,-68.5173360310928,-1.78245226302947e-14,128.517336031093,0
331,1,0,11,-165,-21.5173360310928,-65.1409800593254,-34.9429543767614,127.841802901375,0
331,2,0,11,-150,-21.5173360310928,-57.0741117538267,-58.8441539532154,125.895655799,0
331,3,0,11,-135,-21.5173360310928,-46.99118715339,-74.6653578962036,122.893951609991,0
331,4,0,11,-120,-21.5173360310928,-36.1809134848511,-86.5206140509867,119.12743634489,0
331,5,0,11,-105,-21.5173360310928,-25.2292620460607,-83.3960231809946,108.488724918161,0
331,6,140.530446274506,11,-90,-21.5173360310928,-14.4861056269891,-73.9154254565244,94.732749580216,0
331,7,272.893773818926,11,-75,-21.5173360310928,-4.24658715094272,-64.3005300353556,81.2512565864055,41.5076096007945
331,8,389.397507157498,11,-60,-21.5173360310928,5.16627538110738,-53.9940061232894,68.2397676603468,144.358731145542
331,9,483.270872782425,11,-45,-21.5173360310928,13.3535007144998,-42.5400625876376,56.0507799740549,269.886449503563
331,10,549.058291899386,11,-30,-21.5173360310928,19.8210711604714,-29.6332403416411,45.3711275649771,385.71991100462
331,11,582.936438836842,11,-15,-21.5173360310928,24.0199360171482,-15.284289149882,37.5268666898906,462.308117585017
331,12,582.936438836842,11,0,-21.5173360310928,25.4826639689072,0,34.5173360310928,480.313261076972
331,13,549.058291899386,11,15,-21.5173360310928,24.0199360171482,15.284289149882,37.5268666898906,435.44045021261
331,14,483.270872782425,11,30,-21.5173360310928,19.8210711604714,29.6332403416411,45.3711275649771,339.50347493326
331,15,389.397507157499,11,45,-21.5173360310928,13.3535007144998,42.5400625876376,56.0507799740549,217.462124392483
331,16,272.893773818926,11,60,-21.5173360310928,5.16627538110738,53.9940061232894,68.2397676603468,101.168081977692
331,17,140.530446274506,11,75,-21.5173360310928,-4.24658715094272,64.3005300353556,81.2512565864055,21.3749211620272
331,18,7.19134544431786e-14,11,90,-21.5173360310928,-14.4861056269891,73.9154254565244,94.732749580216,0
331,19,0,11,105,-21.5173360310928,-25.2292620460607,83.3960231809946,108.488724918161,0
331,20,0,11,120,-21.5173360310928,-36.1809134848511,86.5206140509867,119.12743634489,0
331,21,0,11,135,-21.5173360310928,-46.99118715339,74.6653578962036,122.893951609991,0
331,22,0,11,150,-21.5173360310928,-57.0741117538267,58.8441539532154,125.895655799,0
331,23,0,11,165,-21.5173360310928,-65.1409800593254,34.9429543767614,127.841802901375,0
332,0,0,11,-180,-21.674617435428,-68.674617435428,-1.79302952380054e-14,128.674617435428,0
332,1,0,11,-165,-21.674617435428,-65.2813203143009,-35.1123125153702,127.998359028069,0
332,2,0,11,-150,-21.674617435428,-57.1903278309002,-59.0394320242937,126.050349985294,0
332,3,0,11,-135,-21.674617435428,-47.0936131312449,-74.8405093978784,123.046382801039,0
332,4,0,11,-120,-21.674617435428,-36.2783122829057,-86.6737088074468,119.27795552364,0
332,5,0,11,-105,-21.674617435428,-25.3274414786157,-83.2601362646172,108.508020085928,0
332,6,138.906487000872,11,-90,-21.674617435428,-14.5891403297956,-73.7926618822291,94.7657598895268,0
332,7,269.74023388179,11,-75,-21.674617435428,-4.35759345124388,-64.1887923803699,81.2993083198113,40.804347890137
332,8,384.897658835355,11,-60,-21.674617435428,5.04488930170232,-53.8935934081566,68.3055399470919,142.280082088245
332,9,477.686230903475,11,-45,-21.674617435428,13.2202612956338,-42.4541893676632,56.1384727059451,266.160868654277
332,10,542.713415550285,11,-30,-21.674617435428,19.6761463082154,-29.5683132568607,45.4858778955551,380.488258275239
332,11,576.200069168314,11,-15,-21.674617435428,23.8660648504416,-15.2486475688257,37.6700837970814,456.086973199274
332,12,576.200069168314,11,0,-21.674617435428,25.325382564572,0,34.674617435428,473.864722249652
332,13,542.713415550286,11,15,-21.674617435428,23.8660648504416,15.2486475688257,37.6700837970814,429.580856125627
332,14,477.686230903475,11,30,-21.674617435428,19.6761463082154,29.5683132568607,45.4858778955551,334.898671731262
332,15,384.897658835355,11,45,-21.674617435428,13.2202612956338,42.4541893676632,56.1384727059451,214.460222194088
332,16,269.74023388179,11,60,-21.674617435428,5.04488930170232,53.8935934081566,68.3055399470919,99.7113433615879
332,17,138.906487000872,11,75,-21.674617435428,-4.35759345124388,64.1887923803699,81.2993083198113,21.0127667579034
332,18,7.1082427969286e-14,11,90,-21.674617435428,-14.5891403297956,73.7926618822291,94.7657598895268,0
332,19,0,11,105,-21.674617435428,-25.3274414786157,83.2601362646172,108.508020085928,0
332,20,0,11,120,-21.674617435428,-36.2783122829057,86.6737088074468,119.27795552364,0
332,21,0,11,135,-21.674617435428,-47.0936131312449,74.8405093978784,123.046382801039,0
332,22,0,11,150,-21.674617435428,-57.1903278309002,59.0394320242937,126.050349985294,0
332,23,0,11,165,-21.674617435428,-65.2813203143009,35.1123125153702,127.998359028069,0
333,0,0,11,-180,-21.8254761828406,-68.8254761828406,-1.80331556652291e-14,128.825476182841,0
333,1,0,11,-165,-21.8254761828406,-65.4157491809958,-35.2764557132517,128.148519192912,0
333,2,0,11,-150,-21.8254761828406,-57.3015116294805,-59.2278923525155,126.198717512665,0
333,3,0,11,-135,-21.8254761828406,-47.1916046878571,-75.0091418975596,123.192573344286,0
333,4,0,11,-120,-21.8254761828406,-36.3715499748728,-86.8209108975867,119.422309020995,0
333,5,0,11,-105,-21.8254761828406,-25.4214944427972,-83.129591237804,108.526393561764,0
333,6,137.27150535567,11,-90,-21.8254761828406,-14.6879072696306,-73.6748034308965,94.7973898789417,0
333,7,266.565289781689,11,-75,-21.8254761828406,-4.46405124853733,-64.0815865921243,81.3454541220787,40.1118322782906
333,8,380.367268491001,11,-60,-21.8254761828406,4.92844559464433,-53.7973163888981,68.3687595046217,140.215340799801
333,9,472.063684134382,11,-45,-21.8254761828406,13.0924358708609,-42.3719109506643,56.2227718688239,262.451028575113
333,10,536.325474337548,11,-30,-21.8254761828406,19.5371176471777,-29.5061477760629,45.5961285378071,375.27316417109
333,11,569.417977435994,11,-15,-21.8254761828406,23.7184693915309,-15.2145409253934,37.8075420622805,449.882524868244
333,12,569.417977435994,11,0,-21.8254761828406,25.1745238171594,0,34.8254761828406,467.432577867171
333,13,536.325474337548,11,15,-21.8254761828406,23.7184693915309,15.2145409253934,37.8075420622805,423.736987779344
333,14,472.063684134382,11,30,-21.8254761828406,19.5371176471777,29.5061477760629,45.5961285378071,330.3084431225
333,15,380.367268491001,11,45,-21.8254761828406,13.0924358708609,42.3719109506643,56.2227718688239,211.471003186408
333,16,266.565289781689,11,60,-21.8254761828406,4.92844559464433,53.7973163888981,68.3687595046217,98.2643514527895
333,17,137.271505355671,11,75,-21.8254761828406,-4.46405124853733,64.0815865921243,81.3454541220787,20.6561462068996
333,18,7.02457610321585e-14,11,90,-21.8254761828406,-14.6879072696306,73.6748034308965,94.7973898789417,0
333,19,0,11,105,-21.8254761828406,-25.4214944427972,83.129591237804,108.526393561764,0
333,20,0,11,120,-21.8254761828406,-36.3715499748728,86.8209108975867,119.422309020995,0
333,21,0,11,135,-21.8254761828406,-47.1916046878571,75.0091418975596,123.192573344286,0
333,22,0,11,150,-21.8254761828406,-57.3015116294805,59.2278923525155,126.198717512665,0
333,23,0,11,165,-21.8254761828406,-65.4157491809958,35.2764557132517,128.148519192912,0
334,0,0,11,-180,-21.9698675706279,-68.9698675706279,-1.81329246850087e-14,128.969867570628,0
334,1,0,11,-165,-21.9698675706279,-65.5442467395037,-35.4351456084909,128.292239241278,0
334,2,0,11,-150,-21.9698675706279,-57.4076634399969,-59.4093422318135,126.340715545841,0
334,3,0,11,-135,-21.9698675706279,-47.2851627349443,-75.1711286195933,123.33248180286,0
334,4,0,11,-120,-21.9698675706279,-36.4606210131575,-86.9621329262698,119.560456312438,0
334,5,0,11,-105,-21.9698675706279,-25.5114071585024,-83.0044519026266,108.543856529309,0
334,6,135.625985819248,11,-90,-21.9698675706279,-14.7823843042762,-73.5618978459355,94.8276340320924,0
334,7,263.369882323081,11,-75,-21.9698675706279,-4.56593059024222,-63.9789476253636,81.3896729661251,39.4300414148344
334,8,375.807678576868,11,-60,-21.9698675706279,4.81698089463965,-53.7051984072432,68.4293903978801,138.164778636376
334,9,466.404898557098,11,-45,-21.9698675706279,12.9700659652528,-42.2932397821818,56.3036280839005,258.757587700371
334,10,529.896361146016,11,-30,-21.9698675706279,19.4040293079725,-29.4467475511014,45.7018221609774,370.075657177677
334,11,562.592173320032,11,-15,-21.9698675706279,23.5771944060992,-15.1819686829882,37.939188613255,443.696051692802
334,12,562.592173320032,11,0,-21.9698675706279,25.0301324293721,0,34.9698675706279,461.018170865651
334,13,529.896361146016,11,15,-21.9698675706279,23.5771944060992,15.1819686829882,37.939188613255,417.910049937943
334,14,466.404898557098,11,30,-21.9698675706279,19.4040293079725,29.4467475511014,45.7018221609774,325.733694360743
334,15,375.807678576868,11,45,-21.9698675706279,12.9700659652528,42.2932397821818,56.3036280839005,208.494997905607
334,16,263.369882323081,11,60,-21.9698675706279,4.81698089463965,53.7051984072432,68.4293903978801,96.8272964204854
334,17,135.625985819248,11,75,-21.9698675706279,-4.56593059024222,63.9789476253636,81.3896729661251,20.3050485143192
334,18,6.94037015542662e-14,11,90,-21.9698675706279,-14.7823843042762,73.5618978459355,94.8276340320924,0
334,19,0,11,105,-21.9698675706279,-25.5114071585024,83.0044519026266,108.543856529309,0
334,20,0,11,120,-21.9698675706279,-36.4606210131575,86.9621329262698,119.560456312438,0
334,21,0,11,135,-21.9698675706279,-47.2851627349443,75.1711286195933,123.33248180286,0
334,22,0,11,150,-21.9698675706279,-57.4076634399969,59.4093422318135,126.340715545841,0
334,23,0,11,165,-21.9698675706279,-65.5442467395037,35.4351456084909,128.292239241278,0
335,0,0,12,-180,-22.1077488125054,-69.1077488125054,-1.82294239169647e-14,129.107748812505,0
335,1,0,12,-165,-22.1077488125054,-65.6667946618689,-35.5881474675866,128.429476919906,0
335,2,0,12,-150,-22.1077488125054,-57.5087844121997,-59.5835942113566,126.476303113325,0
335,3,0,12,-135,-22.1077488125054,-47.37428876501,-75.3263469548098,123.466068561038,0
335,4,0,12,-120,-22.1077488125054,-36.5455204951508,-87.0972905780079,119.692358663663,0
335,5,0,12,-105,-22.1077488125054,-25.5971666965446,-82.8847797385532,108.560419872862,0
335,6,133.970415994557,12,-90,-22.1077488125054,-14.8725504003739,-73.4539910981632,94.8564871475411,0
335,7,260.154958374158,12,-75,-22.1077488125054,-4.66320290050911,-63.8809091207972,81.4319447276752,38.7589388914323
335,8,371.220240197851,12,-60,-22.1077488125054,4.71053021390412,-53.6172619298131,68.4873981954735,136.128636195402
335,9,460.711550991917,12,-45,-22.1077488125054,12.8531912933647,-42.2181878695769,56.3809940785065,255.081156408709
335,10,523.427981060682,12,-30,-22.1077488125054,19.2769235117059,-29.3901161623738,45.8029039778849,364.896702568289
335,11,555.724679453499,12,-15,-22.1077488125054,23.4422827346726,-15.1509303895639,38.0649729540305,437.528759911637
335,12,555.724679453499,12,0,-22.1077488125054,24.8922511874946,0,35.1077488125054,454.622769357938
335,13,523.427981060682,12,15,-22.1077488125054,23.4422827346726,15.1509303895639,38.0649729540305,412.101178737906
335,14,460.711550991917,12,30,-22.1077488125054,19.2769235117059,29.3901161623738,45.8029039778849,321.175275061543
335,15,371.220240197852,12,45,-22.1077488125054,12.8531912933647,42.2181878695769,56.3809940785065,205.532698166815
335,16,260.154958374158,12,60,-22.1077488125054,4.71053021390412,53.6172619298131,68.4873981954735,95.4003468778281
335,17,133.970415994557,12,75,-22.1077488125054,-4.66320290050911,63.8809091207972,81.4319447276752,19.959454931183
335,18,6.85564990560057e-14,12,90,-22.1077488125054,-14.8725504003739,73.4539910981632,94.8564871475411,0
335,19,0,12,105,-22.1077488125054,-25.5971666965446,82.8847797385532,108.560419872862,0
335,20,0,12,120,-22.1077488125054,-36.5455204951508,87.0972905780079,119.692358663663,0
335,21,0,12,135,-22.1077488125054,-47.37428876501,75.3263469548098,123.466068561038,0
335,22,0,12,150,-22.1077488125054,-57.5087844121997,59.5835942113566,126.476303113325,0
335,23,0,12,165,-22.1077488125054,-65.6667946618689,35.5881474675866,128.429476919906,0
336,0,0,12,-180,-22.2390790512854,-69.2390790512854,-1.832247652363e-14,129.239079051285,0
336,1,0,12,-165,-22.2390790512854,-65.7833761407068,-35.7352309604505,128.560191888441,0
336,2,0,12,-150,-22.2390790512854,-57.6048764539893,-59.7504665177996,126.605441116336,0
336,3,0,12,-135,-22.2390790512854,-47.4589847758375,-75.4746786588191,123.593295830719,0
336,4,0,12,-120,-22.2390790512854,-36.6262441144953,-87.2263027274263,119.817979135766,0
336,5,0,12,-105,-22.2390790512854,-25.6787609502553,-82.7706338318956,108.576094150504,0
336,6,132.305286462666,12,-90,-22.2390790512854,-14.9583856199507,-73.3511273379221,94.8839443304128,0
336,7,256.92147058627,12,-75,-22.2390790512854,-4.75584097738191,-63.7875033725401,81.4722501917394,38.0984736442731
336,8,366.606312710949,12,-60,-22.2390790512854,4.60912693802125,-53.5335285264797,68.5427499857846,134.107123966577
336,9,454.985328500594,12,-45,-22.2390790512854,12.7418497511025,-42.1467667671998,56.4548247027739,251.422297912867
336,10,516.922250802163,12,-30,-22.2390790512854,19.1558405596464,-29.3362571073367,45.8993217501296,359.737203486145
336,11,548.817530823042,12,-15,-22.2390790512854,23.3137752807002,-15.1214256698848,38.1848469640716,431.381784097772
336,12,548.817530823042,12,0,-22.2390790512854,24.7609209487146,0,35.2390790512854,448.24756784635
336,13,516.922250802163,12,15,-22.2390790512854,23.3137752807002,15.1214256698848,38.1848469640716,406.311442814995
336,14,454.985328500594,12,30,-22.2390790512854,19.1558405596464,29.3362571073367,45.8993217501296,316.633980154727
336,15,366.606312710949,12,45,-22.2390790512854,12.7418497511025,42.1467667671998,56.4548247027739,202.584557781031
336,16,256.92147058627,12,60,-22.2390790512854,4.60912693802125,53.5335285264797,68.5427499857846,93.9836503381605
336,17,132.305286462666,12,75,-22.2390790512854,-4.75584097738191,63.7875033725401,81.4722501917394,19.6193391614708
336,18,6.77044045817611e-14,12,90,-22.2390790512854,-14.9583856199507,73.3511273379221,94.8839443304128,0
336,19,0,12,105,-22.2390790512854,-25.6787609502553,82.7706338318956,108.576094150504,0
336,20,0,12,120,-22.2390790512854,-36.6262441144953,87.2263027274263,119.817979135766,0
336,21,0,12,135,-22.2390790512854,-47.4589847758375,75.4746786588191,123.593295830719,0
336,22,0,12,150,-22.2390790512854,-57.6048764539893,59.7504665177996,126.605441116336,0
336,23,0,12,165,-22.2390790512854,-65.7833761407068,35.7352309604505,128.560191888441,0
337,0,0,12,-180,-22.3638193709839,-69.363819370984,-1.84119079310509e-14,129.363819370984,0
337,1,0,12,-165,-22.3638193709839,-65.8939758161536,-35.8761709409786,128.684345730418,0
337,2,0,12,-150,-22.3638193709839,-57.6959421308427,-59.909783468602,126.728092337224,0
337,3,0,12,-135,-22.3638193709839,-47.5392531962516,-75.6160100440664,123.714127657415,0
337,4,0,12,-120,-22.3638193709839,-36.7027881133327,-87.3490915460684,119.937282590009,0
337,5,0,12,-105,-22.3638193709839,-25.7561786076268,-82.6620708075125,108.590889568225,0
337,6,130.631090637392,12,-90,-22.3638193709839,-15.0398711070833,-73.2533488486333,94.910000984221,0
337,7,253.670377111633,12,-75,-22.3638193709839,-4.84381898978488,-63.6987612964327,81.5105710586412,37.448580376525
337,8,361.967263322451,12,-60,-22.3638193709839,4.51280282218153,-53.4540188492096,68.5954143921581,132.100423034864
337,9,449.227927886436,12,-45,-22.3638193709839,12.6360774080715,-42.0789875618287,56.5250769452785,247.781529238926
337,10,510.38109815874,12,-30,-22.3638193709839,19.0408188234119,-29.2851737892649,45.9910257928928,354.598002150049
337,11,541.872774165867,12,-15,-22.3638193709839,23.1917109991838,-15.093454218012,38.2987648976992,425.256188500728
337,12,541.872774165867,12,0,-22.3638193709839,24.6361806290161,0,35.3638193709839,441.893688586037
337,13,510.38109815874,12,15,-22.3638193709839,23.1917109991838,15.093454218012,38.2987648976992,400.541844568417
337,14,449.227927886436,12,30,-22.3638193709839,19.0408188234119,29.2851737892649,45.9910257928928,312.110550945584
337,15,361.967263322451,12,45,-22.3638193709839,12.6360774080715,42.0789875618287,56.5250769452785,199.650993344161
337,16,253.670377111634,12,60,-22.3638193709839,4.51280282218153,53.4540188492096,68.5954143921581,92.5773337076858
337,17,130.631090637392,12,75,-22.3638193709839,-4.84381898978488,63.6987612964327,81.5105710586412,19.2846675796705
337,18,6.6847670625515e-14,12,90,-22.3638193709839,-15.0398711070833,73.2533488486333,94.910000984221,0
337,19,0,12,105,-22.3638193709839,-25.7561786076268,82.6620708075125,108.590889568225,0
337,20,0,12,120,-22.3638193709839,-36.7027881133327,87.3490915460684,119.937282590009,0
337,21,0,12,135,-22.3638193709839,-47.5392531962516,75.6160100440664,123.714127657415,0
337,22,0,12,150,-22.3638193709839,-57.6959421308427,59.909783468602,126.728092337224,0
337,23,0,12,165,-22.3638193709839,-65.8939758161536,35.8761709409786,128.684345730418,0
338,0,0,12,-180,-22.4819328083521,-69.4819328083521,-1.84975465692117e-14,129.481932808352,0
338,1,0,12,-165,-22.4819328083521,-65.9985797016335,-36.0107482288478,128.801901963688,0
338,2,0,12,-150,-22.4819328083521,-57.7819845663296,-60.0613758749333,126.844221447378,0
338,3,0,12,-135,-22.4819328083521,-47.6150968134362,-75.7502321651878,123.828529925795,0
338,4,0,12,-120,-22.4819328083521,-36.7751492357034,-87.4655826053178,120.050235692151,0
338,5,0,12,-105,-22.4819328083521,-25.8294091240964,-82.5591447629203,108.604815955069,0
338,6,128.948324619091,12,-90,-22.4819328083521,-15.1169890747642,-73.1606960018951,94.9346528029145,0
338,7,250.402641319409,12,-75,-22.4819328083521,-4.92711247437413,-63.6147123993269,81.5468899496119,36.809179999909
338,8,357.30446668281,12,-60,-22.4819328083521,4.42158798777906,-53.3787526114658,68.6453615871826,130.108685833568
338,9,443.4410551915,12,-45,-22.4819328083521,12.5359085003942,-42.014860858436,56.5917099476829,244.159322291997
338,10,503.806461415112,12,-30,-22.4819328083521,18.9318947356696,-29.2368695062945,46.077968979359,349.479881179414
338,11,534.892467363253,12,-15,-22.4819328083521,23.0761268858568,-15.0670157900385,38.4066833837142,419.152968529569
338,12,534.892467363253,12,0,-22.4819328083521,24.5180671916479,0,35.4819328083521,435.562183094034
338,13,503.806461415112,12,15,-22.4819328083521,23.0761268858568,15.0670157900385,38.4066833837142,394.79332155768
338,14,443.4410551915,12,30,-22.4819328083521,18.9318947356696,29.2368695062945,46.077968979359,307.605676281132
338,15,357.304466682811,12,45,-22.4819328083521,12.5359085003942,42.014860858436,56.5917099476829,196.732385095701
338,16,250.402641319409,12,60,-22.4819328083521,4.42158798777906,53.3787526114658,68.6453615871826,91.1815038132297
338,17,128.948324619091,12,75,-22.4819328083521,-4.92711247437413,63.6147123993269,81.5468899496119,18.9553994581722
338,18,6.59865510560285e-14,12,90,-22.4819328083521,-15.1169890747642,73.1606960018951,94.9346528029145,0
338,19,0,12,105,-22.4819328083521,-25.8294091240964,82.5591447629203,108.604815955069,0
338,20,0,12,120,-22.4819328083521,-36.7751492357034,87.4655826053178,120.050235692151,0
338,21,0,12,135,-22.4819328083521,-47.6150968134362,75.7502321651878,123.828529925795,0
338,22,0,12,150,-22.4819328083521,-57.7819845663296,60.0613758749333,126.844221447378,0
338,23,0,12,165,-22.4819328083521,-65.9985797016335,36.0107482288478,128.801901963688,0
339,0,0,12,-180,-22.5933843638293,-69.5933843638293,-1.85792246273628e-14,129.593384363829,0
339,1,0,12,-165,-22.5933843638293,-66.0971751089522,-36.1387503880334,128.912826050284,0
339,2,0,12,-150,-22.5933843638293,-57.8630073442083,-60.2050814327188,126.953795014638,0
339,3,0,12,-135,-22.5933843638293,-47.6865187020923,-75.8772409972318,123.936470364785,0
339,4,0,12,-120,-22.5933843638293,-36.8433246822619,-87.5757049752281,120.1568069164,0
339,5,0,12,-105,-22.5933843638293,-25.8984426960739,-82.4619072049469,108.617882739346,0
339,6,127.25748704765,12,-90,-22.5933843638293,-15.1897227920319,-73.0732072142323,94.9578957631704,0
339,7,247.119231510235,12,-75,-22.5933843638293,-5.00569833229269,-63.5353847494211,81.5811904119711,36.1801800944899
339,8,352.619304479303,12,-60,-22.5933843638293,4.33551091934183,-53.3077485682327,68.6925633060885,128.132036945488
339,9,437.626425191056,12,-45,-22.5933843638293,12.4413754239842,-41.9543967663378,56.6546850184143,240.55610500511
339,10,497.200288778036,12,-30,-22.5933843638293,18.8291027813455,-29.1913474407887,46.1601067447834,344.38356503433
339,11,527.878678830753,12,-15,-22.5933843638293,22.9670579669167,-15.0421101970871,38.5085614251989,413.073052371782
339,12,527.878678830753,12,0,-22.5933843638293,24.4066156361707,0,35.5933843638293,429.25403379883
339,13,497.200288778036,12,15,-22.5933843638293,22.9670579669167,15.0421101970871,38.5085614251989,389.066748027387
339,14,437.626425191056,12,30,-22.5933843638293,18.8291027813455,29.1913474407887,46.1601067447834,303.119993817636
339,15,352.619304479303,12,45,-22.5933843638293,12.4413754239842,41.9543967663378,56.6546850184143,193.829077844465
339,16,247.119231510235,12,60,-22.5933843638293,4.33551091934183,53.3077485682327,68.6925633060885,89.7962479636973
339,17,127.25748704765,12,75,-22.5933843638293,-5.00569833229269,63.5353847494211,81.5811904119711,18.6314872040442
339,18,6.51213010416145e-14,12,90,-22.5933843638293,-15.1897227920319,73.0732072142323,94.9578957631704,0
339,19,0,12,105,-22.5933843638293,-25.8984426960739,82.4619072049469,108.617882739346,0
339,20,0,12,120,-22.5933843638293,-36.8433246822619,87.5757049752281,120.1568069164,0
339,21,0,12,135,-22.5933843638293,-47.6865187020923,75.8772409972318,123.936470364785,0
339,22,0,12,150,-22.5933843638293,-57.8630073442083,60.2050814327188,126.953795014638,0
339,23,0,12,165,-22.5933843638293,-66.0971751089522,36.1387503880334,128.912826050284,0
340,0,0,12,-180,-22.6981410119143,-69.6981410119143,-1.86567788188869e-14,129.698141011914,0
340,1,0,12,-165,-22.6981410119143,-66.1897505732524,-36.2599724974243,129.017085405744,0
340,2,0,12,-150,-22.6981410119143,-57.9390144125908,-60.3407451004366,127.056781510216,0
340,3,0,12,-135,-22.6981410119143,-47.7535221557152,-75.996937606334,124.037918552263,0
340,4,0,12,-120,-22.6981410119143,-36.9073120664709,-87.6793913190568,120.256966548979,0
340,5,0,12,-105,-22.6981410119143,-25.963270235311,-82.3704069890668,108.630098925955,0
340,6,125.559078954733,12,-90,-22.6981410119143,-15.2580565714272,-72.9909189055989,94.9797261169593,0
340,7,243.821120629299,12,-75,-22.6981410119143,-5.07955482586698,-63.4608049477241,81.6134569239107,35.5614753857643
340,8,347.913165026604,12,-60,-22.6981410119143,4.25459846177287,-53.2410244967314,68.7369928592825,126.170573950086
340,9,431.785760885463,12,-45,-22.6981410119143,12.3525087282638,-41.8976048857776,56.7139656454084,236.972262567969
340,10,490.564537799039,12,-30,-22.6981410119143,18.7324754893394,-29.1486106490633,46.2373970902255,339.309721566189
340,11,520.833486905279,12,-15,-22.6981410119143,22.8645372893109,-15.0187372985906,38.6043603994713,407.017302742764
340,12,520.833486905279,12,0,-22.6981410119143,24.3018589880857,0,35.6981410119143,422.970155825037
340,13,490.56453779904,12,15,-22.6981410119143,22.8645372893109,15.0187372985906,38.6043603994713,383.362936555054
340,14,431.785760885463,12,30,-22.6981410119143,18.7324754893394,29.1486106490633,46.2373970902255,298.654091385442
340,15,347.913165026604,12,45,-22.6981410119143,12.3525087282638,41.8976048857776,56.7139656454084,190.94138195865
340,16,243.821120629299,12,60,-22.6981410119143,4.25459846177287,53.2410244967314,68.7369928592825,88.4216345437791
340,17,125.559078954733,12,75,-22.6981410119143,-5.07955482586698,63.4608049477241,81.6134569239107,18.3128766047162
340,18,6.42521769745258e-14,12,90,-22.6981410119143,-15.2580565714272,72.9909189055989,94.9797261169593,0
340,19,0,12,105,-22.6981410119143,-25.963270235311,82.3704069890668,108.630098925955,0
340,20,0,12,120,-22.6981410119143,-36.9073120664709,87.6793913190568,120.256966548979,0
340,21,0,12,135,-22.6981410119143,-47.7535221557152,75.996937606334,124.037918552263,0
340,22,0,12,150,-22.6981410119143,-57.9390144125908,60.3407451004366,127.056781510216,0
340,23,0,12,165,-22.6981410119143,-66.1897505732524,36.2599724974243,129.017085405744,0
341,0,0,12,-180,-22.7961717109515,-69.7961717109515,-1.87300511499376e-14,129.796171710951,0
341,1,0,12,-165,-22.7961717109515,-66.2762957783796,-36.3742179088393,129.11464940787,0
341,2,0,12,-150,-22.7961717109515,-58.0100099906635,-60.4682194623264,127.153151315152,0
341,3,0,12,-135,-22.7961717109515,-47.816110620261,-76.1092283124589,124.132845919351,0
341,4,0,12,-120,-22.7961717109515,-36.9671093724295,-87.7765779833172,120.350686691354,0
341,5,0,12,-105,-22.7961717109515,-26.0238833442067,-82.2846902615447,108.641473074835,0
341,6,123.853603615313,12,-90,-22.7961717109515,-15.3219757568342,-72.9138654597325,95.0001403844077,0
341,7,240.509285978036,12,-75,-22.7961717109515,-5.14866157528166,-63.3909981007291,81.6436748989005,34.952948238122
341,8,343.1874428554,12,-60,-22.7961717109515,4.17887581787971,-53.17859717789,68.7786251440404,124.224368314571
341,9,425.920792989606,12,-45,-22.7961717109515,12.2693371103143,-41.8444942949982,56.7695175079519,233.408138732073
341,10,483.901174794347,12,-30,-22.7961717109515,18.6420434247406,-29.1086620515084,46.3098005859723,334.258963674173
341,11,513.758979229244,12,-15,-22.7961717109515,22.7685959115785,-14.9968969958704,38.6940440581652,400.98651876044
341,12,513.758979229244,12,0,-22.7961717109515,24.2038282890485,0,35.7961717109515,416.711398907559
341,13,483.901174794347,12,15,-22.7961717109515,22.7685959115785,14.9968969958704,38.6940440581652,377.682639816775
341,14,425.920792989606,12,30,-22.7961717109515,18.6420434247406,29.1086620515084,46.3098005859723,294.208508446983
341,15,343.1874428554,12,45,-22.7961717109515,12.2693371103143,41.8444942949982,56.7695175079519,188.069574417451
341,16,240.509285978036,12,60,-22.7961717109515,4.17887581787971,53.17859717789,68.7786251440404,87.0577136384284
341,17,123.853603615313,12,75,-22.7961717109515,-5.14866157528166,63.3909981007291,81.6436748989005,17.9995070820935
341,18,6.33794363949808e-14,12,90,-22.7961717109515,-15.3219757568342,72.9138654597325,95.0001403844077,0
341,19,0,12,105,-22.7961717109515,-26.0238833442067,82.2846902615447,108.641473074835,0
341,20,0,12,120,-22.7961717109515,-36.9671093724295,87.7765779833172,120.350686691354,0
341,21,0,12,135,-22.7961717109515,-47.816110620261,76.1092283124589,124.132845919351,0
341,22,0,12,150,-22.7961717109515,-58.0100099906635,60.4682194623264,127.153151315152,0
341,23,0,12,165,-22.7961717109515,-66.2762957783796,36.3742179088393,129.11464940787,0
342,0,0,12,-180,-22.887447412329,-69.887447412329,-1.87988896857481e-14,129.887447412329,0
342,1,0,12,-165,-22.887447412329,-66.3568014832162,-36.4812989877042,129.205489404942,0
342,2,0,12,-150,-22.887447412329,-58.0759984784371,-60.5873650757333,127.242876726292,0
342,3,0,12,-135,-22.887447412329,-47.8742876304681,-76.2140248438461,124.221225754333,0
342,4,0,12,-120,-22.887447412329,-37.0227149144866,-87.8672050831672,120.437941263132,0
342,5,0,12,-105,-22.887447412329,-26.0802742921408,-82.204800404512,108.652013280588,0
342,6,122.14156639854,12,-90,-22.887447412329,-15.3814667117622,-72.8420791864543,95.0191353469788,0
342,7,237.184708924527,12,-75,-22.887447412329,-5.21299955526818,-63.3259877943696,81.6718306897315,34.3544691637378
342,8,338.443538299159,12,-60,-22.887447412329,4.10836654617114,-53.1204823786285,68.8174366553764,122.293466326701
342,9,420.033259420051,12,-45,-22.887447412329,12.1918874094464,-41.7950735378506,56.8213084876502,229.864037188654
342,10,477.212174262226,12,-30,-22.887447412329,18.5578351815433,-29.0715044231396,46.3772803746674,329.231851062769
342,11,506.657252131956,12,-15,-22.887447412329,22.679262895248,-14.9765892260276,38.7775785274148,394.981437939377
342,12,506.657252131956,12,0,-22.887447412329,24.112552587671,0,35.887447412329,410.478549429409
342,13,477.212174262226,12,15,-22.887447412329,22.679262895248,14.9765892260276,38.7775785274148,372.026552465452
342,14,420.033259420051,12,30,-22.887447412329,18.5578351815433,29.0715044231396,46.3772803746674,289.783737643715
342,15,338.443538299159,12,45,-22.887447412329,12.1918874094464,41.7950735378506,56.8213084876502,185.213899921336
342,16,237.184708924527,12,60,-22.887447412329,4.10836654617114,53.1204823786285,68.8174366553764,85.7045176865832
342,17,122.141566398541,12,75,-22.887447412329,-5.21299955526818,63.3259877943696,81.6718306897315,17.691311954619
342,18,6.25033379148484e-14,12,90,-22.887447412329,-15.3814667117622,72.8420791864543,95.0191353469788,0
342,19,0,12,105,-22.887447412329,-26.0802742921408,82.204800404512,108.652013280588,0
342,20,0,12,120,-22.887447412329,-37.0227149144866,87.8672050831672,120.437941263132,0
342,21,0,12,135,-22.887447412329,-47.8742876304681,76.2140248438461,124.221225754333,0
342,22,0,12,150,-22.887447412329,-58.0759984784371,60.5873650757333,127.242876726292,0
342,23,0,12,165,-22.887447412329,-66.3568014832162,36.4812989877042,129.205489404942,0
343,0,0,12,-180,-22.9719410690867,-69.9719410690868,-1.88631493082272e-14,129.971941069087,0
343,1,0,12,-165,-22.9719410690867,-66.4312594495537,-36.581037831661,129.289578723387,0
343,2,0,12,-150,-22.9719410690867,-58.1369843699937,-60.698050801375,127.325931961822,0
343,3,0,12,-135,-22.9719410690867,-47.9280567490845,-76.311244482822,124.303033206215,0
343,4,0,12,-120,-22.9719410690867,-37.0741272987855,-87.9512165829649,120.518706004649,0
343,5,0,12,-105,-22.9719410690867,-26.1324359929247,-82.1307779840912,108.661727153298,0
343,6,120.423474617991,12,-90,-22.9719410690867,-15.4365168081259,-72.7755902860062,95.0367080409958,0
343,7,233.848374612704,12,-75,-22.9719410690867,-5.27255109184134,-63.2657960693324,81.6979115922139,33.7658973459588
343,8,333.682857079184,12,-60,-22.9719410690867,4.04309255890027,-53.0666948350189,68.8534054961083,120.377890067126
343,9,414.124904780056,12,-45,-22.9719410690867,12.1201846021813,-41.7493506119852,56.8693086785497,226.340223015739
343,10,470.499518297893,12,-30,-22.9719410690867,18.4798773758554,-29.0371403846124,46.4398021741635,324.228892095334
343,11,499.530410008421,12,-15,-22.9719410690867,22.5965652967946,-14.9578139561636,38.8549323081216,389.002738298541
343,12,499.530410008421,12,0,-22.9719410690867,24.0280589309133,0,35.9719410690867,404.272332577161
343,13,470.499518297893,12,15,-22.9719410690867,22.5965652967946,14.9578139561636,38.8549323081216,366.395313116051
343,14,414.124904780056,12,30,-22.9719410690867,18.4798773758554,29.0371403846124,46.4398021741635,285.380226427586
343,15,333.682857079184,12,45,-22.9719410690867,12.1201846021813,41.7493506119852,56.8693086785497,182.374572058021
343,16,233.848374612704,12,60,-22.9719410690867,4.04309255890027,53.0666948350189,68.8534054961083,84.3620621625881
343,17,120.423474617991,12,75,-22.9719410690867,-5.27255109184134,63.2657960693324,81.6979115922139,17.3882187067973
343,18,6.16241411410162e-14,12,90,-22.9719410690867,-15.4365168081259,72.7755902860062,95.0367080409958,0
343,19,0,12,105,-22.9719410690867,-26.1324359929247,82.1307779840912,108.661727153298,0
343,20,0,12,120,-22.9719410690867,-37.0741272987855,87.9512165829649,120.518706004649,0
343,21,0,12,135,-22.9719410690867,-47.9280567490845,76.311244482822,124.303033206215,0
343,22,0,12,150,-22.9719410690867,-58.1369843699937,60.698050801375,127.325931961822,0
343,23,0,12,165,-22.9719410690867,-66.4312594495537,36.581037831661,129.289578723387,0
344,0,0,12,-180,-23.0496276439306,-70.0496276439306,-1.89226924582645e-14,130.049627643931,0
344,1,0,12,-165,-23.0496276439306,-66.4996623720641,-36.6732669624283,129.366892674887,0
344,2,0,12,-150,-23.0496276439306,-58.1929721706794,-60.8001541153895,127.402293166363,0
344,3,0,12,-135,-23.0496276439306,-47.9774215092464,-76.4008102026653,124.378245287948,0
344,4,0,12,-120,-23.0496276439306,-37.1213453868774,-88.0285603718367,120.592958479281,0
344,5,0,12,-105,-23.0496276439306,-26.1803619834523,-82.06266070168,108.670621800579,0
344,6,118.699837381338,12,-90,-23.0496276439306,-15.4871144155739,-72.714426815509,95.0528557515277,0
344,7,230.501271670427,12,-75,-23.0496276439306,-5.32729985911647,-63.2104433977942,81.7219058485447,33.1870811762286
344,8,328.906809888063,12,-60,-23.0496276439306,3.98307412033436,-53.0172482363748,68.8865113861353,118.477638418966
344,9,408.197479842614,12,-45,-23.0496276439306,12.0542517976303,-41.707332957673,56.9134903964395,222.836924190562
344,10,463.765196006182,12,-30,-23.0496276439306,18.4081946395998,-29.0055723937295,46.4973342801145,319.250545738565
344,11,492.380564695768,12,-15,-23.0496276439306,22.5205281601562,-14.9405711779432,38.9260762762839,383.0510405767
344,12,492.380564695768,12,0,-23.0496276439306,23.9503723560694,0,36.0496276439306,398.093414607844
344,13,463.765196006182,12,15,-23.0496276439306,22.5205281601562,14.9405711779432,38.9260762762839,360.789506432263
344,14,408.197479842614,12,30,-23.0496276439306,18.4081946395998,29.0055723937295,46.4973342801145,280.998378772529
344,15,328.906809888063,12,45,-23.0496276439306,12.0542517976303,41.707332957673,56.9134903964395,179.551774521109
344,16,230.501271670427,12,60,-23.0496276439306,3.98307412033436,53.0172482363748,68.8865113861353,83.0303462837236
344,17,118.699837381339,12,75,-23.0496276439306,-5.32729985911647,63.2104433977942,81.7219058485447,17.0901492656929
344,18,6.07421065984627e-14,12,90,-23.0496276439306,-15.4871144155739,72.714426815509,95.0528557515277,0
344,19,0,12,105,-23.0496276439306,-26.1803619834523,82.06266070168,108.670621800579,0
344,20,0,12,120,-23.0496276439306,-37.1213453868774,88.0285603718367,120.592958479281,0
344,21,0,12,135,-23.0496276439306,-47.9774215092464,76.4008102026653,124.378245287948,0
344,22,0,12,150,-23.0496276439306,-58.1929721706794,60.8001541153895,127.402293166363,0
344,23,0,12,165,-23.0496276439306,-66.4996623720641,36.6732669624283,129.366892674887,0
345,0,0,12,-180,-23.1204841166518,-70.1204841166519,-1.89773898560482e-14,130.120484116652,0
345,1,0,12,-165,-23.1204841166518,-66.5620038109348,-36.7578299863253,129.437408562956,0
345,2,0,12,-150,-23.1204841166518,-58.2439663186771,-60.8935614020921,127.471938415627,0
345,3,0,12,-135,-23.1204841166518,-48.0223853602377,-76.4826507952358,124.446840879324,0
345,4,0,12,-120,-23.1204841166518,-37.1643682615352,-88.0991883341134,120.660678075493,0
345,5,0,12,-105,-23.1204841166518,-26.2240464036309,-82.000483348497,108.678703810879,0
345,6,116.971165439496,12,-90,-23.1204841166518,-15.533248891416,-72.6586146576228,95.0675760066562,0
345,7,227.144391916535,12,-75,-23.1204841166518,-5.37723087623807,-63.1599486616471,81.7438026503601,32.6178588036013
345,8,324.116811971655,12,-60,-23.1204841166518,3.92832984523279,-52.9721552103244,68.9167356709471,116.592688112365
345,9,402.25274103166,12,-45,-23.1204841166518,11.9941102332646,-41.6690274472962,56.9538281873564,219.354333163479
345,10,457.011202912126,12,-30,-23.1204841166518,18.3428096147037,-28.9768027374707,46.5498475683209,314.29722359264
345,11,485.209834847472,12,-15,-23.1204841166518,22.4511745098098,-14.9248609025137,38.9909836833711,377.126910549329
345,12,485.209834847472,12,0,-23.1204841166518,23.8795158833482,0,36.1204841166518,391.942405220923
345,13,457.011202912126,12,15,-23.1204841166518,22.4511745098098,14.9248609025137,38.9909836833711,355.209665308746
345,14,402.25274103166,12,30,-23.1204841166518,18.3428096147037,28.9768027374707,46.5498475683209,276.638556961347
345,15,324.116811971656,12,45,-23.1204841166518,11.9941102332646,41.6690274472962,56.9538281873564,176.74566237827
345,16,227.144391916535,12,60,-23.1204841166518,3.92832984523279,52.9721552103244,68.9167356709471,81.7093537422351
345,17,116.971165439496,12,75,-23.1204841166518,-5.37723087623807,63.1599486616471,81.7438026503601,16.7970202839088
345,18,5.98574956530589e-14,12,90,-23.1204841166518,-15.533248891416,72.6586146576228,95.0675760066562,0
345,19,0,12,105,-23.1204841166518,-26.2240464036309,82.000483348497,108.678703810879,0
345,20,0,12,120,-23.1204841166518,-37.1643682615352,88.0991883341134,120.660678075493,0
345,21,0,12,135,-23.1204841166518,-48.0223853602377,76.4826507952358,124.446840879324,0
345,22,0,12,150,-23.1204841166518,-58.2439663186771,60.8935614020921,127.471938415627,0
345,23,0,12,165,-23.1204841166518,-66.5620038109348,36.7578299863253,129.437408562956,0
346,0,0,12,-180,-23.1844894909484,-70.1844894909484,-1.9027121192671e-14,130.184489490948,0
346,1,0,12,-165,-23.1844894909484,-66.6182781277111,-36.8345822190105,129.501105688964,0
346,2,0,12,-150,-23.1844894909484,-58.2899711113723,-60.9781682264467,127.534847720654,0
346,3,0,12,-135,-23.1844894909484,-48.0629516168492,-76.5567009891049,124.508800729575,0
346,4,0,12,-120,-23.1844894909484,-37.2031951948923,-88.1630564144932,120.721846008634,0
346,5,0,12,-105,-23.1844894909484,-26.2634839776684,-81.9442777634856,108.685979238048,0
346,6,115.237971035267,12,-90,-23.1844894909484,-15.5749105711969,-72.6081774914852,95.0808665721444,0
346,7,223.778730066945,12,-75,-23.1844894909484,-5.42233050444917,-63.1143291322744,81.7635921414865,32.0580586958832
346,8,319.31428270972,12,-60,-23.1844894909484,3.87887669751554,-52.9314273089163,68.9440613293782,114.722994801656
346,9,396.292449901599,12,-45,-23.1844894909484,11.939779271065,-41.6344403755496,56.9902988353153,215.892608489444
346,10,450.239540369642,12,-30,-23.1844894909484,18.2837429477731,-28.9508335245731,46.5973154968405,309.369292001645
346,11,478.020345305542,12,-15,-23.1844894909484,22.3885253444103,-14.9106831557921,39.0496301567254,371.230861440673
346,12,478.020345305542,12,0,-23.1844894909484,23.8155105090516,0,36.1844894909484,385.819860028837
346,13,450.239540369642,12,15,-23.1844894909484,22.3885253444103,14.9106831557921,39.0496301567254,349.656273143019
346,14,396.292449901599,12,30,-23.1844894909484,18.2837429477731,28.9508335245731,46.5973154968405,272.301083443273
346,15,319.31428270972,12,45,-23.1844894909484,11.939779271065,41.6344403755496,56.9902988353153,173.956363385814
346,16,223.778730066945,12,60,-23.1844894909484,3.87887669751554,52.9314273089163,68.9440613293782,80.3990534602221
346,17,115.237971035267,12,75,-23.1844894909484,-5.42233050444917,63.1143291322744,81.7635921414865,16.5087434285551
346,18,5.89705704341192e-14,12,90,-23.1844894909484,-15.5749105711969,72.6081774914852,95.0808665721444,0
346,19,0,12,105,-23.1844894909484,-26.2634839776684,81.9442777634856,108.685979238048,0
346,20,0,12,120,-23.1844894909484,-37.2031951948923,88.1630564144932,120.721846008634,0
346,21,0,12,135,-23.1844894909484,-48.0629516168492,76.5567009891049,124.508800729575,0
346,22,0,12,150,-23.1844894909484,-58.2899711113723,60.9781682264467,127.534847720654,0
346,23,0,12,165,-23.1844894909484,-66.6182781277111,36.8345822190105,129.501105688964,0
347,0,0,12,-180,-23.2416248006465,-70.2416248006465,-1.90717757863711e-14,130.241624800647,0
347,1,0,12,-165,-23.2416248006465,-66.6684804248795,-36.9033912701688,129.557965357621,0
347,2,0,12,-150,-23.2416248006465,-58.3309906369016,-61.0538795853319,127.591003031642,0
347,3,0,12,-135,-23.2416248006465,-48.0991234125409,-76.6229015579448,124.564107459679,0
347,4,0,12,-120,-23.2416248006465,-37.2378256190199,-88.2201246778149,120.776445322521,0
347,5,0,12,-105,-23.2416248006465,-26.2986699967852,-81.8940727946648,108.692453587221,0
347,6,113.500767751559,12,-90,-23.2416248006465,-15.6120907599583,-72.5631367659976,95.0927254465216,0
347,7,220.405283439901,12,-75,-23.2416248006465,-5.46258644432853,-63.0736004519324,81.7812654204022,31.5075002114439
347,8,314.500645195325,12,-60,-23.2416248006465,3.83472998910587,-52.8950749958034,68.9684729806234,112.868494172775
347,9,390.318372615328,12,-45,-23.2416248006465,11.8912763940438,-41.6035774503889,57.022881369286,212.451876513052
347,10,443.452214968486,12,-30,-23.2416248006465,18.2310132852508,-28.9276666786852,46.6397141078767,304.467074238815
347,11,470.814226470893,12,-15,-23.2416248006465,22.3325996309907,-14.8980379741331,39.1019936999771,365.363356424584
347,12,470.814226470893,12,0,-23.2416248006465,23.7583751993535,0,36.2416248006465,379.726283119488
347,13,443.452214968486,12,15,-23.2416248006465,22.3325996309907,14.8980379741331,39.1019936999771,344.129766190952
347,14,390.318372615328,12,30,-23.2416248006465,18.2310132852508,28.9276666786852,46.6397141078767,267.986242757384
347,15,314.500645195325,12,45,-23.2416248006465,11.8912763940438,41.6035774503889,57.022881369286,171.183979346424
347,16,220.405283439901,12,60,-23.2416248006465,3.83472998910587,52.8950749958034,68.9684729806234,79.0994003657294
347,17,113.500767751559,12,75,-23.2416248006465,-5.46258644432853,63.0736004519324,81.7812654204022,16.2252256757103
347,18,5.80815937567276e-14,12,90,-23.2416248006465,-15.6120907599583,72.5631367659976,95.0927254465216,0
347,19,0,12,105,-23.2416248006465,-26.2986699967852,81.8940727946648,108.692453587221,0
347,20,0,12,120,-23.2416248006465,-37.2378256190199,88.2201246778149,120.776445322521,0
347,21,0,12,135,-23.2416248006465,-48.0991234125409,76.6229015579448,124.564107459679,0
347,22,0,12,150,-23.2416248006465,-58.3309906369016,61.0538795853319,127.591003031642,0
347,23,0,12,165,-23.2416248006465,-66.6684804248795,36.9033912701688,129.557965357621,0
348,0,0,12,-180,-23.2918731153209,-70.2918731153209,-1.91112531969175e-14,130.291873115321,0
348,1,0,12,-165,-23.2918731153209,-66.7126064896948,-36.9641375841008,129.607970881921,0
348,2,0,12,-150,-23.2918731153209,-58.367028711249,-61.120610136765,127.640388241369,0
348,3,0,12,-135,-23.2918731153209,-48.1309036565983,-76.6811994189621,124.612745564394,0
348,4,0,12,-120,-23.2918731153209,-37.2682590990521,-88.2703573633257,120.824460890805,0
348,5,0,12,-105,-23.2918731153209,-26.3296003034164,-81.8498942640087,108.69813180201,0
348,6,111.760070359197,12,-90,-23.2918731153209,-15.6447817242317,-72.5235116755228,95.1031508566014,0
348,7,217.025051660444,12,-75,-23.2918731153209,-5.49798773322078,-63.037776616791,81.7968145424238,30.9659941807358
348,8,309.677325813151,12,-60,-23.2918731153209,3.79590337893194,-52.8631076345491,68.9899568905275,111.029103078543
348,9,384.332279420878,12,-45,-23.2918731153209,11.8486172031295,-41.57644378476,57.0515570694344,209.03223310307
348,10,436.651237939658,12,-30,-23.2918731153209,18.1846372690536,-28.9073039321202,46.6770220294545,299.590852761026
348,11,463.593613672055,12,-15,-23.2918731153209,22.283414299727,-14.886925400387,39.1480546934573,359.524811207546
348,12,463.593613672055,12,0,-23.2918731153209,23.7081268846791,0,36.2918731153209,373.662129703873
348,13,436.651237939658,12,15,-23.2918731153209,22.283414299727,14.886925400387,39.1480546934573,338.63053599968
348,14,384.332279420878,12,30,-23.2918731153209,18.1846372690536,28.9073039321202,46.6770220294545,263.694283516956
348,15,309.677325813151,12,45,-23.2918731153209,11.8486172031295,41.57644378476,57.0515570694344,168.428587506755
348,16,217.025051660444,12,60,-23.2918731153209,3.79590337893194,52.8631076345491,68.9899568905275,77.8103361883597
348,17,111.760070359197,12,75,-23.2918731153209,-5.49798773322078,63.037776616791,81.7968145424238,15.9463696098836
348,18,5.71908290438592e-14,12,90,-23.2918731153209,-15.6447817242317,72.5235116755228,95.1031508566014,0
348,19,0,12,105,-23.2918731153209,-26.3296003034164,81.8498942640087,108.69813180201,0
348,20,0,12,120,-23.2918731153209,-37.2682590990521,88.2703573633257,120.824460890805,0
348,21,0,12,135,-23.2918731153209,-48.1309036565983,76.6811994189621,124.612745564394,0
348,22,0,12,150,-23.2918731153209,-58.367028711249,61.120610136765,127.640388241369,0
348,23,0,12,165,-23.2918731153209,-66.7126064896948,36.9641375841008,129.607970881921,0
349,0,0,12,-180,-23.3352195453114,-70.3352195453114,-1.91454637919168e-14,130.335219545311,0
349,1,0,12,-165,-23.3352195453114,-66.7506527427307,-37.0167149324351,129.651107587549,0
349,2,0,12,-150,-23.3352195453114,-58.3980888212257,-61.1782844063217,127.682989188225,0
349,3,0,12,-135,-23.3352195453114,-48.1582949954539,-76.7315477211809,124.654701414039,0
349,4,0,12,-120,-23.3352195453114,-37.2944953089541,-88.3137229333445,120.865879418148,0
349,5,0,12,-105,-23.3352195453114,-26.3562712769638,-81.8117649359281,108.703018253034,0
349,6,110.016394664385,12,-90,-23.3352195453114,-15.6729766847976,-72.4893191380551,95.1121412534472,0
349,7,213.6390363642,12,-75,-23.3352195453114,-5.52852474288292,-63.0068699616812,81.8102325216255,30.4333434965589
349,8,304.845753816828,12,-60,-23.3352195453114,3.76240887207349,-52.8355334780933,69.0085009771621,109.204720699376
349,9,378.335944126852,12,-45,-23.3352195453114,11.8118154144083,-41.5530438891397,57.0763094726445,205.633745432356
349,10,429.838624559426,12,-30,-23.3352195453114,18.144629532688,-28.8897468202277,46.7092204768921,294.740871526874
349,11,456.360646532435,12,-15,-23.3352195453114,22.2409842392662,-14.8773454803589,39.1877958945992,353.715596687253
349,12,456.360646532435,12,0,-23.3352195453114,23.6647804546886,0,36.3352195453114,367.627808842019
349,13,429.838624559426,12,15,-23.3352195453114,22.2409842392662,14.8773454803589,39.1877958945992,333.158931911671
349,14,378.335944126852,12,30,-23.3352195453114,18.144629532688,28.8897468202277,46.7092204768921,259.425420449796
349,15,304.845753816829,12,45,-23.3352195453114,11.8118154144083,41.5530438891397,57.0763094726445,165.690241991616
349,16,213.6390363642,12,60,-23.3352195453114,3.76240887207349,52.8355334780933,69.0085009771621,76.531790272712
349,17,110.016394664385,12,75,-23.3352195453114,-5.52852474288292,63.0068699616812,81.8102325216255,15.6720737279794
349,18,5.62985402483226e-14,12,90,-23.3352195453114,-15.6729766847976,72.4893191380551,95.1121412534472,0
349,19,0,12,105,-23.3352195453114,-26.3562712769638,81.8117649359281,108.703018253034,0
349,20,0,12,120,-23.3352195453114,-37.2944953089541,88.3137229333445,120.865879418148,0
349,21,0,12,135,-23.3352195453114,-48.1582949954539,76.7315477211809,124.654701414039,0
349,22,0,12,150,-23.3352195453114,-58.3980888212257,61.1782844063217,127.682989188225,0
349,23,0,12,165,-23.3352195453114,-66.7506527427307,37.0167149324351,129.651107587549,0
350,0,0,12,-180,-23.3716512461353,-70.3716512461353,-1.91743292591815e-14,130.371651246135,0
350,1,0,12,-165,-23.3716512461353,-66.782616191592,-37.0610308554844,129.687362816741,0
350,2,0,12,-150,-23.3716512461353,-58.4241740736402,-61.2268369700756,127.718793658856,0
350,3,0,12,-135,-23.3716512461353,-48.1812997783323,-76.7739059234041,124.689963256016,0
350,4,0,12,-120,-23.3716512461353,-37.3165340100234,-88.3501941162249,120.900689441224,0
350,5,0,12,-105,-23.3716512461353,-26.3786798211505,-81.779704489421,108.707116727805,0
350,6,108.270257355865,12,-90,-23.3716512461353,-15.6966698102443,-72.4605737759136,95.1196953087972,0
350,7,210.248240900579,12,-75,-23.3716512461353,-5.55418917736747,-62.9808911465907,81.8215133325036,29.9093437121118
350,8,300.007360905413,12,-60,-23.3716512461353,3.73425681904108,-52.8123596594147,69.0240948157001,107.395229726994
350,9,372.331143576811,12,-45,-23.3716512461353,11.7808828567155,-41.5333816649167,57.0971243773376,202.256453798979
350,10,423.016393552165,12,-30,-23.3716512461353,18.1110026978418,-28.8749966764043,46.7362932540775,289.917338372622
350,11,449.117468336296,12,-15,-23.3716512461353,22.2053222926191,-14.8692982596759,39.2212024383136,347.936041679999
350,12,449.117468336296,12,0,-23.3716512461353,23.6283487538647,0,36.3716512461353,361.623686240236
350,13,423.016393552166,12,15,-23.3716512461353,22.2053222926191,14.8692982596759,39.2212024383136,327.715263633611
350,14,372.331143576811,12,30,-23.3716512461353,18.1110026978418,28.8749966764043,46.7362932540775,255.17983648951
350,15,300.007360905413,12,45,-23.3716512461353,11.7808828567155,41.5333816649167,57.0971243773376,162.96897527134
350,16,210.248240900579,12,60,-23.3716512461353,3.73425681904108,52.8123596594147,69.0240948157001,75.2636804079385
350,17,108.270257355865,12,75,-23.3716512461353,-5.55418917736747,62.9808911465907,81.8215133325036,15.4022327472727
350,18,5.54049917745453e-14,12,90,-23.3716512461353,-15.6966698102443,72.4605737759136,95.1196953087972,0
350,19,0,12,105,-23.3716512461353,-26.3786798211505,81.779704489421,108.707116727805,0
350,20,0,12,120,-23.3716512461353,-37.3165340100234,88.3501941162249,120.900689441224,0
350,21,0,12,135,-23.3716512461353,-48.1812997783323,76.7739059234041,124.689963256016,0
350,22,0,12,150,-23.3716512461353,-58.4241740736402,61.2268369700756,127.718793658856,0
350,23,0,12,165,-23.3716512461353,-66.782616191592,37.0610308554844,129.687362816741,0
351,0,0,12,-180,-23.4011574222934,-70.4011574222935,-1.91977830597586e-14,130.401157422293,0
351,1,0,12,-165,-23.4011574222934,-66.8084943901919,-37.0970070491011,129.716725931622,0
351,2,0,12,-150,-23.4011574222934,-58.4452871509334,-61.2662126134617,127.747791390431,0
351,3,0,12,-135,-23.4011574222934,-48.1999200273585,-76.8082398617071,124.718521216114,0
351,4,0,12,-120,-23.4011574222934,-37.3343750322017,-88.3797479435526,120.928881329555,0
351,5,0,12,-105,-23.4011574222934,-26.3968233530263,-81.7537294939501,108.710430421981,0
351,6,106.522175851804,12,-90,-23.4011574222934,-15.7158562113574,-72.4372878990063,95.1258119119604,0
351,7,206.853670035456,12,-75,-23.4011574222934,-5.57497407116127,-62.9598491449488,81.8306519113939,29.3937836458672
351,8,295.163580799145,12,-60,-23.4011574222934,3.71145591517676,-52.7935921834189,69.0367296425987,105.600497568668
351,9,366.31965712275,12,-45,-23.4011574222934,11.7558294695702,-41.517460398637,57.1139898476008,198.900373484339
351,10,416.186566492158,12,-30,-23.4011574222934,18.083767371449,-28.8630546277591,46.7582267545556,285.120427440219
351,11,441.866225393658,12,-15,-23.4011574222934,22.1764392536196,-14.8627837810723,39.2482618373318,342.186435710042
351,12,441.866225393658,12,0,-23.4011574222934,23.5988425777066,0,36.4011574222934,355.650087112638
351,13,416.186566492158,12,15,-23.4011574222934,22.1764392536196,14.8627837810723,39.2482618373318,322.299803863661
351,14,366.319657122751,12,30,-23.4011574222934,18.083767371449,28.8630546277591,46.7582267545556,250.957684912594
351,15,295.163580799145,12,45,-23.4011574222934,11.7558294695702,41.517460398637,57.1139898476008,160.264799658983
351,16,206.853670035456,12,60,-23.4011574222934,3.71145591517676,52.7935921834189,69.0367296425987,74.0059136716929
351,17,106.522175851804,12,75,-23.4011574222934,-5.57497407116127,62.9598491449488,81.8306519113939,15.1367379168968
351,18,5.45104484002242e-14,12,90,-23.4011574222934,-15.7158562113574,72.4372878990063,95.1258119119604,0
351,19,0,12,105,-23.4011574222934,-26.3968233530263,81.7537294939501,108.710430421981,0
351,20,0,12,120,-23.4011574222934,-37.3343750322017,88.3797479435526,120.928881329555,0
351,21,0,12,135,-23.4011574222934,-48.1999200273585,76.8082398617071,124.718521216114,0
351,22,0,12,150,-23.4011574222934,-58.4452871509334,61.2662126134617,127.747791390431,0
351,23,0,12,165,-23.4011574222934,-66.8084943901919,37.0970070491011,129.716725931622,0
352,0,0,12,-180,-23.423729330469,-70.423729330469,-1.92157708167662e-14,130.423729330469,0
352,1,0,12,-165,-23.423729330469,-66.8282854039471,-37.124579694259,129.739188317,0
352,2,0,12,-150,-23.423729330469,-58.4614302735157,-61.2963664655474,127.769974072532,0
352,3,0,12,-135,-23.423729330469,-48.2141574122494,-76.8345218063318,124.740367299575,0
352,4,0,12,-120,-23.423729330469,-37.3480182582654,-88.4023657814904,120.950447286196,0
352,5,0,12,-105,-23.423729330469,-26.410699793664,-81.7338533890983,108.712961931998,0
352,6,104.772668146479,12,-90,-23.423729330469,-15.7305319363644,-72.4194714907066,95.1304901671935,0
352,7,203.456329653438,12,-75,-23.423729330469,-5.59087378759561,-62.9437512337303,81.8376441576501,28.8864459923139
352,8,290.315848814608,12,-60,-23.423729330469,3.69401320016649,-52.7792359200808,69.0463983590986,103.820377569542
352,9,360.303266097846,12,-45,-23.423729330469,11.7366633014489,-41.5052827571345,57.1268962166363,195.565496644066
352,10,409.351167204562,12,-30,-23.423729330469,18.0629321432272,-28.8539215914494,46.7750099624327,280.350281651549
352,11,434.6090664043,12,-15,-23.423729330469,22.1543438639484,-14.8578020820974,39.2689639825064,336.467031854078
352,12,434.6090664043,12,0,-23.423729330469,23.576270669531,0,36.423729330469,349.707299099812
352,13,409.351167204562,12,15,-23.423729330469,22.1543438639484,14.8578020820974,39.2689639825064,316.912790970618
352,14,360.303266097846,12,30,-23.423729330469,18.0629321432272,28.8539215914494,46.7750099624327,246.759091516225
352,15,290.315848814608,12,45,-23.423729330469,11.7366633014489,41.5052827571345,57.1268962166363,157.577708833908
352,16,203.456329653438,12,60,-23.423729330469,3.69401320016649,52.7792359200808,69.0463983590986,72.758387286744
352,17,104.772668146479,12,75,-23.423729330469,-5.59087378759561,62.9437512337303,81.8376441576501,14.8754773323552
352,18,5.36151751978671e-14,12,90,-23.423729330469,-15.7305319363644,72.4194714907066,95.1304901671935,0
352,19,0,12,105,-23.423729330469,-26.410699793664,81.7338533890983,108.712961931998,0
352,20,0,12,120,-23.423729330469,-37.3480182582654,88.4023657814904,120.950447286196,0
352,21,0,12,135,-23.423729330469,-48.2141574122494,76.8345218063318,124.740367299575,0
352,22,0,12,150,-23.423729330469,-58.4614302735157,61.2963664655474,127.769974072532,0
352,23,0,12,165,-23.423729330469,-66.8282854039471,37.124579694259,129.739188317,0
353,0,0,12,-180,-23.4393602821185,-70.4393602821185,-1.92282506358173e-14,130.439360282119,0
353,1,0,12,-165,-23.4393602821185,-66.8419877811997,-37.1436997269824,129.754743382623,0
353,2,0,12,-150,-23.4393602821185,-58.4726051690141,-61.3172641082826,127.785335348686,0
353,3,0,12,-135,-23.4393602821185,-48.2240132296931,-76.8527305078807,124.755495391956,0
353,4,0,12,-120,-23.4393602821185,-37.3574636109529,-88.4180333562342,120.965381348271,0
353,5,0,12,-105,-23.4393602821185,-26.4203075605837,-81.720086468044,108.714713249095,0
353,6,103.022252656782,12,-90,-23.4393602821185,-15.7406939670569,-72.4071321963752,95.133729391567,0
353,7,200.057226459803,12,-75,-23.4393602821185,-5.60188401754166,-62.9326029854088,81.8424869345883,28.3871079376136
353,8,285.465601439411,12,-60,-23.4393602821185,3.68193405765597,-52.7692945988636,69.0530955340475,102.054710250536
353,9,354.283753288602,12,-45,-23.4393602821185,11.723390508394,-41.4968507835665,57.1358360895421,192.251794227384
353,10,402.512221165706,12,-30,-23.4393602821185,18.0485035836862,-28.8475982716974,46.7866344531022,275.607015223028
353,11,427.348141821054,12,-15,-23.4393602821185,22.1390428107235,-14.8543531932532,39.2833011430631,330.778049633855
353,12,427.348141821054,12,0,-23.4393602821185,23.5606397178815,0,36.4393602821185,343.795575237453
353,13,402.512221165706,12,15,-23.4393602821185,22.1390428107235,14.8543531932532,39.2833011430631,311.554431718424
353,14,354.283753288602,12,30,-23.4393602821185,18.0485035836862,28.8475982716974,46.7866344531022,242.584156831565
353,15,285.465601439411,12,45,-23.4393602821185,11.723390508394,41.4968507835665,57.1358360895421,154.907679388333
353,16,200.057226459803,12,60,-23.4393602821185,3.68193405765597,52.7692945988636,69.0530955340475,71.5209894885158
353,17,103.022252656782,12,75,-23.4393602821185,-5.60188401754166,62.9326029854088,81.8424869345883,14.6183362525611
353,18,5.27194374562455e-14,12,90,-23.4393602821185,-15.7406939670569,72.4071321963752,95.133729391567,0
353,19,0,12,105,-23.4393602821185,-26.4203075605837,81.720086468044,108.714713249095,0
353,20,0,12,120,-23.4393602821185,-37.3574636109529,88.4180333562342,120.965381348271,0
353,21,0,12,135,-23.4393602821185,-48.2240132296931,76.8527305078807,124.755495391956,0
353,22,0,12,150,-23.4393602821185,-58.4726051690141,61.3172641082826,127.785335348686,0
353,23,0,12,165,-23.4393602821185,-66.8419877811997,37.1436997269824,129.754743382623,0
354,0,0,12,-180,-23.4480456454536,-70.4480456454536,-1.92351933535142e-14,130.448045645454,0
354,1,0,12,-165,-23.4480456454536,-66.8496005311155,-37.1543330466663,129.763386564915,0
354,2,0,12,-150,-23.4480456454536,-58.4788130485924,-61.3288816603762,127.793870817518,0
354,3,0,12,-135,-23.4480456454536,-48.229488387499,-76.8628512327202,124.763901259771,0
354,4,0,12,-120,-23.4480456454536,-37.3627110430759,-88.4267407735154,120.973679387383,0
354,5,0,12,-105,-23.4480456454536,-26.4256455619314,-81.7124358648919,108.715685754729,0
354,6,101.271448068597,12,-90,-23.4480456454536,-15.7463402158081,-72.4002753145558,95.1355291133266,0
354,7,196.657367682184,12,-75,-23.4480456454536,-5.60800177840205,-62.9264082617816,81.8451780702056,27.895541779214
354,8,280.614275906528,12,-60,-23.4480456454536,3.67522221496336,-52.7637708044329,69.0568174060534,100.303324559362
354,9,348.262902406577,12,-45,-23.4480456454536,11.7160153529524,-41.4921658943674,57.1408043454299,188.959217920705
354,10,395.671754902898,12,-30,-23.4480456454536,18.0404862426056,-28.8440851575005,46.7930943937961,270.890716214617
354,11,420.085603212575,12,-15,-23.4480456454536,22.1305407246582,-14.8524371365657,39.2912679667987,325.119677949963
354,12,420.085603212575,12,0,-23.4480456454536,23.5519543545464,0,36.4480456454536,337.915136967745
354,13,395.671754902899,12,15,-23.4480456454536,22.1305407246582,14.8524371365657,39.2912679667987,306.224904029456
354,14,348.262902406577,12,30,-23.4480456454536,18.0404862426056,28.8440851575005,46.7930943937961,238.43295836735
354,15,280.614275906528,12,45,-23.4480456454536,11.7160153529524,41.4921658943674,57.1408043454299,152.254672393384
354,16,196.657367682184,12,60,-23.4480456454536,3.67522221496336,52.7637708044329,69.0568174060534,70.293600401807
354,17,101.271448068597,12,75,-23.4480456454536,-5.60800177840205,62.9264082617816,81.8451780702056,14.3651974189166
354,18,5.18235006017836e-14,12,90,-23.4480456454536,-15.7463402158081,72.4002753145558,95.1355291133266,0
354,19,0,12,105,-23.4480456454536,-26.4256455619314,81.7124358648919,108.715685754729,0
354,20,0,12,120,-23.4480456454536,-37.3627110430759,88.4267407735154,120.973679387383,0
354,21,0,12,135,-23.4480456454536,-48.229488387499,76.8628512327202,124.763901259771,0
354,22,0,12,150,-23.4480456454536,-58.4788130485924,61.3288816603762,127.793870817518,0
354,23,0,12,165,-23.4480456454536,-66.8496005311155,37.1543330466663,129.763386564915,0
355,0,0,12,-180,-23.4497828468137,-70.4497828468137,-1.92365827112629e-14,130.449782846814,0
355,1,0,12,-165,-23.4497828468137,-66.8511231082571,-37.1564606612703,129.765115328168,0
355,2,0,12,-150,-23.4497828468137,-58.4800545904761,-61.3312058355354,127.795578033564,0
355,3,0,12,-135,-23.4497828468137,-48.2305833935837,-76.8648757875332,124.765582550941,0
355,4,0,12,-120,-23.4497828468137,-37.3637605306495,-88.4284825321305,120.975339109889,0
355,5,0,12,-105,-23.4497828468137,-26.4267131924349,-81.7109055458851,108.715880217407,0
355,6,99.5207731831114,12,-90,-23.4497828468137,-15.7474695234991,-72.3989037908664,95.1358890707561,0
355,7,193.257760772112,12,-75,-23.4497828468137,-5.60922541340743,-62.9251692096831,81.8457163576741,27.4115155484768
355,8,275.763309768416,12,-60,-23.4497828468137,3.67387974288368,-52.7626659736804,69.0575618849726,98.5660391321485
355,9,342.242497559826,12,-45,-23.4497828468137,11.7145402034428,-41.4912288771323,57.1417981388887,185.687702111109
355,10,388.831795393922,12,-30,-23.4497828468137,18.038882647982,-28.8433825210404,46.7943865439651,266.201449107326
355,11,412.823602625792,12,-15,-23.4497828468137,22.1288401787842,-14.852053924593,39.2928614802215,319.492078049781
355,12,412.823602625792,12,0,-23.4497828468137,23.5502171531864,0,36.4497828468137,332.066177186241
355,13,388.831795393922,12,15,-23.4497828468137,22.1288401787842,14.852053924593,39.2928614802215,300.92435977998
355,14,342.242497559827,12,30,-23.4497828468137,18.038882647982,28.8433825210404,46.7943865439651,234.305552878561
355,15,275.763309768416,12,45,-23.4497828468137,11.7145402034428,41.4912288771323,57.1417981388887,149.61863498118
355,16,193.257760772112,12,60,-23.4497828468137,3.67387974288368,52.7626659736804,69.0575618849726,69.0760929249519
355,17,99.5207731831115,12,75,-23.4497828468137,-5.60922541340743,62.9251692096831,81.8457163576741,14.1159413759437
355,18,5.09276301199075e-14,12,90,-23.4497828468137,-15.7474695234991,72.3989037908664,95.1358890707561,0
355,19,0,12,105,-23.4497828468137,-26.4267131924349,81.7109055458851,108.715880217407,0
355,20,0,12,120,-23.4497828468137,-37.3637605306495,88.4284825321305,120.975339109889,0
355,21,0,12,135,-23.4497828468137,-48.2305833935837,76.8648757875332,124.765582550941,0
355,22,0,12,150,-23.4497828468137,-58.4800545904761,61.3312058355354,127.795578033564,0
355,23,0,12,165,-23.4497828468137,-66.8511231082571,37.1564606612703,129.765115328168,0
356,0,0,12,-180,-23.4445713714284,-70.4445713714285,-1.92324154524702e-14,130.444571371428,0
356,1,0,12,-165,-23.4445713714284,-66.8465554039691,-37.1500787683285,129.759929165206,0
356,2,0,12,-150,-23.4445713714284,-58.47632993077,-61.3242339748794,127.790456507707,0
356,3,0,12,-135,-23.4445713714284,-48.2272983498377,-76.8588025329734,124.760538795038,0
356,4,0,12,-120,-23.4445713714284,-37.3606120690681,-88.4232575314625,120.970360057054,0
356,5,0,12,-105,-23.4445713714284,-26.4235103311527,-81.7154963045169,108.715296790919,0
356,6,97.7707467630751,12,-90,-23.4445713714284,-15.744081658364,-72.4030182146006,95.1348092115437,0
356,7,189.859413106485,12,-75,-23.4445713714284,-5.60555459122361,-62.9288862585996,81.8441015556144,26.9347936353712
356,8,270.914140471033,12,-60,-23.4445713714284,3.67790705558129,-52.7659803940674,69.055328552735,96.8426635631848
356,9,336.224322724238,12,-45,-23.4445713714284,11.7189655335493,-41.4940398894393,57.1388169007956,182.437165865429
356,10,381.994369466397,12,-30,-23.4445713714284,18.0436933054439,-28.8454904167977,46.7905102554888,261.539257403227
356,11,405.564291948207,12,-15,-23.4445713714284,22.1339416877435,-14.8532035598745,39.288081088629,313.89538652254
356,12,405.564291948207,12,0,-23.4445713714284,23.5554286285716,0,36.4445713714284,326.248863316942
356,13,381.994369466397,12,15,-23.4445713714284,22.1339416877435,14.8532035598745,39.288081088629,295.652927621156
356,14,336.224322724238,12,30,-23.4445713714284,18.0436933054439,28.8454904167977,46.7905102554888,230.201978654913
356,15,270.914140471033,12,45,-23.4445713714284,11.7189655335493,41.4940398894393,57.1388169007956,146.999501939486
356,16,189.859413106485,12,60,-23.4445713714284,3.67790705558129,52.7659803940674,69.055328552735,67.8683336196731
356,17,97.7707467630752,12,75,-23.4445713714284,-5.60555459122361,62.9288862585996,81.8441015556144,13.8704467929782
356,18,5.00320914763754e-14,12,90,-23.4445713714284,-15.744081658364,72.4030182146006,95.1348092115437,0
356,19,0,12,105,-23.4445713714284,-26.4235103311527,81.7154963045169,108.715296790919,0
356,20,0,12,120,-23.4445713714284,-37.3606120690681,88.4232575314625,120.970360057054,0
356,21,0,12,135,-23.4445713714284,-48.2272983498377,76.8588025329734,124.760538795038,0
356,22,0,12,150,-23.4445713714284,-58.47632993077,61.3242339748794,127.790456507707,0
356,23,0,12,165,-23.4445713714284,-66.8465554039691,37.1500787683285,129.759929165206,0
357,0,0,12,-180,-23.4324127635706,-70.4324127635706,-1.92227013420383e-14,130.432412763571,0
357,1,0,12,-165,-23.4324127635706,-66.8358977446502,-37.1351987711796,129.747829597521,0
357,2,0,12,-150,-23.4324127635706,-58.4676386616195,-61.307974053428,127.778507707272,0
357,3,0,12,-135,-23.4324127635706,-48.2196329508969,-76.8446363863969,124.748771403334,0
357,4,0,12,-120,-23.4324127635706,-37.35326567234,-88.4110690729861,120.958743605078,0
357,5,0,12,-105,-23.4324127635706,-26.4160373410224,-81.7262057605521,108.713935013985,0
357,6,96.0218873790853,12,-90,-23.4324127635706,-15.7361773157584,-72.4126168180475,95.132289692656,0
357,7,186.463331689057,12,-75,-23.4324127635706,-5.59699030587284,-62.9375581201916,81.8403343881507,26.4651374142976
357,8,266.068204927895,12,-60,-23.4324127635706,3.68730291056847,-52.773713203293,69.0501186635096,95.1329996803076
357,9,330.210161214898,12,-45,-23.4324127635706,11.72928992224,-41.5005984586134,57.1318623384785,179.207514920611
357,10,375.16150319719,12,-30,-23.4324127635706,18.0549166981349,-28.8504086813749,46.7814674727179,256.904166242043
357,11,398.309822270241,12,-15,-23.4324127635706,22.1458437076459,-14.85588603482,39.2769285761244,308.329718314458
357,12,398.309822270241,12,0,-23.4324127635706,23.5675872364294,0,36.4324127635706,320.463340408313
357,13,375.16150319719,12,15,-23.4324127635706,22.1458437076459,14.85588603482,39.2769285761244,290.410715818947
357,14,330.210161214898,12,30,-23.4324127635706,18.0549166981349,28.8504086813749,46.7814674727179,226.122257823919
357,15,266.068204927895,12,45,-23.4324127635706,11.72928992224,41.5005984586134,57.1318623384785,144.397197315455
357,16,186.463331689057,12,60,-23.4324127635706,3.68730291056847,52.773713203293,69.0501186635096,66.6701836048821
357,17,96.0218873790854,12,75,-23.4324127635706,-5.59699030587284,62.9375581201916,81.8403343881507,13.6285907864471
357,18,4.91371500386146e-14,12,90,-23.4324127635706,-15.7361773157584,72.4126168180475,95.132289692656,0
357,19,0,12,105,-23.4324127635706,-26.4160373410224,81.7262057605521,108.713935013985,0
357,20,0,12,120,-23.4324127635706,-37.35326567234,88.4110690729861,120.958743605078,0
357,21,0,12,135,-23.4324127635706,-48.2196329508969,76.8446363863969,124.748771403334,0
357,22,0,12,150,-23.4324127635706,-58.4676386616195,61.307974053428,127.778507707272,0
357,23,0,12,165,-23.4324127635706,-66.8358977446502,37.1351987711796,129.747829597521,0
358,0,0,12,-180,-23.413310626098,-70.413310626098,-1.92074631079371e-14,130.413310626098,0
358,1,0,12,-165,-23.413310626098,-66.8191508969311,-37.1118472303037,129.728820174872,0
358,2,0,12,-150,-23.413310626098,-58.4539798367247,-61.2824446606423,127.759735055756,0
358,3,0,12,-135,-23.413310626098,-48.2075864878258,-76.8223888136678,124.730283668655,0
358,4,0,12,-120,-23.413310626098,-37.3417213753828,-88.391924855754,120.940492965008,0
358,5,0,12,-105,-23.413310626098,-26.4042950702135,-81.7430283629619,108.711793811312,0
358,6,94.274713255921,12,-90,-23.413310626098,-15.7237581188532,-72.427695478532,95.1283308807175,0
358,7,183.070522852048,12,-75,-23.413310626098,-5.58353487696986,-62.9511817897262,81.8344165447464,26.0023058701038
358,8,261.226939094289,12,-60,-23.413310626098,3.70206440876974,-52.7858623902888,69.0419351432085,93.4368428234374
358,9,324.201795157659,12,-45,-23.413310626098,11.7455100540109,-41.5109034824336,57.120938435229,175.998643681063
358,10,368.335221312043,12,-30,-23.413310626098,18.0725492870645,-28.8581369340275,46.7672627323478,252.296185028327
358,11,391.062343247825,12,-15,-23.413310626098,22.1645426364949,-14.8601013320408,39.2594081055687,302.795169756932
358,12,391.062343247825,12,0,-23.413310626098,23.586689373902,0,36.413310626098,314.709734242956
358,13,368.335221312043,12,15,-23.413310626098,22.1645426364949,14.8601013320408,39.2594081055687,285.197815106319
358,14,324.201795157659,12,30,-23.413310626098,18.0725492870645,28.8581369340275,46.7672627323478,222.066398663293
358,15,261.226939094289,12,45,-23.413310626098,11.7455100540109,41.5109034824336,57.120938435229,141.811636025003
358,16,183.070522852048,12,60,-23.413310626098,3.70206440876974,52.7858623902888,69.0419351432085,65.4814994526928
358,17,94.2747132559212,12,75,-23.413310626098,-5.58353487696986,62.9511817897262,81.8344165447464,13.3902492422437
358,18,4.82430709970876e-14,12,90,-23.413310626098,-15.7237581188532,72.427695478532,95.1283308807175,0
358,19,0,12,105,-23.413310626098,-26.4042950702135,81.7430283629619,108.711793811312,0
358,20,0,12,120,-23.413310626098,-37.3417213753828,88.391924855754,120.940492965008,0
358,21,0,12,135,-23.413310626098,-48.2075864878258,76.8223888136678,124.730283668655,0
358,22,0,12,150,-23.413310626098,-58.4539798367247,61.2824446606423,127.759735055756,0
358,23,0,12,165,-23.413310626098,-66.8191508969311,37.1118472303037,129.728820174872,0
359,0,0,12,-180,-23.3872706193862,-70.3872706193863,-1.91867363055081e-14,130.387270619386,0
359,1,0,12,-165,-23.3872706193862,-66.7963160797085,-37.0800657501158,129.702906474356,0
359,2,0,12,-150,-23.3872706193862,-58.4353519841779,-61.2476749550802,127.734143932206,0
359,3,0,12,-135,-23.3872706193862,-48.1911578566953,-76.7920778100501,124.705080765033,0
359,4,0,12,-120,-23.3872706193862,-37.3259792393734,-88.3658369658667,120.915613182522,0
359,5,0,12,-105,-23.3872706193862,-26.388284855276,-81.7659553967631,108.708871496069,0
359,6,92.529742118982,12,-90,-23.3872706193862,-15.7068266202498,-72.4482477231691,95.1229333528966,0
359,7,179.681991957937,12,-75,-23.3872706193862,-5.5651919502706,-62.9697525494138,81.8263506798205,25.5460562233661
359,8,256.391777541762,12,-60,-23.3872706193862,3.72218699467311,-52.8024247975364,69.0307825883315,91.7539831237946
359,9,318.201004961053,12,-45,-23.3872706193862,11.7676207194554,-41.5249532307814,57.106051449166,172.810437218683
359,10,361.5175465856,12,-30,-23.3872706193862,18.0965855119272,-28.868674577903,46.7479031631239,247.715310063305
359,11,383.824002465406,12,-15,-23.3872706193862,22.1900328151801,-14.8658494251219,39.2355262184719,297.291821600733
359,12,383.824002465406,12,0,-23.3872706193862,23.6127293806138,0,36.3872706193862,308.98815445365
359,13,361.5175465856,12,15,-23.3872706193862,22.1900328151801,14.8658494251219,39.2355262184719,280.014301541102
359,14,318.201004961053,12,30,-23.3872706193862,18.0965855119272,28.868674577903,46.7479031631239,218.034397917444
359,15,256.391777541763,12,45,-23.3872706193862,11.7676207194554,41.5249532307814,57.106051449166,139.242725464335
359,16,179.681991957937,12,60,-23.3872706193862,3.72218699467311,52.8024247975364,69.0307825883315,64.3021340849083
359,17,92.5297421189822,12,75,-23.3872706193862,-5.5651919502706,62.9697525494138,81.8263506798205,13.1552971377256
359,18,4.73501192867101e-14,12,90,-23.3872706193862,-15.7068266202498,72.4482477231691,95.1229333528966,0
359,19,0,12,105,-23.3872706193862,-26.388284855276,81.7659553967631,108.708871496069,0
359,20,0,12,120,-23.3872706193862,-37.3259792393734,88.3658369658667,120.915613182522,0
359,21,0,12,135,-23.3872706193862,-48.1911578566953,76.7920778100501,124.705080765033,0
359,22,0,12,150,-23.3872706193862,-58.4353519841779,61.2476749550802,127.734143932206,0
359,23,0,12,165,-23.3872706193862,-66.7963160797085,37.0800657501158,129.702906474356,0
360,0,0,12,-180,-23.3543004596514,-70.3543004596514,-1.91605691060169e-14,130.354300459651,0
360,1,0,12,-165,-23.3543004596514,-66.7673949829301,-37.0399108020482,129.670096098943,0
360,2,0,12,-150,-23.3543004596514,-58.4117531265549,-61.2037045933109,127.701741670235,0
360,3,0,12,-135,-23.3543004596514,-48.1703455720218,-76.7537278702233,124.673169747162,0
360,4,0,12,-120,-23.3543004596514,-37.3060393601309,-88.3328218599561,120.88411113759,0
360,5,0,12,-105,-23.3543004596514,-26.3680085260754,-81.7949749937497,108.705165773757,0
360,6,90.7874910408758,12,-90,-23.3543004596514,-15.6853863045095,-72.4742647363238,95.1160978982936,0
360,7,176.298743101559,12,-75,-23.3543004596514,-5.54196649852903,-62.9932639736405,81.816140412142,25.0961445540149
360,8,251.564153033036,12,-60,-23.3543004596514,3.7476644565709,-52.8233961246995,69.0166672641453,90.0842067813384
360,9,312.209568788725,12,-45,-23.3543004596514,11.7956148161607,-41.5427453482226,57.0872099114455,169.642773271306
360,10,354.710499242021,12,-30,-23.3543004596514,18.1270177923896,-28.8820208019819,46.7233984853763,243.161527175462
360,11,376.596944799575,12,-15,-23.3543004596514,22.2223065290361,-14.8731302798316,39.205291834823,291.819742049233
360,12,376.596944799575,12,0,-23.3543004596514,23.6456995403487,0,36.3543004596514,303.298697638555
360,13,354.710499242021,12,15,-23.3543004596514,22.2223065290361,14.8731302798316,39.205291834823,274.860239362935
360,14,312.209568788725,12,30,-23.3543004596514,18.1270177923896,28.8820208019819,46.7233984853763,214.026243112866
360,15,251.564153033036,12,45,-23.3543004596514,11.7956148161607,41.5427453482226,57.0872099114455,136.690367120204
360,16,176.298743101559,12,60,-23.3543004596514,3.7476644565709,52.8233961246995,69.0166672641453,63.1319376682626
360,17,90.7874910408759,12,75,-23.3543004596514,-5.54196649852903,62.9932639736405,81.816140412142,12.9236088628587
360,18,4.64585595083456e-14,12,90,-23.3543004596514,-15.6853863045095,72.4742647363238,95.1160978982936,0
360,19,0,12,105,-23.3543004596514,-26.3680085260754,81.7949749937497,108.705165773757,0
360,20,0,12,120,-23.3543004596514,-37.3060393601309,88.3328218599561,120.88411113759,0
360,21,0,12,135,-23.3543004596514,-48.1703455720218,76.7537278702233,124.673169747162,0
360,22,0,12,150,-23.3543004596514,-58.4117531265549,61.2037045933109,127.701741670235,0
360,23,0,12,165,-23.3543004596514,-66.7673949829301,37.0399108020482,129.670096098943,0
361,0,0,12,-180,-23.3144099166632,-70.3144099166632,-1.91290220118007e-14,130.314409916663,0
361,1,0,12,-165,-23.3144099166632,-66.7323897929631,-36.9914534852084,129.630398675484,0
361,2,0,12,-150,-23.3144099166632,-58.3831808081498,-61.1505836333124,127.662537556681,0
361,3,0,12,-135,-23.3144099166632,-48.1451477850116,-76.707369947474,124.634559549648,0
361,4,0,12,-120,-23.3144099166632,-37.2819018795022,-88.292900342699,120.845995544,0
361,5,0,12,-105,-23.3144099166632,-26.3434684124946,-81.8300721470937,108.700673747497,0
361,6,89.0484762881975,12,-90,-23.3144099166632,-15.6594415915857,-72.5057353697545,95.1078255198283,0
361,7,172.921778812566,12,-75,-23.3144099166632,-5.51386482265491,-63.0217079360827,81.8037903239988,24.6523264223827
361,8,246.74549609744,12,-60,-23.3144099166632,3.77848892689481,-52.84877093356,68.9995971021959,88.4272973379711
361,9,306.229262032517,12,-45,-23.3144099166632,11.8294833499343,-41.5642768575148,57.0644246238119,166.495524235303
361,10,347.916096356341,12,-30,-23.3144099166632,18.1638365298476,-28.8981745837153,46.6937610103811,238.634814343969
361,11,369.383311783489,12,-15,-23.3144099166632,22.2613540099692,-14.8819438557685,39.168716252865,286.378989783693
361,12,369.383311783489,12,0,-23.3144099166632,23.6855900833368,0,36.3144099166632,297.64145046835
361,13,347.916096356341,12,15,-23.3144099166632,22.2613540099692,14.8819438557685,39.168716252865,269.735683842739
361,14,306.229262032517,12,30,-23.3144099166632,18.1638365298476,28.8981745837153,46.6937610103811,210.041914867238
361,15,246.745496097441,12,45,-23.3144099166632,11.8294833499343,41.5642768575148,57.0644246238119,134.15445817546
361,16,172.921778812566,12,60,-23.3144099166632,3.77848892689481,52.84877093356,68.9995971021959,61.9707585066972
361,17,89.0484762881977,12,75,-23.3144099166632,-5.51386482265491,63.0217079360827,81.8037903239988,12.6950585400347
361,18,4.55686558503976e-14,12,90,-23.3144099166632,-15.6594415915857,72.5057353697545,95.1078255198283,0
361,19,0,12,105,-23.3144099166632,-26.3434684124946,81.8300721470937,108.700673747497,0
361,20,0,12,120,-23.3144099166632,-37.2819018795022,88.292900342699,120.845995544,0
361,21,0,12,135,-23.3144099166632,-48.1451477850116,76.707369947474,124.634559549648,0
361,22,0,12,150,-23.3144099166632,-58.3831808081498,61.1505836333124,127.662537556681,0
361,23,0,12,165,-23.3144099166632,-66.7323897929631,36.9914534852084,129.630398675484,0
362,0,0,12,-180,-23.2676108108505,-70.2676108108505,-1.90921675011532e-14,130.267610810851,0
362,1,0,12,-165,-23.2676108108505,-66.6913032243202,-36.9347792263515,129.583825852181,0
362,2,0,12,-150,-23.2676108108505,-58.3496321292058,-61.0883724126625,127.616542829897,0
362,3,0,12,-135,-23.2676108108505,-48.1155623065372,-76.6530414021399,124.589260986043,0
362,4,0,12,-120,-23.2676108108505,-37.2535669997104,-88.2460975384118,120.801276948749,0
362,5,0,12,-105,-23.2676108108505,-26.3146673528779,-81.8712287297844,108.695391924696,0
362,6,87.3132131685495,12,-90,-23.2676108108505,-15.628997841143,-72.5426461554178,95.0981174366189,0
362,7,169.552099758359,12,-75,-23.2676108108505,-5.48089455316251,-63.0550746186802,81.7893059601368,24.2143574867694
362,8,241.93723460702,12,-60,-23.2676108108505,3.81465088265082,-52.8785426542396,68.9795816971482,86.7830369440881
362,9,300.261856786387,12,-45,-23.2676108108505,11.869215436362,-41.5895441640261,57.0377086554845,163.368559148126
362,10,341.136351256771,12,-30,-23.2676108108505,18.207030109653,-28.9171346923501,46.6590056395461,234.135144309117
362,11,362.185240972296,12,-15,-23.2676108108505,22.3071634391497,-14.8922901084386,39.1258131488169,280.969616973709
362,12,362.185240972296,12,0,-23.2676108108505,23.7323891891495,0,36.2676108108505,292.016492778182
362,13,341.136351256771,12,15,-23.2676108108505,22.3071634391497,14.8922901084386,39.1258131488169,264.6406841182
362,14,300.261856786387,12,30,-23.2676108108505,18.207030109653,28.9171346923501,46.6590056395461,206.081389187071
362,15,241.93723460702,12,45,-23.2676108108505,11.869215436362,41.5895441640261,57.0377086554845,131.634893106486
362,16,169.552099758359,12,60,-23.2676108108505,3.81465088265082,52.8785426542396,68.9795816971482,60.8184439289711
362,17,87.3132131685496,12,75,-23.2676108108505,-5.48089455316251,63.0550746186802,81.7893059601368,12.4695203420949
362,18,4.46806720105258e-14,12,90,-23.2676108108505,-15.628997841143,72.5426461554178,95.0981174366189,0
362,19,0,12,105,-23.2676108108505,-26.3146673528779,81.8712287297844,108.695391924696,0
362,20,0,12,120,-23.2676108108505,-37.2535669997104,88.2460975384118,120.801276948749,0
362,21,0,12,135,-23.2676108108505,-48.1155623065372,76.6530414021399,124.589260986043,0
362,22,0,12,150,-23.2676108108505,-58.3496321292058,61.0883724126625,127.616542829897,0
362,23,0,12,165,-23.2676108108505,-66.6913032243202,36.9347792263515,129.583825852181,0
363,0,0,12,-180,-23.2139170097984,-70.2139170097984,-1.90500896068226e-14,130.213917009798,0
363,1,0,12,-165,-23.2139170097984,-66.644138557465,-36.8699874213396,129.530391295522,0
363,2,0,12,-150,-23.2139170097984,-58.3111037869574,-61.0171414019119,127.563770677671,0
363,3,0,12,-135,-23.2139170097984,-48.0815866347516,-76.5907859394017,124.537286747661,0
363,4,0,12,-120,-23.2139170097984,-37.2210350006104,-88.1924428567692,120.749967731282,0
363,5,0,12,-105,-23.2139170097984,-26.2816087041841,-81.918423516868,108.689316225107,0
363,6,85.5822158778442,12,-90,-23.2139170097984,-15.594061357743,-72.5849813209037,95.086975086847,0
363,7,166.190704447566,12,-75,-23.2139170097984,-5.44306465189804,-63.0933525224466,81.772693826463,23.7819941166178
363,8,237.140793353426,12,-60,-23.2139170097984,3.8561391459615,-52.9127035926877,68.9566323029459,85.1512076160549
363,9,294.309121321297,12,-45,-23.2139170097984,11.9147983027037,-41.6185430610499,57.0070773393694,160.261745656602
363,10,334.373272928103,12,-30,-23.2139170097984,18.2565849038122,-28.9388996929299,46.6191498634159,229.662487163954
363,11,355.004865309723,12,-15,-23.2139170097984,22.3597209502707,-14.9041689917604,39.0765985765521,275.591672265947
363,12,355.004865309723,12,0,-23.2139170097984,23.7860829902016,0,36.2139170097984,286.423900637301
363,13,334.373272928104,12,15,-23.2139170097984,22.3597209502707,14.9041689917604,39.0765985765521,259.57528600882
363,14,294.309121321297,12,30,-23.2139170097984,18.2565849038122,28.9388996929299,46.6191498634159,202.144639748825
363,15,237.140793353426,12,45,-23.2139170097984,11.9147983027037,41.6185430610499,57.0070773393694,129.131565269165
363,16,166.190704447566,12,60,-23.2139170097984,3.8561391459615,52.9127035926877,68.9566323029459,59.6748411699141
363,17,85.5822158778443,12,75,-23.2139170097984,-5.44306465189804,63.0933525224466,81.772693826463,12.2468688080936
363,18,4.37948711175062e-14,12,90,-23.2139170097984,-15.594061357743,72.5849813209037,95.086975086847,0
363,19,0,12,105,-23.2139170097984,-26.2816087041841,81.918423516868,108.689316225107,0
363,20,0,12,120,-23.2139170097984,-37.2210350006104,88.1924428567692,120.749967731282,0
363,21,0,12,135,-23.2139170097984,-48.0815866347516,76.5907859394017,124.537286747661,0
363,22,0,12,150,-23.2139170097984,-58.3111037869574,61.0171414019119,127.563770677671,0
363,23,0,12,165,-23.2139170097984,-66.644138557465,36.8699874213396,129.530391295522,0
364,0,0,12,-180,-23.153344424139,-70.153344424139,-1.90028834326707e-14,130.153344424139,0
364,1,0,12,-165,-23.153344424139,-66.5908996823649,-36.7971910206651,129.470110686687,0
364,2,0,12,-150,-23.153344424139,-58.2675921232596,-60.9369710336143,127.504236234774,0
364,3,0,12,-135,-23.153344424139,-48.0432179872277,-76.5206535365382,124.478651402173,0
364,4,0,12,-120,-23.153344424139,-37.1843062597928,-88.1319699527169,120.69208210258,0
364,5,0,12,-105,-23.153344424139,-26.2442963538128,-81.9716322114399,108.682441990267,0
364,6,83.8559973479367,12,-90,-23.153344424139,-15.5546393968741,-72.6327228074612,95.0744001310981,0
364,7,162.83858893416,12,-75,-23.153344424139,-5.40038541403082,-63.1365284800833,81.7539613885061,23.3549940004043
364,8,232.357593625717,12,-60,-23.153344424139,3.90294088472481,-52.9512449394099,68.9307618282837,83.5315924822291
364,9,288.372819561236,12,-45,-23.153344424139,11.9662172901292,-41.6512687359944,56.9725482675877,157.174951966829
364,10,327.628865416405,12,-30,-23.153344424139,18.3124852741578,-28.9634679509595,46.5742137604904,225.216812921382
364,11,347.844312496044,12,-15,-23.153344424139,22.4190106333719,-14.9175804609888,39.0210909672371,270.245203744418
364,12,347.844312496044,12,0,-23.153344424139,23.846655575861,0,36.153344424139,280.863749389413
364,13,327.628865416405,12,15,-23.153344424139,22.4190106333719,14.9175804609888,39.0210909672371,254.53953480414
364,14,288.372819561236,12,30,-23.153344424139,18.3124852741578,28.9634679509595,46.5742137604904,198.231640158414
364,15,232.357593625717,12,45,-23.153344424139,11.9662172901292,41.6512687359944,56.9725482675877,126.644368470014
364,16,162.83858893416,12,60,-23.153344424139,3.90294088472481,52.9512449394099,68.9307618282837,58.5397982436499
364,17,83.8559973479368,12,75,-23.153344424139,-5.40038541403082,63.1365284800833,81.7539613885061,12.0269791563402
364,18,4.29115156532605e-14,12,90,-23.153344424139,-15.5546393968741,72.6327228074612,95.0744001310981,0
364,19,0,12,105,-23.153344424139,-26.2442963538128,81.9716322114399,108.682441990267,0
364,20,0,12,120,-23.153344424139,-37.1843062597928,88.1319699527169,120.69208210258,0
364,21,0,12,135,-23.153344424139,-48.0432179872277,76.5206535365382,124.478651402173,0
364,22,0,12,150,-23.153344424139,-58.2675921232596,60.9369710336143,127.504236234774,0
364,23,0,12,165,-23.153344424139,-66.5908996823649,36.7971910206651,129.470110686687,0
365,0,0,12,-180,-23.0859110028366,-70.0859110028366,-1.89506546136294e-14,130.085911002837,0
365,1,0,12,-165,-23.0859110028366,-66.531591147412,-36.716516062002,129.403001717406,0
365,2,0,12,-150,-23.0859110028366,-58.2190931785493,-60.8479515075662,127.437956580121,0
365,3,0,12,-135,-23.0859110028366,-48.0004533374938,-76.4427003597838,124.413371391947,0
365,4,0,12,-120,-23.0859110028366,-37.1433812754584,-88.0647166806476,120.627636104067,0
365,5,0,12,-105,-23.0859110028366,-26.202734733057,-82.030827474337,108.674763994285,0
365,6,82.1350690946324,12,-90,-23.0859110028366,-15.5107401717956,-72.6858502905736,95.0603944561681,0
365,7,159.496746522313,12,-75,-23.0859110028366,-5.35286847029094,-63.1845876703629,81.7331170696249,22.9331167473587
365,8,227.589052789202,12,-60,-23.0859110028366,3.95504161339961,-52.9941567794079,68.9019848313832,81.9239770151601
365,9,282.45471056053,12,-45,-23.0859110028366,12.0234558563011,-41.6877157774249,56.9341412863066,154.108048771585
365,10,320.905127235179,12,-30,-23.0859110028366,18.3747135759945,-28.9908376377154,46.5242199958521,220.798094051049
365,11,340.705704357596,12,-15,-23.0859110028366,22.4850145392297,-14.9325244760533,38.9593111289424,264.93026185556
365,12,340.705704357596,12,0,-23.0859110028366,23.9140889971634,0,36.0859110028366,275.336116656774
365,13,320.905127235179,12,15,-23.0859110028366,22.4850145392297,14.9325244760533,38.9593111289424,249.533478018835
365,14,282.45471056053,12,30,-23.0859110028366,18.3747135759945,28.9908376377154,46.5242199958521,194.342366184136
365,15,227.589052789202,12,45,-23.0859110028366,12.0234558563011,41.6877157774249,56.9341412863066,124.173198519204
365,16,159.496746522314,12,60,-23.0859110028366,3.95504161339961,52.9941567794079,68.9019848313832,57.4131648071379
365,17,82.1350690946325,12,75,-23.0859110028366,-5.35286847029094,63.1845876703629,81.7331170696249,11.8097275942621
365,18,4.20308673750771e-14,12,90,-23.0859110028366,-15.5107401717956,72.6858502905736,95.0603944561681,0
365,19,0,12,105,-23.0859110028366,-26.202734733057,82.030827474337,108.674763994285,0
365,20,0,12,120,-23.0859110028366,-37.1433812754584,88.0647166806476,120.627636104067,0
365,21,0,12,135,-23.0859110028366,-48.0004533374938,76.4427003597838,124.413371391947,0
365,22,0,12,150,-23.0859110028366,-58.2190931785493,60.8479515075662,127.437956580121,0
365,23,0,12,165,-23.0859110028366,-66.531591147412,36.716516062002,129.403001717406,0
